{"type":"FeatureCollection","features":[{"type":"Feature","properties":{"nom":"Brive-la-Gaillarde","genre":"town","rang":2,"pop":46599},"geometry":{"type":"Point","coordinates":[1.53324,45.1585]}},{"type":"Feature","properties":{"nom":"Tulle","genre":"town","rang":2,"pop":13992},"geometry":{"type":"Point","coordinates":[1.77068,45.26783]}},{"type":"Feature","properties":{"nom":"Ussel","genre":"town","rang":2,"pop":9159},"geometry":{"type":"Point","coordinates":[2.31186,45.54569]}},{"type":"Feature","properties":{"nom":"Mauriac","genre":"town","rang":2,"pop":3519},"geometry":{"type":"Point","coordinates":[2.33188,45.21783]}},{"type":"Feature","properties":{"nom":"Malemort-sur-Corrèze","genre":"village","rang":3,"pop":8027},"geometry":{"type":"Point","coordinates":[1.57921,45.17453]}},{"type":"Feature","properties":{"nom":"Saint-Pantaléon-de-Larche","genre":"village","rang":3,"pop":4883},"geometry":{"type":"Point","coordinates":[1.44652,45.14069]}},{"type":"Feature","properties":{"nom":"Égletons","genre":"village","rang":3,"pop":4293},"geometry":{"type":"Point","coordinates":[2.04502,45.40652]}},{"type":"Feature","properties":{"nom":"Ussac","genre":"village","rang":3,"pop":4253},"geometry":{"type":"Point","coordinates":[1.50879,45.19238]}},{"type":"Feature","properties":{"nom":"Allassac","genre":"village","rang":3,"pop":4019},"geometry":{"type":"Point","coordinates":[1.47556,45.25725]}},{"type":"Feature","properties":{"nom":"Objat","genre":"village","rang":3,"pop":3699},"geometry":{"type":"Point","coordinates":[1.40979,45.26285]}},{"type":"Feature","properties":{"nom":"Cosnac","genre":"village","rang":3,"pop":3026},"geometry":{"type":"Point","coordinates":[1.58763,45.131]}},{"type":"Feature","properties":{"nom":"Argentat","genre":"village","rang":3,"pop":2869},"geometry":{"type":"Point","coordinates":[1.93778,45.09231]}},{"type":"Feature","properties":{"nom":"Uzerche","genre":"village","rang":3,"pop":2798},"geometry":{"type":"Point","coordinates":[1.56364,45.4243]}},{"type":"Feature","properties":{"nom":"Donzenac","genre":"village","rang":3,"pop":2705},"geometry":{"type":"Point","coordinates":[1.52309,45.22774]}},{"type":"Feature","properties":{"nom":"Bort-les-Orgues","genre":"village","rang":3,"pop":2541},"geometry":{"type":"Point","coordinates":[2.49929,45.40103]}},{"type":"Feature","properties":{"nom":"Varetz","genre":"village","rang":3,"pop":2462},"geometry":{"type":"Point","coordinates":[1.44749,45.19471]}},{"type":"Feature","properties":{"nom":"Naves","genre":"village","rang":3,"pop":2337},"geometry":{"type":"Point","coordinates":[1.76665,45.31232]}},{"type":"Feature","properties":{"nom":"Meymac","genre":"village","rang":3,"pop":2279},"geometry":{"type":"Point","coordinates":[2.14649,45.53668]}},{"type":"Feature","properties":{"nom":"Lubersac","genre":"village","rang":3,"pop":2253},"geometry":{"type":"Point","coordinates":[1.40401,45.44569]}},{"type":"Feature","properties":{"nom":"Eymoutiers","genre":"village","rang":3,"pop":2094},"geometry":{"type":"Point","coordinates":[1.74327,45.73892]}},{"type":"Feature","properties":{"nom":"Sainte-Féréole","genre":"village","rang":3,"pop":2040},"geometry":{"type":"Point","coordinates":[1.5826,45.22859]}},{"type":"Feature","properties":{"nom":"Saint-Viance","genre":"village","rang":3,"pop":1884},"geometry":{"type":"Point","coordinates":[1.45218,45.21761]}},{"type":"Feature","properties":{"nom":"Seilhac","genre":"village","rang":3,"pop":1797},"geometry":{"type":"Point","coordinates":[1.71442,45.36635]}},{"type":"Feature","properties":{"nom":"Sainte-Fortunade","genre":"village","rang":3,"pop":1788},"geometry":{"type":"Point","coordinates":[1.77149,45.20793]}},{"type":"Feature","properties":{"nom":"Neuvic","genre":"village","rang":3,"pop":1627},"geometry":{"type":"Point","coordinates":[2.27086,45.38289]}},{"type":"Feature","properties":{"nom":"Ydes","genre":"village","rang":3,"pop":1624},"geometry":{"type":"Point","coordinates":[2.43674,45.34595]}},{"type":"Feature","properties":{"nom":"Laguenne","genre":"village","rang":3,"pop":1553},"geometry":{"type":"Point","coordinates":[1.78283,45.24149]}},{"type":"Feature","properties":{"nom":"Chameyrat","genre":"village","rang":3,"pop":1504},"geometry":{"type":"Point","coordinates":[1.69742,45.23355]}},{"type":"Feature","properties":{"nom":"Pleaux","genre":"village","rang":3,"pop":1459},"geometry":{"type":"Point","coordinates":[2.227,45.13626]}},{"type":"Feature","properties":{"nom":"Chamberet","genre":"village","rang":3,"pop":1410},"geometry":{"type":"Point","coordinates":[1.7214,45.58249]}},{"type":"Feature","properties":{"nom":"Saint-Clément","genre":"village","rang":3,"pop":1363},"geometry":{"type":"Point","coordinates":[1.68577,45.34178]}},{"type":"Feature","properties":{"nom":"Saint-Mexant","genre":"village","rang":3,"pop":1319},"geometry":{"type":"Point","coordinates":[1.65804,45.2851]}},{"type":"Feature","properties":{"nom":"Cornil","genre":"village","rang":3,"pop":1304},"geometry":{"type":"Point","coordinates":[1.69157,45.21145]}},{"type":"Feature","properties":{"nom":"Beaulieu-sur-Dordogne","genre":"village","rang":3,"pop":1300},"geometry":{"type":"Point","coordinates":[1.83773,44.97822]}},{"type":"Feature","properties":{"nom":"Vigeois","genre":"village","rang":3,"pop":1288},"geometry":{"type":"Point","coordinates":[1.51609,45.37943]}},{"type":"Feature","properties":{"nom":"Treignac","genre":"village","rang":3,"pop":1263},"geometry":{"type":"Point","coordinates":[1.79353,45.53659]}},{"type":"Feature","properties":{"nom":"Meyssac","genre":"village","rang":3,"pop":1262},"geometry":{"type":"Point","coordinates":[1.67419,45.05574]}},{"type":"Feature","properties":{"nom":"Beynat","genre":"village","rang":3,"pop":1247},"geometry":{"type":"Point","coordinates":[1.72189,45.12468]}},{"type":"Feature","properties":{"nom":"Perpezac-le-Noir","genre":"village","rang":3,"pop":1239},"geometry":{"type":"Point","coordinates":[1.55364,45.32503]}},{"type":"Feature","properties":{"nom":"Voutezac","genre":"village","rang":3,"pop":1237},"geometry":{"type":"Point","coordinates":[1.43836,45.291]}},{"type":"Feature","properties":{"nom":"Chamboulive","genre":"village","rang":3,"pop":1164},"geometry":{"type":"Point","coordinates":[1.70372,45.43218]}},{"type":"Feature","properties":{"nom":"Corrèze","genre":"village","rang":3,"pop":1162},"geometry":{"type":"Point","coordinates":[1.87424,45.37196]}},{"type":"Feature","properties":{"nom":"Arnac-Pompadour","genre":"village","rang":3,"pop":1160},"geometry":{"type":"Point","coordinates":[1.38151,45.39792]}},{"type":"Feature","properties":{"nom":"Lagraulière","genre":"village","rang":3,"pop":1158},"geometry":{"type":"Point","coordinates":[1.63852,45.35278]}},{"type":"Feature","properties":{"nom":"Saint-Germain-les-Belles","genre":"village","rang":3,"pop":1145},"geometry":{"type":"Point","coordinates":[1.49525,45.61414]}},{"type":"Feature","properties":{"nom":"Saint-Germain-les-Vergnes","genre":"village","rang":3,"pop":1140},"geometry":{"type":"Point","coordinates":[1.63516,45.27302]}},{"type":"Feature","properties":{"nom":"Favars","genre":"village","rang":3,"pop":1122},"geometry":{"type":"Point","coordinates":[1.67782,45.26281]}},{"type":"Feature","properties":{"nom":"Rosiers-d'Égletons","genre":"village","rang":3,"pop":1091},"geometry":{"type":"Point","coordinates":[2.00701,45.37691]}},{"type":"Feature","properties":{"nom":"Saint-Privat","genre":"village","rang":3,"pop":1041},"geometry":{"type":"Point","coordinates":[2.09988,45.1378]}},{"type":"Feature","properties":{"nom":"Champagnac","genre":"village","rang":3,"pop":1026},"geometry":{"type":"Point","coordinates":[2.39843,45.35729]}},{"type":"Feature","properties":{"nom":"Saint-Hilaire-Peyroux","genre":"village","rang":3,"pop":1015},"geometry":{"type":"Point","coordinates":[1.64857,45.21359]}},{"type":"Feature","properties":{"nom":"Sadroc","genre":"village","rang":3,"pop":989},"geometry":{"type":"Point","coordinates":[1.54921,45.28287]}},{"type":"Feature","properties":{"nom":"Les Quatre-Routes-du-Lot","genre":"village","rang":3,"pop":970},"geometry":{"type":"Point","coordinates":[1.64552,44.99687]}},{"type":"Feature","properties":{"nom":"Jugeals-Nazareth","genre":"village","rang":3,"pop":954},"geometry":{"type":"Point","coordinates":[1.55856,45.08123]}},{"type":"Feature","properties":{"nom":"La Garde","genre":"village","rang":3,"pop":946},"geometry":{"type":"Point","coordinates":[1.80774,45.18629]}},{"type":"Feature","properties":{"nom":"Noailles","genre":"village","rang":3,"pop":937},"geometry":{"type":"Point","coordinates":[1.52368,45.10141]}},{"type":"Feature","properties":{"nom":"Aubazine","genre":"village","rang":3,"pop":866},"geometry":{"type":"Point","coordinates":[1.67002,45.17428]}},{"type":"Feature","properties":{"nom":"Sarroux","genre":"village","rang":3,"pop":860},"geometry":{"type":"Point","coordinates":[2.4302,45.41431]}},{"type":"Feature","properties":{"nom":"Saint-Sornin-Lavolps","genre":"village","rang":3,"pop":846},"geometry":{"type":"Point","coordinates":[1.38241,45.37786]}},{"type":"Feature","properties":{"nom":"Marcillac-la-Croisille","genre":"village","rang":3,"pop":830},"geometry":{"type":"Point","coordinates":[2.03206,45.27327]}},{"type":"Feature","properties":{"nom":"Peyrelevade","genre":"village","rang":3,"pop":828},"geometry":{"type":"Point","coordinates":[2.05493,45.7038]}},{"type":"Feature","properties":{"nom":"Altillac","genre":"village","rang":3,"pop":826},"geometry":{"type":"Point","coordinates":[1.84592,44.97733]}},{"type":"Feature","properties":{"nom":"Saignes","genre":"village","rang":3,"pop":823},"geometry":{"type":"Point","coordinates":[2.47914,45.33521]}},{"type":"Feature","properties":{"nom":"Le Lonzac","genre":"village","rang":3,"pop":818},"geometry":{"type":"Point","coordinates":[1.72873,45.4641]}},{"type":"Feature","properties":{"nom":"Le Vigean","genre":"village","rang":3,"pop":814},"geometry":{"type":"Point","coordinates":[2.35356,45.22667]}},{"type":"Feature","properties":{"nom":"Turenne","genre":"village","rang":3,"pop":805},"geometry":{"type":"Point","coordinates":[1.58142,45.05348]}},{"type":"Feature","properties":{"nom":"Gimel-les-Cascades","genre":"village","rang":3,"pop":768},"geometry":{"type":"Point","coordinates":[1.85077,45.29952]}},{"type":"Feature","properties":{"nom":"Saint-Aulaire","genre":"village","rang":3,"pop":764},"geometry":{"type":"Point","coordinates":[1.39721,45.24847]}},{"type":"Feature","properties":{"nom":"Sornac","genre":"village","rang":3,"pop":764},"geometry":{"type":"Point","coordinates":[2.19392,45.66664]}},{"type":"Feature","properties":{"nom":"Bugeat","genre":"village","rang":3,"pop":763},"geometry":{"type":"Point","coordinates":[1.92818,45.59758]}},{"type":"Feature","properties":{"nom":"Chasteaux","genre":"village","rang":3,"pop":750},"geometry":{"type":"Point","coordinates":[1.46778,45.09241]}},{"type":"Feature","properties":{"nom":"Albussac","genre":"village","rang":3,"pop":735},"geometry":{"type":"Point","coordinates":[1.83547,45.13958]}},{"type":"Feature","properties":{"nom":"Meuzac","genre":"village","rang":3,"pop":727},"geometry":{"type":"Point","coordinates":[1.43936,45.55307]}},{"type":"Feature","properties":{"nom":"Anglards-de-Salers","genre":"village","rang":3,"pop":714},"geometry":{"type":"Point","coordinates":[2.44013,45.20345]}},{"type":"Feature","properties":{"nom":"Dampniat","genre":"village","rang":3,"pop":701},"geometry":{"type":"Point","coordinates":[1.63245,45.16783]}},{"type":"Feature","properties":{"nom":"Saint-Angel","genre":"village","rang":3,"pop":699},"geometry":{"type":"Point","coordinates":[2.23231,45.50279]}},{"type":"Feature","properties":{"nom":"Saint-Ybard","genre":"village","rang":3,"pop":698},"geometry":{"type":"Point","coordinates":[1.52146,45.44704]}},{"type":"Feature","properties":{"nom":"Yssandon","genre":"village","rang":3,"pop":687},"geometry":{"type":"Point","coordinates":[1.37538,45.20858]}},{"type":"Feature","properties":{"nom":"Salon-la-Tour","genre":"village","rang":3,"pop":675},"geometry":{"type":"Point","coordinates":[1.53897,45.5044]}},{"type":"Feature","properties":{"nom":"Lissac-sur-Couze","genre":"village","rang":3,"pop":670},"geometry":{"type":"Point","coordinates":[1.46097,45.10305]}},{"type":"Feature","properties":{"nom":"Condat-sur-Ganaveix","genre":"village","rang":3,"pop":662},"geometry":{"type":"Point","coordinates":[1.5939,45.46741]}},{"type":"Feature","properties":{"nom":"Masseret","genre":"village","rang":3,"pop":658},"geometry":{"type":"Point","coordinates":[1.52099,45.54083]}},{"type":"Feature","properties":{"nom":"Liginiac","genre":"village","rang":3,"pop":654},"geometry":{"type":"Point","coordinates":[2.3333,45.41441]}},{"type":"Feature","properties":{"nom":"La Croisille-sur-Briance","genre":"village","rang":3,"pop":651},"geometry":{"type":"Point","coordinates":[1.58254,45.62937]}},{"type":"Feature","properties":{"nom":"Saint-Illide","genre":"village","rang":3,"pop":642},"geometry":{"type":"Point","coordinates":[2.314,45.06204]}},{"type":"Feature","properties":{"nom":"Montaignac-sur-Doustre","genre":"village","rang":3,"pop":636},"geometry":{"type":"Point","coordinates":[1.97937,45.35425]}},{"type":"Feature","properties":{"nom":"Chanteix","genre":"village","rang":3,"pop":635},"geometry":{"type":"Point","coordinates":[1.63726,45.3098]}},{"type":"Feature","properties":{"nom":"Monceaux-sur-Dordogne","genre":"village","rang":3,"pop":631},"geometry":{"type":"Point","coordinates":[1.90787,45.08195]}},{"type":"Feature","properties":{"nom":"Saint-Jal","genre":"village","rang":3,"pop":607},"geometry":{"type":"Point","coordinates":[1.64424,45.39725]}},{"type":"Feature","properties":{"nom":"Ally","genre":"village","rang":3,"pop":598},"geometry":{"type":"Point","coordinates":[2.314,45.17398]}},{"type":"Feature","properties":{"nom":"Saint-Exupéry-les-Roches","genre":"village","rang":3,"pop":592},"geometry":{"type":"Point","coordinates":[2.36648,45.51639]}},{"type":"Feature","properties":{"nom":"Beyssac","genre":"village","rang":3,"pop":590},"geometry":{"type":"Point","coordinates":[1.40311,45.37108]}},{"type":"Feature","properties":{"nom":"Servières-le-Château","genre":"village","rang":3,"pop":581},"geometry":{"type":"Point","coordinates":[2.02295,45.1322]}},{"type":"Feature","properties":{"nom":"Sarrazac","genre":"village","rang":3,"pop":571},"geometry":{"type":"Point","coordinates":[1.58887,45.01693]}},{"type":"Feature","properties":{"nom":"Troche","genre":"village","rang":3,"pop":541},"geometry":{"type":"Point","coordinates":[1.4418,45.38737]}},{"type":"Feature","properties":{"nom":"Meilhards","genre":"village","rang":3,"pop":538},"geometry":{"type":"Point","coordinates":[1.65004,45.55951]}},{"type":"Feature","properties":{"nom":"Vignols","genre":"village","rang":3,"pop":531},"geometry":{"type":"Point","coordinates":[1.38929,45.31936]}},{"type":"Feature","properties":{"nom":"Soursac","genre":"village","rang":3,"pop":514},"geometry":{"type":"Point","coordinates":[2.2014,45.2755]}},{"type":"Feature","properties":{"nom":"Eyrein","genre":"village","rang":3,"pop":505},"geometry":{"type":"Point","coordinates":[1.94569,45.33476]}},{"type":"Feature","properties":{"nom":"La Porcherie","genre":"village","rang":3,"pop":505},"geometry":{"type":"Point","coordinates":[1.5453,45.58051]}},{"type":"Feature","properties":{"nom":"Saint-Chamant","genre":"village","rang":3,"pop":492},"geometry":{"type":"Point","coordinates":[1.89733,45.12589]}},{"type":"Feature","properties":{"nom":"Lanteuil","genre":"village","rang":3,"pop":491},"geometry":{"type":"Point","coordinates":[1.65899,45.12955]}},{"type":"Feature","properties":{"nom":"Eyburie","genre":"village","rang":3,"pop":490},"geometry":{"type":"Point","coordinates":[1.63585,45.45894]}},{"type":"Feature","properties":{"nom":"Saint-Pardoux-l'Ortigier","genre":"village","rang":3,"pop":488},"geometry":{"type":"Point","coordinates":[1.57868,45.29817]}},{"type":"Feature","properties":{"nom":"Venarsal","genre":"village","rang":3,"pop":486},"geometry":{"type":"Point","coordinates":[1.62093,45.19532]}},{"type":"Feature","properties":{"nom":"Saint-Martial-de-Gimel","genre":"village","rang":3,"pop":482},"geometry":{"type":"Point","coordinates":[1.87187,45.26652]}},{"type":"Feature","properties":{"nom":"Collonges-la-Rouge","genre":"village","rang":3,"pop":479},"geometry":{"type":"Point","coordinates":[1.65512,45.06046]}},{"type":"Feature","properties":{"nom":"Saint-Priest-de-Gimel","genre":"village","rang":3,"pop":477},"geometry":{"type":"Point","coordinates":[1.8685,45.30049]}},{"type":"Feature","properties":{"nom":"Saint-Cyr-la-Roche","genre":"village","rang":3,"pop":464},"geometry":{"type":"Point","coordinates":[1.39136,45.27136]}},{"type":"Feature","properties":{"nom":"Nonards","genre":"village","rang":3,"pop":464},"geometry":{"type":"Point","coordinates":[1.80751,45.02162]}},{"type":"Feature","properties":{"nom":"Chalvignac","genre":"village","rang":3,"pop":464},"geometry":{"type":"Point","coordinates":[2.24684,45.2411]}},{"type":"Feature","properties":{"nom":"Saint-Solve","genre":"village","rang":3,"pop":453},"geometry":{"type":"Point","coordinates":[1.40036,45.30978]}},{"type":"Feature","properties":{"nom":"Nedde","genre":"village","rang":3,"pop":453},"geometry":{"type":"Point","coordinates":[1.83145,45.71928]}},{"type":"Feature","properties":{"nom":"Faux-la-Montagne","genre":"village","rang":3,"pop":447},"geometry":{"type":"Point","coordinates":[1.93383,45.75035]}},{"type":"Feature","properties":{"nom":"La Chapelle-aux-Brocs","genre":"village","rang":3,"pop":442},"geometry":{"type":"Point","coordinates":[1.62638,45.1456]}},{"type":"Feature","properties":{"nom":"Saint-Julien-aux-Bois","genre":"village","rang":3,"pop":440},"geometry":{"type":"Point","coordinates":[2.13943,45.1313]}},{"type":"Feature","properties":{"nom":"Maussac","genre":"village","rang":3,"pop":440},"geometry":{"type":"Point","coordinates":[2.14155,45.47065]}},{"type":"Feature","properties":{"nom":"Moustier-Ventadour","genre":"village","rang":3,"pop":440},"geometry":{"type":"Point","coordinates":[2.10402,45.39511]}},{"type":"Feature","properties":{"nom":"Saint-Julien-près-Bort","genre":"village","rang":3,"pop":431},"geometry":{"type":"Point","coordinates":[2.40114,45.41573]}},{"type":"Feature","properties":{"nom":"Chanac-les-Mines","genre":"village","rang":3,"pop":427},"geometry":{"type":"Point","coordinates":[1.82163,45.26434]}},{"type":"Feature","properties":{"nom":"Cavagnac","genre":"village","rang":3,"pop":422},"geometry":{"type":"Point","coordinates":[1.64343,45.00747]}},{"type":"Feature","properties":{"nom":"Saint-Bonnet-l'Enfantier","genre":"village","rang":3,"pop":419},"geometry":{"type":"Point","coordinates":[1.52274,45.29942]}},{"type":"Feature","properties":{"nom":"Saint-Bonnet-la-Rivière","genre":"village","rang":3,"pop":419},"geometry":{"type":"Point","coordinates":[1.3704,45.29962]}},{"type":"Feature","properties":{"nom":"Saint-Augustin","genre":"village","rang":3,"pop":417},"geometry":{"type":"Point","coordinates":[1.83625,45.42442]}},{"type":"Feature","properties":{"nom":"Chauffour-sur-Vell","genre":"village","rang":3,"pop":414},"geometry":{"type":"Point","coordinates":[1.6603,45.01745]}},{"type":"Feature","properties":{"nom":"Espartignac","genre":"village","rang":3,"pop":410},"geometry":{"type":"Point","coordinates":[1.59559,45.4146]}},{"type":"Feature","properties":{"nom":"Estivaux","genre":"village","rang":3,"pop":407},"geometry":{"type":"Point","coordinates":[1.48449,45.31488]}},{"type":"Feature","properties":{"nom":"Ladignac-sur-Rondelles","genre":"village","rang":3,"pop":407},"geometry":{"type":"Point","coordinates":[1.83824,45.23299]}},{"type":"Feature","properties":{"nom":"Clergoux","genre":"village","rang":3,"pop":406},"geometry":{"type":"Point","coordinates":[1.97221,45.2781]}},{"type":"Feature","properties":{"nom":"Vars-sur-Roseix","genre":"village","rang":3,"pop":398},"geometry":{"type":"Point","coordinates":[1.36339,45.25931]}},{"type":"Feature","properties":{"nom":"Saint-Pardoux-Corbier","genre":"village","rang":3,"pop":389},"geometry":{"type":"Point","coordinates":[1.45099,45.43164]}},{"type":"Feature","properties":{"nom":"Condat","genre":"village","rang":3,"pop":388},"geometry":{"type":"Point","coordinates":[1.66514,44.99014]}},{"type":"Feature","properties":{"nom":"Espagnac","genre":"village","rang":3,"pop":382},"geometry":{"type":"Point","coordinates":[1.89727,45.2295]}},{"type":"Feature","properties":{"nom":"Aix","genre":"village","rang":3,"pop":382},"geometry":{"type":"Point","coordinates":[2.38268,45.6161]}},{"type":"Feature","properties":{"nom":"Lapleau","genre":"village","rang":3,"pop":373},"geometry":{"type":"Point","coordinates":[2.16776,45.29321]}},{"type":"Feature","properties":{"nom":"Combressol","genre":"village","rang":3,"pop":370},"geometry":{"type":"Point","coordinates":[2.16034,45.47427]}},{"type":"Feature","properties":{"nom":"Affieux","genre":"village","rang":3,"pop":367},"geometry":{"type":"Point","coordinates":[1.76756,45.51771]}},{"type":"Feature","properties":{"nom":"Jaleyrac","genre":"village","rang":3,"pop":364},"geometry":{"type":"Point","coordinates":[2.37053,45.26421]}},{"type":"Feature","properties":{"nom":"Saint-Méard","genre":"village","rang":3,"pop":362},"geometry":{"type":"Point","coordinates":[1.54739,45.66489]}},{"type":"Feature","properties":{"nom":"Sussac","genre":"village","rang":3,"pop":355},"geometry":{"type":"Point","coordinates":[1.64843,45.66351]}},{"type":"Feature","properties":{"nom":"Noailhac","genre":"village","rang":3,"pop":352},"geometry":{"type":"Point","coordinates":[1.6184,45.07278]}},{"type":"Feature","properties":{"nom":"Le Chastang","genre":"village","rang":3,"pop":347},"geometry":{"type":"Point","coordinates":[1.73425,45.17238]}},{"type":"Feature","properties":{"nom":"Sérandon","genre":"village","rang":3,"pop":345},"geometry":{"type":"Point","coordinates":[2.33757,45.36043]}},{"type":"Feature","properties":{"nom":"Mestes","genre":"village","rang":3,"pop":344},"geometry":{"type":"Point","coordinates":[2.31034,45.49315]}},{"type":"Feature","properties":{"nom":"Tarnac","genre":"village","rang":3,"pop":343},"geometry":{"type":"Point","coordinates":[1.94596,45.68117]}},{"type":"Feature","properties":{"nom":"Saint-Martin-la-Méanne","genre":"village","rang":3,"pop":338},"geometry":{"type":"Point","coordinates":[1.98757,45.16969]}},{"type":"Feature","properties":{"nom":"Le Pescher","genre":"village","rang":3,"pop":335},"geometry":{"type":"Point","coordinates":[1.73842,45.07013]}},{"type":"Feature","properties":{"nom":"Saint-Yrieix-le-Déjalat","genre":"village","rang":3,"pop":333},"geometry":{"type":"Point","coordinates":[1.97174,45.45707]}},{"type":"Feature","properties":{"nom":"Goulles","genre":"village","rang":3,"pop":330},"geometry":{"type":"Point","coordinates":[2.07909,45.04081]}},{"type":"Feature","properties":{"nom":"Saint-Michel-de-Bannières","genre":"village","rang":3,"pop":328},"geometry":{"type":"Point","coordinates":[1.68811,44.97533]}},{"type":"Feature","properties":{"nom":"Drugeac","genre":"village","rang":3,"pop":321},"geometry":{"type":"Point","coordinates":[2.38665,45.16612]}},{"type":"Feature","properties":{"nom":"Orgnac-sur-Vézère","genre":"village","rang":3,"pop":320},"geometry":{"type":"Point","coordinates":[1.44143,45.33112]}},{"type":"Feature","properties":{"nom":"Hautefage","genre":"village","rang":3,"pop":318},"geometry":{"type":"Point","coordinates":[2.00134,45.08161]}},{"type":"Feature","properties":{"nom":"Saint-Vitte-sur-Briance","genre":"village","rang":3,"pop":318},"geometry":{"type":"Point","coordinates":[1.54622,45.62515]}},{"type":"Feature","properties":{"nom":"Darnets","genre":"village","rang":3,"pop":315},"geometry":{"type":"Point","coordinates":[2.11163,45.42715]}},{"type":"Feature","properties":{"nom":"Rilhac-Xaintrie","genre":"village","rang":3,"pop":306},"geometry":{"type":"Point","coordinates":[2.19636,45.16737]}},{"type":"Feature","properties":{"nom":"Bar","genre":"village","rang":3,"pop":304},"geometry":{"type":"Point","coordinates":[1.81318,45.34484]}},{"type":"Feature","properties":{"nom":"Saint-Salvadour","genre":"village","rang":3,"pop":303},"geometry":{"type":"Point","coordinates":[1.76667,45.39319]}},{"type":"Feature","properties":{"nom":"Ligneyrac","genre":"village","rang":3,"pop":297},"geometry":{"type":"Point","coordinates":[1.61932,45.05185]}},{"type":"Feature","properties":{"nom":"Margerides","genre":"village","rang":3,"pop":296},"geometry":{"type":"Point","coordinates":[2.40269,45.45467]}},{"type":"Feature","properties":{"nom":"Soudeilles","genre":"village","rang":3,"pop":294},"geometry":{"type":"Point","coordinates":[2.07922,45.44467]}},{"type":"Feature","properties":{"nom":"Saint-Pardoux-le-Vieux","genre":"village","rang":3,"pop":294},"geometry":{"type":"Point","coordinates":[2.27668,45.60581]}},{"type":"Feature","properties":{"nom":"Puy-d'Arnac","genre":"village","rang":3,"pop":292},"geometry":{"type":"Point","coordinates":[1.78617,45.02796]}},{"type":"Feature","properties":{"nom":"Laval-de-Cère","genre":"village","rang":3,"pop":289},"geometry":{"type":"Point","coordinates":[1.93397,44.95263]}},{"type":"Feature","properties":{"nom":"Saint-Santin-Cantalès","genre":"village","rang":3,"pop":288},"geometry":{"type":"Point","coordinates":[2.25668,45.02983]}},{"type":"Feature","properties":{"nom":"Lamazière-Basse","genre":"village","rang":3,"pop":286},"geometry":{"type":"Point","coordinates":[2.17086,45.37184]}},{"type":"Feature","properties":{"nom":"Chirac-Bellevue","genre":"village","rang":3,"pop":282},"geometry":{"type":"Point","coordinates":[2.30504,45.45125]}},{"type":"Feature","properties":{"nom":"Saint-Setiers","genre":"village","rang":3,"pop":281},"geometry":{"type":"Point","coordinates":[2.12864,45.69536]}},{"type":"Feature","properties":{"nom":"Branceilles","genre":"village","rang":3,"pop":277},"geometry":{"type":"Point","coordinates":[1.70971,45.01111]}},{"type":"Feature","properties":{"nom":"Le Monteil","genre":"village","rang":3,"pop":276},"geometry":{"type":"Point","coordinates":[2.49999,45.29857]}},{"type":"Feature","properties":{"nom":"Sarran","genre":"village","rang":3,"pop":275},"geometry":{"type":"Point","coordinates":[1.93827,45.40973]}},{"type":"Feature","properties":{"nom":"Sérilhac","genre":"village","rang":3,"pop":273},"geometry":{"type":"Point","coordinates":[1.72557,45.08896]}},{"type":"Feature","properties":{"nom":"La Chapelle-aux-Saints","genre":"village","rang":3,"pop":266},"geometry":{"type":"Point","coordinates":[1.72514,44.9869]}},{"type":"Feature","properties":{"nom":"Saint-Martin-Sepert","genre":"village","rang":3,"pop":266},"geometry":{"type":"Point","coordinates":[1.47148,45.43448]}},{"type":"Feature","properties":{"nom":"Saint-Fréjoux","genre":"village","rang":3,"pop":263},"geometry":{"type":"Point","coordinates":[2.37463,45.54723]}},{"type":"Feature","properties":{"nom":"Saint-Bonnet-de-Salers","genre":"village","rang":3,"pop":262},"geometry":{"type":"Point","coordinates":[2.45294,45.15992]}},{"type":"Feature","properties":{"nom":"Orliac-de-Bar","genre":"village","rang":3,"pop":259},"geometry":{"type":"Point","coordinates":[1.80139,45.36009]}},{"type":"Feature","properties":{"nom":"Tudeils","genre":"village","rang":3,"pop":258},"geometry":{"type":"Point","coordinates":[1.79326,45.04989]}},{"type":"Feature","properties":{"nom":"Moussages","genre":"village","rang":3,"pop":256},"geometry":{"type":"Point","coordinates":[2.46917,45.23726]}},{"type":"Feature","properties":{"nom":"Forgès","genre":"village","rang":3,"pop":255},"geometry":{"type":"Point","coordinates":[1.87125,45.15521]}},{"type":"Feature","properties":{"nom":"Vitrac-sur-Montane","genre":"village","rang":3,"pop":255},"geometry":{"type":"Point","coordinates":[1.93589,45.37644]}},{"type":"Feature","properties":{"nom":"Saint-Cirgues-de-Malbert","genre":"village","rang":3,"pop":250},"geometry":{"type":"Point","coordinates":[2.37074,45.07435]}},{"type":"Feature","properties":{"nom":"Montgibaud","genre":"village","rang":3,"pop":244},"geometry":{"type":"Point","coordinates":[1.4231,45.51851]}},{"type":"Feature","properties":{"nom":"Mercœur","genre":"village","rang":3,"pop":237},"geometry":{"type":"Point","coordinates":[1.94709,45.01496]}},{"type":"Feature","properties":{"nom":"Saint-Paul","genre":"village","rang":3,"pop":236},"geometry":{"type":"Point","coordinates":[1.89528,45.21892]}},{"type":"Feature","properties":{"nom":"Albignac","genre":"village","rang":3,"pop":232},"geometry":{"type":"Point","coordinates":[1.67907,45.13896]}},{"type":"Feature","properties":{"nom":"Sainte-Eulalie","genre":"village","rang":3,"pop":232},"geometry":{"type":"Point","coordinates":[2.37396,45.1181]}},{"type":"Feature","properties":{"nom":"Sexcles","genre":"village","rang":3,"pop":231},"geometry":{"type":"Point","coordinates":[2.00857,45.04699]}},{"type":"Feature","properties":{"nom":"Queyssac-les-Vignes","genre":"village","rang":3,"pop":229},"geometry":{"type":"Point","coordinates":[1.76883,44.96661]}},{"type":"Feature","properties":{"nom":"Saint-Rémy","genre":"village","rang":3,"pop":229},"geometry":{"type":"Point","coordinates":[2.27085,45.65498]}},{"type":"Feature","properties":{"nom":"Sioniac","genre":"village","rang":3,"pop":227},"geometry":{"type":"Point","coordinates":[1.81318,44.97451]}},{"type":"Feature","properties":{"nom":"Lascaux","genre":"village","rang":3,"pop":225},"geometry":{"type":"Point","coordinates":[1.36406,45.33951]}},{"type":"Feature","properties":{"nom":"Lagleygeolle","genre":"village","rang":3,"pop":223},"geometry":{"type":"Point","coordinates":[1.69658,45.07828]}},{"type":"Feature","properties":{"nom":"Champagnac-la-Noaille","genre":"village","rang":3,"pop":223},"geometry":{"type":"Point","coordinates":[2.01682,45.3074]}},{"type":"Feature","properties":{"nom":"Davignac","genre":"village","rang":3,"pop":222},"geometry":{"type":"Point","coordinates":[2.09319,45.48383]}},{"type":"Feature","properties":{"nom":"Auriac","genre":"village","rang":3,"pop":221},"geometry":{"type":"Point","coordinates":[2.14802,45.20394]}},{"type":"Feature","properties":{"nom":"Bassignac","genre":"village","rang":3,"pop":221},"geometry":{"type":"Point","coordinates":[2.408,45.31704]}},{"type":"Feature","properties":{"nom":"Chaussenac","genre":"village","rang":3,"pop":221},"geometry":{"type":"Point","coordinates":[2.27858,45.17708]}},{"type":"Feature","properties":{"nom":"Benayes","genre":"village","rang":3,"pop":220},"geometry":{"type":"Point","coordinates":[1.47009,45.51852]}},{"type":"Feature","properties":{"nom":"Palisse","genre":"village","rang":3,"pop":220},"geometry":{"type":"Point","coordinates":[2.20626,45.41907]}},{"type":"Feature","properties":{"nom":"Saint-Bonnet-Elvert","genre":"village","rang":3,"pop":219},"geometry":{"type":"Point","coordinates":[1.90339,45.16213]}},{"type":"Feature","properties":{"nom":"Sauvat","genre":"village","rang":3,"pop":216},"geometry":{"type":"Point","coordinates":[2.44259,45.31584]}},{"type":"Feature","properties":{"nom":"Curemonte","genre":"village","rang":3,"pop":212},"geometry":{"type":"Point","coordinates":[1.74224,45.0021]}},{"type":"Feature","properties":{"nom":"Chenailler-Mascheix","genre":"village","rang":3,"pop":212},"geometry":{"type":"Point","coordinates":[1.84068,45.0529]}},{"type":"Feature","properties":{"nom":"Astaillac","genre":"village","rang":3,"pop":210},"geometry":{"type":"Point","coordinates":[1.83191,44.95218]}},{"type":"Feature","properties":{"nom":"Camps","genre":"village","rang":3,"pop":210},"geometry":{"type":"Point","coordinates":[1.99034,44.98323]}},{"type":"Feature","properties":{"nom":"Madic","genre":"village","rang":3,"pop":206},"geometry":{"type":"Point","coordinates":[2.45785,45.37905]}},{"type":"Feature","properties":{"nom":"Ambrugeat","genre":"village","rang":3,"pop":206},"geometry":{"type":"Point","coordinates":[2.11865,45.52714]}},{"type":"Feature","properties":{"nom":"Saillac","genre":"village","rang":3,"pop":205},"geometry":{"type":"Point","coordinates":[1.63967,45.03706]}},{"type":"Feature","properties":{"nom":"Neuville","genre":"village","rang":3,"pop":204},"geometry":{"type":"Point","coordinates":[1.831,45.11003]}},{"type":"Feature","properties":{"nom":"Saint-Bonnet-Avalouze","genre":"village","rang":3,"pop":202},"geometry":{"type":"Point","coordinates":[1.83355,45.25597]}},{"type":"Feature","properties":{"nom":"Arches","genre":"village","rang":3,"pop":198},"geometry":{"type":"Point","coordinates":[2.32821,45.30621]}},{"type":"Feature","properties":{"nom":"La Chapelle-Saint-Géraud","genre":"village","rang":3,"pop":197},"geometry":{"type":"Point","coordinates":[1.95411,45.03949]}},{"type":"Feature","properties":{"nom":"Sourniac","genre":"village","rang":3,"pop":196},"geometry":{"type":"Point","coordinates":[2.33982,45.27576]}},{"type":"Feature","properties":{"nom":"Pérols-sur-Vézère","genre":"village","rang":3,"pop":196},"geometry":{"type":"Point","coordinates":[1.97937,45.58636]}},{"type":"Feature","properties":{"nom":"Rouffiac","genre":"village","rang":3,"pop":195},"geometry":{"type":"Point","coordinates":[2.13729,45.02256]}},{"type":"Feature","properties":{"nom":"Saint-Victour","genre":"village","rang":3,"pop":194},"geometry":{"type":"Point","coordinates":[2.38076,45.46371]}},{"type":"Feature","properties":{"nom":"Cahus","genre":"village","rang":3,"pop":192},"geometry":{"type":"Point","coordinates":[1.91902,44.95619]}},{"type":"Feature","properties":{"nom":"Saint-Bonnet-près-Bort","genre":"village","rang":3,"pop":189},"geometry":{"type":"Point","coordinates":[2.41496,45.50223]}},{"type":"Feature","properties":{"nom":"Gros-Chastang","genre":"village","rang":3,"pop":187},"geometry":{"type":"Point","coordinates":[2.00255,45.21516]}},{"type":"Feature","properties":{"nom":"Saint-Hilaire-Foissac","genre":"village","rang":3,"pop":187},"geometry":{"type":"Point","coordinates":[2.12471,45.33054]}},{"type":"Feature","properties":{"nom":"Reygade","genre":"village","rang":3,"pop":186},"geometry":{"type":"Point","coordinates":[1.90949,45.01413]}},{"type":"Feature","properties":{"nom":"Cros-de-Montvert","genre":"village","rang":3,"pop":186},"geometry":{"type":"Point","coordinates":[2.14773,45.05348]}},{"type":"Feature","properties":{"nom":"Arnac","genre":"village","rang":3,"pop":183},"geometry":{"type":"Point","coordinates":[2.23274,45.05678]}},{"type":"Feature","properties":{"nom":"Brivezac","genre":"village","rang":3,"pop":182},"geometry":{"type":"Point","coordinates":[1.84055,45.02555]}},{"type":"Feature","properties":{"nom":"Saint-Merd-de-Lapleau","genre":"village","rang":3,"pop":180},"geometry":{"type":"Point","coordinates":[2.08357,45.25771]}},{"type":"Feature","properties":{"nom":"Végennes","genre":"village","rang":3,"pop":176},"geometry":{"type":"Point","coordinates":[1.73967,44.98154]}},{"type":"Feature","properties":{"nom":"Madranges","genre":"village","rang":3,"pop":176},"geometry":{"type":"Point","coordinates":[1.79146,45.47399]}},{"type":"Feature","properties":{"nom":"Saint-Pardoux-la-Croisille","genre":"village","rang":3,"pop":175},"geometry":{"type":"Point","coordinates":[1.98228,45.24567]}},{"type":"Feature","properties":{"nom":"Marcillac-la-Croze","genre":"village","rang":3,"pop":174},"geometry":{"type":"Point","coordinates":[1.743,45.0353]}},{"type":"Feature","properties":{"nom":"Palazinges","genre":"village","rang":3,"pop":171},"geometry":{"type":"Point","coordinates":[1.69584,45.15953]}},{"type":"Feature","properties":{"nom":"Saint-Cirgues-la-Loutre","genre":"village","rang":3,"pop":171},"geometry":{"type":"Point","coordinates":[2.09894,45.07868]}},{"type":"Feature","properties":{"nom":"Marc-la-Tour","genre":"village","rang":3,"pop":168},"geometry":{"type":"Point","coordinates":[1.84519,45.20474]}},{"type":"Feature","properties":{"nom":"Saint-Hilaire-les-Courbes","genre":"village","rang":3,"pop":166},"geometry":{"type":"Point","coordinates":[1.83404,45.61003]}},{"type":"Feature","properties":{"nom":"Chaumeil","genre":"village","rang":3,"pop":164},"geometry":{"type":"Point","coordinates":[1.88086,45.45555]}},{"type":"Feature","properties":{"nom":"Pandrignes","genre":"village","rang":3,"pop":163},"geometry":{"type":"Point","coordinates":[1.85474,45.22813]}},{"type":"Feature","properties":{"nom":"Auzers","genre":"village","rang":3,"pop":163},"geometry":{"type":"Point","coordinates":[2.46088,45.26542]}},{"type":"Feature","properties":{"nom":"Lignareix","genre":"village","rang":3,"pop":163},"geometry":{"type":"Point","coordinates":[2.29616,45.6136]}},{"type":"Feature","properties":{"nom":"Saint-Julien-Maumont","genre":"village","rang":3,"pop":162},"geometry":{"type":"Point","coordinates":[1.70547,45.03762]}},{"type":"Feature","properties":{"nom":"Méallet","genre":"village","rang":3,"pop":157},"geometry":{"type":"Point","coordinates":[2.43054,45.25524]}},{"type":"Feature","properties":{"nom":"Bassignac-le-Haut","genre":"village","rang":3,"pop":155},"geometry":{"type":"Point","coordinates":[2.07278,45.2112]}},{"type":"Feature","properties":{"nom":"Lostanges","genre":"village","rang":3,"pop":151},"geometry":{"type":"Point","coordinates":[1.7651,45.06274]}},{"type":"Feature","properties":{"nom":"Saint-Martin-Cantalès","genre":"village","rang":3,"pop":150},"geometry":{"type":"Point","coordinates":[2.2993,45.0927]}},{"type":"Feature","properties":{"nom":"Champagnac-la-Prune","genre":"village","rang":3,"pop":149},"geometry":{"type":"Point","coordinates":[1.95163,45.18566]}},{"type":"Feature","properties":{"nom":"Valiergues","genre":"village","rang":3,"pop":148},"geometry":{"type":"Point","coordinates":[2.29233,45.47849]}},{"type":"Feature","properties":{"nom":"Saint-Bazile-de-la-Roche","genre":"village","rang":3,"pop":147},"geometry":{"type":"Point","coordinates":[1.95499,45.16077]}},{"type":"Feature","properties":{"nom":"Saint-Martial-le-Vieux","genre":"village","rang":3,"pop":147},"geometry":{"type":"Point","coordinates":[2.28311,45.67189]}},{"type":"Feature","properties":{"nom":"Rempnat","genre":"village","rang":3,"pop":146},"geometry":{"type":"Point","coordinates":[1.89028,45.68778]}},{"type":"Feature","properties":{"nom":"Salins","genre":"village","rang":3,"pop":144},"geometry":{"type":"Point","coordinates":[2.39173,45.19119]}},{"type":"Feature","properties":{"nom":"Sainte-Anne-Saint-Priest","genre":"village","rang":3,"pop":144},"geometry":{"type":"Point","coordinates":[1.68112,45.70957]}},{"type":"Feature","properties":{"nom":"Soudaine-Lavinadière","genre":"village","rang":3,"pop":144},"geometry":{"type":"Point","coordinates":[1.74126,45.55604]}},{"type":"Feature","properties":{"nom":"Saint-Pierre","genre":"village","rang":3,"pop":144},"geometry":{"type":"Point","coordinates":[2.38824,45.38841]}},{"type":"Feature","properties":{"nom":"Darazac","genre":"village","rang":3,"pop":142},"geometry":{"type":"Point","coordinates":[2.08442,45.17542]}},{"type":"Feature","properties":{"nom":"Barriac-les-Bosquets","genre":"village","rang":3,"pop":136},"geometry":{"type":"Point","coordinates":[2.25974,45.14246]}},{"type":"Feature","properties":{"nom":"Lacelle","genre":"village","rang":3,"pop":135},"geometry":{"type":"Point","coordinates":[1.82605,45.64088]}},{"type":"Feature","properties":{"nom":"Ménoire","genre":"village","rang":3,"pop":134},"geometry":{"type":"Point","coordinates":[1.79185,45.10488]}},{"type":"Feature","properties":{"nom":"Lafage-sur-Sombre","genre":"village","rang":3,"pop":134},"geometry":{"type":"Point","coordinates":[2.07218,45.29516]}},{"type":"Feature","properties":{"nom":"Saint-Sylvain","genre":"village","rang":3,"pop":133},"geometry":{"type":"Point","coordinates":[1.87558,45.17585]}},{"type":"Feature","properties":{"nom":"Saint-Bazile-de-Meyssac","genre":"village","rang":3,"pop":132},"geometry":{"type":"Point","coordinates":[1.72493,45.05091]}},{"type":"Feature","properties":{"nom":"Besse","genre":"village","rang":3,"pop":131},"geometry":{"type":"Point","coordinates":[2.35085,45.09669]}},{"type":"Feature","properties":{"nom":"Les Angles-sur-Corrèze","genre":"village","rang":3,"pop":126},"geometry":{"type":"Point","coordinates":[1.79633,45.30531]}},{"type":"Feature","properties":{"nom":"La Roche-Canillac","genre":"village","rang":3,"pop":126},"geometry":{"type":"Point","coordinates":[1.96938,45.19562]}},{"type":"Feature","properties":{"nom":"Lamongerie","genre":"village","rang":3,"pop":121},"geometry":{"type":"Point","coordinates":[1.57556,45.53634]}},{"type":"Feature","properties":{"nom":"Latronche","genre":"village","rang":3,"pop":120},"geometry":{"type":"Point","coordinates":[2.22825,45.29472]}},{"type":"Feature","properties":{"nom":"Veyrières","genre":"village","rang":3,"pop":119},"geometry":{"type":"Point","coordinates":[2.37417,45.33004]}},{"type":"Feature","properties":{"nom":"Saint-Julien-le-Pèlerin","genre":"village","rang":3,"pop":118},"geometry":{"type":"Point","coordinates":[2.07739,45.01763]}},{"type":"Feature","properties":{"nom":"Peyrissac","genre":"village","rang":3,"pop":117},"geometry":{"type":"Point","coordinates":[1.69905,45.50244]}},{"type":"Feature","properties":{"nom":"Saint-Merd-les-Oussines","genre":"village","rang":3,"pop":116},"geometry":{"type":"Point","coordinates":[2.04085,45.6327]}},{"type":"Feature","properties":{"nom":"Rilhac-Treignac","genre":"village","rang":3,"pop":115},"geometry":{"type":"Point","coordinates":[1.68551,45.52679]}},{"type":"Feature","properties":{"nom":"Bonnefond","genre":"village","rang":3,"pop":114},"geometry":{"type":"Point","coordinates":[1.98352,45.53117]}},{"type":"Feature","properties":{"nom":"Chapelle-Spinasse","genre":"village","rang":3,"pop":113},"geometry":{"type":"Point","coordinates":[2.04164,45.35772]}},{"type":"Feature","properties":{"nom":"Montvert","genre":"village","rang":3,"pop":112},"geometry":{"type":"Point","coordinates":[2.16068,44.99451]}},{"type":"Feature","properties":{"nom":"Beaumont","genre":"village","rang":3,"pop":112},"geometry":{"type":"Point","coordinates":[1.802,45.42168]}},{"type":"Feature","properties":{"nom":"Alleyrat","genre":"village","rang":3,"pop":108},"geometry":{"type":"Point","coordinates":[2.21618,45.57266]}},{"type":"Feature","properties":{"nom":"Thalamy","genre":"village","rang":3,"pop":103},"geometry":{"type":"Point","coordinates":[2.45925,45.51271]}},{"type":"Feature","properties":{"nom":"Laval-sur-Luzège","genre":"village","rang":3,"pop":102},"geometry":{"type":"Point","coordinates":[2.13496,45.26767]}},{"type":"Feature","properties":{"nom":"Saint-Hilaire-Taurieux","genre":"village","rang":3,"pop":100},"geometry":{"type":"Point","coordinates":[1.83054,45.08381]}},{"type":"Feature","properties":{"nom":"Saint-Martial-Entraygues","genre":"village","rang":3,"pop":99},"geometry":{"type":"Point","coordinates":[1.97321,45.12014]}},{"type":"Feature","properties":{"nom":"Domps","genre":"village","rang":3,"pop":99},"geometry":{"type":"Point","coordinates":[1.70835,45.66056]}},{"type":"Feature","properties":{"nom":"Gumond","genre":"village","rang":3,"pop":97},"geometry":{"type":"Point","coordinates":[1.9781,45.22017]}},{"type":"Feature","properties":{"nom":"Bellechassagne","genre":"village","rang":3,"pop":97},"geometry":{"type":"Point","coordinates":[2.22472,45.64481]}},{"type":"Feature","properties":{"nom":"Saint-Germain-Lavolps","genre":"village","rang":3,"pop":97},"geometry":{"type":"Point","coordinates":[2.2063,45.61267]}},{"type":"Feature","properties":{"nom":"Roche-le-Peyroux","genre":"village","rang":3,"pop":97},"geometry":{"type":"Point","coordinates":[2.38057,45.42193]}},{"type":"Feature","properties":{"nom":"Pierrefitte","genre":"village","rang":3,"pop":93},"geometry":{"type":"Point","coordinates":[1.64815,45.42314]}},{"type":"Feature","properties":{"nom":"Saint-Geniez-Ô-Merle","genre":"village","rang":3,"pop":90},"geometry":{"type":"Point","coordinates":[2.06331,45.08321]}},{"type":"Feature","properties":{"nom":"Saint-Étienne-la-Geneste","genre":"village","rang":3,"pop":88},"geometry":{"type":"Point","coordinates":[2.34503,45.44835]}},{"type":"Feature","properties":{"nom":"Péret-Bel-Air","genre":"village","rang":3,"pop":86},"geometry":{"type":"Point","coordinates":[2.03991,45.47904]}},{"type":"Feature","properties":{"nom":"Gourdon","genre":"village","rang":3,"pop":85},"geometry":{"type":"Point","coordinates":[1.89007,45.55506]}},{"type":"Feature","properties":{"nom":"Viam","genre":"village","rang":3,"pop":85},"geometry":{"type":"Point","coordinates":[1.88308,45.60852]}},{"type":"Feature","properties":{"nom":"Bassignac-le-Bas","genre":"village","rang":3,"pop":83},"geometry":{"type":"Point","coordinates":[1.85246,45.01917]}},{"type":"Feature","properties":{"nom":"Escorailles","genre":"village","rang":3,"pop":83},"geometry":{"type":"Point","coordinates":[2.33027,45.17241]}},{"type":"Feature","properties":{"nom":"Pradines","genre":"village","rang":3,"pop":79},"geometry":{"type":"Point","coordinates":[1.90852,45.50873]}},{"type":"Feature","properties":{"nom":"Saint-Pardoux-le-Neuf","genre":"village","rang":3,"pop":79},"geometry":{"type":"Point","coordinates":[2.32798,45.61313]}},{"type":"Feature","properties":{"nom":"Brageac","genre":"village","rang":3,"pop":76},"geometry":{"type":"Point","coordinates":[2.28848,45.20447]}},{"type":"Feature","properties":{"nom":"Millevaches","genre":"village","rang":3,"pop":75},"geometry":{"type":"Point","coordinates":[2.09444,45.6426]}},{"type":"Feature","properties":{"nom":"Veix","genre":"village","rang":3,"pop":71},"geometry":{"type":"Point","coordinates":[1.83425,45.50891]}},{"type":"Feature","properties":{"nom":"Couffy-sur-Sarsonne","genre":"village","rang":3,"pop":69},"geometry":{"type":"Point","coordinates":[2.32914,45.6623]}},{"type":"Feature","properties":{"nom":"Courteix","genre":"village","rang":3,"pop":66},"geometry":{"type":"Point","coordinates":[2.34242,45.64907]}},{"type":"Feature","properties":{"nom":"Lamativie","genre":"village","rang":3,"pop":65},"geometry":{"type":"Point","coordinates":[2.04139,44.95888]}},{"type":"Feature","properties":{"nom":"Saint-Pantaléon-de-Lapleau","genre":"village","rang":3,"pop":65},"geometry":{"type":"Point","coordinates":[2.20508,45.32385]}},{"type":"Feature","properties":{"nom":"Saint-Hilaire-Luc","genre":"village","rang":3,"pop":65},"geometry":{"type":"Point","coordinates":[2.20478,45.36263]}},{"type":"Feature","properties":{"nom":"Meyrignac-l'Église","genre":"village","rang":3,"pop":62},"geometry":{"type":"Point","coordinates":[1.85204,45.40083]}},{"type":"Feature","properties":{"nom":"Sainte-Marie-Lapanouze","genre":"village","rang":3,"pop":56},"geometry":{"type":"Point","coordinates":[2.3405,45.43127]}},{"type":"Feature","properties":{"nom":"L'Église-aux-Bois","genre":"village","rang":3,"pop":52},"geometry":{"type":"Point","coordinates":[1.803,45.64811]}},{"type":"Feature","properties":{"nom":"Grandsaigne","genre":"village","rang":3,"pop":50},"geometry":{"type":"Point","coordinates":[1.91799,45.4902]}},{"type":"Feature","properties":{"nom":"Surdoux","genre":"village","rang":3,"pop":49},"geometry":{"type":"Point","coordinates":[1.65017,45.60599]}},{"type":"Feature","properties":{"nom":"La Villedieu","genre":"village","rang":3,"pop":49},"geometry":{"type":"Point","coordinates":[1.88652,45.73334]}},{"type":"Feature","properties":{"nom":"Chavanac","genre":"village","rang":3,"pop":49},"geometry":{"type":"Point","coordinates":[2.09322,45.62556]}},{"type":"Feature","properties":{"nom":"Saint-Gilles-les-Forêts","genre":"village","rang":3,"pop":45},"geometry":{"type":"Point","coordinates":[1.66417,45.62881]}},{"type":"Feature","properties":{"nom":"Saint-Bonnet-les-Tours-de-Merle","genre":"village","rang":3,"pop":39},"geometry":{"type":"Point","coordinates":[2.06203,45.06019]}},{"type":"Feature","properties":{"nom":"Bétaille","genre":"village","rang":3,"pop":null},"geometry":{"type":"Point","coordinates":[1.90927,45.17253]}},{"type":"Feature","properties":{"nom":"Lestrade","genre":"village","rang":3,"pop":null},"geometry":{"type":"Point","coordinates":[1.72598,45.29378]}},{"type":"Feature","properties":{"nom":"Travassac","genre":"village","rang":3,"pop":null},"geometry":{"type":"Point","coordinates":[1.5493,45.22626]}},{"type":"Feature","properties":{"nom":"Chambres","genre":"village","rang":3,"pop":null},"geometry":{"type":"Point","coordinates":[2.35182,45.18828]}},{"type":"Feature","properties":{"nom":"Loupiac","genre":"village","rang":3,"pop":null},"geometry":{"type":"Point","coordinates":[2.34134,45.1177]}},{"type":"Feature","properties":{"nom":"Saint-Christophe-les-Gorges","genre":"village","rang":3,"pop":null},"geometry":{"type":"Point","coordinates":[2.29339,45.10359]}},{"type":"Feature","properties":{"nom":"Tourniac","genre":"village","rang":3,"pop":null},"geometry":{"type":"Point","coordinates":[2.21888,45.19398]}},{"type":"Feature","properties":{"nom":"Drignac","genre":"village","rang":3,"pop":null},"geometry":{"type":"Point","coordinates":[2.35831,45.16493]}},{"type":"Feature","properties":{"nom":"Spontour","genre":"village","rang":3,"pop":null},"geometry":{"type":"Point","coordinates":[2.17685,45.22226]}},{"type":"Feature","properties":{"nom":"Bouval","genre":"village","rang":3,"pop":null},"geometry":{"type":"Point","coordinates":[2.25853,45.15375]}},{"type":"Feature","properties":{"nom":"Clamensac","genre":"village","rang":3,"pop":null},"geometry":{"type":"Point","coordinates":[2.1453,45.12456]}},{"type":"Feature","properties":{"nom":"Le Jardin","genre":"village","rang":3,"pop":null},"geometry":{"type":"Point","coordinates":[2.03319,45.32058]}},{"type":"Feature","properties":{"nom":"Vendes","genre":"village","rang":3,"pop":null},"geometry":{"type":"Point","coordinates":[2.38594,45.29711]}},{"type":"Feature","properties":{"nom":"Bouisse","genre":"village","rang":3,"pop":null},"geometry":{"type":"Point","coordinates":[2.39943,45.19917]}},{"type":"Feature","properties":{"nom":"L'Hopital","genre":"village","rang":3,"pop":null},"geometry":{"type":"Point","coordinates":[2.39353,45.09819]}},{"type":"Feature","properties":{"nom":"Glény","genre":"village","rang":3,"pop":null},"geometry":{"type":"Point","coordinates":[2.00447,45.13376]}},{"type":"Feature","properties":{"nom":"Saint-Sulpice-les-Bois","genre":"village","rang":3,"pop":null},"geometry":{"type":"Point","coordinates":[2.14387,45.61495]}},{"type":"Feature","properties":{"nom":"Chaveroche","genre":"hamlet","rang":4,"pop":276},"geometry":{"type":"Point","coordinates":[2.25655,45.5745]}},{"type":"Feature","properties":{"nom":"Lestards","genre":"hamlet","rang":4,"pop":114},"geometry":{"type":"Point","coordinates":[1.87363,45.51523]}},{"type":"Feature","properties":{"nom":"L'Arfeuillère","genre":"hamlet","rang":4,"pop":80},"geometry":{"type":"Point","coordinates":[2.14557,45.61581]}},{"type":"Feature","properties":{"nom":"Veyrières","genre":"hamlet","rang":4,"pop":80},"geometry":{"type":"Point","coordinates":[2.39236,45.48933]}},{"type":"Feature","properties":{"nom":"Toy-Viam","genre":"hamlet","rang":4,"pop":36},"geometry":{"type":"Point","coordinates":[1.93175,45.64826]}},{"type":"Feature","properties":{"nom":"Pompignac","genre":"hamlet","rang":4,"pop":19},"geometry":{"type":"Point","coordinates":[2.05095,44.9954]}},{"type":"Feature","properties":{"nom":"Sagnemoussouze","genre":"hamlet","rang":4,"pop":12},"geometry":{"type":"Point","coordinates":[2.05658,44.99024]}},{"type":"Feature","properties":{"nom":"Villemonteix","genre":"hamlet","rang":4,"pop":5},"geometry":{"type":"Point","coordinates":[2.13732,45.72501]}},{"type":"Feature","properties":{"nom":"Valluaud","genre":"hamlet","rang":4,"pop":2},"geometry":{"type":"Point","coordinates":[1.66093,45.69255]}},{"type":"Feature","properties":{"nom":"Le Pont","genre":"hamlet","rang":4,"pop":1},"geometry":{"type":"Point","coordinates":[1.98614,44.94956]}},{"type":"Feature","properties":{"nom":"Embouérime","genre":"hamlet","rang":4,"pop":1},"geometry":{"type":"Point","coordinates":[2.23471,45.401]}},{"type":"Feature","properties":{"nom":"Vimbelle","genre":"hamlet","rang":4,"pop":null},"geometry":{"type":"Point","coordinates":[1.7921,45.33775]}},{"type":"Feature","properties":{"nom":"Teillol","genre":"hamlet","rang":4,"pop":null},"geometry":{"type":"Point","coordinates":[1.7964,45.1606]}},{"type":"Feature","properties":{"nom":"Bardoux","genre":"hamlet","rang":4,"pop":null},"geometry":{"type":"Point","coordinates":[1.48084,45.26682]}},{"type":"Feature","properties":{"nom":"La Meyranie","genre":"hamlet","rang":4,"pop":null},"geometry":{"type":"Point","coordinates":[1.48796,45.26359]}},{"type":"Feature","properties":{"nom":"Brochat","genre":"hamlet","rang":4,"pop":null},"geometry":{"type":"Point","coordinates":[1.48418,45.23098]}},{"type":"Feature","properties":{"nom":"Verdier-Bas","genre":"hamlet","rang":4,"pop":null},"geometry":{"type":"Point","coordinates":[1.50144,45.25359]}},{"type":"Feature","properties":{"nom":"Verdier-Haut","genre":"hamlet","rang":4,"pop":null},"geometry":{"type":"Point","coordinates":[1.49989,45.25523]}},{"type":"Feature","properties":{"nom":"Gauch","genre":"hamlet","rang":4,"pop":null},"geometry":{"type":"Point","coordinates":[1.49515,45.25601]}},{"type":"Feature","properties":{"nom":"La Roche","genre":"hamlet","rang":4,"pop":null},"geometry":{"type":"Point","coordinates":[1.47863,45.28305]}},{"type":"Feature","properties":{"nom":"Le Saillant","genre":"hamlet","rang":4,"pop":null},"geometry":{"type":"Point","coordinates":[1.45841,45.27511]}},{"type":"Feature","properties":{"nom":"Le Saillant Vieux","genre":"hamlet","rang":4,"pop":null},"geometry":{"type":"Point","coordinates":[1.46283,45.27824]}},{"type":"Feature","properties":{"nom":"La Chartroulle","genre":"hamlet","rang":4,"pop":null},"geometry":{"type":"Point","coordinates":[1.47312,45.27536]}},{"type":"Feature","properties":{"nom":"La Pleuge","genre":"hamlet","rang":4,"pop":null},"geometry":{"type":"Point","coordinates":[1.47327,45.26885]}},{"type":"Feature","properties":{"nom":"Garavet","genre":"hamlet","rang":4,"pop":null},"geometry":{"type":"Point","coordinates":[1.45357,45.2479]}},{"type":"Feature","properties":{"nom":"Le Cheyral","genre":"hamlet","rang":4,"pop":null},"geometry":{"type":"Point","coordinates":[1.50406,45.27629]}},{"type":"Feature","properties":{"nom":"Freygemouche","genre":"hamlet","rang":4,"pop":null},"geometry":{"type":"Point","coordinates":[1.49896,45.27487]}},{"type":"Feature","properties":{"nom":"Eyzac","genre":"hamlet","rang":4,"pop":null},"geometry":{"type":"Point","coordinates":[1.5092,45.26923]}},{"type":"Feature","properties":{"nom":"La Gesneste","genre":"hamlet","rang":4,"pop":null},"geometry":{"type":"Point","coordinates":[1.49243,45.2759]}},{"type":"Feature","properties":{"nom":"La Sudrie","genre":"hamlet","rang":4,"pop":null},"geometry":{"type":"Point","coordinates":[1.48663,45.26909]}},{"type":"Feature","properties":{"nom":"La Blondinerie","genre":"hamlet","rang":4,"pop":null},"geometry":{"type":"Point","coordinates":[1.48725,45.27221]}},{"type":"Feature","properties":{"nom":"Le Bouchailloux","genre":"hamlet","rang":4,"pop":null},"geometry":{"type":"Point","coordinates":[1.46947,45.26786]}},{"type":"Feature","properties":{"nom":"La Pialeporchie","genre":"hamlet","rang":4,"pop":null},"geometry":{"type":"Point","coordinates":[1.46133,45.27546]}},{"type":"Feature","properties":{"nom":"Le Puy","genre":"hamlet","rang":4,"pop":null},"geometry":{"type":"Point","coordinates":[1.43995,45.26172]}},{"type":"Feature","properties":{"nom":"La Chapelle","genre":"hamlet","rang":4,"pop":null},"geometry":{"type":"Point","coordinates":[1.44094,45.24859]}},{"type":"Feature","properties":{"nom":"L'Escurotte","genre":"hamlet","rang":4,"pop":null},"geometry":{"type":"Point","coordinates":[1.4359,45.25787]}},{"type":"Feature","properties":{"nom":"Gorsat","genre":"hamlet","rang":4,"pop":null},"geometry":{"type":"Point","coordinates":[1.436,45.23823]}},{"type":"Feature","properties":{"nom":"Lasteyrie","genre":"hamlet","rang":4,"pop":null},"geometry":{"type":"Point","coordinates":[1.4439,45.24032]}},{"type":"Feature","properties":{"nom":"Montaural","genre":"hamlet","rang":4,"pop":null},"geometry":{"type":"Point","coordinates":[1.47248,45.23591]}},{"type":"Feature","properties":{"nom":"Les Borderies","genre":"hamlet","rang":4,"pop":null},"geometry":{"type":"Point","coordinates":[1.45569,45.23629]}},{"type":"Feature","properties":{"nom":"Saint-Laurent","genre":"hamlet","rang":4,"pop":null},"geometry":{"type":"Point","coordinates":[1.41518,45.22642]}},{"type":"Feature","properties":{"nom":"Vinzelas","genre":"hamlet","rang":4,"pop":null},"geometry":{"type":"Point","coordinates":[1.47922,45.2675]}},{"type":"Feature","properties":{"nom":"La Rochette","genre":"hamlet","rang":4,"pop":null},"geometry":{"type":"Point","coordinates":[1.51429,45.24924]}},{"type":"Feature","properties":{"nom":"Rond","genre":"hamlet","rang":4,"pop":null},"geometry":{"type":"Point","coordinates":[1.50974,45.21635]}},{"type":"Feature","properties":{"nom":"L'Artige","genre":"hamlet","rang":4,"pop":null},"geometry":{"type":"Point","coordinates":[1.48584,45.21563]}},{"type":"Feature","properties":{"nom":"La Gratade","genre":"hamlet","rang":4,"pop":null},"geometry":{"type":"Point","coordinates":[1.47259,45.22564]}},{"type":"Feature","properties":{"nom":"Le Poirier","genre":"hamlet","rang":4,"pop":null},"geometry":{"type":"Point","coordinates":[1.47343,45.21615]}},{"type":"Feature","properties":{"nom":"La Rode","genre":"hamlet","rang":4,"pop":null},"geometry":{"type":"Point","coordinates":[1.4869,45.20796]}},{"type":"Feature","properties":{"nom":"Chaumont","genre":"hamlet","rang":4,"pop":null},"geometry":{"type":"Point","coordinates":[1.49916,45.21002]}},{"type":"Feature","properties":{"nom":"Le Vergis","genre":"hamlet","rang":4,"pop":null},"geometry":{"type":"Point","coordinates":[1.50336,45.20124]}},{"type":"Feature","properties":{"nom":"Chassagnac","genre":"hamlet","rang":4,"pop":null},"geometry":{"type":"Point","coordinates":[1.44052,45.21751]}},{"type":"Feature","properties":{"nom":"Aucher","genre":"hamlet","rang":4,"pop":null},"geometry":{"type":"Point","coordinates":[1.44267,45.21348]}},{"type":"Feature","properties":{"nom":"Les Teyres","genre":"hamlet","rang":4,"pop":null},"geometry":{"type":"Point","coordinates":[1.45081,45.21133]}},{"type":"Feature","properties":{"nom":"La Faurie","genre":"hamlet","rang":4,"pop":null},"geometry":{"type":"Point","coordinates":[1.42762,45.24813]}},{"type":"Feature","properties":{"nom":"La Prade","genre":"hamlet","rang":4,"pop":null},"geometry":{"type":"Point","coordinates":[1.42457,45.24195]}},{"type":"Feature","properties":{"nom":"La Ringe","genre":"hamlet","rang":4,"pop":null},"geometry":{"type":"Point","coordinates":[1.56779,45.06016]}},{"type":"Feature","properties":{"nom":"Gare de Turenne","genre":"hamlet","rang":4,"pop":null},"geometry":{"type":"Point","coordinates":[1.60152,45.03704]}},{"type":"Feature","properties":{"nom":"Le Saillant","genre":"hamlet","rang":4,"pop":null},"geometry":{"type":"Point","coordinates":[1.45645,45.27575]}},{"type":"Feature","properties":{"nom":"Chouzenoux","genre":"hamlet","rang":4,"pop":null},"geometry":{"type":"Point","coordinates":[1.42462,45.27008]}},{"type":"Feature","properties":{"nom":"La Côte","genre":"hamlet","rang":4,"pop":null},"geometry":{"type":"Point","coordinates":[1.44835,45.28471]}},{"type":"Feature","properties":{"nom":"Vertougit","genre":"hamlet","rang":4,"pop":null},"geometry":{"type":"Point","coordinates":[1.45471,45.28694]}},{"type":"Feature","properties":{"nom":"Colombeix","genre":"hamlet","rang":4,"pop":null},"geometry":{"type":"Point","coordinates":[1.44441,45.28878]}},{"type":"Feature","properties":{"nom":"Crouzevialle","genre":"hamlet","rang":4,"pop":null},"geometry":{"type":"Point","coordinates":[1.45099,45.29516]}},{"type":"Feature","properties":{"nom":"Laugerie","genre":"hamlet","rang":4,"pop":null},"geometry":{"type":"Point","coordinates":[1.4894,45.28102]}},{"type":"Feature","properties":{"nom":"Laujour","genre":"hamlet","rang":4,"pop":null},"geometry":{"type":"Point","coordinates":[1.47969,45.29395]}},{"type":"Feature","properties":{"nom":"La Pontherie","genre":"hamlet","rang":4,"pop":null},"geometry":{"type":"Point","coordinates":[1.42479,45.25433]}},{"type":"Feature","properties":{"nom":"Comborn","genre":"hamlet","rang":4,"pop":null},"geometry":{"type":"Point","coordinates":[1.47381,45.32222]}},{"type":"Feature","properties":{"nom":"Le Theil","genre":"hamlet","rang":4,"pop":null},"geometry":{"type":"Point","coordinates":[1.49646,45.33151]}},{"type":"Feature","properties":{"nom":"Freyssinet","genre":"hamlet","rang":4,"pop":null},"geometry":{"type":"Point","coordinates":[1.47774,45.31227]}},{"type":"Feature","properties":{"nom":"Cessac","genre":"hamlet","rang":4,"pop":null},"geometry":{"type":"Point","coordinates":[1.51323,45.31735]}},{"type":"Feature","properties":{"nom":"La Forêt","genre":"hamlet","rang":4,"pop":null},"geometry":{"type":"Point","coordinates":[1.36784,45.3087]}},{"type":"Feature","properties":{"nom":"Le Soulier","genre":"hamlet","rang":4,"pop":null},"geometry":{"type":"Point","coordinates":[1.47053,45.09484]}},{"type":"Feature","properties":{"nom":"Bros","genre":"hamlet","rang":4,"pop":null},"geometry":{"type":"Point","coordinates":[1.89525,45.06647]}},{"type":"Feature","properties":{"nom":"Quatre-Routes","genre":"hamlet","rang":4,"pop":null},"geometry":{"type":"Point","coordinates":[1.78183,45.13647]}},{"type":"Feature","properties":{"nom":"Moulin de la Mette","genre":"hamlet","rang":4,"pop":null},"geometry":{"type":"Point","coordinates":[1.8676,45.07928]}},{"type":"Feature","properties":{"nom":"Moustoulat","genre":"hamlet","rang":4,"pop":null},"geometry":{"type":"Point","coordinates":[1.86057,45.06851]}},{"type":"Feature","properties":{"nom":"Champeau","genre":"hamlet","rang":4,"pop":null},"geometry":{"type":"Point","coordinates":[1.88195,45.0779]}},{"type":"Feature","properties":{"nom":"Les Chevailles","genre":"hamlet","rang":4,"pop":null},"geometry":{"type":"Point","coordinates":[1.60928,45.27957]}},{"type":"Feature","properties":{"nom":"Le Planchat","genre":"hamlet","rang":4,"pop":null},"geometry":{"type":"Point","coordinates":[1.70702,45.10707]}},{"type":"Feature","properties":{"nom":"Saint-Palavy","genre":"hamlet","rang":4,"pop":null},"geometry":{"type":"Point","coordinates":[1.62888,45.02425]}},{"type":"Feature","properties":{"nom":"Gernes","genre":"hamlet","rang":4,"pop":null},"geometry":{"type":"Point","coordinates":[1.57885,45.0854]}},{"type":"Feature","properties":{"nom":"Le Bois de Bourzat","genre":"hamlet","rang":4,"pop":null},"geometry":{"type":"Point","coordinates":[1.45858,45.33736]}},{"type":"Feature","properties":{"nom":"La Guirande","genre":"hamlet","rang":4,"pop":null},"geometry":{"type":"Point","coordinates":[1.92823,45.31744]}},{"type":"Feature","properties":{"nom":"La Vaurie","genre":"hamlet","rang":4,"pop":null},"geometry":{"type":"Point","coordinates":[1.65253,45.17487]}},{"type":"Feature","properties":{"nom":"Les Laubies","genre":"hamlet","rang":4,"pop":null},"geometry":{"type":"Point","coordinates":[1.69529,45.22093]}},{"type":"Feature","properties":{"nom":"La Ramade","genre":"hamlet","rang":4,"pop":null},"geometry":{"type":"Point","coordinates":[1.6888,45.22455]}},{"type":"Feature","properties":{"nom":"Poumeyrol","genre":"hamlet","rang":4,"pop":null},"geometry":{"type":"Point","coordinates":[1.67188,45.21956]}},{"type":"Feature","properties":{"nom":"Lauconie","genre":"hamlet","rang":4,"pop":null},"geometry":{"type":"Point","coordinates":[1.67228,45.22337]}},{"type":"Feature","properties":{"nom":"Jourzat","genre":"hamlet","rang":4,"pop":null},"geometry":{"type":"Point","coordinates":[1.6664,45.22512]}},{"type":"Feature","properties":{"nom":"Couderquet","genre":"hamlet","rang":4,"pop":null},"geometry":{"type":"Point","coordinates":[1.6733,45.22657]}},{"type":"Feature","properties":{"nom":"Le Peuch","genre":"hamlet","rang":4,"pop":null},"geometry":{"type":"Point","coordinates":[1.63565,45.17325]}},{"type":"Feature","properties":{"nom":"La Jubertie","genre":"hamlet","rang":4,"pop":null},"geometry":{"type":"Point","coordinates":[1.65243,45.17121]}},{"type":"Feature","properties":{"nom":"Puypertus","genre":"hamlet","rang":4,"pop":null},"geometry":{"type":"Point","coordinates":[1.63343,45.18633]}},{"type":"Feature","properties":{"nom":"Ladignac","genre":"hamlet","rang":4,"pop":null},"geometry":{"type":"Point","coordinates":[1.62501,45.1862]}},{"type":"Feature","properties":{"nom":"La Maisonnade","genre":"hamlet","rang":4,"pop":null},"geometry":{"type":"Point","coordinates":[1.62273,45.20732]}},{"type":"Feature","properties":{"nom":"Brach","genre":"hamlet","rang":4,"pop":null},"geometry":{"type":"Point","coordinates":[1.88847,45.31706]}},{"type":"Feature","properties":{"nom":"Laroche","genre":"hamlet","rang":4,"pop":null},"geometry":{"type":"Point","coordinates":[1.80907,45.0219]}},{"type":"Feature","properties":{"nom":"Soleilhavoup","genre":"hamlet","rang":4,"pop":null},"geometry":{"type":"Point","coordinates":[1.74696,45.34155]}},{"type":"Feature","properties":{"nom":"Le Tramond","genre":"hamlet","rang":4,"pop":null},"geometry":{"type":"Point","coordinates":[1.76438,45.30107]}},{"type":"Feature","properties":{"nom":"Le Maugein","genre":"hamlet","rang":4,"pop":null},"geometry":{"type":"Point","coordinates":[1.78661,45.29869]}},{"type":"Feature","properties":{"nom":"Moussenadour","genre":"hamlet","rang":4,"pop":null},"geometry":{"type":"Point","coordinates":[1.73049,45.30103]}},{"type":"Feature","properties":{"nom":"Verdouze","genre":"hamlet","rang":4,"pop":null},"geometry":{"type":"Point","coordinates":[1.39933,45.26897]}},{"type":"Feature","properties":{"nom":"Grange de la Pologne","genre":"hamlet","rang":4,"pop":null},"geometry":{"type":"Point","coordinates":[1.90814,45.34924]}},{"type":"Feature","properties":{"nom":"Jeanjoux","genre":"hamlet","rang":4,"pop":null},"geometry":{"type":"Point","coordinates":[1.89791,45.3493]}},{"type":"Feature","properties":{"nom":"Prézat","genre":"hamlet","rang":4,"pop":null},"geometry":{"type":"Point","coordinates":[1.84329,45.12485]}},{"type":"Feature","properties":{"nom":"Merlhiac","genre":"hamlet","rang":4,"pop":null},"geometry":{"type":"Point","coordinates":[1.43677,45.22362]}},{"type":"Feature","properties":{"nom":"Malbuisson","genre":"hamlet","rang":4,"pop":null},"geometry":{"type":"Point","coordinates":[1.8324,45.13676]}},{"type":"Feature","properties":{"nom":"Les Pleaux","genre":"hamlet","rang":4,"pop":null},"geometry":{"type":"Point","coordinates":[1.88639,45.26892]}},{"type":"Feature","properties":{"nom":"Escourbaniers","genre":"hamlet","rang":4,"pop":null},"geometry":{"type":"Point","coordinates":[1.91794,45.07508]}},{"type":"Feature","properties":{"nom":"Le Carlat","genre":"hamlet","rang":4,"pop":null},"geometry":{"type":"Point","coordinates":[1.64347,44.98641]}},{"type":"Feature","properties":{"nom":"Le Clauzel","genre":"hamlet","rang":4,"pop":null},"geometry":{"type":"Point","coordinates":[1.46393,45.10777]}},{"type":"Feature","properties":{"nom":"La Manaudie","genre":"hamlet","rang":4,"pop":null},"geometry":{"type":"Point","coordinates":[1.44254,45.12091]}},{"type":"Feature","properties":{"nom":"Puyjubert","genre":"hamlet","rang":4,"pop":null},"geometry":{"type":"Point","coordinates":[1.43751,45.12409]}},{"type":"Feature","properties":{"nom":"Grandmont-Haut","genre":"hamlet","rang":4,"pop":null},"geometry":{"type":"Point","coordinates":[1.45493,45.11894]}},{"type":"Feature","properties":{"nom":"Le Pas Noir","genre":"hamlet","rang":4,"pop":null},"geometry":{"type":"Point","coordinates":[1.46192,45.11454]}},{"type":"Feature","properties":{"nom":"Le Coustal","genre":"hamlet","rang":4,"pop":null},"geometry":{"type":"Point","coordinates":[1.46082,45.12706]}},{"type":"Feature","properties":{"nom":"Puymège-Haut","genre":"hamlet","rang":4,"pop":null},"geometry":{"type":"Point","coordinates":[1.47037,45.12019]}},{"type":"Feature","properties":{"nom":"Tintignac","genre":"hamlet","rang":4,"pop":null},"geometry":{"type":"Point","coordinates":[1.76507,45.33544]}},{"type":"Feature","properties":{"nom":"Les Rochettes","genre":"hamlet","rang":4,"pop":null},"geometry":{"type":"Point","coordinates":[1.76908,45.33045]}},{"type":"Feature","properties":{"nom":"Cueille","genre":"hamlet","rang":4,"pop":null},"geometry":{"type":"Point","coordinates":[1.77692,45.32524]}},{"type":"Feature","properties":{"nom":"La Geneste","genre":"hamlet","rang":4,"pop":null},"geometry":{"type":"Point","coordinates":[1.76044,45.32596]}},{"type":"Feature","properties":{"nom":"Le Mareau","genre":"hamlet","rang":4,"pop":null},"geometry":{"type":"Point","coordinates":[1.70704,44.98472]}},{"type":"Feature","properties":{"nom":"La Gare","genre":"hamlet","rang":4,"pop":null},"geometry":{"type":"Point","coordinates":[1.67025,45.34365]}},{"type":"Feature","properties":{"nom":"Mante","genre":"hamlet","rang":4,"pop":null},"geometry":{"type":"Point","coordinates":[1.66077,45.33768]}},{"type":"Feature","properties":{"nom":"Le Baspeyrat","genre":"hamlet","rang":4,"pop":null},"geometry":{"type":"Point","coordinates":[1.65057,45.32442]}},{"type":"Feature","properties":{"nom":"La Montagne","genre":"hamlet","rang":4,"pop":null},"geometry":{"type":"Point","coordinates":[1.66084,45.35044]}},{"type":"Feature","properties":{"nom":"Lageneste","genre":"hamlet","rang":4,"pop":null},"geometry":{"type":"Point","coordinates":[1.66125,45.30158]}},{"type":"Feature","properties":{"nom":"Le Four","genre":"hamlet","rang":4,"pop":null},"geometry":{"type":"Point","coordinates":[1.86736,45.06744]}},{"type":"Feature","properties":{"nom":"Long","genre":"hamlet","rang":4,"pop":null},"geometry":{"type":"Point","coordinates":[1.70307,45.02161]}},{"type":"Feature","properties":{"nom":"Le Mons","genre":"hamlet","rang":4,"pop":null},"geometry":{"type":"Point","coordinates":[1.86571,45.07273]}},{"type":"Feature","properties":{"nom":"Le Viallard","genre":"hamlet","rang":4,"pop":null},"geometry":{"type":"Point","coordinates":[1.86656,45.05316]}},{"type":"Feature","properties":{"nom":"La Farge","genre":"hamlet","rang":4,"pop":null},"geometry":{"type":"Point","coordinates":[1.87004,45.06465]}},{"type":"Feature","properties":{"nom":"Le Laurent","genre":"hamlet","rang":4,"pop":null},"geometry":{"type":"Point","coordinates":[1.73068,44.9858]}},{"type":"Feature","properties":{"nom":"Bourzoles","genre":"hamlet","rang":4,"pop":null},"geometry":{"type":"Point","coordinates":[1.67312,44.98529]}},{"type":"Feature","properties":{"nom":"Laborie","genre":"hamlet","rang":4,"pop":null},"geometry":{"type":"Point","coordinates":[1.66856,44.99499]}},{"type":"Feature","properties":{"nom":"Pont Neuf","genre":"hamlet","rang":4,"pop":null},"geometry":{"type":"Point","coordinates":[1.66411,44.98535]}},{"type":"Feature","properties":{"nom":"Malacoste","genre":"hamlet","rang":4,"pop":null},"geometry":{"type":"Point","coordinates":[1.62433,45.0033]}},{"type":"Feature","properties":{"nom":"Maurioles","genre":"hamlet","rang":4,"pop":null},"geometry":{"type":"Point","coordinates":[1.62139,44.99585]}},{"type":"Feature","properties":{"nom":"Aubiac","genre":"hamlet","rang":4,"pop":null},"geometry":{"type":"Point","coordinates":[1.64776,45.00651]}},{"type":"Feature","properties":{"nom":"Auriol","genre":"hamlet","rang":4,"pop":null},"geometry":{"type":"Point","coordinates":[1.65685,45.00394]}},{"type":"Feature","properties":{"nom":"Bardot","genre":"hamlet","rang":4,"pop":null},"geometry":{"type":"Point","coordinates":[1.6514,45.00059]}},{"type":"Feature","properties":{"nom":"La Gane","genre":"hamlet","rang":4,"pop":null},"geometry":{"type":"Point","coordinates":[1.65004,45.01103]}},{"type":"Feature","properties":{"nom":"Le Bayle","genre":"hamlet","rang":4,"pop":null},"geometry":{"type":"Point","coordinates":[1.66595,45.00645]}},{"type":"Feature","properties":{"nom":"Le Duc","genre":"hamlet","rang":4,"pop":null},"geometry":{"type":"Point","coordinates":[1.6597,45.01183]}},{"type":"Feature","properties":{"nom":"Pelissié","genre":"hamlet","rang":4,"pop":null},"geometry":{"type":"Point","coordinates":[1.65516,45.01015]}},{"type":"Feature","properties":{"nom":"La Plagne","genre":"hamlet","rang":4,"pop":null},"geometry":{"type":"Point","coordinates":[1.74909,44.95412]}},{"type":"Feature","properties":{"nom":"Le Temple","genre":"hamlet","rang":4,"pop":null},"geometry":{"type":"Point","coordinates":[1.91564,45.0485]}},{"type":"Feature","properties":{"nom":"Vaurette","genre":"hamlet","rang":4,"pop":null},"geometry":{"type":"Point","coordinates":[1.88194,45.04698]}},{"type":"Feature","properties":{"nom":"Vergnolles","genre":"hamlet","rang":4,"pop":null},"geometry":{"type":"Point","coordinates":[1.92068,45.06309]}},{"type":"Feature","properties":{"nom":"Brousse","genre":"hamlet","rang":4,"pop":null},"geometry":{"type":"Point","coordinates":[1.63187,45.08929]}},{"type":"Feature","properties":{"nom":"La Farge","genre":"hamlet","rang":4,"pop":null},"geometry":{"type":"Point","coordinates":[1.61657,45.07495]}},{"type":"Feature","properties":{"nom":"Le Rodarel","genre":"hamlet","rang":4,"pop":null},"geometry":{"type":"Point","coordinates":[1.76376,45.27788]}},{"type":"Feature","properties":{"nom":"Le Poujol","genre":"hamlet","rang":4,"pop":null},"geometry":{"type":"Point","coordinates":[1.58378,45.26392]}},{"type":"Feature","properties":{"nom":"Le Roux","genre":"hamlet","rang":4,"pop":null},"geometry":{"type":"Point","coordinates":[1.89988,45.15678]}},{"type":"Feature","properties":{"nom":"Plos","genre":"hamlet","rang":4,"pop":null},"geometry":{"type":"Point","coordinates":[1.88043,45.16428]}},{"type":"Feature","properties":{"nom":"Soult","genre":"hamlet","rang":4,"pop":null},"geometry":{"type":"Point","coordinates":[1.89088,45.16085]}},{"type":"Feature","properties":{"nom":"Coulié","genre":"hamlet","rang":4,"pop":null},"geometry":{"type":"Point","coordinates":[1.57525,45.25002]}},{"type":"Feature","properties":{"nom":"La Sourderie","genre":"hamlet","rang":4,"pop":null},"geometry":{"type":"Point","coordinates":[1.58174,45.25842]}},{"type":"Feature","properties":{"nom":"La Vacherie Basse","genre":"hamlet","rang":4,"pop":null},"geometry":{"type":"Point","coordinates":[1.58918,45.25341]}},{"type":"Feature","properties":{"nom":"Larmandie","genre":"hamlet","rang":4,"pop":null},"geometry":{"type":"Point","coordinates":[1.5863,45.24885]}},{"type":"Feature","properties":{"nom":"Lauvinerie","genre":"hamlet","rang":4,"pop":null},"geometry":{"type":"Point","coordinates":[1.57866,45.25458]}},{"type":"Feature","properties":{"nom":"Moussours","genre":"hamlet","rang":4,"pop":null},"geometry":{"type":"Point","coordinates":[1.59827,45.24936]}},{"type":"Feature","properties":{"nom":"La Gardelle","genre":"hamlet","rang":4,"pop":null},"geometry":{"type":"Point","coordinates":[1.58905,45.09338]}},{"type":"Feature","properties":{"nom":"La Rougerie","genre":"hamlet","rang":4,"pop":null},"geometry":{"type":"Point","coordinates":[1.60038,45.08051]}},{"type":"Feature","properties":{"nom":"Puy Boubou","genre":"hamlet","rang":4,"pop":null},"geometry":{"type":"Point","coordinates":[1.64062,45.06773]}},{"type":"Feature","properties":{"nom":"Antignac","genre":"hamlet","rang":4,"pop":null},"geometry":{"type":"Point","coordinates":[1.70707,45.08131]}},{"type":"Feature","properties":{"nom":"Cheyssiol","genre":"hamlet","rang":4,"pop":null},"geometry":{"type":"Point","coordinates":[1.69148,45.06308]}},{"type":"Feature","properties":{"nom":"Fouilloux","genre":"hamlet","rang":4,"pop":null},"geometry":{"type":"Point","coordinates":[1.7078,45.09462]}},{"type":"Feature","properties":{"nom":"Ganette","genre":"hamlet","rang":4,"pop":null},"geometry":{"type":"Point","coordinates":[1.82263,45.22205]}},{"type":"Feature","properties":{"nom":"Le Jourdanet Bas","genre":"hamlet","rang":4,"pop":null},"geometry":{"type":"Point","coordinates":[1.82488,45.22367]}},{"type":"Feature","properties":{"nom":"Jaleix","genre":"hamlet","rang":4,"pop":null},"geometry":{"type":"Point","coordinates":[1.83011,45.22274]}},{"type":"Feature","properties":{"nom":"Le Jourdanet Haut","genre":"hamlet","rang":4,"pop":null},"geometry":{"type":"Point","coordinates":[1.82535,45.22519]}},{"type":"Feature","properties":{"nom":"Le Farvalas","genre":"hamlet","rang":4,"pop":null},"geometry":{"type":"Point","coordinates":[1.82421,45.22382]}},{"type":"Feature","properties":{"nom":"Le Puy Dieu","genre":"hamlet","rang":4,"pop":null},"geometry":{"type":"Point","coordinates":[1.82605,45.23128]}},{"type":"Feature","properties":{"nom":"La Bédauche","genre":"hamlet","rang":4,"pop":null},"geometry":{"type":"Point","coordinates":[1.82734,45.22056]}},{"type":"Feature","properties":{"nom":"Le Puy Dieu","genre":"hamlet","rang":4,"pop":null},"geometry":{"type":"Point","coordinates":[1.82379,45.22931]}},{"type":"Feature","properties":{"nom":"Le Cirégeol","genre":"hamlet","rang":4,"pop":null},"geometry":{"type":"Point","coordinates":[1.82503,45.22811]}},{"type":"Feature","properties":{"nom":"Les Combes Hautes","genre":"hamlet","rang":4,"pop":null},"geometry":{"type":"Point","coordinates":[1.82749,45.22939]}},{"type":"Feature","properties":{"nom":"Le Chemin Grand","genre":"hamlet","rang":4,"pop":null},"geometry":{"type":"Point","coordinates":[1.82626,45.22305]}},{"type":"Feature","properties":{"nom":"Le Bourg","genre":"hamlet","rang":4,"pop":null},"geometry":{"type":"Point","coordinates":[1.83526,45.23102]}},{"type":"Feature","properties":{"nom":"Les Plaines","genre":"hamlet","rang":4,"pop":null},"geometry":{"type":"Point","coordinates":[1.82547,45.20958]}},{"type":"Feature","properties":{"nom":"Le Bois de Breuil","genre":"hamlet","rang":4,"pop":null},"geometry":{"type":"Point","coordinates":[1.82698,45.20592]}},{"type":"Feature","properties":{"nom":"Le Bois de Jalais","genre":"hamlet","rang":4,"pop":null},"geometry":{"type":"Point","coordinates":[1.82747,45.2143]}},{"type":"Feature","properties":{"nom":"Ganette","genre":"hamlet","rang":4,"pop":null},"geometry":{"type":"Point","coordinates":[1.81719,45.22212]}},{"type":"Feature","properties":{"nom":"Saulières","genre":"hamlet","rang":4,"pop":null},"geometry":{"type":"Point","coordinates":[1.90618,45.05506]}},{"type":"Feature","properties":{"nom":"Le Chambon","genre":"hamlet","rang":4,"pop":null},"geometry":{"type":"Point","coordinates":[1.92857,45.07733]}},{"type":"Feature","properties":{"nom":"Chanleppes","genre":"hamlet","rang":4,"pop":null},"geometry":{"type":"Point","coordinates":[1.62634,45.26723]}},{"type":"Feature","properties":{"nom":"Le Peuch","genre":"hamlet","rang":4,"pop":null},"geometry":{"type":"Point","coordinates":[1.6205,45.26443]}},{"type":"Feature","properties":{"nom":"Le Chambon","genre":"hamlet","rang":4,"pop":null},"geometry":{"type":"Point","coordinates":[1.63239,45.26963]}},{"type":"Feature","properties":{"nom":"Le Bois Roux","genre":"hamlet","rang":4,"pop":null},"geometry":{"type":"Point","coordinates":[1.89835,45.17806]}},{"type":"Feature","properties":{"nom":"Puymerle","genre":"hamlet","rang":4,"pop":null},"geometry":{"type":"Point","coordinates":[1.77365,44.95071]}},{"type":"Feature","properties":{"nom":"La Croix d'Eure","genre":"hamlet","rang":4,"pop":null},"geometry":{"type":"Point","coordinates":[1.76459,45.22644]}},{"type":"Feature","properties":{"nom":"La Vialle","genre":"hamlet","rang":4,"pop":null},"geometry":{"type":"Point","coordinates":[1.78034,45.22334]}},{"type":"Feature","properties":{"nom":"Le Mons","genre":"hamlet","rang":4,"pop":null},"geometry":{"type":"Point","coordinates":[1.78422,45.22275]}},{"type":"Feature","properties":{"nom":"Peyrelade","genre":"hamlet","rang":4,"pop":null},"geometry":{"type":"Point","coordinates":[1.77657,45.21328]}},{"type":"Feature","properties":{"nom":"Pierrefitte","genre":"hamlet","rang":4,"pop":null},"geometry":{"type":"Point","coordinates":[1.88343,45.19797]}},{"type":"Feature","properties":{"nom":"Le Peuch","genre":"hamlet","rang":4,"pop":null},"geometry":{"type":"Point","coordinates":[1.87649,45.18603]}},{"type":"Feature","properties":{"nom":"La Chapelle des Deux Égaux","genre":"hamlet","rang":4,"pop":null},"geometry":{"type":"Point","coordinates":[1.90701,45.16771]}},{"type":"Feature","properties":{"nom":"Chataur le Vieux","genre":"hamlet","rang":4,"pop":null},"geometry":{"type":"Point","coordinates":[1.90971,45.21251]}},{"type":"Feature","properties":{"nom":"Les Bergeronnes","genre":"hamlet","rang":4,"pop":null},"geometry":{"type":"Point","coordinates":[1.48448,45.20349]}},{"type":"Feature","properties":{"nom":"Magnac Haut","genre":"hamlet","rang":4,"pop":null},"geometry":{"type":"Point","coordinates":[1.50159,45.2068]}},{"type":"Feature","properties":{"nom":"Combejean","genre":"hamlet","rang":4,"pop":null},"geometry":{"type":"Point","coordinates":[1.87756,45.07071]}},{"type":"Feature","properties":{"nom":"Le Grolier","genre":"hamlet","rang":4,"pop":null},"geometry":{"type":"Point","coordinates":[1.8565,45.05991]}},{"type":"Feature","properties":{"nom":"Les Dames","genre":"hamlet","rang":4,"pop":null},"geometry":{"type":"Point","coordinates":[1.85268,45.06291]}},{"type":"Feature","properties":{"nom":"La Souvigne","genre":"hamlet","rang":4,"pop":null},"geometry":{"type":"Point","coordinates":[1.92634,45.08959]}},{"type":"Feature","properties":{"nom":"Champ","genre":"hamlet","rang":4,"pop":null},"geometry":{"type":"Point","coordinates":[1.52664,45.13008]}},{"type":"Feature","properties":{"nom":"Graulière","genre":"hamlet","rang":4,"pop":null},"geometry":{"type":"Point","coordinates":[1.57297,45.14673]}},{"type":"Feature","properties":{"nom":"Ligniroux","genre":"hamlet","rang":4,"pop":null},"geometry":{"type":"Point","coordinates":[1.52379,45.118]}},{"type":"Feature","properties":{"nom":"Bellet","genre":"hamlet","rang":4,"pop":null},"geometry":{"type":"Point","coordinates":[1.55332,45.11692]}},{"type":"Feature","properties":{"nom":"Galop","genre":"hamlet","rang":4,"pop":null},"geometry":{"type":"Point","coordinates":[1.55597,45.13283]}},{"type":"Feature","properties":{"nom":"Jouannes","genre":"hamlet","rang":4,"pop":null},"geometry":{"type":"Point","coordinates":[1.58614,45.01953]}},{"type":"Feature","properties":{"nom":"Le Vialard","genre":"hamlet","rang":4,"pop":null},"geometry":{"type":"Point","coordinates":[1.60722,45.1248]}},{"type":"Feature","properties":{"nom":"Siorat","genre":"hamlet","rang":4,"pop":null},"geometry":{"type":"Point","coordinates":[1.50329,45.12946]}},{"type":"Feature","properties":{"nom":"Langlade","genre":"hamlet","rang":4,"pop":null},"geometry":{"type":"Point","coordinates":[1.4724,45.13479]}},{"type":"Feature","properties":{"nom":"Le Rieux","genre":"hamlet","rang":4,"pop":null},"geometry":{"type":"Point","coordinates":[1.47264,45.1958]}},{"type":"Feature","properties":{"nom":"Crochet","genre":"hamlet","rang":4,"pop":null},"geometry":{"type":"Point","coordinates":[1.48761,45.092]}},{"type":"Feature","properties":{"nom":"Le Chauzanel","genre":"hamlet","rang":4,"pop":null},"geometry":{"type":"Point","coordinates":[1.48502,45.10356]}},{"type":"Feature","properties":{"nom":"Claredent","genre":"hamlet","rang":4,"pop":null},"geometry":{"type":"Point","coordinates":[1.6204,45.17251]}},{"type":"Feature","properties":{"nom":"Saint-Antoine-les-Plantades","genre":"hamlet","rang":4,"pop":null},"geometry":{"type":"Point","coordinates":[1.54624,45.19719]}},{"type":"Feature","properties":{"nom":"Argaux","genre":"hamlet","rang":4,"pop":null},"geometry":{"type":"Point","coordinates":[1.58837,45.18999]}},{"type":"Feature","properties":{"nom":"Sicard","genre":"hamlet","rang":4,"pop":null},"geometry":{"type":"Point","coordinates":[1.59367,45.24009]}},{"type":"Feature","properties":{"nom":"Le Perrier","genre":"hamlet","rang":4,"pop":null},"geometry":{"type":"Point","coordinates":[1.60389,45.26203]}},{"type":"Feature","properties":{"nom":"Lagorce","genre":"hamlet","rang":4,"pop":null},"geometry":{"type":"Point","coordinates":[1.62605,45.32435]}},{"type":"Feature","properties":{"nom":"Villeyras","genre":"hamlet","rang":4,"pop":null},"geometry":{"type":"Point","coordinates":[1.63821,45.287]}},{"type":"Feature","properties":{"nom":"Charbonnel","genre":"hamlet","rang":4,"pop":null},"geometry":{"type":"Point","coordinates":[1.64293,45.33917]}},{"type":"Feature","properties":{"nom":"Berchat","genre":"hamlet","rang":4,"pop":null},"geometry":{"type":"Point","coordinates":[1.57213,45.20649]}},{"type":"Feature","properties":{"nom":"Laubeyrie","genre":"hamlet","rang":4,"pop":null},"geometry":{"type":"Point","coordinates":[1.55992,45.22842]}},{"type":"Feature","properties":{"nom":"Rebeyrotte","genre":"hamlet","rang":4,"pop":null},"geometry":{"type":"Point","coordinates":[1.56627,45.19563]}},{"type":"Feature","properties":{"nom":"Beyssac","genre":"hamlet","rang":4,"pop":null},"geometry":{"type":"Point","coordinates":[1.64414,44.99257]}},{"type":"Feature","properties":{"nom":"La Brunie","genre":"hamlet","rang":4,"pop":null},"geometry":{"type":"Point","coordinates":[1.72889,45.35037]}},{"type":"Feature","properties":{"nom":"Bussières","genre":"hamlet","rang":4,"pop":null},"geometry":{"type":"Point","coordinates":[1.812,45.24617]}},{"type":"Feature","properties":{"nom":"Le Moulin du Peuch","genre":"hamlet","rang":4,"pop":null},"geometry":{"type":"Point","coordinates":[1.60743,45.03689]}},{"type":"Feature","properties":{"nom":"Le Bourg","genre":"hamlet","rang":4,"pop":null},"geometry":{"type":"Point","coordinates":[1.76214,45.06169]}},{"type":"Feature","properties":{"nom":"A Daumard","genre":"hamlet","rang":4,"pop":null},"geometry":{"type":"Point","coordinates":[1.80652,45.20033]}},{"type":"Feature","properties":{"nom":"La Croisette","genre":"hamlet","rang":4,"pop":null},"geometry":{"type":"Point","coordinates":[1.80941,45.20213]}},{"type":"Feature","properties":{"nom":"La Boule Grande","genre":"hamlet","rang":4,"pop":null},"geometry":{"type":"Point","coordinates":[1.79906,45.18464]}},{"type":"Feature","properties":{"nom":"Lagraffouillère","genre":"hamlet","rang":4,"pop":null},"geometry":{"type":"Point","coordinates":[1.77776,45.10501]}},{"type":"Feature","properties":{"nom":"Puyjalon","genre":"hamlet","rang":4,"pop":null},"geometry":{"type":"Point","coordinates":[1.73717,45.02138]}},{"type":"Feature","properties":{"nom":"Le Doumèche","genre":"hamlet","rang":4,"pop":null},"geometry":{"type":"Point","coordinates":[1.81587,45.05754]}},{"type":"Feature","properties":{"nom":"Le Redon","genre":"hamlet","rang":4,"pop":null},"geometry":{"type":"Point","coordinates":[1.83545,45.05638]}},{"type":"Feature","properties":{"nom":"Le Trieux","genre":"hamlet","rang":4,"pop":null},"geometry":{"type":"Point","coordinates":[1.83389,45.05431]}},{"type":"Feature","properties":{"nom":"Le Moulinot","genre":"hamlet","rang":4,"pop":null},"geometry":{"type":"Point","coordinates":[1.84102,45.0398]}},{"type":"Feature","properties":{"nom":"Seruch","genre":"hamlet","rang":4,"pop":null},"geometry":{"type":"Point","coordinates":[1.7906,45.08335]}},{"type":"Feature","properties":{"nom":"Le Breuil","genre":"hamlet","rang":4,"pop":null},"geometry":{"type":"Point","coordinates":[1.76459,44.99246]}},{"type":"Feature","properties":{"nom":"Puy Del Treil","genre":"hamlet","rang":4,"pop":null},"geometry":{"type":"Point","coordinates":[1.7695,45.01311]}},{"type":"Feature","properties":{"nom":"La Brousse","genre":"hamlet","rang":4,"pop":null},"geometry":{"type":"Point","coordinates":[1.77122,45.01646]}},{"type":"Feature","properties":{"nom":"La Marquisie","genre":"hamlet","rang":4,"pop":null},"geometry":{"type":"Point","coordinates":[1.77955,45.00296]}},{"type":"Feature","properties":{"nom":"Teillet","genre":"hamlet","rang":4,"pop":null},"geometry":{"type":"Point","coordinates":[1.77822,45.00669]}},{"type":"Feature","properties":{"nom":"Tremouille","genre":"hamlet","rang":4,"pop":null},"geometry":{"type":"Point","coordinates":[1.82079,45.16668]}},{"type":"Feature","properties":{"nom":"Spinoux","genre":"hamlet","rang":4,"pop":null},"geometry":{"type":"Point","coordinates":[1.71918,45.25465]}},{"type":"Feature","properties":{"nom":"Leix","genre":"hamlet","rang":4,"pop":null},"geometry":{"type":"Point","coordinates":[1.76979,45.21385]}},{"type":"Feature","properties":{"nom":"La Grange Neuve","genre":"hamlet","rang":4,"pop":null},"geometry":{"type":"Point","coordinates":[1.77133,45.21149]}},{"type":"Feature","properties":{"nom":"Le Battut","genre":"hamlet","rang":4,"pop":null},"geometry":{"type":"Point","coordinates":[1.60129,45.14514]}},{"type":"Feature","properties":{"nom":"Bassaler","genre":"hamlet","rang":4,"pop":null},"geometry":{"type":"Point","coordinates":[1.74279,45.32271]}},{"type":"Feature","properties":{"nom":"Bach","genre":"hamlet","rang":4,"pop":null},"geometry":{"type":"Point","coordinates":[1.74744,45.32809]}},{"type":"Feature","properties":{"nom":"La Jarrige","genre":"hamlet","rang":4,"pop":null},"geometry":{"type":"Point","coordinates":[1.76706,45.30687]}},{"type":"Feature","properties":{"nom":"Moussours","genre":"hamlet","rang":4,"pop":null},"geometry":{"type":"Point","coordinates":[1.75028,45.30355]}},{"type":"Feature","properties":{"nom":"Les Horts","genre":"hamlet","rang":4,"pop":null},"geometry":{"type":"Point","coordinates":[1.73446,45.30638]}},{"type":"Feature","properties":{"nom":"La Borie","genre":"hamlet","rang":4,"pop":null},"geometry":{"type":"Point","coordinates":[1.72851,45.31105]}},{"type":"Feature","properties":{"nom":"Facherivière","genre":"hamlet","rang":4,"pop":null},"geometry":{"type":"Point","coordinates":[1.71815,45.30583]}},{"type":"Feature","properties":{"nom":"Port de Vaurs","genre":"hamlet","rang":4,"pop":null},"geometry":{"type":"Point","coordinates":[1.89362,45.04735]}},{"type":"Feature","properties":{"nom":"Peuchamiel","genre":"hamlet","rang":4,"pop":null},"geometry":{"type":"Point","coordinates":[1.769,45.12527]}},{"type":"Feature","properties":{"nom":"Cors","genre":"hamlet","rang":4,"pop":null},"geometry":{"type":"Point","coordinates":[1.75961,45.12348]}},{"type":"Feature","properties":{"nom":"Le Mons","genre":"hamlet","rang":4,"pop":null},"geometry":{"type":"Point","coordinates":[1.71186,45.21358]}},{"type":"Feature","properties":{"nom":"Murat Bas","genre":"hamlet","rang":4,"pop":null},"geometry":{"type":"Point","coordinates":[1.72294,45.22609]}},{"type":"Feature","properties":{"nom":"Habilis","genre":"hamlet","rang":4,"pop":null},"geometry":{"type":"Point","coordinates":[1.85618,45.18807]}},{"type":"Feature","properties":{"nom":"Marc le Vieux","genre":"hamlet","rang":4,"pop":null},"geometry":{"type":"Point","coordinates":[1.86222,45.19007]}},{"type":"Feature","properties":{"nom":"La Serre","genre":"hamlet","rang":4,"pop":null},"geometry":{"type":"Point","coordinates":[1.87173,45.17511]}},{"type":"Feature","properties":{"nom":"Puy Leix","genre":"hamlet","rang":4,"pop":null},"geometry":{"type":"Point","coordinates":[1.39265,45.20133]}},{"type":"Feature","properties":{"nom":"Le Coudert Bas","genre":"hamlet","rang":4,"pop":null},"geometry":{"type":"Point","coordinates":[1.89679,45.15149]}},{"type":"Feature","properties":{"nom":"Le Coudert Haut","genre":"hamlet","rang":4,"pop":null},"geometry":{"type":"Point","coordinates":[1.90004,45.15294]}},{"type":"Feature","properties":{"nom":"Bauvière","genre":"hamlet","rang":4,"pop":null},"geometry":{"type":"Point","coordinates":[1.74687,44.98664]}},{"type":"Feature","properties":{"nom":"Les Chataîniers","genre":"hamlet","rang":4,"pop":null},"geometry":{"type":"Point","coordinates":[1.76893,45.06814]}},{"type":"Feature","properties":{"nom":"Le Peuch","genre":"hamlet","rang":4,"pop":null},"geometry":{"type":"Point","coordinates":[1.77757,45.06779]}},{"type":"Feature","properties":{"nom":"La Rivière","genre":"hamlet","rang":4,"pop":null},"geometry":{"type":"Point","coordinates":[1.90628,45.23702]}},{"type":"Feature","properties":{"nom":"Lescurotte","genre":"hamlet","rang":4,"pop":null},"geometry":{"type":"Point","coordinates":[1.86918,45.18152]}},{"type":"Feature","properties":{"nom":"Cissac","genre":"hamlet","rang":4,"pop":null},"geometry":{"type":"Point","coordinates":[1.8842,45.18318]}},{"type":"Feature","properties":{"nom":"La Plaine","genre":"hamlet","rang":4,"pop":null},"geometry":{"type":"Point","coordinates":[1.89323,45.18514]}},{"type":"Feature","properties":{"nom":"Les Villas","genre":"hamlet","rang":4,"pop":null},"geometry":{"type":"Point","coordinates":[1.87526,45.17153]}},{"type":"Feature","properties":{"nom":"Chammard","genre":"hamlet","rang":4,"pop":null},"geometry":{"type":"Point","coordinates":[1.86867,45.16742]}},{"type":"Feature","properties":{"nom":"Bousseyroux","genre":"hamlet","rang":4,"pop":null},"geometry":{"type":"Point","coordinates":[1.90332,45.18288]}},{"type":"Feature","properties":{"nom":"Les Places","genre":"hamlet","rang":4,"pop":null},"geometry":{"type":"Point","coordinates":[1.90342,45.17832]}},{"type":"Feature","properties":{"nom":"Vigneronde","genre":"hamlet","rang":4,"pop":null},"geometry":{"type":"Point","coordinates":[1.89871,45.18855]}},{"type":"Feature","properties":{"nom":"Croussac","genre":"hamlet","rang":4,"pop":null},"geometry":{"type":"Point","coordinates":[1.79852,45.35055]}},{"type":"Feature","properties":{"nom":"Chenassolle","genre":"hamlet","rang":4,"pop":null},"geometry":{"type":"Point","coordinates":[1.42243,45.20141]}},{"type":"Feature","properties":{"nom":"La Borderie","genre":"hamlet","rang":4,"pop":null},"geometry":{"type":"Point","coordinates":[1.41374,45.20259]}},{"type":"Feature","properties":{"nom":"Escuroux","genre":"hamlet","rang":4,"pop":null},"geometry":{"type":"Point","coordinates":[1.4197,45.18595]}},{"type":"Feature","properties":{"nom":"Le Four","genre":"hamlet","rang":4,"pop":null},"geometry":{"type":"Point","coordinates":[1.44145,45.18151]}},{"type":"Feature","properties":{"nom":"Le Temple","genre":"hamlet","rang":4,"pop":null},"geometry":{"type":"Point","coordinates":[1.45828,45.17655]}},{"type":"Feature","properties":{"nom":"Le Baslier","genre":"hamlet","rang":4,"pop":null},"geometry":{"type":"Point","coordinates":[1.86627,45.15619]}},{"type":"Feature","properties":{"nom":"Masquet Haut","genre":"hamlet","rang":4,"pop":null},"geometry":{"type":"Point","coordinates":[1.84666,45.16865]}},{"type":"Feature","properties":{"nom":"Brugier","genre":"hamlet","rang":4,"pop":null},"geometry":{"type":"Point","coordinates":[1.86288,45.16929]}},{"type":"Feature","properties":{"nom":"Freyssinge","genre":"hamlet","rang":4,"pop":null},"geometry":{"type":"Point","coordinates":[1.84846,45.1627]}},{"type":"Feature","properties":{"nom":"Chastre","genre":"hamlet","rang":4,"pop":null},"geometry":{"type":"Point","coordinates":[1.85462,45.15298]}},{"type":"Feature","properties":{"nom":"Masquet Bas","genre":"hamlet","rang":4,"pop":null},"geometry":{"type":"Point","coordinates":[1.86526,45.15252]}},{"type":"Feature","properties":{"nom":"Les Pradeaux","genre":"hamlet","rang":4,"pop":null},"geometry":{"type":"Point","coordinates":[1.87258,45.15138]}},{"type":"Feature","properties":{"nom":"Croze Combe","genre":"hamlet","rang":4,"pop":null},"geometry":{"type":"Point","coordinates":[1.87382,45.14894]}},{"type":"Feature","properties":{"nom":"L'Etrange","genre":"hamlet","rang":4,"pop":null},"geometry":{"type":"Point","coordinates":[1.87753,45.14688]}},{"type":"Feature","properties":{"nom":"Grand Champ","genre":"hamlet","rang":4,"pop":null},"geometry":{"type":"Point","coordinates":[1.86923,45.1466]}},{"type":"Feature","properties":{"nom":"Le Puy Redon","genre":"hamlet","rang":4,"pop":null},"geometry":{"type":"Point","coordinates":[1.87298,45.14164]}},{"type":"Feature","properties":{"nom":"La Combette","genre":"hamlet","rang":4,"pop":null},"geometry":{"type":"Point","coordinates":[1.87483,45.13992]}},{"type":"Feature","properties":{"nom":"La Bassonie","genre":"hamlet","rang":4,"pop":null},"geometry":{"type":"Point","coordinates":[1.87589,45.13837]}},{"type":"Feature","properties":{"nom":"Gimelle","genre":"hamlet","rang":4,"pop":null},"geometry":{"type":"Point","coordinates":[1.88695,45.1454]}},{"type":"Feature","properties":{"nom":"Espargilière","genre":"hamlet","rang":4,"pop":null},"geometry":{"type":"Point","coordinates":[1.88173,45.1531]}},{"type":"Feature","properties":{"nom":"Béchefage","genre":"hamlet","rang":4,"pop":null},"geometry":{"type":"Point","coordinates":[1.87415,45.15999]}},{"type":"Feature","properties":{"nom":"Vialette","genre":"hamlet","rang":4,"pop":null},"geometry":{"type":"Point","coordinates":[1.86259,45.16223]}},{"type":"Feature","properties":{"nom":"Mus","genre":"hamlet","rang":4,"pop":null},"geometry":{"type":"Point","coordinates":[1.85311,45.16511]}},{"type":"Feature","properties":{"nom":"La Borie","genre":"hamlet","rang":4,"pop":null},"geometry":{"type":"Point","coordinates":[1.82885,45.18007]}},{"type":"Feature","properties":{"nom":"L'Estagerie","genre":"hamlet","rang":4,"pop":null},"geometry":{"type":"Point","coordinates":[1.83822,45.1699]}},{"type":"Feature","properties":{"nom":"La Charrière","genre":"hamlet","rang":4,"pop":null},"geometry":{"type":"Point","coordinates":[1.83668,45.1763]}},{"type":"Feature","properties":{"nom":"La Pampoulie","genre":"hamlet","rang":4,"pop":null},"geometry":{"type":"Point","coordinates":[1.83155,45.17346]}},{"type":"Feature","properties":{"nom":"Crumeyrolles","genre":"hamlet","rang":4,"pop":null},"geometry":{"type":"Point","coordinates":[1.8267,45.17339]}},{"type":"Feature","properties":{"nom":"Chantarel","genre":"hamlet","rang":4,"pop":null},"geometry":{"type":"Point","coordinates":[1.78527,45.16124]}},{"type":"Feature","properties":{"nom":"Ceaux","genre":"hamlet","rang":4,"pop":null},"geometry":{"type":"Point","coordinates":[1.7885,45.17144]}},{"type":"Feature","properties":{"nom":"Ludier","genre":"hamlet","rang":4,"pop":null},"geometry":{"type":"Point","coordinates":[1.78054,45.18046]}},{"type":"Feature","properties":{"nom":"Bellevue","genre":"hamlet","rang":4,"pop":null},"geometry":{"type":"Point","coordinates":[1.81982,45.19829]}},{"type":"Feature","properties":{"nom":"Louradour","genre":"hamlet","rang":4,"pop":null},"geometry":{"type":"Point","coordinates":[1.82312,45.19868]}},{"type":"Feature","properties":{"nom":"Le Moulin de Chauzeix","genre":"hamlet","rang":4,"pop":null},"geometry":{"type":"Point","coordinates":[1.81414,45.20657]}},{"type":"Feature","properties":{"nom":"Chavelarbre","genre":"hamlet","rang":4,"pop":null},"geometry":{"type":"Point","coordinates":[1.82705,45.19472]}},{"type":"Feature","properties":{"nom":"Les Ormeaux","genre":"hamlet","rang":4,"pop":null},"geometry":{"type":"Point","coordinates":[1.82414,45.18638]}},{"type":"Feature","properties":{"nom":"La Méchaussie","genre":"hamlet","rang":4,"pop":null},"geometry":{"type":"Point","coordinates":[1.81332,45.18953]}},{"type":"Feature","properties":{"nom":"La Vicairie","genre":"hamlet","rang":4,"pop":null},"geometry":{"type":"Point","coordinates":[1.86822,45.30056]}},{"type":"Feature","properties":{"nom":"Vieillascaux","genre":"hamlet","rang":4,"pop":null},"geometry":{"type":"Point","coordinates":[1.88756,45.29888]}},{"type":"Feature","properties":{"nom":"Caux","genre":"hamlet","rang":4,"pop":null},"geometry":{"type":"Point","coordinates":[1.88998,45.30431]}},{"type":"Feature","properties":{"nom":"Le Moulin de Saint-Priest","genre":"hamlet","rang":4,"pop":null},"geometry":{"type":"Point","coordinates":[1.87838,45.3074]}},{"type":"Feature","properties":{"nom":"Le Mons","genre":"hamlet","rang":4,"pop":null},"geometry":{"type":"Point","coordinates":[1.88208,45.31568]}},{"type":"Feature","properties":{"nom":"L'Étang de Brach","genre":"hamlet","rang":4,"pop":null},"geometry":{"type":"Point","coordinates":[1.8776,45.32336]}},{"type":"Feature","properties":{"nom":"La Croix Rouge","genre":"hamlet","rang":4,"pop":null},"geometry":{"type":"Point","coordinates":[1.88524,45.32413]}},{"type":"Feature","properties":{"nom":"Pouymas Bas","genre":"hamlet","rang":4,"pop":null},"geometry":{"type":"Point","coordinates":[1.90896,45.30365]}},{"type":"Feature","properties":{"nom":"Pouymas Haut","genre":"hamlet","rang":4,"pop":null},"geometry":{"type":"Point","coordinates":[1.9205,45.29626]}},{"type":"Feature","properties":{"nom":"La Gare de Corrèze","genre":"hamlet","rang":4,"pop":null},"geometry":{"type":"Point","coordinates":[1.88009,45.33006]}},{"type":"Feature","properties":{"nom":"Les Alleux","genre":"hamlet","rang":4,"pop":null},"geometry":{"type":"Point","coordinates":[1.66562,45.27304]}},{"type":"Feature","properties":{"nom":"La Valade","genre":"hamlet","rang":4,"pop":null},"geometry":{"type":"Point","coordinates":[1.62126,45.25767]}},{"type":"Feature","properties":{"nom":"Aujol","genre":"hamlet","rang":4,"pop":null},"geometry":{"type":"Point","coordinates":[1.60947,45.2455]}},{"type":"Feature","properties":{"nom":"Champagnac","genre":"hamlet","rang":4,"pop":null},"geometry":{"type":"Point","coordinates":[1.65943,45.25145]}},{"type":"Feature","properties":{"nom":"Puy Long","genre":"hamlet","rang":4,"pop":null},"geometry":{"type":"Point","coordinates":[1.65656,45.25831]}},{"type":"Feature","properties":{"nom":"Le Mons","genre":"hamlet","rang":4,"pop":null},"geometry":{"type":"Point","coordinates":[1.62891,45.23687]}},{"type":"Feature","properties":{"nom":"La Combe","genre":"hamlet","rang":4,"pop":null},"geometry":{"type":"Point","coordinates":[1.61244,45.22576]}},{"type":"Feature","properties":{"nom":"Le Cros","genre":"hamlet","rang":4,"pop":null},"geometry":{"type":"Point","coordinates":[1.59348,45.22154]}},{"type":"Feature","properties":{"nom":"Goursat","genre":"hamlet","rang":4,"pop":null},"geometry":{"type":"Point","coordinates":[1.58334,45.22197]}},{"type":"Feature","properties":{"nom":"Moulin Haut","genre":"hamlet","rang":4,"pop":null},"geometry":{"type":"Point","coordinates":[1.59898,45.20988]}},{"type":"Feature","properties":{"nom":"Sauvagnac","genre":"hamlet","rang":4,"pop":null},"geometry":{"type":"Point","coordinates":[1.59187,45.19874]}},{"type":"Feature","properties":{"nom":"La Borie","genre":"hamlet","rang":4,"pop":null},"geometry":{"type":"Point","coordinates":[1.44578,45.32736]}},{"type":"Feature","properties":{"nom":"La Chapoulie","genre":"hamlet","rang":4,"pop":null},"geometry":{"type":"Point","coordinates":[1.44655,45.32113]}},{"type":"Feature","properties":{"nom":"Rouffignac","genre":"hamlet","rang":4,"pop":null},"geometry":{"type":"Point","coordinates":[1.43941,45.3199]}},{"type":"Feature","properties":{"nom":"La Croix du Merle","genre":"hamlet","rang":4,"pop":null},"geometry":{"type":"Point","coordinates":[1.44614,45.31333]}},{"type":"Feature","properties":{"nom":"Péage","genre":"hamlet","rang":4,"pop":null},"geometry":{"type":"Point","coordinates":[1.45644,45.32931]}},{"type":"Feature","properties":{"nom":"Pommier","genre":"hamlet","rang":4,"pop":null},"geometry":{"type":"Point","coordinates":[1.45809,45.31521]}},{"type":"Feature","properties":{"nom":"Mouloux","genre":"hamlet","rang":4,"pop":null},"geometry":{"type":"Point","coordinates":[1.45586,45.31339]}},{"type":"Feature","properties":{"nom":"La Vareille","genre":"hamlet","rang":4,"pop":null},"geometry":{"type":"Point","coordinates":[1.45752,45.31267]}},{"type":"Feature","properties":{"nom":"Roussely","genre":"hamlet","rang":4,"pop":null},"geometry":{"type":"Point","coordinates":[1.46325,45.33018]}},{"type":"Feature","properties":{"nom":"Frègemouche","genre":"hamlet","rang":4,"pop":null},"geometry":{"type":"Point","coordinates":[1.45791,45.33402]}},{"type":"Feature","properties":{"nom":"Le Roulet","genre":"hamlet","rang":4,"pop":null},"geometry":{"type":"Point","coordinates":[1.45014,45.33516]}},{"type":"Feature","properties":{"nom":"Le Monteil","genre":"hamlet","rang":4,"pop":null},"geometry":{"type":"Point","coordinates":[1.47066,45.33677]}},{"type":"Feature","properties":{"nom":"Le Theillet","genre":"hamlet","rang":4,"pop":null},"geometry":{"type":"Point","coordinates":[1.47937,45.33867]}},{"type":"Feature","properties":{"nom":"La Vaysse","genre":"hamlet","rang":4,"pop":null},"geometry":{"type":"Point","coordinates":[1.48054,45.33673]}},{"type":"Feature","properties":{"nom":"La Rivière","genre":"hamlet","rang":4,"pop":null},"geometry":{"type":"Point","coordinates":[1.48261,45.34096]}},{"type":"Feature","properties":{"nom":"Chadouzat","genre":"hamlet","rang":4,"pop":null},"geometry":{"type":"Point","coordinates":[1.47778,45.34197]}},{"type":"Feature","properties":{"nom":"La Combe Perouze","genre":"hamlet","rang":4,"pop":null},"geometry":{"type":"Point","coordinates":[1.47644,45.34631]}},{"type":"Feature","properties":{"nom":"Les Fombiardes","genre":"hamlet","rang":4,"pop":null},"geometry":{"type":"Point","coordinates":[1.47446,45.34886]}},{"type":"Feature","properties":{"nom":"Bressonneix","genre":"hamlet","rang":4,"pop":null},"geometry":{"type":"Point","coordinates":[1.48517,45.34981]}},{"type":"Feature","properties":{"nom":"Vaynas","genre":"hamlet","rang":4,"pop":null},"geometry":{"type":"Point","coordinates":[1.48674,45.34549]}},{"type":"Feature","properties":{"nom":"Freyssingeas","genre":"hamlet","rang":4,"pop":null},"geometry":{"type":"Point","coordinates":[1.45827,45.34931]}},{"type":"Feature","properties":{"nom":"Masmalet","genre":"hamlet","rang":4,"pop":null},"geometry":{"type":"Point","coordinates":[1.45573,45.34545]}},{"type":"Feature","properties":{"nom":"Les Vergnes","genre":"hamlet","rang":4,"pop":null},"geometry":{"type":"Point","coordinates":[1.49087,45.31406]}},{"type":"Feature","properties":{"nom":"Le Mons","genre":"hamlet","rang":4,"pop":null},"geometry":{"type":"Point","coordinates":[1.49362,45.3072]}},{"type":"Feature","properties":{"nom":"Bounaix","genre":"hamlet","rang":4,"pop":null},"geometry":{"type":"Point","coordinates":[1.49008,45.30564]}},{"type":"Feature","properties":{"nom":"Le Puy","genre":"hamlet","rang":4,"pop":null},"geometry":{"type":"Point","coordinates":[1.49222,45.29713]}},{"type":"Feature","properties":{"nom":"Les Placeux","genre":"hamlet","rang":4,"pop":null},"geometry":{"type":"Point","coordinates":[1.49096,45.29301]}},{"type":"Feature","properties":{"nom":"Pouch","genre":"hamlet","rang":4,"pop":null},"geometry":{"type":"Point","coordinates":[1.47739,45.30119]}},{"type":"Feature","properties":{"nom":"Le Pilou","genre":"hamlet","rang":4,"pop":null},"geometry":{"type":"Point","coordinates":[1.50077,45.30044]}},{"type":"Feature","properties":{"nom":"Les Réjaudoux","genre":"hamlet","rang":4,"pop":null},"geometry":{"type":"Point","coordinates":[1.50894,45.30323]}},{"type":"Feature","properties":{"nom":"Cessac Haut","genre":"hamlet","rang":4,"pop":null},"geometry":{"type":"Point","coordinates":[1.50973,45.31266]}},{"type":"Feature","properties":{"nom":"Les Chariots","genre":"hamlet","rang":4,"pop":null},"geometry":{"type":"Point","coordinates":[1.4909,45.3198]}},{"type":"Feature","properties":{"nom":"Chatras","genre":"hamlet","rang":4,"pop":null},"geometry":{"type":"Point","coordinates":[1.48628,45.32813]}},{"type":"Feature","properties":{"nom":"La Barrière","genre":"hamlet","rang":4,"pop":null},"geometry":{"type":"Point","coordinates":[1.50696,45.33948]}},{"type":"Feature","properties":{"nom":"Le Mas","genre":"hamlet","rang":4,"pop":null},"geometry":{"type":"Point","coordinates":[1.51303,45.34344]}},{"type":"Feature","properties":{"nom":"La Garédie","genre":"hamlet","rang":4,"pop":null},"geometry":{"type":"Point","coordinates":[1.42317,45.33421]}},{"type":"Feature","properties":{"nom":"Le Renardin","genre":"hamlet","rang":4,"pop":null},"geometry":{"type":"Point","coordinates":[1.42624,45.33168]}},{"type":"Feature","properties":{"nom":"Le Bois de Pény","genre":"hamlet","rang":4,"pop":null},"geometry":{"type":"Point","coordinates":[1.42518,45.32965]}},{"type":"Feature","properties":{"nom":"La Chassine","genre":"hamlet","rang":4,"pop":null},"geometry":{"type":"Point","coordinates":[1.41108,45.33445]}},{"type":"Feature","properties":{"nom":"La Beaugélie","genre":"hamlet","rang":4,"pop":null},"geometry":{"type":"Point","coordinates":[1.41244,45.33274]}},{"type":"Feature","properties":{"nom":"La Bénéchie","genre":"hamlet","rang":4,"pop":null},"geometry":{"type":"Point","coordinates":[1.41429,45.33034]}},{"type":"Feature","properties":{"nom":"La Porcherie","genre":"hamlet","rang":4,"pop":null},"geometry":{"type":"Point","coordinates":[1.41239,45.32735]}},{"type":"Feature","properties":{"nom":"Priézac","genre":"hamlet","rang":4,"pop":null},"geometry":{"type":"Point","coordinates":[1.40314,45.32008]}},{"type":"Feature","properties":{"nom":"Sarget","genre":"hamlet","rang":4,"pop":null},"geometry":{"type":"Point","coordinates":[1.39927,45.32344]}},{"type":"Feature","properties":{"nom":"Lardalier","genre":"hamlet","rang":4,"pop":null},"geometry":{"type":"Point","coordinates":[1.39523,45.32002]}},{"type":"Feature","properties":{"nom":"Le Colombier","genre":"hamlet","rang":4,"pop":null},"geometry":{"type":"Point","coordinates":[1.39168,45.32086]}},{"type":"Feature","properties":{"nom":"La Croix","genre":"hamlet","rang":4,"pop":null},"geometry":{"type":"Point","coordinates":[1.38942,45.32327]}},{"type":"Feature","properties":{"nom":"Le Monteil","genre":"hamlet","rang":4,"pop":null},"geometry":{"type":"Point","coordinates":[1.39253,45.32531]}},{"type":"Feature","properties":{"nom":"Les Planches","genre":"hamlet","rang":4,"pop":null},"geometry":{"type":"Point","coordinates":[1.39266,45.32865]}},{"type":"Feature","properties":{"nom":"Les Combes","genre":"hamlet","rang":4,"pop":null},"geometry":{"type":"Point","coordinates":[1.38889,45.33013]}},{"type":"Feature","properties":{"nom":"Le Vialat","genre":"hamlet","rang":4,"pop":null},"geometry":{"type":"Point","coordinates":[1.38638,45.32963]}},{"type":"Feature","properties":{"nom":"Le Mégeix","genre":"hamlet","rang":4,"pop":null},"geometry":{"type":"Point","coordinates":[1.3888,45.33398]}},{"type":"Feature","properties":{"nom":"Le Coulaudou","genre":"hamlet","rang":4,"pop":null},"geometry":{"type":"Point","coordinates":[1.39512,45.33494]}},{"type":"Feature","properties":{"nom":"Les Martinèches","genre":"hamlet","rang":4,"pop":null},"geometry":{"type":"Point","coordinates":[1.39256,45.33565]}},{"type":"Feature","properties":{"nom":"Bois d'Arial","genre":"hamlet","rang":4,"pop":null},"geometry":{"type":"Point","coordinates":[1.39514,45.33727]}},{"type":"Feature","properties":{"nom":"Le Bert","genre":"hamlet","rang":4,"pop":null},"geometry":{"type":"Point","coordinates":[1.39879,45.34274]}},{"type":"Feature","properties":{"nom":"Les Reclaux de Bert","genre":"hamlet","rang":4,"pop":null},"geometry":{"type":"Point","coordinates":[1.40257,45.34326]}},{"type":"Feature","properties":{"nom":"La Sudrie","genre":"hamlet","rang":4,"pop":null},"geometry":{"type":"Point","coordinates":[1.39392,45.34879]}},{"type":"Feature","properties":{"nom":"Le Caillou","genre":"hamlet","rang":4,"pop":null},"geometry":{"type":"Point","coordinates":[1.39939,45.34968]}},{"type":"Feature","properties":{"nom":"Las Gauillas","genre":"hamlet","rang":4,"pop":null},"geometry":{"type":"Point","coordinates":[1.39478,45.34993]}},{"type":"Feature","properties":{"nom":"La Vacherie","genre":"hamlet","rang":4,"pop":null},"geometry":{"type":"Point","coordinates":[1.39744,45.34625]}},{"type":"Feature","properties":{"nom":"Mailhac","genre":"hamlet","rang":4,"pop":null},"geometry":{"type":"Point","coordinates":[1.37631,45.33512]}},{"type":"Feature","properties":{"nom":"Le Moulin de Vignols","genre":"hamlet","rang":4,"pop":null},"geometry":{"type":"Point","coordinates":[1.38211,45.32381]}},{"type":"Feature","properties":{"nom":"Les Carrirères","genre":"hamlet","rang":4,"pop":null},"geometry":{"type":"Point","coordinates":[1.38736,45.3239]}},{"type":"Feature","properties":{"nom":"La Peyrolie","genre":"hamlet","rang":4,"pop":null},"geometry":{"type":"Point","coordinates":[1.3878,45.30972]}},{"type":"Feature","properties":{"nom":"Les Chaumes","genre":"hamlet","rang":4,"pop":null},"geometry":{"type":"Point","coordinates":[1.39083,45.31596]}},{"type":"Feature","properties":{"nom":"Le Busson","genre":"hamlet","rang":4,"pop":null},"geometry":{"type":"Point","coordinates":[1.38157,45.29856]}},{"type":"Feature","properties":{"nom":"Le Coulaud","genre":"hamlet","rang":4,"pop":null},"geometry":{"type":"Point","coordinates":[1.39677,45.31562]}},{"type":"Feature","properties":{"nom":"Le Verdier","genre":"hamlet","rang":4,"pop":null},"geometry":{"type":"Point","coordinates":[1.4006,45.31633]}},{"type":"Feature","properties":{"nom":"La Perpédie","genre":"hamlet","rang":4,"pop":null},"geometry":{"type":"Point","coordinates":[1.41272,45.31263]}},{"type":"Feature","properties":{"nom":"Malaval","genre":"hamlet","rang":4,"pop":null},"geometry":{"type":"Point","coordinates":[1.40965,45.31152]}},{"type":"Feature","properties":{"nom":"Ceyrat","genre":"hamlet","rang":4,"pop":null},"geometry":{"type":"Point","coordinates":[1.41715,45.3034]}},{"type":"Feature","properties":{"nom":"Le Moulin Bas","genre":"hamlet","rang":4,"pop":null},"geometry":{"type":"Point","coordinates":[1.41399,45.29777]}},{"type":"Feature","properties":{"nom":"L'Espinasserie","genre":"hamlet","rang":4,"pop":null},"geometry":{"type":"Point","coordinates":[1.42468,45.29974]}},{"type":"Feature","properties":{"nom":"Mindigour","genre":"hamlet","rang":4,"pop":null},"geometry":{"type":"Point","coordinates":[1.42226,45.30012]}},{"type":"Feature","properties":{"nom":"La Monteille","genre":"hamlet","rang":4,"pop":null},"geometry":{"type":"Point","coordinates":[1.42943,45.29344]}},{"type":"Feature","properties":{"nom":"La Maison Neuve","genre":"hamlet","rang":4,"pop":null},"geometry":{"type":"Point","coordinates":[1.42854,45.2918]}},{"type":"Feature","properties":{"nom":"Fages","genre":"hamlet","rang":4,"pop":null},"geometry":{"type":"Point","coordinates":[1.42863,45.28797]}},{"type":"Feature","properties":{"nom":"Le Mas du Soir","genre":"hamlet","rang":4,"pop":null},"geometry":{"type":"Point","coordinates":[1.41148,45.29482]}},{"type":"Feature","properties":{"nom":"La Chapelle Salamard","genre":"hamlet","rang":4,"pop":null},"geometry":{"type":"Point","coordinates":[1.40101,45.29542]}},{"type":"Feature","properties":{"nom":"La Barrière","genre":"hamlet","rang":4,"pop":null},"geometry":{"type":"Point","coordinates":[1.40482,45.2979]}},{"type":"Feature","properties":{"nom":"Les Fraulières","genre":"hamlet","rang":4,"pop":null},"geometry":{"type":"Point","coordinates":[1.4005,45.30019]}},{"type":"Feature","properties":{"nom":"Bellevue","genre":"hamlet","rang":4,"pop":null},"geometry":{"type":"Point","coordinates":[1.40358,45.30422]}},{"type":"Feature","properties":{"nom":"Chaviolles","genre":"hamlet","rang":4,"pop":null},"geometry":{"type":"Point","coordinates":[1.86571,45.02248]}},{"type":"Feature","properties":{"nom":"Culagnes","genre":"hamlet","rang":4,"pop":null},"geometry":{"type":"Point","coordinates":[1.86394,45.03571]}},{"type":"Feature","properties":{"nom":"Cros","genre":"hamlet","rang":4,"pop":null},"geometry":{"type":"Point","coordinates":[1.38256,45.34453]}},{"type":"Feature","properties":{"nom":"La Tour","genre":"hamlet","rang":4,"pop":null},"geometry":{"type":"Point","coordinates":[1.36565,45.34195]}},{"type":"Feature","properties":{"nom":"Le Puy","genre":"hamlet","rang":4,"pop":null},"geometry":{"type":"Point","coordinates":[1.37141,45.34112]}},{"type":"Feature","properties":{"nom":"Bellevue","genre":"hamlet","rang":4,"pop":null},"geometry":{"type":"Point","coordinates":[1.365,45.3344]}},{"type":"Feature","properties":{"nom":"Le Chassaing","genre":"hamlet","rang":4,"pop":null},"geometry":{"type":"Point","coordinates":[1.36591,45.32168]}},{"type":"Feature","properties":{"nom":"La Sudrie","genre":"hamlet","rang":4,"pop":null},"geometry":{"type":"Point","coordinates":[1.62968,45.14994]}},{"type":"Feature","properties":{"nom":"Le Bos","genre":"hamlet","rang":4,"pop":null},"geometry":{"type":"Point","coordinates":[1.62004,45.15006]}},{"type":"Feature","properties":{"nom":"Pont du Cayre","genre":"hamlet","rang":4,"pop":null},"geometry":{"type":"Point","coordinates":[1.61347,45.15436]}},{"type":"Feature","properties":{"nom":"La Soleille","genre":"hamlet","rang":4,"pop":null},"geometry":{"type":"Point","coordinates":[1.64152,45.14687]}},{"type":"Feature","properties":{"nom":"Germane","genre":"hamlet","rang":4,"pop":null},"geometry":{"type":"Point","coordinates":[1.64387,45.14342]}},{"type":"Feature","properties":{"nom":"La Grange","genre":"hamlet","rang":4,"pop":null},"geometry":{"type":"Point","coordinates":[1.61951,45.13641]}},{"type":"Feature","properties":{"nom":"La Barrière","genre":"hamlet","rang":4,"pop":null},"geometry":{"type":"Point","coordinates":[1.76751,44.96301]}},{"type":"Feature","properties":{"nom":"La Pradel","genre":"hamlet","rang":4,"pop":null},"geometry":{"type":"Point","coordinates":[1.76351,44.96503]}},{"type":"Feature","properties":{"nom":"La Croix du Battut","genre":"hamlet","rang":4,"pop":null},"geometry":{"type":"Point","coordinates":[1.75883,44.9653]}},{"type":"Feature","properties":{"nom":"La Queyrille","genre":"hamlet","rang":4,"pop":null},"geometry":{"type":"Point","coordinates":[1.7766,44.965]}},{"type":"Feature","properties":{"nom":"Mombrial","genre":"hamlet","rang":4,"pop":null},"geometry":{"type":"Point","coordinates":[1.76455,44.96909]}},{"type":"Feature","properties":{"nom":"Les Goudeaux","genre":"hamlet","rang":4,"pop":null},"geometry":{"type":"Point","coordinates":[1.78378,44.96357]}},{"type":"Feature","properties":{"nom":"Mastral","genre":"hamlet","rang":4,"pop":null},"geometry":{"type":"Point","coordinates":[1.80284,44.96505]}},{"type":"Feature","properties":{"nom":"Faurie","genre":"hamlet","rang":4,"pop":null},"geometry":{"type":"Point","coordinates":[1.80828,44.96163]}},{"type":"Feature","properties":{"nom":"Saint-Pardoux","genre":"hamlet","rang":4,"pop":null},"geometry":{"type":"Point","coordinates":[1.89894,45.13827]}},{"type":"Feature","properties":{"nom":"Branchat","genre":"hamlet","rang":4,"pop":null},"geometry":{"type":"Point","coordinates":[1.90696,45.12841]}},{"type":"Feature","properties":{"nom":"L'Echaravel","genre":"hamlet","rang":4,"pop":null},"geometry":{"type":"Point","coordinates":[1.9206,45.13221]}},{"type":"Feature","properties":{"nom":"Le Laurent","genre":"hamlet","rang":4,"pop":null},"geometry":{"type":"Point","coordinates":[1.92048,45.12693]}},{"type":"Feature","properties":{"nom":"La Genevrière","genre":"hamlet","rang":4,"pop":null},"geometry":{"type":"Point","coordinates":[1.89673,45.11741]}},{"type":"Feature","properties":{"nom":"Malet","genre":"hamlet","rang":4,"pop":null},"geometry":{"type":"Point","coordinates":[1.88198,45.12968]}},{"type":"Feature","properties":{"nom":"Bourrier","genre":"hamlet","rang":4,"pop":null},"geometry":{"type":"Point","coordinates":[1.88262,45.12821]}},{"type":"Feature","properties":{"nom":"Le Mas","genre":"hamlet","rang":4,"pop":null},"geometry":{"type":"Point","coordinates":[1.87943,45.1352]}},{"type":"Feature","properties":{"nom":"Graffeuille","genre":"hamlet","rang":4,"pop":null},"geometry":{"type":"Point","coordinates":[1.92178,45.18105]}},{"type":"Feature","properties":{"nom":"Le Fraysse","genre":"hamlet","rang":4,"pop":null},"geometry":{"type":"Point","coordinates":[1.92467,45.17276]}},{"type":"Feature","properties":{"nom":"Bétaillole","genre":"hamlet","rang":4,"pop":null},"geometry":{"type":"Point","coordinates":[1.91321,45.17043]}},{"type":"Feature","properties":{"nom":"La Geneste","genre":"hamlet","rang":4,"pop":null},"geometry":{"type":"Point","coordinates":[1.73758,45.23092]}},{"type":"Feature","properties":{"nom":"Lachamp","genre":"hamlet","rang":4,"pop":null},"geometry":{"type":"Point","coordinates":[1.63824,45.26519]}},{"type":"Feature","properties":{"nom":"Combroux","genre":"hamlet","rang":4,"pop":null},"geometry":{"type":"Point","coordinates":[1.64701,45.26309]}},{"type":"Feature","properties":{"nom":"Le Remblai","genre":"hamlet","rang":4,"pop":null},"geometry":{"type":"Point","coordinates":[1.68224,45.27237]}},{"type":"Feature","properties":{"nom":"La Lignade","genre":"hamlet","rang":4,"pop":null},"geometry":{"type":"Point","coordinates":[1.70273,45.26832]}},{"type":"Feature","properties":{"nom":"Le Monteil","genre":"hamlet","rang":4,"pop":null},"geometry":{"type":"Point","coordinates":[1.51517,45.29015]}},{"type":"Feature","properties":{"nom":"La Vigne","genre":"hamlet","rang":4,"pop":null},"geometry":{"type":"Point","coordinates":[1.82201,45.32517]}},{"type":"Feature","properties":{"nom":"Charissou","genre":"hamlet","rang":4,"pop":null},"geometry":{"type":"Point","coordinates":[1.82275,45.31331]}},{"type":"Feature","properties":{"nom":"La Bitarelle","genre":"hamlet","rang":4,"pop":null},"geometry":{"type":"Point","coordinates":[1.83176,45.31607]}},{"type":"Feature","properties":{"nom":"La Maisonneuve","genre":"hamlet","rang":4,"pop":null},"geometry":{"type":"Point","coordinates":[1.84229,45.32048]}},{"type":"Feature","properties":{"nom":"Orliaguet","genre":"hamlet","rang":4,"pop":null},"geometry":{"type":"Point","coordinates":[1.83473,45.32138]}},{"type":"Feature","properties":{"nom":"Les Jordes","genre":"hamlet","rang":4,"pop":null},"geometry":{"type":"Point","coordinates":[1.82974,45.20181]}},{"type":"Feature","properties":{"nom":"Chataur le Jeune","genre":"hamlet","rang":4,"pop":null},"geometry":{"type":"Point","coordinates":[1.91962,45.21203]}},{"type":"Feature","properties":{"nom":"Ruy Limond","genre":"hamlet","rang":4,"pop":null},"geometry":{"type":"Point","coordinates":[1.81314,45.22828]}},{"type":"Feature","properties":{"nom":"Gibiat","genre":"hamlet","rang":4,"pop":null},"geometry":{"type":"Point","coordinates":[1.84788,45.22201]}},{"type":"Feature","properties":{"nom":"Chamalières","genre":"hamlet","rang":4,"pop":null},"geometry":{"type":"Point","coordinates":[1.85699,45.0439]}},{"type":"Feature","properties":{"nom":"Lherm","genre":"hamlet","rang":4,"pop":null},"geometry":{"type":"Point","coordinates":[1.84047,44.96257]}},{"type":"Feature","properties":{"nom":"La Palotte","genre":"hamlet","rang":4,"pop":null},"geometry":{"type":"Point","coordinates":[1.82607,44.96714]}},{"type":"Feature","properties":{"nom":"Ganissal","genre":"hamlet","rang":4,"pop":null},"geometry":{"type":"Point","coordinates":[1.83248,44.96422]}},{"type":"Feature","properties":{"nom":"Bel-Air","genre":"hamlet","rang":4,"pop":null},"geometry":{"type":"Point","coordinates":[1.81862,44.95862]}},{"type":"Feature","properties":{"nom":"Laborie","genre":"hamlet","rang":4,"pop":null},"geometry":{"type":"Point","coordinates":[1.81952,44.9537]}},{"type":"Feature","properties":{"nom":"Conques","genre":"hamlet","rang":4,"pop":null},"geometry":{"type":"Point","coordinates":[1.81399,44.95669]}},{"type":"Feature","properties":{"nom":"Belmont Bas","genre":"hamlet","rang":4,"pop":null},"geometry":{"type":"Point","coordinates":[1.80677,44.96686]}},{"type":"Feature","properties":{"nom":"Barennac","genre":"hamlet","rang":4,"pop":null},"geometry":{"type":"Point","coordinates":[1.7999,44.95415]}},{"type":"Feature","properties":{"nom":"Belmont Haut","genre":"hamlet","rang":4,"pop":null},"geometry":{"type":"Point","coordinates":[1.81057,44.96996]}},{"type":"Feature","properties":{"nom":"Beffare","genre":"hamlet","rang":4,"pop":null},"geometry":{"type":"Point","coordinates":[1.80994,44.9491]}},{"type":"Feature","properties":{"nom":"Narsau","genre":"hamlet","rang":4,"pop":null},"geometry":{"type":"Point","coordinates":[1.77176,44.98816]}},{"type":"Feature","properties":{"nom":"La Borderie","genre":"hamlet","rang":4,"pop":null},"geometry":{"type":"Point","coordinates":[1.76885,44.98632]}},{"type":"Feature","properties":{"nom":"Laforet","genre":"hamlet","rang":4,"pop":null},"geometry":{"type":"Point","coordinates":[1.79994,44.97044]}},{"type":"Feature","properties":{"nom":"Les Bothies","genre":"hamlet","rang":4,"pop":null},"geometry":{"type":"Point","coordinates":[1.79447,44.94908]}},{"type":"Feature","properties":{"nom":"La Plaine","genre":"hamlet","rang":4,"pop":null},"geometry":{"type":"Point","coordinates":[1.84315,44.95137]}},{"type":"Feature","properties":{"nom":"Le Soulie","genre":"hamlet","rang":4,"pop":null},"geometry":{"type":"Point","coordinates":[1.84107,44.95797]}},{"type":"Feature","properties":{"nom":"Le Milliague","genre":"hamlet","rang":4,"pop":null},"geometry":{"type":"Point","coordinates":[1.84576,44.96825]}},{"type":"Feature","properties":{"nom":"Tartarel","genre":"hamlet","rang":4,"pop":null},"geometry":{"type":"Point","coordinates":[1.83962,44.96918]}},{"type":"Feature","properties":{"nom":"Chazoules","genre":"hamlet","rang":4,"pop":null},"geometry":{"type":"Point","coordinates":[1.80847,45.00781]}},{"type":"Feature","properties":{"nom":"Lestrade","genre":"hamlet","rang":4,"pop":null},"geometry":{"type":"Point","coordinates":[1.79963,45.00532]}},{"type":"Feature","properties":{"nom":"La Reymondie","genre":"hamlet","rang":4,"pop":null},"geometry":{"type":"Point","coordinates":[1.80842,45.00488]}},{"type":"Feature","properties":{"nom":"Arche","genre":"hamlet","rang":4,"pop":null},"geometry":{"type":"Point","coordinates":[1.79494,45.01443]}},{"type":"Feature","properties":{"nom":"Leyge","genre":"hamlet","rang":4,"pop":null},"geometry":{"type":"Point","coordinates":[1.80325,45.01963]}},{"type":"Feature","properties":{"nom":"Chauffour","genre":"hamlet","rang":4,"pop":null},"geometry":{"type":"Point","coordinates":[1.80696,45.01836]}},{"type":"Feature","properties":{"nom":"La Moulin Abadiol","genre":"hamlet","rang":4,"pop":null},"geometry":{"type":"Point","coordinates":[1.82241,44.99096]}},{"type":"Feature","properties":{"nom":"Le Puy Lachaud","genre":"hamlet","rang":4,"pop":null},"geometry":{"type":"Point","coordinates":[1.77946,44.97492]}},{"type":"Feature","properties":{"nom":"Durand","genre":"hamlet","rang":4,"pop":null},"geometry":{"type":"Point","coordinates":[1.77302,44.97091]}},{"type":"Feature","properties":{"nom":"Le Puy Joulie","genre":"hamlet","rang":4,"pop":null},"geometry":{"type":"Point","coordinates":[1.77711,44.96984]}},{"type":"Feature","properties":{"nom":"Sennac","genre":"hamlet","rang":4,"pop":null},"geometry":{"type":"Point","coordinates":[1.76781,44.97939]}},{"type":"Feature","properties":{"nom":"Puy de L'Alouette","genre":"hamlet","rang":4,"pop":null},"geometry":{"type":"Point","coordinates":[1.7829,44.98901]}},{"type":"Feature","properties":{"nom":"Le Chassaing","genre":"hamlet","rang":4,"pop":null},"geometry":{"type":"Point","coordinates":[1.79115,44.98762]}},{"type":"Feature","properties":{"nom":"Le Esplaces","genre":"hamlet","rang":4,"pop":null},"geometry":{"type":"Point","coordinates":[1.79667,44.9855]}},{"type":"Feature","properties":{"nom":"Lafage","genre":"hamlet","rang":4,"pop":null},"geometry":{"type":"Point","coordinates":[1.79371,44.99244]}},{"type":"Feature","properties":{"nom":"La Croix Saint-Pierre","genre":"hamlet","rang":4,"pop":null},"geometry":{"type":"Point","coordinates":[1.80201,44.99007]}},{"type":"Feature","properties":{"nom":"La Baraque","genre":"hamlet","rang":4,"pop":null},"geometry":{"type":"Point","coordinates":[1.80741,44.99038]}},{"type":"Feature","properties":{"nom":"Montcipierre","genre":"hamlet","rang":4,"pop":null},"geometry":{"type":"Point","coordinates":[1.81209,44.98458]}},{"type":"Feature","properties":{"nom":"Laborie","genre":"hamlet","rang":4,"pop":null},"geometry":{"type":"Point","coordinates":[1.80819,44.9758]}},{"type":"Feature","properties":{"nom":"Madelbos","genre":"hamlet","rang":4,"pop":null},"geometry":{"type":"Point","coordinates":[1.80369,44.98588]}},{"type":"Feature","properties":{"nom":"Bonneval","genre":"hamlet","rang":4,"pop":null},"geometry":{"type":"Point","coordinates":[1.78052,45.01907]}},{"type":"Feature","properties":{"nom":"Les Chezes","genre":"hamlet","rang":4,"pop":null},"geometry":{"type":"Point","coordinates":[1.76582,45.02948]}},{"type":"Feature","properties":{"nom":"Escaravages","genre":"hamlet","rang":4,"pop":null},"geometry":{"type":"Point","coordinates":[1.76421,45.0184]}},{"type":"Feature","properties":{"nom":"Pierre Seche","genre":"hamlet","rang":4,"pop":null},"geometry":{"type":"Point","coordinates":[1.76452,45.02087]}},{"type":"Feature","properties":{"nom":"Mirande","genre":"hamlet","rang":4,"pop":null},"geometry":{"type":"Point","coordinates":[1.74845,44.96427]}},{"type":"Feature","properties":{"nom":"Le Causse","genre":"hamlet","rang":4,"pop":null},"geometry":{"type":"Point","coordinates":[1.74988,44.96275]}},{"type":"Feature","properties":{"nom":"Le Pilou","genre":"hamlet","rang":4,"pop":null},"geometry":{"type":"Point","coordinates":[1.74163,44.96066]}},{"type":"Feature","properties":{"nom":"Le Beconne","genre":"hamlet","rang":4,"pop":null},"geometry":{"type":"Point","coordinates":[1.75349,44.95799]}},{"type":"Feature","properties":{"nom":"Tillet","genre":"hamlet","rang":4,"pop":null},"geometry":{"type":"Point","coordinates":[1.7593,44.95712]}},{"type":"Feature","properties":{"nom":"La Picaioune","genre":"hamlet","rang":4,"pop":null},"geometry":{"type":"Point","coordinates":[1.75643,44.95489]}},{"type":"Feature","properties":{"nom":"Le Bourdet","genre":"hamlet","rang":4,"pop":null},"geometry":{"type":"Point","coordinates":[1.75263,44.96843]}},{"type":"Feature","properties":{"nom":"Plagne","genre":"hamlet","rang":4,"pop":null},"geometry":{"type":"Point","coordinates":[1.75017,44.97059]}},{"type":"Feature","properties":{"nom":"Les Trieux","genre":"hamlet","rang":4,"pop":null},"geometry":{"type":"Point","coordinates":[1.70564,44.96991]}},{"type":"Feature","properties":{"nom":"Lacoste","genre":"hamlet","rang":4,"pop":null},"geometry":{"type":"Point","coordinates":[1.71096,44.97191]}},{"type":"Feature","properties":{"nom":"Soulages","genre":"hamlet","rang":4,"pop":null},"geometry":{"type":"Point","coordinates":[1.76231,45.04387]}},{"type":"Feature","properties":{"nom":"La Cheze","genre":"hamlet","rang":4,"pop":null},"geometry":{"type":"Point","coordinates":[1.77329,45.04894]}},{"type":"Feature","properties":{"nom":"Les Fardines","genre":"hamlet","rang":4,"pop":null},"geometry":{"type":"Point","coordinates":[1.75986,45.0376]}},{"type":"Feature","properties":{"nom":"Malecourse","genre":"hamlet","rang":4,"pop":null},"geometry":{"type":"Point","coordinates":[1.77635,45.0309]}},{"type":"Feature","properties":{"nom":"Le Peyriget","genre":"hamlet","rang":4,"pop":null},"geometry":{"type":"Point","coordinates":[1.83833,45.0021]}},{"type":"Feature","properties":{"nom":"Rieux","genre":"hamlet","rang":4,"pop":null},"geometry":{"type":"Point","coordinates":[1.83099,45.00048]}},{"type":"Feature","properties":{"nom":"Le Battut","genre":"hamlet","rang":4,"pop":null},"geometry":{"type":"Point","coordinates":[1.82823,44.99903]}},{"type":"Feature","properties":{"nom":"Canalie","genre":"hamlet","rang":4,"pop":null},"geometry":{"type":"Point","coordinates":[1.84184,44.99063]}},{"type":"Feature","properties":{"nom":"La Borie du Gua","genre":"hamlet","rang":4,"pop":null},"geometry":{"type":"Point","coordinates":[1.82667,44.99509]}},{"type":"Feature","properties":{"nom":"La Vergniere","genre":"hamlet","rang":4,"pop":null},"geometry":{"type":"Point","coordinates":[1.75651,44.97562]}},{"type":"Feature","properties":{"nom":"Le Barraque","genre":"hamlet","rang":4,"pop":null},"geometry":{"type":"Point","coordinates":[1.76255,44.97206]}},{"type":"Feature","properties":{"nom":"Laroche","genre":"hamlet","rang":4,"pop":null},"geometry":{"type":"Point","coordinates":[1.73506,44.97213]}},{"type":"Feature","properties":{"nom":"Laverdes","genre":"hamlet","rang":4,"pop":null},"geometry":{"type":"Point","coordinates":[1.74406,44.96934]}},{"type":"Feature","properties":{"nom":"Maldene","genre":"hamlet","rang":4,"pop":null},"geometry":{"type":"Point","coordinates":[1.74698,44.97342]}},{"type":"Feature","properties":{"nom":"Garabige","genre":"hamlet","rang":4,"pop":null},"geometry":{"type":"Point","coordinates":[1.73928,44.96729]}},{"type":"Feature","properties":{"nom":"Cruat","genre":"hamlet","rang":4,"pop":null},"geometry":{"type":"Point","coordinates":[1.74651,44.97861]}},{"type":"Feature","properties":{"nom":"Le Chambon","genre":"hamlet","rang":4,"pop":null},"geometry":{"type":"Point","coordinates":[1.65325,45.18497]}},{"type":"Feature","properties":{"nom":"Fougères","genre":"hamlet","rang":4,"pop":null},"geometry":{"type":"Point","coordinates":[1.64459,45.19169]}},{"type":"Feature","properties":{"nom":"Dessas","genre":"hamlet","rang":4,"pop":null},"geometry":{"type":"Point","coordinates":[1.65302,45.2042]}},{"type":"Feature","properties":{"nom":"Mialet","genre":"hamlet","rang":4,"pop":null},"geometry":{"type":"Point","coordinates":[1.66344,45.14301]}},{"type":"Feature","properties":{"nom":"Le Gasquet","genre":"hamlet","rang":4,"pop":null},"geometry":{"type":"Point","coordinates":[1.87524,45.01106]}},{"type":"Feature","properties":{"nom":"Brette","genre":"hamlet","rang":4,"pop":null},"geometry":{"type":"Point","coordinates":[1.87272,45.01418]}},{"type":"Feature","properties":{"nom":"La Laurie","genre":"hamlet","rang":4,"pop":null},"geometry":{"type":"Point","coordinates":[1.86161,45.00692]}},{"type":"Feature","properties":{"nom":"Le Bos","genre":"hamlet","rang":4,"pop":null},"geometry":{"type":"Point","coordinates":[1.85521,45.00814]}},{"type":"Feature","properties":{"nom":"La Gendrie","genre":"hamlet","rang":4,"pop":null},"geometry":{"type":"Point","coordinates":[1.8556,45.01057]}},{"type":"Feature","properties":{"nom":"La Flamanchie Basse","genre":"hamlet","rang":4,"pop":null},"geometry":{"type":"Point","coordinates":[1.85329,45.0134]}},{"type":"Feature","properties":{"nom":"Le Flamanchie Haute","genre":"hamlet","rang":4,"pop":null},"geometry":{"type":"Point","coordinates":[1.84531,45.01963]}},{"type":"Feature","properties":{"nom":"La Champagne","genre":"hamlet","rang":4,"pop":null},"geometry":{"type":"Point","coordinates":[1.84144,45.02138]}},{"type":"Feature","properties":{"nom":"Peyroux","genre":"hamlet","rang":4,"pop":null},"geometry":{"type":"Point","coordinates":[1.64436,45.22303]}},{"type":"Feature","properties":{"nom":"Gumond","genre":"hamlet","rang":4,"pop":null},"geometry":{"type":"Point","coordinates":[1.4159,45.16165]}},{"type":"Feature","properties":{"nom":"Le Chastanet","genre":"hamlet","rang":4,"pop":null},"geometry":{"type":"Point","coordinates":[1.85142,45.28465]}},{"type":"Feature","properties":{"nom":"La Bitareloune","genre":"hamlet","rang":4,"pop":null},"geometry":{"type":"Point","coordinates":[1.86475,45.27496]}},{"type":"Feature","properties":{"nom":"Biars Bas","genre":"hamlet","rang":4,"pop":null},"geometry":{"type":"Point","coordinates":[1.84849,45.27753]}},{"type":"Feature","properties":{"nom":"Les Pradeaux","genre":"hamlet","rang":4,"pop":null},"geometry":{"type":"Point","coordinates":[1.85486,45.27932]}},{"type":"Feature","properties":{"nom":"Biars Haut","genre":"hamlet","rang":4,"pop":null},"geometry":{"type":"Point","coordinates":[1.8553,45.27519]}},{"type":"Feature","properties":{"nom":"Vieillemarette","genre":"hamlet","rang":4,"pop":null},"geometry":{"type":"Point","coordinates":[1.87146,45.27696]}},{"type":"Feature","properties":{"nom":"Le Masmazel","genre":"hamlet","rang":4,"pop":null},"geometry":{"type":"Point","coordinates":[1.75261,45.29216]}},{"type":"Feature","properties":{"nom":"La Borie d'Urlan","genre":"hamlet","rang":4,"pop":null},"geometry":{"type":"Point","coordinates":[1.86284,45.33893]}},{"type":"Feature","properties":{"nom":"La Chastre","genre":"hamlet","rang":4,"pop":null},"geometry":{"type":"Point","coordinates":[1.85491,45.34186]}},{"type":"Feature","properties":{"nom":"La Prade","genre":"hamlet","rang":4,"pop":null},"geometry":{"type":"Point","coordinates":[1.86366,45.3482]}},{"type":"Feature","properties":{"nom":"Le Bech","genre":"hamlet","rang":4,"pop":null},"geometry":{"type":"Point","coordinates":[1.87094,45.35036]}},{"type":"Feature","properties":{"nom":"Le Soulier","genre":"hamlet","rang":4,"pop":null},"geometry":{"type":"Point","coordinates":[1.85228,45.34535]}},{"type":"Feature","properties":{"nom":"Puynèdre","genre":"hamlet","rang":4,"pop":null},"geometry":{"type":"Point","coordinates":[1.85826,45.34886]}},{"type":"Feature","properties":{"nom":"Champeval","genre":"hamlet","rang":4,"pop":null},"geometry":{"type":"Point","coordinates":[1.78744,45.34153]}},{"type":"Feature","properties":{"nom":"Cousin Bas","genre":"hamlet","rang":4,"pop":null},"geometry":{"type":"Point","coordinates":[1.78243,45.35114]}},{"type":"Feature","properties":{"nom":"Hublange","genre":"hamlet","rang":4,"pop":null},"geometry":{"type":"Point","coordinates":[1.82783,45.32946]}},{"type":"Feature","properties":{"nom":"La Cour","genre":"hamlet","rang":4,"pop":null},"geometry":{"type":"Point","coordinates":[1.81938,45.34181]}},{"type":"Feature","properties":{"nom":"Lavialle","genre":"hamlet","rang":4,"pop":null},"geometry":{"type":"Point","coordinates":[1.83745,45.34052]}},{"type":"Feature","properties":{"nom":"Le Bos","genre":"hamlet","rang":4,"pop":null},"geometry":{"type":"Point","coordinates":[1.8024,45.32044]}},{"type":"Feature","properties":{"nom":"Le Chastang","genre":"hamlet","rang":4,"pop":null},"geometry":{"type":"Point","coordinates":[1.80607,45.32389]}},{"type":"Feature","properties":{"nom":"Le Mons","genre":"hamlet","rang":4,"pop":null},"geometry":{"type":"Point","coordinates":[1.82959,45.33858]}},{"type":"Feature","properties":{"nom":"Les Combes","genre":"hamlet","rang":4,"pop":null},"geometry":{"type":"Point","coordinates":[1.79914,45.32716]}},{"type":"Feature","properties":{"nom":"Bos-de-Cros","genre":"hamlet","rang":4,"pop":null},"geometry":{"type":"Point","coordinates":[1.59135,45.21023]}},{"type":"Feature","properties":{"nom":"Auberge des Sources","genre":"hamlet","rang":4,"pop":null},"geometry":{"type":"Point","coordinates":[1.58588,45.2196]}},{"type":"Feature","properties":{"nom":"La Maurie","genre":"hamlet","rang":4,"pop":null},"geometry":{"type":"Point","coordinates":[1.59956,45.2015]}},{"type":"Feature","properties":{"nom":"La Grandie","genre":"hamlet","rang":4,"pop":null},"geometry":{"type":"Point","coordinates":[1.57999,45.20928]}},{"type":"Feature","properties":{"nom":"Les Vignottes","genre":"hamlet","rang":4,"pop":null},"geometry":{"type":"Point","coordinates":[1.58098,45.19577]}},{"type":"Feature","properties":{"nom":"Champeaux","genre":"hamlet","rang":4,"pop":null},"geometry":{"type":"Point","coordinates":[1.62253,45.31017]}},{"type":"Feature","properties":{"nom":"Chauzu","genre":"hamlet","rang":4,"pop":null},"geometry":{"type":"Point","coordinates":[1.60711,45.31363]}},{"type":"Feature","properties":{"nom":"Maure","genre":"hamlet","rang":4,"pop":null},"geometry":{"type":"Point","coordinates":[1.73446,45.24895]}},{"type":"Feature","properties":{"nom":"Mazières","genre":"hamlet","rang":4,"pop":null},"geometry":{"type":"Point","coordinates":[1.53663,45.23964]}},{"type":"Feature","properties":{"nom":"Chadiot","genre":"hamlet","rang":4,"pop":null},"geometry":{"type":"Point","coordinates":[1.90417,45.10439]}},{"type":"Feature","properties":{"nom":"Le Bariolet","genre":"hamlet","rang":4,"pop":null},"geometry":{"type":"Point","coordinates":[1.56827,45.342]}},{"type":"Feature","properties":{"nom":"Chaunac","genre":"hamlet","rang":4,"pop":null},"geometry":{"type":"Point","coordinates":[1.72051,45.27957]}},{"type":"Feature","properties":{"nom":"Lintillac","genre":"hamlet","rang":4,"pop":null},"geometry":{"type":"Point","coordinates":[1.47789,45.17342]}},{"type":"Feature","properties":{"nom":"Malevialle","genre":"hamlet","rang":4,"pop":null},"geometry":{"type":"Point","coordinates":[1.38301,45.24673]}},{"type":"Feature","properties":{"nom":"La Garnie","genre":"hamlet","rang":4,"pop":null},"geometry":{"type":"Point","coordinates":[1.82049,45.02221]}},{"type":"Feature","properties":{"nom":"Esperut","genre":"hamlet","rang":4,"pop":null},"geometry":{"type":"Point","coordinates":[1.52366,45.23675]}},{"type":"Feature","properties":{"nom":"Le Perrier","genre":"hamlet","rang":4,"pop":null},"geometry":{"type":"Point","coordinates":[1.74487,45.13203]}},{"type":"Feature","properties":{"nom":"Lacombe","genre":"hamlet","rang":4,"pop":null},"geometry":{"type":"Point","coordinates":[1.48528,45.17916]}},{"type":"Feature","properties":{"nom":"Espagnagol","genre":"hamlet","rang":4,"pop":null},"geometry":{"type":"Point","coordinates":[1.72629,45.13655]}},{"type":"Feature","properties":{"nom":"Rochesseux","genre":"hamlet","rang":4,"pop":null},"geometry":{"type":"Point","coordinates":[1.68844,45.17936]}},{"type":"Feature","properties":{"nom":"Lacoste","genre":"hamlet","rang":4,"pop":null},"geometry":{"type":"Point","coordinates":[1.64219,45.16216]}},{"type":"Feature","properties":{"nom":"La Chassagne","genre":"hamlet","rang":4,"pop":null},"geometry":{"type":"Point","coordinates":[1.45486,45.18169]}},{"type":"Feature","properties":{"nom":"La Foucherie","genre":"hamlet","rang":4,"pop":null},"geometry":{"type":"Point","coordinates":[1.67897,45.05453]}},{"type":"Feature","properties":{"nom":"Le Mas","genre":"hamlet","rang":4,"pop":null},"geometry":{"type":"Point","coordinates":[1.50727,45.12351]}},{"type":"Feature","properties":{"nom":"Champ-Martel","genre":"hamlet","rang":4,"pop":null},"geometry":{"type":"Point","coordinates":[1.59473,45.12885]}},{"type":"Feature","properties":{"nom":"Sajueix","genre":"hamlet","rang":4,"pop":null},"geometry":{"type":"Point","coordinates":[1.42961,45.30546]}},{"type":"Feature","properties":{"nom":"Courbiat","genre":"hamlet","rang":4,"pop":null},"geometry":{"type":"Point","coordinates":[1.86628,45.22019]}},{"type":"Feature","properties":{"nom":"Vergonzac","genre":"hamlet","rang":4,"pop":null},"geometry":{"type":"Point","coordinates":[1.66015,45.19106]}},{"type":"Feature","properties":{"nom":"Village de Miel","genre":"hamlet","rang":4,"pop":null},"geometry":{"type":"Point","coordinates":[1.76518,45.1363]}},{"type":"Feature","properties":{"nom":"Le Mialet","genre":"hamlet","rang":4,"pop":null},"geometry":{"type":"Point","coordinates":[1.7523,45.23882]}},{"type":"Feature","properties":{"nom":"La Borderie","genre":"hamlet","rang":4,"pop":null},"geometry":{"type":"Point","coordinates":[1.60455,45.30849]}},{"type":"Feature","properties":{"nom":"Chastagnol","genre":"hamlet","rang":4,"pop":null},"geometry":{"type":"Point","coordinates":[1.7157,45.17856]}},{"type":"Feature","properties":{"nom":"Chanteloube","genre":"hamlet","rang":4,"pop":null},"geometry":{"type":"Point","coordinates":[1.85744,45.26641]}},{"type":"Feature","properties":{"nom":"Tricolet","genre":"hamlet","rang":4,"pop":null},"geometry":{"type":"Point","coordinates":[1.75786,45.08859]}},{"type":"Feature","properties":{"nom":"Peyrelevade","genre":"hamlet","rang":4,"pop":null},"geometry":{"type":"Point","coordinates":[1.72137,45.29016]}},{"type":"Feature","properties":{"nom":"Le Noual","genre":"hamlet","rang":4,"pop":null},"geometry":{"type":"Point","coordinates":[1.76592,45.23186]}},{"type":"Feature","properties":{"nom":"Le Mas","genre":"hamlet","rang":4,"pop":null},"geometry":{"type":"Point","coordinates":[1.6044,45.1894]}},{"type":"Feature","properties":{"nom":"Le Chauze","genre":"hamlet","rang":4,"pop":null},"geometry":{"type":"Point","coordinates":[1.682,45.04904]}},{"type":"Feature","properties":{"nom":"Le Chataigner","genre":"hamlet","rang":4,"pop":null},"geometry":{"type":"Point","coordinates":[1.86031,45.24965]}},{"type":"Feature","properties":{"nom":"Le Chassang","genre":"hamlet","rang":4,"pop":null},"geometry":{"type":"Point","coordinates":[1.58221,45.12697]}},{"type":"Feature","properties":{"nom":"Clairfage","genre":"hamlet","rang":4,"pop":null},"geometry":{"type":"Point","coordinates":[1.75452,45.17468]}},{"type":"Feature","properties":{"nom":"Chabannes","genre":"hamlet","rang":4,"pop":null},"geometry":{"type":"Point","coordinates":[1.51019,45.13143]}},{"type":"Feature","properties":{"nom":"Salgues","genre":"hamlet","rang":4,"pop":null},"geometry":{"type":"Point","coordinates":[1.87604,45.11431]}},{"type":"Feature","properties":{"nom":"Le Bigeardel","genre":"hamlet","rang":4,"pop":null},"geometry":{"type":"Point","coordinates":[1.57901,45.33082]}},{"type":"Feature","properties":{"nom":"La Pestourie","genre":"hamlet","rang":4,"pop":null},"geometry":{"type":"Point","coordinates":[1.40432,45.2367]}},{"type":"Feature","properties":{"nom":"La Chaume","genre":"hamlet","rang":4,"pop":null},"geometry":{"type":"Point","coordinates":[1.50725,45.09149]}},{"type":"Feature","properties":{"nom":"Pauliac Bas","genre":"hamlet","rang":4,"pop":null},"geometry":{"type":"Point","coordinates":[1.68202,45.19099]}},{"type":"Feature","properties":{"nom":"Pauliac Haut","genre":"hamlet","rang":4,"pop":null},"geometry":{"type":"Point","coordinates":[1.68542,45.1894]}},{"type":"Feature","properties":{"nom":"Theil","genre":"hamlet","rang":4,"pop":null},"geometry":{"type":"Point","coordinates":[1.54472,45.24824]}},{"type":"Feature","properties":{"nom":"Le Parjadis","genre":"hamlet","rang":4,"pop":null},"geometry":{"type":"Point","coordinates":[1.69862,45.11805]}},{"type":"Feature","properties":{"nom":"La Chanourdie","genre":"hamlet","rang":4,"pop":null},"geometry":{"type":"Point","coordinates":[1.48613,45.18585]}},{"type":"Feature","properties":{"nom":"Eyzac","genre":"hamlet","rang":4,"pop":null},"geometry":{"type":"Point","coordinates":[1.62436,45.32873]}},{"type":"Feature","properties":{"nom":"Les Malagnacs","genre":"hamlet","rang":4,"pop":null},"geometry":{"type":"Point","coordinates":[1.60458,45.18068]}},{"type":"Feature","properties":{"nom":"La Vedrenne","genre":"hamlet","rang":4,"pop":null},"geometry":{"type":"Point","coordinates":[1.58891,45.12206]}},{"type":"Feature","properties":{"nom":"Le Bouyssou","genre":"hamlet","rang":4,"pop":null},"geometry":{"type":"Point","coordinates":[1.60893,45.16938]}},{"type":"Feature","properties":{"nom":"Le Sirieix","genre":"hamlet","rang":4,"pop":null},"geometry":{"type":"Point","coordinates":[1.81162,45.11475]}},{"type":"Feature","properties":{"nom":"La Besse","genre":"hamlet","rang":4,"pop":null},"geometry":{"type":"Point","coordinates":[1.91955,45.24288]}},{"type":"Feature","properties":{"nom":"La Traverse","genre":"hamlet","rang":4,"pop":null},"geometry":{"type":"Point","coordinates":[1.88331,45.2319]}},{"type":"Feature","properties":{"nom":"Le Puy Blanc","genre":"hamlet","rang":4,"pop":null},"geometry":{"type":"Point","coordinates":[1.8865,45.2219]}},{"type":"Feature","properties":{"nom":"Rodanges","genre":"hamlet","rang":4,"pop":null},"geometry":{"type":"Point","coordinates":[1.84672,45.03649]}},{"type":"Feature","properties":{"nom":"Le Peuch","genre":"hamlet","rang":4,"pop":null},"geometry":{"type":"Point","coordinates":[1.85454,45.03425]}},{"type":"Feature","properties":{"nom":"Reyt","genre":"hamlet","rang":4,"pop":null},"geometry":{"type":"Point","coordinates":[1.85881,45.03115]}},{"type":"Feature","properties":{"nom":"Mascombet","genre":"hamlet","rang":4,"pop":null},"geometry":{"type":"Point","coordinates":[1.8614,45.03696]}},{"type":"Feature","properties":{"nom":"Recoudier","genre":"hamlet","rang":4,"pop":null},"geometry":{"type":"Point","coordinates":[1.87221,45.04321]}},{"type":"Feature","properties":{"nom":"Treyssac","genre":"hamlet","rang":4,"pop":null},"geometry":{"type":"Point","coordinates":[1.88424,45.03727]}},{"type":"Feature","properties":{"nom":"Bourgeolles","genre":"hamlet","rang":4,"pop":null},"geometry":{"type":"Point","coordinates":[1.52518,45.21628]}},{"type":"Feature","properties":{"nom":"Langlade","genre":"hamlet","rang":4,"pop":null},"geometry":{"type":"Point","coordinates":[1.63254,45.06744]}},{"type":"Feature","properties":{"nom":"La Barette","genre":"hamlet","rang":4,"pop":null},"geometry":{"type":"Point","coordinates":[1.61967,45.06991]}},{"type":"Feature","properties":{"nom":"Le Mas","genre":"hamlet","rang":4,"pop":null},"geometry":{"type":"Point","coordinates":[1.57858,45.20687]}},{"type":"Feature","properties":{"nom":"La Grulie","genre":"hamlet","rang":4,"pop":null},"geometry":{"type":"Point","coordinates":[1.8832,45.28095]}},{"type":"Feature","properties":{"nom":"La Campeau","genre":"hamlet","rang":4,"pop":null},"geometry":{"type":"Point","coordinates":[1.83557,45.01489]}},{"type":"Feature","properties":{"nom":"Le Mazeaud","genre":"hamlet","rang":4,"pop":null},"geometry":{"type":"Point","coordinates":[1.81669,45.0468]}},{"type":"Feature","properties":{"nom":"Le Four","genre":"hamlet","rang":4,"pop":null},"geometry":{"type":"Point","coordinates":[1.81651,45.05306]}},{"type":"Feature","properties":{"nom":"Lestrade","genre":"hamlet","rang":4,"pop":null},"geometry":{"type":"Point","coordinates":[1.82123,45.05409]}},{"type":"Feature","properties":{"nom":"Puy Lachaud","genre":"hamlet","rang":4,"pop":null},"geometry":{"type":"Point","coordinates":[1.82215,45.05649]}},{"type":"Feature","properties":{"nom":"Les Tuilieres","genre":"hamlet","rang":4,"pop":null},"geometry":{"type":"Point","coordinates":[1.8222,45.0497]}},{"type":"Feature","properties":{"nom":"Les Aubrots","genre":"hamlet","rang":4,"pop":null},"geometry":{"type":"Point","coordinates":[1.82335,45.04704]}},{"type":"Feature","properties":{"nom":"La Soustre","genre":"hamlet","rang":4,"pop":null},"geometry":{"type":"Point","coordinates":[1.84747,45.04632]}},{"type":"Feature","properties":{"nom":"Le Chambariol","genre":"hamlet","rang":4,"pop":null},"geometry":{"type":"Point","coordinates":[1.84566,45.0412]}},{"type":"Feature","properties":{"nom":"Le Bech","genre":"hamlet","rang":4,"pop":null},"geometry":{"type":"Point","coordinates":[1.89142,45.0663]}},{"type":"Feature","properties":{"nom":"La Salle","genre":"hamlet","rang":4,"pop":null},"geometry":{"type":"Point","coordinates":[1.90397,45.07459]}},{"type":"Feature","properties":{"nom":"La Bouyge","genre":"hamlet","rang":4,"pop":null},"geometry":{"type":"Point","coordinates":[1.90634,45.07778]}},{"type":"Feature","properties":{"nom":"Le Chassang","genre":"hamlet","rang":4,"pop":null},"geometry":{"type":"Point","coordinates":[1.90245,45.08301]}},{"type":"Feature","properties":{"nom":"La Courberie","genre":"hamlet","rang":4,"pop":null},"geometry":{"type":"Point","coordinates":[1.90297,45.25661]}},{"type":"Feature","properties":{"nom":"La Bachellerie","genre":"hamlet","rang":4,"pop":null},"geometry":{"type":"Point","coordinates":[1.84922,45.2923]}},{"type":"Feature","properties":{"nom":"Les Cronles","genre":"hamlet","rang":4,"pop":null},"geometry":{"type":"Point","coordinates":[1.82379,45.27101]}},{"type":"Feature","properties":{"nom":"Malangle","genre":"hamlet","rang":4,"pop":null},"geometry":{"type":"Point","coordinates":[1.82087,45.2738]}},{"type":"Feature","properties":{"nom":"Loreiller","genre":"hamlet","rang":4,"pop":null},"geometry":{"type":"Point","coordinates":[1.81363,45.26911]}},{"type":"Feature","properties":{"nom":"Lachèze","genre":"hamlet","rang":4,"pop":null},"geometry":{"type":"Point","coordinates":[1.80678,45.26247]}},{"type":"Feature","properties":{"nom":"Vedrenne","genre":"hamlet","rang":4,"pop":null},"geometry":{"type":"Point","coordinates":[1.79774,45.25592]}},{"type":"Feature","properties":{"nom":"Pougeol","genre":"hamlet","rang":4,"pop":null},"geometry":{"type":"Point","coordinates":[1.79025,45.25422]}},{"type":"Feature","properties":{"nom":"La Meynarde","genre":"hamlet","rang":4,"pop":null},"geometry":{"type":"Point","coordinates":[1.5796,45.05794]}},{"type":"Feature","properties":{"nom":"Laumet","genre":"hamlet","rang":4,"pop":null},"geometry":{"type":"Point","coordinates":[1.69907,45.0578]}},{"type":"Feature","properties":{"nom":"Les Sarres","genre":"hamlet","rang":4,"pop":null},"geometry":{"type":"Point","coordinates":[1.72839,45.05345]}},{"type":"Feature","properties":{"nom":"Le Chassaing","genre":"hamlet","rang":4,"pop":null},"geometry":{"type":"Point","coordinates":[1.72,45.05697]}},{"type":"Feature","properties":{"nom":"Laumond","genre":"hamlet","rang":4,"pop":null},"geometry":{"type":"Point","coordinates":[1.79804,45.1409]}},{"type":"Feature","properties":{"nom":"Coquart","genre":"hamlet","rang":4,"pop":null},"geometry":{"type":"Point","coordinates":[1.67572,45.021]}},{"type":"Feature","properties":{"nom":"Laubertie","genre":"hamlet","rang":4,"pop":null},"geometry":{"type":"Point","coordinates":[1.77758,45.2078]}},{"type":"Feature","properties":{"nom":"Chabrignac","genre":"hamlet","rang":4,"pop":null},"geometry":{"type":"Point","coordinates":[1.78036,45.20558]}},{"type":"Feature","properties":{"nom":"La Croix","genre":"hamlet","rang":4,"pop":null},"geometry":{"type":"Point","coordinates":[1.78973,45.20876]}},{"type":"Feature","properties":{"nom":"Furat","genre":"hamlet","rang":4,"pop":null},"geometry":{"type":"Point","coordinates":[1.78845,45.21654]}},{"type":"Feature","properties":{"nom":"Les Torts","genre":"hamlet","rang":4,"pop":null},"geometry":{"type":"Point","coordinates":[1.79136,45.22204]}},{"type":"Feature","properties":{"nom":"Laborie","genre":"hamlet","rang":4,"pop":null},"geometry":{"type":"Point","coordinates":[1.92318,45.09342]}},{"type":"Feature","properties":{"nom":"Le Coulin","genre":"hamlet","rang":4,"pop":null},"geometry":{"type":"Point","coordinates":[1.92506,45.22361]}},{"type":"Feature","properties":{"nom":"Poissac","genre":"hamlet","rang":4,"pop":null},"geometry":{"type":"Point","coordinates":[1.72333,45.26529]}},{"type":"Feature","properties":{"nom":"Murat","genre":"hamlet","rang":4,"pop":null},"geometry":{"type":"Point","coordinates":[1.41881,45.27978]}},{"type":"Feature","properties":{"nom":"Bourzat","genre":"hamlet","rang":4,"pop":null},"geometry":{"type":"Point","coordinates":[1.45987,45.30251]}},{"type":"Feature","properties":{"nom":"Agier","genre":"hamlet","rang":4,"pop":null},"geometry":{"type":"Point","coordinates":[1.43376,45.34603]}},{"type":"Feature","properties":{"nom":"Puy Nivour","genre":"hamlet","rang":4,"pop":null},"geometry":{"type":"Point","coordinates":[1.7584,44.97296]}},{"type":"Feature","properties":{"nom":"La Gratade","genre":"hamlet","rang":4,"pop":null},"geometry":{"type":"Point","coordinates":[1.76712,44.95966]}},{"type":"Feature","properties":{"nom":"La Bouyge","genre":"hamlet","rang":4,"pop":null},"geometry":{"type":"Point","coordinates":[1.768,44.95811]}},{"type":"Feature","properties":{"nom":"Le Bournazel","genre":"hamlet","rang":4,"pop":null},"geometry":{"type":"Point","coordinates":[1.67167,45.14121]}},{"type":"Feature","properties":{"nom":"Les Chaises Basses","genre":"hamlet","rang":4,"pop":null},"geometry":{"type":"Point","coordinates":[1.46654,45.35133]}},{"type":"Feature","properties":{"nom":"Le Mialet","genre":"hamlet","rang":4,"pop":null},"geometry":{"type":"Point","coordinates":[1.44827,45.34292]}},{"type":"Feature","properties":{"nom":"Fage","genre":"hamlet","rang":4,"pop":null},"geometry":{"type":"Point","coordinates":[1.61416,45.2374]}},{"type":"Feature","properties":{"nom":"Sarget","genre":"hamlet","rang":4,"pop":null},"geometry":{"type":"Point","coordinates":[1.61774,45.21726]}},{"type":"Feature","properties":{"nom":"Martignac","genre":"hamlet","rang":4,"pop":null},"geometry":{"type":"Point","coordinates":[1.59638,45.22645]}},{"type":"Feature","properties":{"nom":"Bleyzat","genre":"hamlet","rang":4,"pop":null},"geometry":{"type":"Point","coordinates":[1.60159,45.13405]}},{"type":"Feature","properties":{"nom":"Touzac","genre":"hamlet","rang":4,"pop":null},"geometry":{"type":"Point","coordinates":[1.84816,45.30438]}},{"type":"Feature","properties":{"nom":"Le Breuil","genre":"hamlet","rang":4,"pop":null},"geometry":{"type":"Point","coordinates":[1.86573,45.31962]}},{"type":"Feature","properties":{"nom":"Villières","genre":"hamlet","rang":4,"pop":null},"geometry":{"type":"Point","coordinates":[1.70201,45.1906]}},{"type":"Feature","properties":{"nom":"Regnac","genre":"hamlet","rang":4,"pop":null},"geometry":{"type":"Point","coordinates":[1.5671,45.12104]}},{"type":"Feature","properties":{"nom":"Le Buisson","genre":"hamlet","rang":4,"pop":null},"geometry":{"type":"Point","coordinates":[1.93194,45.31663]}},{"type":"Feature","properties":{"nom":"Le Bech","genre":"hamlet","rang":4,"pop":null},"geometry":{"type":"Point","coordinates":[1.81887,45.25343]}},{"type":"Feature","properties":{"nom":"Druliolle","genre":"hamlet","rang":4,"pop":null},"geometry":{"type":"Point","coordinates":[1.74817,45.09895]}},{"type":"Feature","properties":{"nom":"La Borie Haute","genre":"hamlet","rang":4,"pop":null},"geometry":{"type":"Point","coordinates":[1.93079,45.12109]}},{"type":"Feature","properties":{"nom":"Barot","genre":"hamlet","rang":4,"pop":null},"geometry":{"type":"Point","coordinates":[1.68251,45.04332]}},{"type":"Feature","properties":{"nom":"Cruges","genre":"hamlet","rang":4,"pop":null},"geometry":{"type":"Point","coordinates":[1.67532,45.03618]}},{"type":"Feature","properties":{"nom":"Le Mazet","genre":"hamlet","rang":4,"pop":null},"geometry":{"type":"Point","coordinates":[1.69733,45.04467]}},{"type":"Feature","properties":{"nom":"Le Puy de Mery","genre":"hamlet","rang":4,"pop":null},"geometry":{"type":"Point","coordinates":[1.69223,45.04436]}},{"type":"Feature","properties":{"nom":"Le Tournier","genre":"hamlet","rang":4,"pop":null},"geometry":{"type":"Point","coordinates":[1.68226,45.05874]}},{"type":"Feature","properties":{"nom":"Soult","genre":"hamlet","rang":4,"pop":null},"geometry":{"type":"Point","coordinates":[1.62302,45.05646]}},{"type":"Feature","properties":{"nom":"La Galinie","genre":"hamlet","rang":4,"pop":null},"geometry":{"type":"Point","coordinates":[1.76379,45.20846]}},{"type":"Feature","properties":{"nom":"Coutèges","genre":"hamlet","rang":4,"pop":null},"geometry":{"type":"Point","coordinates":[1.76506,45.20523]}},{"type":"Feature","properties":{"nom":"Le Gôt","genre":"hamlet","rang":4,"pop":null},"geometry":{"type":"Point","coordinates":[1.57781,45.09648]}},{"type":"Feature","properties":{"nom":"Le Saule","genre":"hamlet","rang":4,"pop":null},"geometry":{"type":"Point","coordinates":[1.5878,45.15075]}},{"type":"Feature","properties":{"nom":"Pierrelaine","genre":"hamlet","rang":4,"pop":null},"geometry":{"type":"Point","coordinates":[1.58836,45.10846]}},{"type":"Feature","properties":{"nom":"Mars","genre":"hamlet","rang":4,"pop":null},"geometry":{"type":"Point","coordinates":[1.83945,45.3043]}},{"type":"Feature","properties":{"nom":"Lunard","genre":"hamlet","rang":4,"pop":null},"geometry":{"type":"Point","coordinates":[1.56585,45.13013]}},{"type":"Feature","properties":{"nom":"Les Cayres","genre":"hamlet","rang":4,"pop":null},"geometry":{"type":"Point","coordinates":[1.867,45.32669]}},{"type":"Feature","properties":{"nom":"Les Allées","genre":"hamlet","rang":4,"pop":null},"geometry":{"type":"Point","coordinates":[1.78072,45.23743]}},{"type":"Feature","properties":{"nom":"Lavialle","genre":"hamlet","rang":4,"pop":null},"geometry":{"type":"Point","coordinates":[1.69797,45.25627]}},{"type":"Feature","properties":{"nom":"Lavert","genre":"hamlet","rang":4,"pop":null},"geometry":{"type":"Point","coordinates":[1.67256,45.24827]}},{"type":"Feature","properties":{"nom":"La Ganotte","genre":"hamlet","rang":4,"pop":null},"geometry":{"type":"Point","coordinates":[1.91906,45.33264]}},{"type":"Feature","properties":{"nom":"Hautefage","genre":"hamlet","rang":4,"pop":null},"geometry":{"type":"Point","coordinates":[1.73665,45.26716]}},{"type":"Feature","properties":{"nom":"La Bastide","genre":"hamlet","rang":4,"pop":null},"geometry":{"type":"Point","coordinates":[1.44542,45.23205]}},{"type":"Feature","properties":{"nom":"Champagnac","genre":"hamlet","rang":4,"pop":null},"geometry":{"type":"Point","coordinates":[1.57181,45.13592]}},{"type":"Feature","properties":{"nom":"Les Prades","genre":"hamlet","rang":4,"pop":null},"geometry":{"type":"Point","coordinates":[1.71571,45.2625]}},{"type":"Feature","properties":{"nom":"Le Perrier","genre":"hamlet","rang":4,"pop":null},"geometry":{"type":"Point","coordinates":[1.92075,45.22078]}},{"type":"Feature","properties":{"nom":"La Gare","genre":"hamlet","rang":4,"pop":null},"geometry":{"type":"Point","coordinates":[1.84332,45.30938]}},{"type":"Feature","properties":{"nom":"Freyssinge","genre":"hamlet","rang":4,"pop":null},"geometry":{"type":"Point","coordinates":[1.80019,45.29328]}},{"type":"Feature","properties":{"nom":"Duroux","genre":"hamlet","rang":4,"pop":null},"geometry":{"type":"Point","coordinates":[1.72848,45.25477]}},{"type":"Feature","properties":{"nom":"Vieillemaringe","genre":"hamlet","rang":4,"pop":null},"geometry":{"type":"Point","coordinates":[1.8786,45.20303]}},{"type":"Feature","properties":{"nom":"Malepeyre","genre":"hamlet","rang":4,"pop":null},"geometry":{"type":"Point","coordinates":[1.58501,45.11428]}},{"type":"Feature","properties":{"nom":"Le Griffolet","genre":"hamlet","rang":4,"pop":null},"geometry":{"type":"Point","coordinates":[1.48661,45.16866]}},{"type":"Feature","properties":{"nom":"Chameyrat le Vieux","genre":"hamlet","rang":4,"pop":null},"geometry":{"type":"Point","coordinates":[1.71634,45.24218]}},{"type":"Feature","properties":{"nom":"Chameyrat le Bas","genre":"hamlet","rang":4,"pop":null},"geometry":{"type":"Point","coordinates":[1.72218,45.24253]}},{"type":"Feature","properties":{"nom":"Vacher","genre":"hamlet","rang":4,"pop":null},"geometry":{"type":"Point","coordinates":[1.68788,45.24517]}},{"type":"Feature","properties":{"nom":"Murat Haut","genre":"hamlet","rang":4,"pop":null},"geometry":{"type":"Point","coordinates":[1.71815,45.22714]}},{"type":"Feature","properties":{"nom":"Cleyrat Haut","genre":"hamlet","rang":4,"pop":null},"geometry":{"type":"Point","coordinates":[1.72589,45.22281]}},{"type":"Feature","properties":{"nom":"Seignolles","genre":"hamlet","rang":4,"pop":null},"geometry":{"type":"Point","coordinates":[1.70475,45.25348]}},{"type":"Feature","properties":{"nom":"Le Puy de Mirat","genre":"hamlet","rang":4,"pop":null},"geometry":{"type":"Point","coordinates":[1.71459,45.25059]}},{"type":"Feature","properties":{"nom":"La Maison Brulée","genre":"hamlet","rang":4,"pop":null},"geometry":{"type":"Point","coordinates":[1.82393,45.31012]}},{"type":"Feature","properties":{"nom":"La Greze","genre":"hamlet","rang":4,"pop":null},"geometry":{"type":"Point","coordinates":[1.92354,45.1522]}},{"type":"Feature","properties":{"nom":"Blandine","genre":"hamlet","rang":4,"pop":null},"geometry":{"type":"Point","coordinates":[1.92666,45.16016]}},{"type":"Feature","properties":{"nom":"Mas Ponchet","genre":"hamlet","rang":4,"pop":null},"geometry":{"type":"Point","coordinates":[1.6034,45.02601]}},{"type":"Feature","properties":{"nom":"Larue","genre":"hamlet","rang":4,"pop":null},"geometry":{"type":"Point","coordinates":[1.59979,45.01688]}},{"type":"Feature","properties":{"nom":"Platchamp","genre":"hamlet","rang":4,"pop":null},"geometry":{"type":"Point","coordinates":[1.59185,45.02667]}},{"type":"Feature","properties":{"nom":"La Gâcherie","genre":"hamlet","rang":4,"pop":null},"geometry":{"type":"Point","coordinates":[1.59458,45.01871]}},{"type":"Feature","properties":{"nom":"La Combarsou","genre":"hamlet","rang":4,"pop":null},"geometry":{"type":"Point","coordinates":[1.61796,45.21363]}},{"type":"Feature","properties":{"nom":"La Chatie","genre":"hamlet","rang":4,"pop":null},"geometry":{"type":"Point","coordinates":[1.65565,45.0874]}},{"type":"Feature","properties":{"nom":"Mouzac","genre":"hamlet","rang":4,"pop":null},"geometry":{"type":"Point","coordinates":[1.60574,45.2935]}},{"type":"Feature","properties":{"nom":"La Borie","genre":"hamlet","rang":4,"pop":null},"geometry":{"type":"Point","coordinates":[1.6186,45.29932]}},{"type":"Feature","properties":{"nom":"Blavignac","genre":"hamlet","rang":4,"pop":null},"geometry":{"type":"Point","coordinates":[1.76422,45.07239]}},{"type":"Feature","properties":{"nom":"Les Aigueparses","genre":"hamlet","rang":4,"pop":null},"geometry":{"type":"Point","coordinates":[1.84601,45.10771]}},{"type":"Feature","properties":{"nom":"Pradix","genre":"hamlet","rang":4,"pop":null},"geometry":{"type":"Point","coordinates":[1.88352,45.10368]}},{"type":"Feature","properties":{"nom":"Le Claux","genre":"hamlet","rang":4,"pop":null},"geometry":{"type":"Point","coordinates":[1.87791,45.09095]}},{"type":"Feature","properties":{"nom":"La Croix de Duroux","genre":"hamlet","rang":4,"pop":null},"geometry":{"type":"Point","coordinates":[1.70485,45.23874]}},{"type":"Feature","properties":{"nom":"Montmaur","genre":"hamlet","rang":4,"pop":null},"geometry":{"type":"Point","coordinates":[1.74723,45.0398]}},{"type":"Feature","properties":{"nom":"Montredon","genre":"hamlet","rang":4,"pop":null},"geometry":{"type":"Point","coordinates":[1.67863,45.12585]}},{"type":"Feature","properties":{"nom":"Le Dezennes","genre":"hamlet","rang":4,"pop":null},"geometry":{"type":"Point","coordinates":[1.67665,45.12147]}},{"type":"Feature","properties":{"nom":"Groschamp","genre":"hamlet","rang":4,"pop":null},"geometry":{"type":"Point","coordinates":[1.68422,45.11873]}},{"type":"Feature","properties":{"nom":"La Faurie","genre":"hamlet","rang":4,"pop":null},"geometry":{"type":"Point","coordinates":[1.69181,45.11847]}},{"type":"Feature","properties":{"nom":"Le Mas","genre":"hamlet","rang":4,"pop":null},"geometry":{"type":"Point","coordinates":[1.69575,45.11969]}},{"type":"Feature","properties":{"nom":"Le Suc","genre":"hamlet","rang":4,"pop":null},"geometry":{"type":"Point","coordinates":[1.69543,45.11099]}},{"type":"Feature","properties":{"nom":"Cornilloux","genre":"hamlet","rang":4,"pop":null},"geometry":{"type":"Point","coordinates":[1.70714,45.1099]}},{"type":"Feature","properties":{"nom":"Le Faure","genre":"hamlet","rang":4,"pop":null},"geometry":{"type":"Point","coordinates":[1.70711,45.11185]}},{"type":"Feature","properties":{"nom":"Breyt","genre":"hamlet","rang":4,"pop":null},"geometry":{"type":"Point","coordinates":[1.71801,45.09233]}},{"type":"Feature","properties":{"nom":"Le Touron","genre":"hamlet","rang":4,"pop":null},"geometry":{"type":"Point","coordinates":[1.73348,45.08865]}},{"type":"Feature","properties":{"nom":"Lescure","genre":"hamlet","rang":4,"pop":null},"geometry":{"type":"Point","coordinates":[1.7314,45.08705]}},{"type":"Feature","properties":{"nom":"Royeres","genre":"hamlet","rang":4,"pop":null},"geometry":{"type":"Point","coordinates":[1.7404,45.08428]}},{"type":"Feature","properties":{"nom":"Langle","genre":"hamlet","rang":4,"pop":null},"geometry":{"type":"Point","coordinates":[1.74184,45.0879]}},{"type":"Feature","properties":{"nom":"Laval","genre":"hamlet","rang":4,"pop":null},"geometry":{"type":"Point","coordinates":[1.75174,45.08373]}},{"type":"Feature","properties":{"nom":"La Poujade","genre":"hamlet","rang":4,"pop":null},"geometry":{"type":"Point","coordinates":[1.75278,45.07961]}},{"type":"Feature","properties":{"nom":"La Range","genre":"hamlet","rang":4,"pop":null},"geometry":{"type":"Point","coordinates":[1.78043,45.03732]}},{"type":"Feature","properties":{"nom":"Marchoux","genre":"hamlet","rang":4,"pop":null},"geometry":{"type":"Point","coordinates":[1.79975,45.02436]}},{"type":"Feature","properties":{"nom":"Vialon","genre":"hamlet","rang":4,"pop":null},"geometry":{"type":"Point","coordinates":[1.79974,45.02779]}},{"type":"Feature","properties":{"nom":"Maleyre","genre":"hamlet","rang":4,"pop":null},"geometry":{"type":"Point","coordinates":[1.92835,45.29169]}},{"type":"Feature","properties":{"nom":"Le Bois Communal","genre":"hamlet","rang":4,"pop":null},"geometry":{"type":"Point","coordinates":[1.48557,45.24945]}},{"type":"Feature","properties":{"nom":"Chassancet","genre":"hamlet","rang":4,"pop":null},"geometry":{"type":"Point","coordinates":[1.73683,45.15531]}},{"type":"Feature","properties":{"nom":"Combe Redonde","genre":"hamlet","rang":4,"pop":null},"geometry":{"type":"Point","coordinates":[1.63837,45.02936]}},{"type":"Feature","properties":{"nom":"La Bourdie","genre":"hamlet","rang":4,"pop":null},"geometry":{"type":"Point","coordinates":[1.69898,44.99862]}},{"type":"Feature","properties":{"nom":"Le Perrier","genre":"hamlet","rang":4,"pop":null},"geometry":{"type":"Point","coordinates":[1.70459,44.99529]}},{"type":"Feature","properties":{"nom":"Sauvagnac","genre":"hamlet","rang":4,"pop":null},"geometry":{"type":"Point","coordinates":[1.64473,45.01649]}},{"type":"Feature","properties":{"nom":"Dorval","genre":"hamlet","rang":4,"pop":null},"geometry":{"type":"Point","coordinates":[1.63881,45.01895]}},{"type":"Feature","properties":{"nom":"Montagnac","genre":"hamlet","rang":4,"pop":null},"geometry":{"type":"Point","coordinates":[1.63541,45.01672]}},{"type":"Feature","properties":{"nom":"Versailles","genre":"hamlet","rang":4,"pop":null},"geometry":{"type":"Point","coordinates":[1.63853,45.03417]}},{"type":"Feature","properties":{"nom":"Baudet","genre":"hamlet","rang":4,"pop":null},"geometry":{"type":"Point","coordinates":[1.64907,45.01959]}},{"type":"Feature","properties":{"nom":"Reynal","genre":"hamlet","rang":4,"pop":null},"geometry":{"type":"Point","coordinates":[1.64226,45.01949]}},{"type":"Feature","properties":{"nom":"La Cave","genre":"hamlet","rang":4,"pop":null},"geometry":{"type":"Point","coordinates":[1.65748,45.01413]}},{"type":"Feature","properties":{"nom":"Ravaille","genre":"hamlet","rang":4,"pop":null},"geometry":{"type":"Point","coordinates":[1.66517,45.02415]}},{"type":"Feature","properties":{"nom":"La Mélie","genre":"hamlet","rang":4,"pop":null},"geometry":{"type":"Point","coordinates":[1.65506,44.99832]}},{"type":"Feature","properties":{"nom":"Les Vayssières","genre":"hamlet","rang":4,"pop":null},"geometry":{"type":"Point","coordinates":[1.6314,45.02811]}},{"type":"Feature","properties":{"nom":"Les Quatre Croix","genre":"hamlet","rang":4,"pop":null},"geometry":{"type":"Point","coordinates":[1.63207,45.03075]}},{"type":"Feature","properties":{"nom":"Les Saules","genre":"hamlet","rang":4,"pop":null},"geometry":{"type":"Point","coordinates":[1.63378,45.03199]}},{"type":"Feature","properties":{"nom":"Les Abreuvoirs","genre":"hamlet","rang":4,"pop":null},"geometry":{"type":"Point","coordinates":[1.62979,45.03506]}},{"type":"Feature","properties":{"nom":"La Coste","genre":"hamlet","rang":4,"pop":null},"geometry":{"type":"Point","coordinates":[1.63346,45.03488]}},{"type":"Feature","properties":{"nom":"Les Voûtes","genre":"hamlet","rang":4,"pop":null},"geometry":{"type":"Point","coordinates":[1.63211,45.03593]}},{"type":"Feature","properties":{"nom":"Traversat","genre":"hamlet","rang":4,"pop":null},"geometry":{"type":"Point","coordinates":[1.62391,45.03277]}},{"type":"Feature","properties":{"nom":"La Bénéchie","genre":"hamlet","rang":4,"pop":null},"geometry":{"type":"Point","coordinates":[1.62476,45.02971]}},{"type":"Feature","properties":{"nom":"Bois Redon","genre":"hamlet","rang":4,"pop":null},"geometry":{"type":"Point","coordinates":[1.6207,45.02965]}},{"type":"Feature","properties":{"nom":"L'Hom","genre":"hamlet","rang":4,"pop":null},"geometry":{"type":"Point","coordinates":[1.62041,45.02476]}},{"type":"Feature","properties":{"nom":"Saint-Palavy Bas","genre":"hamlet","rang":4,"pop":null},"geometry":{"type":"Point","coordinates":[1.62034,45.02142]}},{"type":"Feature","properties":{"nom":"Mas del Bos","genre":"hamlet","rang":4,"pop":null},"geometry":{"type":"Point","coordinates":[1.62636,45.01698]}},{"type":"Feature","properties":{"nom":"La Sudrie","genre":"hamlet","rang":4,"pop":null},"geometry":{"type":"Point","coordinates":[1.63166,45.00376]}},{"type":"Feature","properties":{"nom":"Mauriolles Gachelles","genre":"hamlet","rang":4,"pop":null},"geometry":{"type":"Point","coordinates":[1.64073,45.00054]}},{"type":"Feature","properties":{"nom":"Tessandié","genre":"hamlet","rang":4,"pop":null},"geometry":{"type":"Point","coordinates":[1.65497,45.01285]}},{"type":"Feature","properties":{"nom":"La Borie","genre":"hamlet","rang":4,"pop":null},"geometry":{"type":"Point","coordinates":[1.66555,45.01519]}},{"type":"Feature","properties":{"nom":"Les Vergnes","genre":"hamlet","rang":4,"pop":null},"geometry":{"type":"Point","coordinates":[1.62021,45.28353]}},{"type":"Feature","properties":{"nom":"Le Temple","genre":"hamlet","rang":4,"pop":null},"geometry":{"type":"Point","coordinates":[1.46877,45.2581]}},{"type":"Feature","properties":{"nom":"Liât","genre":"hamlet","rang":4,"pop":null},"geometry":{"type":"Point","coordinates":[1.62503,45.04244]}},{"type":"Feature","properties":{"nom":"Vieillemard","genre":"hamlet","rang":4,"pop":null},"geometry":{"type":"Point","coordinates":[1.90027,45.28364]}},{"type":"Feature","properties":{"nom":"La Cireygeade","genre":"hamlet","rang":4,"pop":null},"geometry":{"type":"Point","coordinates":[1.89662,45.29035]}},{"type":"Feature","properties":{"nom":"Valège","genre":"hamlet","rang":4,"pop":null},"geometry":{"type":"Point","coordinates":[1.66108,45.03784]}},{"type":"Feature","properties":{"nom":"Les Combals","genre":"hamlet","rang":4,"pop":null},"geometry":{"type":"Point","coordinates":[1.64349,45.04423]}},{"type":"Feature","properties":{"nom":"La Bertine","genre":"hamlet","rang":4,"pop":null},"geometry":{"type":"Point","coordinates":[1.64589,45.04391]}},{"type":"Feature","properties":{"nom":"Couzedoux","genre":"hamlet","rang":4,"pop":null},"geometry":{"type":"Point","coordinates":[1.64476,45.05147]}},{"type":"Feature","properties":{"nom":"La Guitardie","genre":"hamlet","rang":4,"pop":null},"geometry":{"type":"Point","coordinates":[1.6488,45.05127]}},{"type":"Feature","properties":{"nom":"Culissie","genre":"hamlet","rang":4,"pop":null},"geometry":{"type":"Point","coordinates":[1.64928,45.04186]}},{"type":"Feature","properties":{"nom":"Rosiers","genre":"hamlet","rang":4,"pop":null},"geometry":{"type":"Point","coordinates":[1.62479,45.0465]}},{"type":"Feature","properties":{"nom":"Péchal","genre":"hamlet","rang":4,"pop":null},"geometry":{"type":"Point","coordinates":[1.62766,45.05013]}},{"type":"Feature","properties":{"nom":"Cognac","genre":"hamlet","rang":4,"pop":null},"geometry":{"type":"Point","coordinates":[1.632,45.08371]}},{"type":"Feature","properties":{"nom":"Charlat","genre":"hamlet","rang":4,"pop":null},"geometry":{"type":"Point","coordinates":[1.66313,45.08241]}},{"type":"Feature","properties":{"nom":"Pierre Taillade","genre":"hamlet","rang":4,"pop":null},"geometry":{"type":"Point","coordinates":[1.67127,45.06407]}},{"type":"Feature","properties":{"nom":"La Blanchie","genre":"hamlet","rang":4,"pop":null},"geometry":{"type":"Point","coordinates":[1.67345,45.01626]}},{"type":"Feature","properties":{"nom":"Feneyrolle","genre":"hamlet","rang":4,"pop":null},"geometry":{"type":"Point","coordinates":[1.68141,45.01287]}},{"type":"Feature","properties":{"nom":"Crauffon","genre":"hamlet","rang":4,"pop":null},"geometry":{"type":"Point","coordinates":[1.70872,45.00187]}},{"type":"Feature","properties":{"nom":"Counouly","genre":"hamlet","rang":4,"pop":null},"geometry":{"type":"Point","coordinates":[1.67399,45.00859]}},{"type":"Feature","properties":{"nom":"Recoudier","genre":"hamlet","rang":4,"pop":null},"geometry":{"type":"Point","coordinates":[1.6681,45.01342]}},{"type":"Feature","properties":{"nom":"La Croix","genre":"hamlet","rang":4,"pop":null},"geometry":{"type":"Point","coordinates":[1.68241,45.00918]}},{"type":"Feature","properties":{"nom":"La Fondial","genre":"hamlet","rang":4,"pop":null},"geometry":{"type":"Point","coordinates":[1.67827,45.00618]}},{"type":"Feature","properties":{"nom":"Les Escures","genre":"hamlet","rang":4,"pop":null},"geometry":{"type":"Point","coordinates":[1.67568,44.99572]}},{"type":"Feature","properties":{"nom":"Saint-Félix","genre":"hamlet","rang":4,"pop":null},"geometry":{"type":"Point","coordinates":[1.68874,44.99155]}},{"type":"Feature","properties":{"nom":"Marzelles","genre":"hamlet","rang":4,"pop":null},"geometry":{"type":"Point","coordinates":[1.59969,45.01062]}},{"type":"Feature","properties":{"nom":"Valeyrac","genre":"hamlet","rang":4,"pop":null},"geometry":{"type":"Point","coordinates":[1.58548,45.03161]}},{"type":"Feature","properties":{"nom":"La Martinie","genre":"hamlet","rang":4,"pop":null},"geometry":{"type":"Point","coordinates":[1.615,45.03539]}},{"type":"Feature","properties":{"nom":"Pommier","genre":"hamlet","rang":4,"pop":null},"geometry":{"type":"Point","coordinates":[1.60742,45.04257]}},{"type":"Feature","properties":{"nom":"Les Treilles","genre":"hamlet","rang":4,"pop":null},"geometry":{"type":"Point","coordinates":[1.61043,45.05104]}},{"type":"Feature","properties":{"nom":"La Pagésie","genre":"hamlet","rang":4,"pop":null},"geometry":{"type":"Point","coordinates":[1.612,45.0543]}},{"type":"Feature","properties":{"nom":"Lafont","genre":"hamlet","rang":4,"pop":null},"geometry":{"type":"Point","coordinates":[1.61394,45.05783]}},{"type":"Feature","properties":{"nom":"Boulou les Roses","genre":"hamlet","rang":4,"pop":null},"geometry":{"type":"Point","coordinates":[1.60102,45.05229]}},{"type":"Feature","properties":{"nom":"Le Peuch","genre":"hamlet","rang":4,"pop":null},"geometry":{"type":"Point","coordinates":[1.59682,45.08235]}},{"type":"Feature","properties":{"nom":"Combarel","genre":"hamlet","rang":4,"pop":null},"geometry":{"type":"Point","coordinates":[1.68303,45.04147]}},{"type":"Feature","properties":{"nom":"Peyrelade","genre":"hamlet","rang":4,"pop":null},"geometry":{"type":"Point","coordinates":[1.686,45.04369]}},{"type":"Feature","properties":{"nom":"Le Mas","genre":"hamlet","rang":4,"pop":null},"geometry":{"type":"Point","coordinates":[1.72508,45.17273]}},{"type":"Feature","properties":{"nom":"Grand Rieux","genre":"hamlet","rang":4,"pop":null},"geometry":{"type":"Point","coordinates":[1.91469,45.14799]}},{"type":"Feature","properties":{"nom":"Le Leyri","genre":"hamlet","rang":4,"pop":null},"geometry":{"type":"Point","coordinates":[1.89001,45.23825]}},{"type":"Feature","properties":{"nom":"Le Poulverel","genre":"hamlet","rang":4,"pop":null},"geometry":{"type":"Point","coordinates":[1.43454,45.26007]}},{"type":"Feature","properties":{"nom":"La Rue","genre":"hamlet","rang":4,"pop":null},"geometry":{"type":"Point","coordinates":[1.53712,45.26608]}},{"type":"Feature","properties":{"nom":"Gorbas","genre":"hamlet","rang":4,"pop":null},"geometry":{"type":"Point","coordinates":[1.3965,45.24534]}},{"type":"Feature","properties":{"nom":"Puy Tudole","genre":"hamlet","rang":4,"pop":null},"geometry":{"type":"Point","coordinates":[1.58696,45.10219]}},{"type":"Feature","properties":{"nom":"Mourajoux","genre":"hamlet","rang":4,"pop":null},"geometry":{"type":"Point","coordinates":[1.51381,45.1157]}},{"type":"Feature","properties":{"nom":"La Vaysse","genre":"hamlet","rang":4,"pop":null},"geometry":{"type":"Point","coordinates":[1.56998,45.05371]}},{"type":"Feature","properties":{"nom":"Le Burg","genre":"hamlet","rang":4,"pop":null},"geometry":{"type":"Point","coordinates":[1.43124,45.21561]}},{"type":"Feature","properties":{"nom":"Cevennes","genre":"hamlet","rang":4,"pop":null},"geometry":{"type":"Point","coordinates":[1.55376,45.24174]}},{"type":"Feature","properties":{"nom":"Rhodes","genre":"hamlet","rang":4,"pop":null},"geometry":{"type":"Point","coordinates":[1.70553,44.99072]}},{"type":"Feature","properties":{"nom":"Neuvialle","genre":"hamlet","rang":4,"pop":null},"geometry":{"type":"Point","coordinates":[1.38008,45.28912]}},{"type":"Feature","properties":{"nom":"Moncoulon","genre":"hamlet","rang":4,"pop":null},"geometry":{"type":"Point","coordinates":[1.50124,45.32298]}},{"type":"Feature","properties":{"nom":"Jenouilhac","genre":"hamlet","rang":4,"pop":null},"geometry":{"type":"Point","coordinates":[1.50387,45.29573]}},{"type":"Feature","properties":{"nom":"Bugeat","genre":"hamlet","rang":4,"pop":null},"geometry":{"type":"Point","coordinates":[1.51667,45.28376]}},{"type":"Feature","properties":{"nom":"Le Peuch","genre":"hamlet","rang":4,"pop":null},"geometry":{"type":"Point","coordinates":[1.56112,45.25786]}},{"type":"Feature","properties":{"nom":"Chauzas","genre":"hamlet","rang":4,"pop":null},"geometry":{"type":"Point","coordinates":[1.5232,45.33556]}},{"type":"Feature","properties":{"nom":"Joujoux","genre":"hamlet","rang":4,"pop":null},"geometry":{"type":"Point","coordinates":[1.61051,45.34513]}},{"type":"Feature","properties":{"nom":"Bouilhac","genre":"hamlet","rang":4,"pop":null},"geometry":{"type":"Point","coordinates":[1.59309,45.33866]}},{"type":"Feature","properties":{"nom":"Les Jarriges","genre":"hamlet","rang":4,"pop":null},"geometry":{"type":"Point","coordinates":[1.63777,45.24897]}},{"type":"Feature","properties":{"nom":"Bessoles","genre":"hamlet","rang":4,"pop":null},"geometry":{"type":"Point","coordinates":[1.70022,45.20456]}},{"type":"Feature","properties":{"nom":"Le Grand Guiral","genre":"hamlet","rang":4,"pop":null},"geometry":{"type":"Point","coordinates":[1.87591,44.94799]}},{"type":"Feature","properties":{"nom":"Les Vayssières","genre":"hamlet","rang":4,"pop":null},"geometry":{"type":"Point","coordinates":[1.63793,45.01388]}},{"type":"Feature","properties":{"nom":"La Brousse","genre":"hamlet","rang":4,"pop":null},"geometry":{"type":"Point","coordinates":[1.72919,45.02854]}},{"type":"Feature","properties":{"nom":"Savignoux","genre":"hamlet","rang":4,"pop":null},"geometry":{"type":"Point","coordinates":[1.78389,45.01201]}},{"type":"Feature","properties":{"nom":"Le Bourg","genre":"hamlet","rang":4,"pop":null},"geometry":{"type":"Point","coordinates":[1.79573,45.02527]}},{"type":"Feature","properties":{"nom":"Les Cabanes de Chaunac","genre":"hamlet","rang":4,"pop":null},"geometry":{"type":"Point","coordinates":[1.72931,45.27312]}},{"type":"Feature","properties":{"nom":"Faugères","genre":"hamlet","rang":4,"pop":null},"geometry":{"type":"Point","coordinates":[1.7548,45.32174]}},{"type":"Feature","properties":{"nom":"Gaillardou","genre":"hamlet","rang":4,"pop":null},"geometry":{"type":"Point","coordinates":[1.64477,45.00709]}},{"type":"Feature","properties":{"nom":"Chaumeil","genre":"hamlet","rang":4,"pop":null},"geometry":{"type":"Point","coordinates":[1.80186,45.05257]}},{"type":"Feature","properties":{"nom":"La Moussarie","genre":"hamlet","rang":4,"pop":null},"geometry":{"type":"Point","coordinates":[1.80456,45.04833]}},{"type":"Feature","properties":{"nom":"le Chassaing","genre":"hamlet","rang":4,"pop":null},"geometry":{"type":"Point","coordinates":[1.78002,45.05575]}},{"type":"Feature","properties":{"nom":"Vaux","genre":"hamlet","rang":4,"pop":null},"geometry":{"type":"Point","coordinates":[1.78316,45.05761]}},{"type":"Feature","properties":{"nom":"Jaubert","genre":"hamlet","rang":4,"pop":null},"geometry":{"type":"Point","coordinates":[1.83866,45.04878]}},{"type":"Feature","properties":{"nom":"le Peuch","genre":"hamlet","rang":4,"pop":null},"geometry":{"type":"Point","coordinates":[1.83584,45.04783]}},{"type":"Feature","properties":{"nom":"Treyssac","genre":"hamlet","rang":4,"pop":null},"geometry":{"type":"Point","coordinates":[1.84741,45.04892]}},{"type":"Feature","properties":{"nom":"Laygues","genre":"hamlet","rang":4,"pop":null},"geometry":{"type":"Point","coordinates":[1.91191,45.0772]}},{"type":"Feature","properties":{"nom":"Lacoste","genre":"hamlet","rang":4,"pop":null},"geometry":{"type":"Point","coordinates":[1.78405,45.06031]}},{"type":"Feature","properties":{"nom":"Lacombe","genre":"hamlet","rang":4,"pop":null},"geometry":{"type":"Point","coordinates":[1.77784,45.0591]}},{"type":"Feature","properties":{"nom":"Grange de Vaux","genre":"hamlet","rang":4,"pop":null},"geometry":{"type":"Point","coordinates":[1.79235,45.05966]}},{"type":"Feature","properties":{"nom":"le Chabanals","genre":"hamlet","rang":4,"pop":null},"geometry":{"type":"Point","coordinates":[1.91537,45.06378]}},{"type":"Feature","properties":{"nom":"Plat","genre":"hamlet","rang":4,"pop":null},"geometry":{"type":"Point","coordinates":[1.69862,44.97411]}},{"type":"Feature","properties":{"nom":"Siran","genre":"hamlet","rang":4,"pop":null},"geometry":{"type":"Point","coordinates":[1.84958,44.98012]}},{"type":"Feature","properties":{"nom":"Sugarde","genre":"hamlet","rang":4,"pop":null},"geometry":{"type":"Point","coordinates":[1.85132,44.98552]}},{"type":"Feature","properties":{"nom":"Camezot","genre":"hamlet","rang":4,"pop":null},"geometry":{"type":"Point","coordinates":[1.86366,44.99615]}},{"type":"Feature","properties":{"nom":"Les Places","genre":"hamlet","rang":4,"pop":null},"geometry":{"type":"Point","coordinates":[1.73559,45.2366]}},{"type":"Feature","properties":{"nom":"Le Mas","genre":"hamlet","rang":4,"pop":null},"geometry":{"type":"Point","coordinates":[1.75657,45.23753]}},{"type":"Feature","properties":{"nom":"La Vésine","genre":"hamlet","rang":4,"pop":null},"geometry":{"type":"Point","coordinates":[1.75032,45.23762]}},{"type":"Feature","properties":{"nom":"Cassou","genre":"hamlet","rang":4,"pop":null},"geometry":{"type":"Point","coordinates":[1.74676,45.2345]}},{"type":"Feature","properties":{"nom":"Lespinat","genre":"hamlet","rang":4,"pop":null},"geometry":{"type":"Point","coordinates":[1.84349,45.08083]}},{"type":"Feature","properties":{"nom":"La Berre","genre":"hamlet","rang":4,"pop":null},"geometry":{"type":"Point","coordinates":[1.84087,45.08275]}},{"type":"Feature","properties":{"nom":"Le Marquisat","genre":"hamlet","rang":4,"pop":null},"geometry":{"type":"Point","coordinates":[1.84818,45.10351]}},{"type":"Feature","properties":{"nom":"Saint-Hilaire-Taurieux","genre":"hamlet","rang":4,"pop":null},"geometry":{"type":"Point","coordinates":[1.84504,45.0668]}},{"type":"Feature","properties":{"nom":"La Blainie","genre":"hamlet","rang":4,"pop":null},"geometry":{"type":"Point","coordinates":[1.84449,45.07053]}},{"type":"Feature","properties":{"nom":"Bois Lafont","genre":"hamlet","rang":4,"pop":null},"geometry":{"type":"Point","coordinates":[1.84258,45.07092]}},{"type":"Feature","properties":{"nom":"La Peyrelevade","genre":"hamlet","rang":4,"pop":null},"geometry":{"type":"Point","coordinates":[1.84104,45.07388]}},{"type":"Feature","properties":{"nom":"Le Puy de Gras","genre":"hamlet","rang":4,"pop":null},"geometry":{"type":"Point","coordinates":[1.83856,45.07509]}},{"type":"Feature","properties":{"nom":"Le Mons","genre":"hamlet","rang":4,"pop":null},"geometry":{"type":"Point","coordinates":[1.8317,45.10676]}},{"type":"Feature","properties":{"nom":"Le Château","genre":"hamlet","rang":4,"pop":null},"geometry":{"type":"Point","coordinates":[1.82886,45.10939]}},{"type":"Feature","properties":{"nom":"La Gendrie","genre":"hamlet","rang":4,"pop":null},"geometry":{"type":"Point","coordinates":[1.82866,45.10616]}},{"type":"Feature","properties":{"nom":"La Valette","genre":"hamlet","rang":4,"pop":null},"geometry":{"type":"Point","coordinates":[1.83554,45.10818]}},{"type":"Feature","properties":{"nom":"Toutou","genre":"hamlet","rang":4,"pop":null},"geometry":{"type":"Point","coordinates":[1.82966,45.03037]}},{"type":"Feature","properties":{"nom":"Le Peuch","genre":"hamlet","rang":4,"pop":null},"geometry":{"type":"Point","coordinates":[1.82895,45.02534]}},{"type":"Feature","properties":{"nom":"Le Prade","genre":"hamlet","rang":4,"pop":null},"geometry":{"type":"Point","coordinates":[1.83402,45.02464]}},{"type":"Feature","properties":{"nom":"Branty","genre":"hamlet","rang":4,"pop":null},"geometry":{"type":"Point","coordinates":[1.57748,45.03672]}},{"type":"Feature","properties":{"nom":"La Commanderie","genre":"hamlet","rang":4,"pop":null},"geometry":{"type":"Point","coordinates":[1.76671,45.15149]}},{"type":"Feature","properties":{"nom":"Les Combes","genre":"hamlet","rang":4,"pop":null},"geometry":{"type":"Point","coordinates":[1.84175,45.13285]}},{"type":"Feature","properties":{"nom":"Le Cheminol","genre":"hamlet","rang":4,"pop":null},"geometry":{"type":"Point","coordinates":[1.81529,45.15208]}},{"type":"Feature","properties":{"nom":"Chastrusse","genre":"hamlet","rang":4,"pop":null},"geometry":{"type":"Point","coordinates":[1.80495,45.1403]}},{"type":"Feature","properties":{"nom":"La Chassagnade","genre":"hamlet","rang":4,"pop":null},"geometry":{"type":"Point","coordinates":[1.84642,45.14483]}},{"type":"Feature","properties":{"nom":"Chantarel","genre":"hamlet","rang":4,"pop":null},"geometry":{"type":"Point","coordinates":[1.78628,45.16101]}},{"type":"Feature","properties":{"nom":"Chabrier","genre":"hamlet","rang":4,"pop":null},"geometry":{"type":"Point","coordinates":[1.77146,45.16417]}},{"type":"Feature","properties":{"nom":"Les Bouteilles","genre":"hamlet","rang":4,"pop":null},"geometry":{"type":"Point","coordinates":[1.82369,45.1502]}},{"type":"Feature","properties":{"nom":"La Borie","genre":"hamlet","rang":4,"pop":null},"geometry":{"type":"Point","coordinates":[1.76593,45.15383]}},{"type":"Feature","properties":{"nom":"Bernicou","genre":"hamlet","rang":4,"pop":null},"geometry":{"type":"Point","coordinates":[1.82353,45.13621]}},{"type":"Feature","properties":{"nom":"Bedenne","genre":"hamlet","rang":4,"pop":null},"geometry":{"type":"Point","coordinates":[1.82151,45.15532]}},{"type":"Feature","properties":{"nom":"Les Bastides","genre":"hamlet","rang":4,"pop":null},"geometry":{"type":"Point","coordinates":[1.82776,45.15195]}},{"type":"Feature","properties":{"nom":"Audubal","genre":"hamlet","rang":4,"pop":null},"geometry":{"type":"Point","coordinates":[1.77506,45.16527]}},{"type":"Feature","properties":{"nom":"Aubiat","genre":"hamlet","rang":4,"pop":null},"geometry":{"type":"Point","coordinates":[1.79036,45.14665]}},{"type":"Feature","properties":{"nom":"Lotissement Le Pré des Ecoles","genre":"hamlet","rang":4,"pop":null},"geometry":{"type":"Point","coordinates":[1.83754,45.13662]}},{"type":"Feature","properties":{"nom":"Teillol","genre":"hamlet","rang":4,"pop":null},"geometry":{"type":"Point","coordinates":[1.79702,45.15997]}},{"type":"Feature","properties":{"nom":"La Sireygeade","genre":"hamlet","rang":4,"pop":null},"geometry":{"type":"Point","coordinates":[1.82486,45.12705]}},{"type":"Feature","properties":{"nom":"Roussanne","genre":"hamlet","rang":4,"pop":null},"geometry":{"type":"Point","coordinates":[1.80567,45.15348]}},{"type":"Feature","properties":{"nom":"Les Rochettes","genre":"hamlet","rang":4,"pop":null},"geometry":{"type":"Point","coordinates":[1.83177,45.12679]}},{"type":"Feature","properties":{"nom":"Roche de Vic Village","genre":"hamlet","rang":4,"pop":null},"geometry":{"type":"Point","coordinates":[1.78652,45.12652]}},{"type":"Feature","properties":{"nom":"Prézat","genre":"hamlet","rang":4,"pop":null},"geometry":{"type":"Point","coordinates":[1.84318,45.12524]}},{"type":"Feature","properties":{"nom":"Le Pouget","genre":"hamlet","rang":4,"pop":null},"geometry":{"type":"Point","coordinates":[1.82095,45.15676]}},{"type":"Feature","properties":{"nom":"La Planche","genre":"hamlet","rang":4,"pop":null},"geometry":{"type":"Point","coordinates":[1.84537,45.14634]}},{"type":"Feature","properties":{"nom":"Le Pilou","genre":"hamlet","rang":4,"pop":null},"geometry":{"type":"Point","coordinates":[1.84216,45.15104]}},{"type":"Feature","properties":{"nom":"Les Oliviers","genre":"hamlet","rang":4,"pop":null},"geometry":{"type":"Point","coordinates":[1.78231,45.13727]}},{"type":"Feature","properties":{"nom":"Les Murels","genre":"hamlet","rang":4,"pop":null},"geometry":{"type":"Point","coordinates":[1.84457,45.13565]}},{"type":"Feature","properties":{"nom":"Les Aiguilles","genre":"hamlet","rang":4,"pop":null},"geometry":{"type":"Point","coordinates":[1.8067,45.15983]}},{"type":"Feature","properties":{"nom":"Le Mazernier","genre":"hamlet","rang":4,"pop":null},"geometry":{"type":"Point","coordinates":[1.84213,45.14673]}},{"type":"Feature","properties":{"nom":"Le Mas","genre":"hamlet","rang":4,"pop":null},"geometry":{"type":"Point","coordinates":[1.8375,45.13509]}},{"type":"Feature","properties":{"nom":"Malmaury","genre":"hamlet","rang":4,"pop":null},"geometry":{"type":"Point","coordinates":[1.83522,45.15213]}},{"type":"Feature","properties":{"nom":"Malbuisson","genre":"hamlet","rang":4,"pop":null},"geometry":{"type":"Point","coordinates":[1.83194,45.13681]}},{"type":"Feature","properties":{"nom":"Madelbos","genre":"hamlet","rang":4,"pop":null},"geometry":{"type":"Point","coordinates":[1.86058,45.13041]}},{"type":"Feature","properties":{"nom":"Leyx","genre":"hamlet","rang":4,"pop":null},"geometry":{"type":"Point","coordinates":[1.77556,45.13255]}},{"type":"Feature","properties":{"nom":"Lestrade","genre":"hamlet","rang":4,"pop":null},"geometry":{"type":"Point","coordinates":[1.80877,45.1527]}},{"type":"Feature","properties":{"nom":"Laumond","genre":"hamlet","rang":4,"pop":null},"geometry":{"type":"Point","coordinates":[1.79726,45.14119]}},{"type":"Feature","properties":{"nom":"Lafage","genre":"hamlet","rang":4,"pop":null},"geometry":{"type":"Point","coordinates":[1.79567,45.12846]}},{"type":"Feature","properties":{"nom":"Lacroix","genre":"hamlet","rang":4,"pop":null},"geometry":{"type":"Point","coordinates":[1.83884,45.15341]}},{"type":"Feature","properties":{"nom":"Lachaud","genre":"hamlet","rang":4,"pop":null},"geometry":{"type":"Point","coordinates":[1.81329,45.12581]}},{"type":"Feature","properties":{"nom":"Jassat","genre":"hamlet","rang":4,"pop":null},"geometry":{"type":"Point","coordinates":[1.82285,45.14812]}},{"type":"Feature","properties":{"nom":"La Gardelle","genre":"hamlet","rang":4,"pop":null},"geometry":{"type":"Point","coordinates":[1.84071,45.13533]}},{"type":"Feature","properties":{"nom":"Le Faurissou","genre":"hamlet","rang":4,"pop":null},"geometry":{"type":"Point","coordinates":[1.82526,45.14562]}},{"type":"Feature","properties":{"nom":"Le Faure","genre":"hamlet","rang":4,"pop":null},"geometry":{"type":"Point","coordinates":[1.83562,45.14247]}},{"type":"Feature","properties":{"nom":"Les Escures","genre":"hamlet","rang":4,"pop":null},"geometry":{"type":"Point","coordinates":[1.79954,45.12166]}},{"type":"Feature","properties":{"nom":"Les Aigueparses","genre":"hamlet","rang":4,"pop":null},"geometry":{"type":"Point","coordinates":[1.84492,45.10823]}},{"type":"Feature","properties":{"nom":"Les Plantades de Lafage","genre":"hamlet","rang":4,"pop":null},"geometry":{"type":"Point","coordinates":[1.79487,45.13162]}},{"type":"Feature","properties":{"nom":"Moulin de la Prade","genre":"hamlet","rang":4,"pop":null},"geometry":{"type":"Point","coordinates":[1.84156,45.13981]}},{"type":"Feature","properties":{"nom":"Lavergne Haut","genre":"hamlet","rang":4,"pop":null},"geometry":{"type":"Point","coordinates":[1.83437,45.15422]}},{"type":"Feature","properties":{"nom":"Lavergne Bas","genre":"hamlet","rang":4,"pop":null},"geometry":{"type":"Point","coordinates":[1.83598,45.15646]}},{"type":"Feature","properties":{"nom":"Les Escures de Lafage","genre":"hamlet","rang":4,"pop":null},"geometry":{"type":"Point","coordinates":[1.80146,45.1237]}},{"type":"Feature","properties":{"nom":"Cascades de Murels","genre":"hamlet","rang":4,"pop":null},"geometry":{"type":"Point","coordinates":[1.8518,45.13999]}},{"type":"Feature","properties":{"nom":"Le Pont Neuf","genre":"hamlet","rang":4,"pop":null},"geometry":{"type":"Point","coordinates":[1.80289,45.14684]}},{"type":"Feature","properties":{"nom":"Pont de la Pierre","genre":"hamlet","rang":4,"pop":null},"geometry":{"type":"Point","coordinates":[1.82932,45.14301]}},{"type":"Feature","properties":{"nom":"Moulin du Faurissou","genre":"hamlet","rang":4,"pop":null},"geometry":{"type":"Point","coordinates":[1.82632,45.14225]}},{"type":"Feature","properties":{"nom":"Moulin de Teilhol","genre":"hamlet","rang":4,"pop":null},"geometry":{"type":"Point","coordinates":[1.79458,45.15617]}},{"type":"Feature","properties":{"nom":"Moulin de Prézat","genre":"hamlet","rang":4,"pop":null},"geometry":{"type":"Point","coordinates":[1.84919,45.13456]}},{"type":"Feature","properties":{"nom":"Moulin de Chastrusse","genre":"hamlet","rang":4,"pop":null},"geometry":{"type":"Point","coordinates":[1.81169,45.14502]}},{"type":"Feature","properties":{"nom":"La Maison Rouge","genre":"hamlet","rang":4,"pop":null},"geometry":{"type":"Point","coordinates":[1.84488,45.1351]}},{"type":"Feature","properties":{"nom":"Maison Grande","genre":"hamlet","rang":4,"pop":null},"geometry":{"type":"Point","coordinates":[1.81983,45.13624]}},{"type":"Feature","properties":{"nom":"Le Bros-Bas","genre":"hamlet","rang":4,"pop":null},"geometry":{"type":"Point","coordinates":[1.84031,45.15517]}},{"type":"Feature","properties":{"nom":"Le Bois des Porcs","genre":"hamlet","rang":4,"pop":null},"geometry":{"type":"Point","coordinates":[1.76154,45.1588]}},{"type":"Feature","properties":{"nom":"Costebille","genre":"hamlet","rang":4,"pop":null},"geometry":{"type":"Point","coordinates":[1.63401,44.99447]}},{"type":"Feature","properties":{"nom":"Foulissard","genre":"hamlet","rang":4,"pop":null},"geometry":{"type":"Point","coordinates":[1.89347,44.99777]}},{"type":"Feature","properties":{"nom":"Maranzat","genre":"hamlet","rang":4,"pop":null},"geometry":{"type":"Point","coordinates":[1.5861,45.10565]}},{"type":"Feature","properties":{"nom":"Poulinat","genre":"hamlet","rang":4,"pop":null},"geometry":{"type":"Point","coordinates":[1.58809,45.10662]}},{"type":"Feature","properties":{"nom":"Puy de l'Hort","genre":"hamlet","rang":4,"pop":null},"geometry":{"type":"Point","coordinates":[1.59637,45.11098]}},{"type":"Feature","properties":{"nom":"Bois Marquet","genre":"hamlet","rang":4,"pop":null},"geometry":{"type":"Point","coordinates":[1.59786,45.09625]}},{"type":"Feature","properties":{"nom":"Les Roches","genre":"hamlet","rang":4,"pop":null},"geometry":{"type":"Point","coordinates":[1.59025,45.108]}},{"type":"Feature","properties":{"nom":"Freygefond","genre":"hamlet","rang":4,"pop":null},"geometry":{"type":"Point","coordinates":[1.60523,45.08499]}},{"type":"Feature","properties":{"nom":"Chabrignac","genre":"hamlet","rang":4,"pop":null},"geometry":{"type":"Point","coordinates":[1.60451,45.07924]}},{"type":"Feature","properties":{"nom":"La Genestal","genre":"hamlet","rang":4,"pop":null},"geometry":{"type":"Point","coordinates":[1.612,45.0797]}},{"type":"Feature","properties":{"nom":"La Ramiere","genre":"hamlet","rang":4,"pop":null},"geometry":{"type":"Point","coordinates":[1.61891,45.08997]}},{"type":"Feature","properties":{"nom":"Coignac","genre":"hamlet","rang":4,"pop":null},"geometry":{"type":"Point","coordinates":[1.64401,45.15888]}},{"type":"Feature","properties":{"nom":"Balager","genre":"hamlet","rang":4,"pop":null},"geometry":{"type":"Point","coordinates":[1.66522,44.98738]}},{"type":"Feature","properties":{"nom":"La Lathyère","genre":"hamlet","rang":4,"pop":null},"geometry":{"type":"Point","coordinates":[1.88025,45.05661]}},{"type":"Feature","properties":{"nom":"La Jonchère","genre":"hamlet","rang":4,"pop":null},"geometry":{"type":"Point","coordinates":[1.87433,45.05178]}},{"type":"Feature","properties":{"nom":"Le Theil","genre":"hamlet","rang":4,"pop":null},"geometry":{"type":"Point","coordinates":[1.87923,45.09534]}},{"type":"Feature","properties":{"nom":"Les Poynes","genre":"hamlet","rang":4,"pop":null},"geometry":{"type":"Point","coordinates":[1.48957,45.15582]}},{"type":"Feature","properties":{"nom":"Leconet","genre":"hamlet","rang":4,"pop":null},"geometry":{"type":"Point","coordinates":[2.15993,45.10013]}},{"type":"Feature","properties":{"nom":"Combret","genre":"hamlet","rang":4,"pop":null},"geometry":{"type":"Point","coordinates":[2.22423,45.08563]}},{"type":"Feature","properties":{"nom":"Longairoux","genre":"hamlet","rang":4,"pop":null},"geometry":{"type":"Point","coordinates":[2.23338,45.07816]}},{"type":"Feature","properties":{"nom":"Chasternac","genre":"hamlet","rang":4,"pop":null},"geometry":{"type":"Point","coordinates":[2.44462,45.15914]}},{"type":"Feature","properties":{"nom":"Gare de Saint-Hillaire","genre":"hamlet","rang":4,"pop":null},"geometry":{"type":"Point","coordinates":[2.11717,45.31951]}},{"type":"Feature","properties":{"nom":"Vasséjoux","genre":"hamlet","rang":4,"pop":null},"geometry":{"type":"Point","coordinates":[2.16752,45.27777]}},{"type":"Feature","properties":{"nom":"Puyméjoux","genre":"hamlet","rang":4,"pop":null},"geometry":{"type":"Point","coordinates":[2.15863,45.28648]}},{"type":"Feature","properties":{"nom":"Le Breuil","genre":"hamlet","rang":4,"pop":null},"geometry":{"type":"Point","coordinates":[2.21203,45.24973]}},{"type":"Feature","properties":{"nom":"Martin","genre":"hamlet","rang":4,"pop":null},"geometry":{"type":"Point","coordinates":[2.16896,45.28629]}},{"type":"Feature","properties":{"nom":"Faugeras","genre":"hamlet","rang":4,"pop":null},"geometry":{"type":"Point","coordinates":[2.14425,45.30797]}},{"type":"Feature","properties":{"nom":"La Charlanne","genre":"hamlet","rang":4,"pop":null},"geometry":{"type":"Point","coordinates":[2.16688,45.30694]}},{"type":"Feature","properties":{"nom":"Le Tilliol","genre":"hamlet","rang":4,"pop":null},"geometry":{"type":"Point","coordinates":[2.14816,45.31037]}},{"type":"Feature","properties":{"nom":"Laborie","genre":"hamlet","rang":4,"pop":null},"geometry":{"type":"Point","coordinates":[2.15469,45.30913]}},{"type":"Feature","properties":{"nom":"Le Breuil","genre":"hamlet","rang":4,"pop":null},"geometry":{"type":"Point","coordinates":[2.13423,45.29849]}},{"type":"Feature","properties":{"nom":"Laporte","genre":"hamlet","rang":4,"pop":null},"geometry":{"type":"Point","coordinates":[2.14516,45.29785]}},{"type":"Feature","properties":{"nom":"Le Chaud","genre":"hamlet","rang":4,"pop":null},"geometry":{"type":"Point","coordinates":[2.26566,45.07981]}},{"type":"Feature","properties":{"nom":"Chantal-Lavialle","genre":"hamlet","rang":4,"pop":null},"geometry":{"type":"Point","coordinates":[2.30411,45.08634]}},{"type":"Feature","properties":{"nom":"Le Tilleul","genre":"hamlet","rang":4,"pop":null},"geometry":{"type":"Point","coordinates":[2.29478,45.09098]}},{"type":"Feature","properties":{"nom":"Chablat","genre":"hamlet","rang":4,"pop":null},"geometry":{"type":"Point","coordinates":[2.29139,45.08931]}},{"type":"Feature","properties":{"nom":"Moulin des Treize Vents","genre":"hamlet","rang":4,"pop":null},"geometry":{"type":"Point","coordinates":[2.31096,45.07511]}},{"type":"Feature","properties":{"nom":"Le Mont","genre":"hamlet","rang":4,"pop":null},"geometry":{"type":"Point","coordinates":[2.30804,45.08486]}},{"type":"Feature","properties":{"nom":"Chantal-Péricot","genre":"hamlet","rang":4,"pop":null},"geometry":{"type":"Point","coordinates":[2.2873,45.0806]}},{"type":"Feature","properties":{"nom":"La Regaldie","genre":"hamlet","rang":4,"pop":null},"geometry":{"type":"Point","coordinates":[2.30969,45.09224]}},{"type":"Feature","properties":{"nom":"Sept Fons","genre":"hamlet","rang":4,"pop":null},"geometry":{"type":"Point","coordinates":[2.33084,45.0871]}},{"type":"Feature","properties":{"nom":"Le Four","genre":"hamlet","rang":4,"pop":null},"geometry":{"type":"Point","coordinates":[2.33556,45.08619]}},{"type":"Feature","properties":{"nom":"Le Puech","genre":"hamlet","rang":4,"pop":null},"geometry":{"type":"Point","coordinates":[2.3062,45.09215]}},{"type":"Feature","properties":{"nom":"Laroumeix","genre":"hamlet","rang":4,"pop":null},"geometry":{"type":"Point","coordinates":[2.33899,45.08845]}},{"type":"Feature","properties":{"nom":"Puy de Malrieu","genre":"hamlet","rang":4,"pop":null},"geometry":{"type":"Point","coordinates":[2.33255,45.09989]}},{"type":"Feature","properties":{"nom":"Domal","genre":"hamlet","rang":4,"pop":null},"geometry":{"type":"Point","coordinates":[2.32665,45.10048]}},{"type":"Feature","properties":{"nom":"La Borderie","genre":"hamlet","rang":4,"pop":null},"geometry":{"type":"Point","coordinates":[2.33501,45.10993]}},{"type":"Feature","properties":{"nom":"La Charlane","genre":"hamlet","rang":4,"pop":null},"geometry":{"type":"Point","coordinates":[2.34115,45.33346]}},{"type":"Feature","properties":{"nom":"Clémensac","genre":"hamlet","rang":4,"pop":null},"geometry":{"type":"Point","coordinates":[2.33216,45.33334]}},{"type":"Feature","properties":{"nom":"Les Âges","genre":"hamlet","rang":4,"pop":null},"geometry":{"type":"Point","coordinates":[2.29907,45.32662]}},{"type":"Feature","properties":{"nom":"La Renaudie","genre":"hamlet","rang":4,"pop":null},"geometry":{"type":"Point","coordinates":[2.30023,45.33522]}},{"type":"Feature","properties":{"nom":"Besse","genre":"hamlet","rang":4,"pop":null},"geometry":{"type":"Point","coordinates":[2.31113,45.335]}},{"type":"Feature","properties":{"nom":"La Rousserie","genre":"hamlet","rang":4,"pop":null},"geometry":{"type":"Point","coordinates":[2.29603,45.35001]}},{"type":"Feature","properties":{"nom":"Custrac","genre":"hamlet","rang":4,"pop":null},"geometry":{"type":"Point","coordinates":[2.38163,45.15822]}},{"type":"Feature","properties":{"nom":"Enchanet","genre":"hamlet","rang":4,"pop":null},"geometry":{"type":"Point","coordinates":[2.20426,45.08856]}},{"type":"Feature","properties":{"nom":"Dilhac","genre":"hamlet","rang":4,"pop":null},"geometry":{"type":"Point","coordinates":[2.14852,44.9859]}},{"type":"Feature","properties":{"nom":"La Montagne","genre":"hamlet","rang":4,"pop":null},"geometry":{"type":"Point","coordinates":[2.1857,45.01461]}},{"type":"Feature","properties":{"nom":"Le Couderc","genre":"hamlet","rang":4,"pop":null},"geometry":{"type":"Point","coordinates":[2.16626,45.0012]}},{"type":"Feature","properties":{"nom":"Nebouzac","genre":"hamlet","rang":4,"pop":null},"geometry":{"type":"Point","coordinates":[2.20309,45.1357]}},{"type":"Feature","properties":{"nom":"Le Verdier","genre":"hamlet","rang":4,"pop":null},"geometry":{"type":"Point","coordinates":[2.25914,45.12418]}},{"type":"Feature","properties":{"nom":"Beth","genre":"hamlet","rang":4,"pop":null},"geometry":{"type":"Point","coordinates":[2.24203,45.14695]}},{"type":"Feature","properties":{"nom":"Leiges","genre":"hamlet","rang":4,"pop":null},"geometry":{"type":"Point","coordinates":[2.25124,45.14474]}},{"type":"Feature","properties":{"nom":"Vabres","genre":"hamlet","rang":4,"pop":null},"geometry":{"type":"Point","coordinates":[2.26928,45.12115]}},{"type":"Feature","properties":{"nom":"La Bourgeade","genre":"hamlet","rang":4,"pop":null},"geometry":{"type":"Point","coordinates":[2.20256,45.12674]}},{"type":"Feature","properties":{"nom":"Reyt","genre":"hamlet","rang":4,"pop":null},"geometry":{"type":"Point","coordinates":[2.17449,45.11645]}},{"type":"Feature","properties":{"nom":"Salvagnac","genre":"hamlet","rang":4,"pop":null},"geometry":{"type":"Point","coordinates":[2.18753,45.12409]}},{"type":"Feature","properties":{"nom":"Aymons","genre":"hamlet","rang":4,"pop":null},"geometry":{"type":"Point","coordinates":[2.30515,45.25113]}},{"type":"Feature","properties":{"nom":"Aynes","genre":"hamlet","rang":4,"pop":null},"geometry":{"type":"Point","coordinates":[2.21726,45.23369]}},{"type":"Feature","properties":{"nom":"Crouzit-Bas","genre":"hamlet","rang":4,"pop":null},"geometry":{"type":"Point","coordinates":[2.27251,45.22407]}},{"type":"Feature","properties":{"nom":"Doumis","genre":"hamlet","rang":4,"pop":null},"geometry":{"type":"Point","coordinates":[2.23956,45.22606]}},{"type":"Feature","properties":{"nom":"Firmigoux","genre":"hamlet","rang":4,"pop":null},"geometry":{"type":"Point","coordinates":[2.25031,45.24823]}},{"type":"Feature","properties":{"nom":"La Forestie","genre":"hamlet","rang":4,"pop":null},"geometry":{"type":"Point","coordinates":[2.28171,45.25884]}},{"type":"Feature","properties":{"nom":"Lavergne","genre":"hamlet","rang":4,"pop":null},"geometry":{"type":"Point","coordinates":[2.26863,45.24186]}},{"type":"Feature","properties":{"nom":"Le Peyrou","genre":"hamlet","rang":4,"pop":null},"geometry":{"type":"Point","coordinates":[2.23615,45.23905]}},{"type":"Feature","properties":{"nom":"Rivière","genre":"hamlet","rang":4,"pop":null},"geometry":{"type":"Point","coordinates":[1.95356,45.15143]}},{"type":"Feature","properties":{"nom":"Espinat","genre":"hamlet","rang":4,"pop":null},"geometry":{"type":"Point","coordinates":[2.23944,45.01834]}},{"type":"Feature","properties":{"nom":"Albart","genre":"hamlet","rang":4,"pop":null},"geometry":{"type":"Point","coordinates":[2.29759,45.06271]}},{"type":"Feature","properties":{"nom":"Bariac","genre":"hamlet","rang":4,"pop":null},"geometry":{"type":"Point","coordinates":[2.30459,45.0732]}},{"type":"Feature","properties":{"nom":"Camps","genre":"hamlet","rang":4,"pop":null},"geometry":{"type":"Point","coordinates":[2.33839,45.04956]}},{"type":"Feature","properties":{"nom":"Carmontes","genre":"hamlet","rang":4,"pop":null},"geometry":{"type":"Point","coordinates":[2.30259,45.03901]}},{"type":"Feature","properties":{"nom":"Caussin","genre":"hamlet","rang":4,"pop":null},"geometry":{"type":"Point","coordinates":[2.33841,45.04663]}},{"type":"Feature","properties":{"nom":"Darnis","genre":"hamlet","rang":4,"pop":null},"geometry":{"type":"Point","coordinates":[2.32853,45.07144]}},{"type":"Feature","properties":{"nom":"Le Flouroux","genre":"hamlet","rang":4,"pop":null},"geometry":{"type":"Point","coordinates":[2.27747,45.05421]}},{"type":"Feature","properties":{"nom":"La Maison Rouge","genre":"hamlet","rang":4,"pop":null},"geometry":{"type":"Point","coordinates":[2.32054,45.05002]}},{"type":"Feature","properties":{"nom":"Lacamp","genre":"hamlet","rang":4,"pop":null},"geometry":{"type":"Point","coordinates":[2.3425,45.05211]}},{"type":"Feature","properties":{"nom":"Lacroqueille","genre":"hamlet","rang":4,"pop":null},"geometry":{"type":"Point","coordinates":[2.30354,45.06426]}},{"type":"Feature","properties":{"nom":"Lafon","genre":"hamlet","rang":4,"pop":null},"geometry":{"type":"Point","coordinates":[2.34115,45.05929]}},{"type":"Feature","properties":{"nom":"Lalande","genre":"hamlet","rang":4,"pop":null},"geometry":{"type":"Point","coordinates":[2.34917,45.05818]}},{"type":"Feature","properties":{"nom":"Lasserre","genre":"hamlet","rang":4,"pop":null},"geometry":{"type":"Point","coordinates":[2.35614,45.06045]}},{"type":"Feature","properties":{"nom":"Laveissière","genre":"hamlet","rang":4,"pop":null},"geometry":{"type":"Point","coordinates":[2.29309,45.05213]}},{"type":"Feature","properties":{"nom":"Le Bouissou","genre":"hamlet","rang":4,"pop":null},"geometry":{"type":"Point","coordinates":[2.29273,45.05738]}},{"type":"Feature","properties":{"nom":"Le Bruel","genre":"hamlet","rang":4,"pop":null},"geometry":{"type":"Point","coordinates":[2.31043,45.05928]}},{"type":"Feature","properties":{"nom":"Le Cassan","genre":"hamlet","rang":4,"pop":null},"geometry":{"type":"Point","coordinates":[2.32016,45.06103]}},{"type":"Feature","properties":{"nom":"Le Couderc","genre":"hamlet","rang":4,"pop":null},"geometry":{"type":"Point","coordinates":[2.2735,45.06742]}},{"type":"Feature","properties":{"nom":"Le Fau","genre":"hamlet","rang":4,"pop":null},"geometry":{"type":"Point","coordinates":[2.35197,45.06414]}},{"type":"Feature","properties":{"nom":"Le Poux","genre":"hamlet","rang":4,"pop":null},"geometry":{"type":"Point","coordinates":[2.34701,45.0562]}},{"type":"Feature","properties":{"nom":"Le Verdier","genre":"hamlet","rang":4,"pop":null},"geometry":{"type":"Point","coordinates":[2.26843,45.06692]}},{"type":"Feature","properties":{"nom":"Leygues","genre":"hamlet","rang":4,"pop":null},"geometry":{"type":"Point","coordinates":[2.29744,45.06078]}},{"type":"Feature","properties":{"nom":"Moulin de Puech-Mège","genre":"hamlet","rang":4,"pop":null},"geometry":{"type":"Point","coordinates":[2.32711,45.04174]}},{"type":"Feature","properties":{"nom":"Parieu-Bas","genre":"hamlet","rang":4,"pop":null},"geometry":{"type":"Point","coordinates":[2.27591,45.05003]}},{"type":"Feature","properties":{"nom":"Veillant","genre":"hamlet","rang":4,"pop":null},"geometry":{"type":"Point","coordinates":[2.30197,45.04274]}},{"type":"Feature","properties":{"nom":"Vergne","genre":"hamlet","rang":4,"pop":null},"geometry":{"type":"Point","coordinates":[2.32358,45.05236]}},{"type":"Feature","properties":{"nom":"Dezéjouls","genre":"hamlet","rang":4,"pop":null},"geometry":{"type":"Point","coordinates":[2.11358,45.18935]}},{"type":"Feature","properties":{"nom":"Bois de Lempre","genre":"hamlet","rang":4,"pop":null},"geometry":{"type":"Point","coordinates":[2.42834,45.35065]}},{"type":"Feature","properties":{"nom":"Chabannes","genre":"hamlet","rang":4,"pop":null},"geometry":{"type":"Point","coordinates":[2.13308,45.28741]}},{"type":"Feature","properties":{"nom":"Miginiac","genre":"hamlet","rang":4,"pop":null},"geometry":{"type":"Point","coordinates":[1.95704,45.30677]}},{"type":"Feature","properties":{"nom":"Lalo","genre":"hamlet","rang":4,"pop":null},"geometry":{"type":"Point","coordinates":[2.14249,45.21316]}},{"type":"Feature","properties":{"nom":"La Besse","genre":"hamlet","rang":4,"pop":null},"geometry":{"type":"Point","coordinates":[2.14699,45.1632]}},{"type":"Feature","properties":{"nom":"Labouldoire","genre":"hamlet","rang":4,"pop":null},"geometry":{"type":"Point","coordinates":[2.13196,45.22226]}},{"type":"Feature","properties":{"nom":"Job","genre":"hamlet","rang":4,"pop":null},"geometry":{"type":"Point","coordinates":[2.12496,45.21539]}},{"type":"Feature","properties":{"nom":"Auteroche","genre":"hamlet","rang":4,"pop":null},"geometry":{"type":"Point","coordinates":[2.47361,45.29895]}},{"type":"Feature","properties":{"nom":"Chastanat","genre":"hamlet","rang":4,"pop":null},"geometry":{"type":"Point","coordinates":[2.47724,45.31238]}},{"type":"Feature","properties":{"nom":"La Serre","genre":"hamlet","rang":4,"pop":null},"geometry":{"type":"Point","coordinates":[2.50525,45.28672]}},{"type":"Feature","properties":{"nom":"Lagat","genre":"hamlet","rang":4,"pop":null},"geometry":{"type":"Point","coordinates":[2.46623,45.29807]}},{"type":"Feature","properties":{"nom":"Lazeroux","genre":"hamlet","rang":4,"pop":null},"geometry":{"type":"Point","coordinates":[2.49302,45.29109]}},{"type":"Feature","properties":{"nom":"Milhac","genre":"hamlet","rang":4,"pop":null},"geometry":{"type":"Point","coordinates":[2.48416,45.31406]}},{"type":"Feature","properties":{"nom":"Ribes","genre":"hamlet","rang":4,"pop":null},"geometry":{"type":"Point","coordinates":[2.49746,45.31595]}},{"type":"Feature","properties":{"nom":"Trappes","genre":"hamlet","rang":4,"pop":null},"geometry":{"type":"Point","coordinates":[2.49694,45.31175]}},{"type":"Feature","properties":{"nom":"Ventèges","genre":"hamlet","rang":4,"pop":null},"geometry":{"type":"Point","coordinates":[2.48534,45.30669]}},{"type":"Feature","properties":{"nom":"Conrut","genre":"hamlet","rang":4,"pop":null},"geometry":{"type":"Point","coordinates":[2.38149,45.24199]}},{"type":"Feature","properties":{"nom":"Lamirande","genre":"hamlet","rang":4,"pop":null},"geometry":{"type":"Point","coordinates":[2.25217,45.27889]}},{"type":"Feature","properties":{"nom":"Crouzit-Haut","genre":"hamlet","rang":4,"pop":null},"geometry":{"type":"Point","coordinates":[2.28546,45.22311]}},{"type":"Feature","properties":{"nom":"Brousse","genre":"hamlet","rang":4,"pop":null},"geometry":{"type":"Point","coordinates":[2.21522,45.05192]}},{"type":"Feature","properties":{"nom":"Cavarnac","genre":"hamlet","rang":4,"pop":null},"geometry":{"type":"Point","coordinates":[2.25229,45.05665]}},{"type":"Feature","properties":{"nom":"Lacan","genre":"hamlet","rang":4,"pop":null},"geometry":{"type":"Point","coordinates":[2.23182,45.06194]}},{"type":"Feature","properties":{"nom":"Le Raynal","genre":"hamlet","rang":4,"pop":null},"geometry":{"type":"Point","coordinates":[2.24556,45.07435]}},{"type":"Feature","properties":{"nom":"Le Rouffet","genre":"hamlet","rang":4,"pop":null},"geometry":{"type":"Point","coordinates":[2.24514,45.0585]}},{"type":"Feature","properties":{"nom":"Longuevergne","genre":"hamlet","rang":4,"pop":null},"geometry":{"type":"Point","coordinates":[2.24097,45.06364]}},{"type":"Feature","properties":{"nom":"Marcenat","genre":"hamlet","rang":4,"pop":null},"geometry":{"type":"Point","coordinates":[2.2365,45.04956]}},{"type":"Feature","properties":{"nom":"Progiès","genre":"hamlet","rang":4,"pop":null},"geometry":{"type":"Point","coordinates":[2.22324,45.04598]}},{"type":"Feature","properties":{"nom":"Sacède","genre":"hamlet","rang":4,"pop":null},"geometry":{"type":"Point","coordinates":[2.24503,45.04796]}},{"type":"Feature","properties":{"nom":"Saint-Rouffy","genre":"hamlet","rang":4,"pop":null},"geometry":{"type":"Point","coordinates":[2.19756,45.06872]}},{"type":"Feature","properties":{"nom":"Selves","genre":"hamlet","rang":4,"pop":null},"geometry":{"type":"Point","coordinates":[2.21427,45.0549]}},{"type":"Feature","properties":{"nom":"Vabre","genre":"hamlet","rang":4,"pop":null},"geometry":{"type":"Point","coordinates":[2.23056,45.0667]}},{"type":"Feature","properties":{"nom":"Cas","genre":"hamlet","rang":4,"pop":null},"geometry":{"type":"Point","coordinates":[2.23766,44.99519]}},{"type":"Feature","properties":{"nom":"Cazaret","genre":"hamlet","rang":4,"pop":null},"geometry":{"type":"Point","coordinates":[2.24829,45.01209]}},{"type":"Feature","properties":{"nom":"Combret","genre":"hamlet","rang":4,"pop":null},"geometry":{"type":"Point","coordinates":[2.25079,45.02184]}},{"type":"Feature","properties":{"nom":"La Croix des Menettes","genre":"hamlet","rang":4,"pop":null},"geometry":{"type":"Point","coordinates":[2.25642,45.01854]}},{"type":"Feature","properties":{"nom":"La Fourne","genre":"hamlet","rang":4,"pop":null},"geometry":{"type":"Point","coordinates":[2.21923,45.03442]}},{"type":"Feature","properties":{"nom":"Les Vialles","genre":"hamlet","rang":4,"pop":null},"geometry":{"type":"Point","coordinates":[2.23055,45.0063]}},{"type":"Feature","properties":{"nom":"Louiset","genre":"hamlet","rang":4,"pop":null},"geometry":{"type":"Point","coordinates":[2.2614,45.03198]}},{"type":"Feature","properties":{"nom":"Monédières","genre":"hamlet","rang":4,"pop":null},"geometry":{"type":"Point","coordinates":[2.20388,45.00741]}},{"type":"Feature","properties":{"nom":"Pruns","genre":"hamlet","rang":4,"pop":null},"geometry":{"type":"Point","coordinates":[2.26586,45.01792]}},{"type":"Feature","properties":{"nom":"Sagnabous","genre":"hamlet","rang":4,"pop":null},"geometry":{"type":"Point","coordinates":[2.2009,44.99562]}},{"type":"Feature","properties":{"nom":"Saint-Ramès","genre":"hamlet","rang":4,"pop":null},"geometry":{"type":"Point","coordinates":[2.20533,45.02899]}},{"type":"Feature","properties":{"nom":"Sialès","genre":"hamlet","rang":4,"pop":null},"geometry":{"type":"Point","coordinates":[2.2546,45.0211]}},{"type":"Feature","properties":{"nom":"Uzols","genre":"hamlet","rang":4,"pop":null},"geometry":{"type":"Point","coordinates":[2.24169,45.03468]}},{"type":"Feature","properties":{"nom":"Vergnes","genre":"hamlet","rang":4,"pop":null},"geometry":{"type":"Point","coordinates":[2.25149,45.01835]}},{"type":"Feature","properties":{"nom":"Branugues","genre":"hamlet","rang":4,"pop":null},"geometry":{"type":"Point","coordinates":[2.22075,44.98687]}},{"type":"Feature","properties":{"nom":"La Terrade","genre":"hamlet","rang":4,"pop":null},"geometry":{"type":"Point","coordinates":[2.28331,45.02785]}},{"type":"Feature","properties":{"nom":"Le Bos Haut","genre":"hamlet","rang":4,"pop":null},"geometry":{"type":"Point","coordinates":[2.29547,45.02175]}},{"type":"Feature","properties":{"nom":"Cabannes","genre":"hamlet","rang":4,"pop":null},"geometry":{"type":"Point","coordinates":[2.09439,44.96681]}},{"type":"Feature","properties":{"nom":"La Remise-Haute","genre":"hamlet","rang":4,"pop":null},"geometry":{"type":"Point","coordinates":[2.13283,44.95854]}},{"type":"Feature","properties":{"nom":"Lasbordes","genre":"hamlet","rang":4,"pop":null},"geometry":{"type":"Point","coordinates":[2.13523,44.97065]}},{"type":"Feature","properties":{"nom":"Lasbrairies","genre":"hamlet","rang":4,"pop":null},"geometry":{"type":"Point","coordinates":[2.12616,44.96933]}},{"type":"Feature","properties":{"nom":"Le Sern","genre":"hamlet","rang":4,"pop":null},"geometry":{"type":"Point","coordinates":[2.12462,44.97203]}},{"type":"Feature","properties":{"nom":"Bancarel","genre":"hamlet","rang":4,"pop":null},"geometry":{"type":"Point","coordinates":[2.13283,44.96367]}},{"type":"Feature","properties":{"nom":"Artiges","genre":"hamlet","rang":4,"pop":null},"geometry":{"type":"Point","coordinates":[2.11729,45.15938]}},{"type":"Feature","properties":{"nom":"Escoussac","genre":"hamlet","rang":4,"pop":null},"geometry":{"type":"Point","coordinates":[2.10927,45.16672]}},{"type":"Feature","properties":{"nom":"Le Bech","genre":"hamlet","rang":4,"pop":null},"geometry":{"type":"Point","coordinates":[2.10846,45.17483]}},{"type":"Feature","properties":{"nom":"Le Bos","genre":"hamlet","rang":4,"pop":null},"geometry":{"type":"Point","coordinates":[2.07266,45.1557]}},{"type":"Feature","properties":{"nom":"Serre","genre":"hamlet","rang":4,"pop":null},"geometry":{"type":"Point","coordinates":[2.29538,45.23496]}},{"type":"Feature","properties":{"nom":"Fontloube","genre":"hamlet","rang":4,"pop":null},"geometry":{"type":"Point","coordinates":[2.28386,45.331]}},{"type":"Feature","properties":{"nom":"Le Buisson","genre":"hamlet","rang":4,"pop":null},"geometry":{"type":"Point","coordinates":[2.01678,45.18739]}},{"type":"Feature","properties":{"nom":"Murat","genre":"hamlet","rang":4,"pop":null},"geometry":{"type":"Point","coordinates":[2.02134,45.19022]}},{"type":"Feature","properties":{"nom":"Lalauze","genre":"hamlet","rang":4,"pop":null},"geometry":{"type":"Point","coordinates":[2.18238,44.98058]}},{"type":"Feature","properties":{"nom":"Cristelle","genre":"hamlet","rang":4,"pop":null},"geometry":{"type":"Point","coordinates":[2.17981,44.98034]}},{"type":"Feature","properties":{"nom":"Montplaisir","genre":"hamlet","rang":4,"pop":null},"geometry":{"type":"Point","coordinates":[2.18262,44.98318]}},{"type":"Feature","properties":{"nom":"Lacamp-Bas","genre":"hamlet","rang":4,"pop":null},"geometry":{"type":"Point","coordinates":[2.18215,44.98688]}},{"type":"Feature","properties":{"nom":"Vernis Bas","genre":"hamlet","rang":4,"pop":null},"geometry":{"type":"Point","coordinates":[2.19579,44.98108]}},{"type":"Feature","properties":{"nom":"Couderc","genre":"hamlet","rang":4,"pop":null},"geometry":{"type":"Point","coordinates":[2.17561,44.97964]}},{"type":"Feature","properties":{"nom":"La Croix de Pierre","genre":"hamlet","rang":4,"pop":null},"geometry":{"type":"Point","coordinates":[2.17736,44.98479]}},{"type":"Feature","properties":{"nom":"Lestancou","genre":"hamlet","rang":4,"pop":null},"geometry":{"type":"Point","coordinates":[2.18087,44.99209]}},{"type":"Feature","properties":{"nom":"Calau","genre":"hamlet","rang":4,"pop":null},"geometry":{"type":"Point","coordinates":[2.22271,45.09398]}},{"type":"Feature","properties":{"nom":"Chastres","genre":"hamlet","rang":4,"pop":null},"geometry":{"type":"Point","coordinates":[2.09532,45.32575]}},{"type":"Feature","properties":{"nom":"La Sanguinière","genre":"hamlet","rang":4,"pop":null},"geometry":{"type":"Point","coordinates":[2.09636,45.3467]}},{"type":"Feature","properties":{"nom":"Lespinassouze","genre":"hamlet","rang":4,"pop":null},"geometry":{"type":"Point","coordinates":[2.0748,45.34939]}},{"type":"Feature","properties":{"nom":"Vieban","genre":"hamlet","rang":4,"pop":null},"geometry":{"type":"Point","coordinates":[2.10728,45.32275]}},{"type":"Feature","properties":{"nom":"Pradines","genre":"hamlet","rang":4,"pop":null},"geometry":{"type":"Point","coordinates":[2.13046,45.34425]}},{"type":"Feature","properties":{"nom":"Marcouyeux","genre":"hamlet","rang":4,"pop":null},"geometry":{"type":"Point","coordinates":[2.0614,45.32703]}},{"type":"Feature","properties":{"nom":"Fioux","genre":"hamlet","rang":4,"pop":null},"geometry":{"type":"Point","coordinates":[2.0195,45.33]}},{"type":"Feature","properties":{"nom":"La Ramade","genre":"hamlet","rang":4,"pop":null},"geometry":{"type":"Point","coordinates":[2.03405,45.31771]}},{"type":"Feature","properties":{"nom":"Puyhabilier","genre":"hamlet","rang":4,"pop":null},"geometry":{"type":"Point","coordinates":[2.0711,45.31539]}},{"type":"Feature","properties":{"nom":"Chabannes","genre":"hamlet","rang":4,"pop":null},"geometry":{"type":"Point","coordinates":[2.41597,45.26281]}},{"type":"Feature","properties":{"nom":"Claveyres","genre":"hamlet","rang":4,"pop":null},"geometry":{"type":"Point","coordinates":[2.4204,45.24455]}},{"type":"Feature","properties":{"nom":"Broussolles","genre":"hamlet","rang":4,"pop":null},"geometry":{"type":"Point","coordinates":[2.43321,45.30275]}},{"type":"Feature","properties":{"nom":"Le Monteil","genre":"hamlet","rang":4,"pop":null},"geometry":{"type":"Point","coordinates":[2.42422,45.3051]}},{"type":"Feature","properties":{"nom":"Boissières","genre":"hamlet","rang":4,"pop":null},"geometry":{"type":"Point","coordinates":[2.35792,45.25136]}},{"type":"Feature","properties":{"nom":"Bouriannes","genre":"hamlet","rang":4,"pop":null},"geometry":{"type":"Point","coordinates":[2.34561,45.26389]}},{"type":"Feature","properties":{"nom":"Embrassac","genre":"hamlet","rang":4,"pop":null},"geometry":{"type":"Point","coordinates":[2.36427,45.28848]}},{"type":"Feature","properties":{"nom":"Estillols","genre":"hamlet","rang":4,"pop":null},"geometry":{"type":"Point","coordinates":[2.38874,45.2606]}},{"type":"Feature","properties":{"nom":"Le Burdou","genre":"hamlet","rang":4,"pop":null},"geometry":{"type":"Point","coordinates":[2.37243,45.25382]}},{"type":"Feature","properties":{"nom":"Pradel","genre":"hamlet","rang":4,"pop":null},"geometry":{"type":"Point","coordinates":[2.38007,45.2747]}},{"type":"Feature","properties":{"nom":"Rossignol","genre":"hamlet","rang":4,"pop":null},"geometry":{"type":"Point","coordinates":[2.10913,45.30917]}},{"type":"Feature","properties":{"nom":"Boussac","genre":"hamlet","rang":4,"pop":null},"geometry":{"type":"Point","coordinates":[1.9897,44.95416]}},{"type":"Feature","properties":{"nom":"Candes","genre":"hamlet","rang":4,"pop":null},"geometry":{"type":"Point","coordinates":[1.96973,44.94706]}},{"type":"Feature","properties":{"nom":"Bacheluze","genre":"hamlet","rang":4,"pop":null},"geometry":{"type":"Point","coordinates":[2.49585,45.223]}},{"type":"Feature","properties":{"nom":"Celles","genre":"hamlet","rang":4,"pop":null},"geometry":{"type":"Point","coordinates":[2.46471,45.24873]}},{"type":"Feature","properties":{"nom":"Ferluc Haut","genre":"hamlet","rang":4,"pop":null},"geometry":{"type":"Point","coordinates":[2.43815,45.24152]}},{"type":"Feature","properties":{"nom":"Fressanges","genre":"hamlet","rang":4,"pop":null},"geometry":{"type":"Point","coordinates":[2.49316,45.22787]}},{"type":"Feature","properties":{"nom":"Jalhac","genre":"hamlet","rang":4,"pop":null},"geometry":{"type":"Point","coordinates":[2.44948,45.22732]}},{"type":"Feature","properties":{"nom":"Labro","genre":"hamlet","rang":4,"pop":null},"geometry":{"type":"Point","coordinates":[2.47562,45.2221]}},{"type":"Feature","properties":{"nom":"Vareilles","genre":"hamlet","rang":4,"pop":null},"geometry":{"type":"Point","coordinates":[2.45199,45.24695]}},{"type":"Feature","properties":{"nom":"Veysset","genre":"hamlet","rang":4,"pop":null},"geometry":{"type":"Point","coordinates":[2.44667,45.2404]}},{"type":"Feature","properties":{"nom":"Moncelle","genre":"hamlet","rang":4,"pop":null},"geometry":{"type":"Point","coordinates":[2.40028,45.13008]}},{"type":"Feature","properties":{"nom":"Brousse","genre":"hamlet","rang":4,"pop":null},"geometry":{"type":"Point","coordinates":[2.41687,45.31606]}},{"type":"Feature","properties":{"nom":"Charlus","genre":"hamlet","rang":4,"pop":null},"geometry":{"type":"Point","coordinates":[2.39507,45.32216]}},{"type":"Feature","properties":{"nom":"Lachamp","genre":"hamlet","rang":4,"pop":null},"geometry":{"type":"Point","coordinates":[2.39106,45.32507]}},{"type":"Feature","properties":{"nom":"Montgroux","genre":"hamlet","rang":4,"pop":null},"geometry":{"type":"Point","coordinates":[2.39752,45.30396]}},{"type":"Feature","properties":{"nom":"Parensol","genre":"hamlet","rang":4,"pop":null},"geometry":{"type":"Point","coordinates":[2.39483,45.31569]}},{"type":"Feature","properties":{"nom":"Val Bassignac","genre":"hamlet","rang":4,"pop":null},"geometry":{"type":"Point","coordinates":[2.38829,45.28342]}},{"type":"Feature","properties":{"nom":"Freyssinet","genre":"hamlet","rang":4,"pop":null},"geometry":{"type":"Point","coordinates":[2.37294,45.31652]}},{"type":"Feature","properties":{"nom":"Furlanges","genre":"hamlet","rang":4,"pop":null},"geometry":{"type":"Point","coordinates":[2.36444,45.30815]}},{"type":"Feature","properties":{"nom":"Le Mas","genre":"hamlet","rang":4,"pop":null},"geometry":{"type":"Point","coordinates":[2.37897,45.31235]}},{"type":"Feature","properties":{"nom":"Tiolade","genre":"hamlet","rang":4,"pop":null},"geometry":{"type":"Point","coordinates":[2.35929,45.31675]}},{"type":"Feature","properties":{"nom":"Nussanes","genre":"hamlet","rang":4,"pop":null},"geometry":{"type":"Point","coordinates":[2.0116,45.29161]}},{"type":"Feature","properties":{"nom":"Chabrière","genre":"hamlet","rang":4,"pop":null},"geometry":{"type":"Point","coordinates":[2.01276,45.29777]}},{"type":"Feature","properties":{"nom":"Chauzeix","genre":"hamlet","rang":4,"pop":null},"geometry":{"type":"Point","coordinates":[1.96102,45.26986]}},{"type":"Feature","properties":{"nom":"Lecout","genre":"hamlet","rang":4,"pop":null},"geometry":{"type":"Point","coordinates":[2.16924,45.10392]}},{"type":"Feature","properties":{"nom":"Maniac","genre":"hamlet","rang":4,"pop":null},"geometry":{"type":"Point","coordinates":[2.22653,45.11395]}},{"type":"Feature","properties":{"nom":"Lherm","genre":"hamlet","rang":4,"pop":null},"geometry":{"type":"Point","coordinates":[2.21877,45.11402]}},{"type":"Feature","properties":{"nom":"Dix Maisons","genre":"hamlet","rang":4,"pop":null},"geometry":{"type":"Point","coordinates":[2.21934,45.09796]}},{"type":"Feature","properties":{"nom":"Clamoux","genre":"hamlet","rang":4,"pop":null},"geometry":{"type":"Point","coordinates":[2.18628,45.10844]}},{"type":"Feature","properties":{"nom":"Le Vielh","genre":"hamlet","rang":4,"pop":null},"geometry":{"type":"Point","coordinates":[2.23781,45.12254]}},{"type":"Feature","properties":{"nom":"Triniac","genre":"hamlet","rang":4,"pop":null},"geometry":{"type":"Point","coordinates":[2.21686,45.14416]}},{"type":"Feature","properties":{"nom":"La Brousse","genre":"hamlet","rang":4,"pop":null},"geometry":{"type":"Point","coordinates":[2.20495,45.15069]}},{"type":"Feature","properties":{"nom":"Granoux","genre":"hamlet","rang":4,"pop":null},"geometry":{"type":"Point","coordinates":[2.22291,45.15289]}},{"type":"Feature","properties":{"nom":"Rolière","genre":"hamlet","rang":4,"pop":null},"geometry":{"type":"Point","coordinates":[2.19483,45.15511]}},{"type":"Feature","properties":{"nom":"Soumeyrat","genre":"hamlet","rang":4,"pop":null},"geometry":{"type":"Point","coordinates":[2.20417,45.17285]}},{"type":"Feature","properties":{"nom":"Visis","genre":"hamlet","rang":4,"pop":null},"geometry":{"type":"Point","coordinates":[2.22135,45.16626]}},{"type":"Feature","properties":{"nom":"Saligoux","genre":"hamlet","rang":4,"pop":null},"geometry":{"type":"Point","coordinates":[2.22626,45.1748]}},{"type":"Feature","properties":{"nom":"Vassieres","genre":"hamlet","rang":4,"pop":null},"geometry":{"type":"Point","coordinates":[2.24132,45.16542]}},{"type":"Feature","properties":{"nom":"Loudies","genre":"hamlet","rang":4,"pop":null},"geometry":{"type":"Point","coordinates":[2.2413,45.1607]}},{"type":"Feature","properties":{"nom":"Lagrillère","genre":"hamlet","rang":4,"pop":null},"geometry":{"type":"Point","coordinates":[2.2336,45.17736]}},{"type":"Feature","properties":{"nom":"Le Chaumeil","genre":"hamlet","rang":4,"pop":null},"geometry":{"type":"Point","coordinates":[2.23428,45.16955]}},{"type":"Feature","properties":{"nom":"Le Moulin du Jaladis","genre":"hamlet","rang":4,"pop":null},"geometry":{"type":"Point","coordinates":[2.15408,45.11205]}},{"type":"Feature","properties":{"nom":"Le Jaladis","genre":"hamlet","rang":4,"pop":null},"geometry":{"type":"Point","coordinates":[2.14809,45.11334]}},{"type":"Feature","properties":{"nom":"La Porte","genre":"hamlet","rang":4,"pop":null},"geometry":{"type":"Point","coordinates":[2.14481,45.10403]}},{"type":"Feature","properties":{"nom":"Vidal","genre":"hamlet","rang":4,"pop":null},"geometry":{"type":"Point","coordinates":[2.14068,45.10034]}},{"type":"Feature","properties":{"nom":"Sagiran","genre":"hamlet","rang":4,"pop":null},"geometry":{"type":"Point","coordinates":[2.12912,45.10751]}},{"type":"Feature","properties":{"nom":"Vaurs","genre":"hamlet","rang":4,"pop":null},"geometry":{"type":"Point","coordinates":[2.11549,45.0952]}},{"type":"Feature","properties":{"nom":"Plaziat","genre":"hamlet","rang":4,"pop":null},"geometry":{"type":"Point","coordinates":[1.99027,45.25922]}},{"type":"Feature","properties":{"nom":"La Valette","genre":"hamlet","rang":4,"pop":null},"geometry":{"type":"Point","coordinates":[1.99069,45.24951]}},{"type":"Feature","properties":{"nom":"Le Feyt","genre":"hamlet","rang":4,"pop":null},"geometry":{"type":"Point","coordinates":[1.95084,45.24503]}},{"type":"Feature","properties":{"nom":"Le Theil","genre":"hamlet","rang":4,"pop":null},"geometry":{"type":"Point","coordinates":[1.96211,45.24652]}},{"type":"Feature","properties":{"nom":"La Vialatte Basse","genre":"hamlet","rang":4,"pop":null},"geometry":{"type":"Point","coordinates":[1.99399,45.30117]}},{"type":"Feature","properties":{"nom":"Coudert","genre":"hamlet","rang":4,"pop":null},"geometry":{"type":"Point","coordinates":[1.94493,45.27757]}},{"type":"Feature","properties":{"nom":"Charles Haut","genre":"hamlet","rang":4,"pop":null},"geometry":{"type":"Point","coordinates":[1.99581,45.25734]}},{"type":"Feature","properties":{"nom":"Ceyrat","genre":"hamlet","rang":4,"pop":null},"geometry":{"type":"Point","coordinates":[2.06594,45.29375]}},{"type":"Feature","properties":{"nom":"Bech","genre":"hamlet","rang":4,"pop":null},"geometry":{"type":"Point","coordinates":[2.04322,45.30173]}},{"type":"Feature","properties":{"nom":"Vergne","genre":"hamlet","rang":4,"pop":null},"geometry":{"type":"Point","coordinates":[2.05635,45.24057]}},{"type":"Feature","properties":{"nom":"Theil Haut","genre":"hamlet","rang":4,"pop":null},"geometry":{"type":"Point","coordinates":[2.04153,45.24245]}},{"type":"Feature","properties":{"nom":"Bournol","genre":"hamlet","rang":4,"pop":null},"geometry":{"type":"Point","coordinates":[2.02494,45.25278]}},{"type":"Feature","properties":{"nom":"Combalier","genre":"hamlet","rang":4,"pop":null},"geometry":{"type":"Point","coordinates":[1.93333,45.03939]}},{"type":"Feature","properties":{"nom":"Miche","genre":"hamlet","rang":4,"pop":null},"geometry":{"type":"Point","coordinates":[2.31937,45.08388]}},{"type":"Feature","properties":{"nom":"Le Feyt","genre":"hamlet","rang":4,"pop":null},"geometry":{"type":"Point","coordinates":[1.98552,45.32392]}},{"type":"Feature","properties":{"nom":"Sévezergue","genre":"hamlet","rang":4,"pop":null},"geometry":{"type":"Point","coordinates":[1.97299,45.30388]}},{"type":"Feature","properties":{"nom":"Les Aldières","genre":"hamlet","rang":4,"pop":null},"geometry":{"type":"Point","coordinates":[2.48278,45.21484]}},{"type":"Feature","properties":{"nom":"Espradels","genre":"hamlet","rang":4,"pop":null},"geometry":{"type":"Point","coordinates":[2.43819,45.21798]}},{"type":"Feature","properties":{"nom":"Pons","genre":"hamlet","rang":4,"pop":null},"geometry":{"type":"Point","coordinates":[2.42522,45.22846]}},{"type":"Feature","properties":{"nom":"Pépanie","genre":"hamlet","rang":4,"pop":null},"geometry":{"type":"Point","coordinates":[2.48078,45.21198]}},{"type":"Feature","properties":{"nom":"Voleyrac","genre":"hamlet","rang":4,"pop":null},"geometry":{"type":"Point","coordinates":[2.42589,45.2146]}},{"type":"Feature","properties":{"nom":"Maleprade","genre":"hamlet","rang":4,"pop":null},"geometry":{"type":"Point","coordinates":[2.46548,45.21448]}},{"type":"Feature","properties":{"nom":"Montclard","genre":"hamlet","rang":4,"pop":null},"geometry":{"type":"Point","coordinates":[2.45723,45.20562]}},{"type":"Feature","properties":{"nom":"Noux","genre":"hamlet","rang":4,"pop":null},"geometry":{"type":"Point","coordinates":[2.47047,45.20056]}},{"type":"Feature","properties":{"nom":"Fournols","genre":"hamlet","rang":4,"pop":null},"geometry":{"type":"Point","coordinates":[2.48733,45.20243]}},{"type":"Feature","properties":{"nom":"Haut Bagnac","genre":"hamlet","rang":4,"pop":null},"geometry":{"type":"Point","coordinates":[2.44188,45.18267]}},{"type":"Feature","properties":{"nom":"La Bastide","genre":"hamlet","rang":4,"pop":null},"geometry":{"type":"Point","coordinates":[2.41329,45.22223]}},{"type":"Feature","properties":{"nom":"Le Breuil","genre":"hamlet","rang":4,"pop":null},"geometry":{"type":"Point","coordinates":[2.47225,45.1863]}},{"type":"Feature","properties":{"nom":"Le Caire","genre":"hamlet","rang":4,"pop":null},"geometry":{"type":"Point","coordinates":[2.4212,45.21422]}},{"type":"Feature","properties":{"nom":"Le Chambon","genre":"hamlet","rang":4,"pop":null},"geometry":{"type":"Point","coordinates":[2.41656,45.19391]}},{"type":"Feature","properties":{"nom":"Le Cheix","genre":"hamlet","rang":4,"pop":null},"geometry":{"type":"Point","coordinates":[2.45728,45.19115]}},{"type":"Feature","properties":{"nom":"Le Viaureau","genre":"hamlet","rang":4,"pop":null},"geometry":{"type":"Point","coordinates":[2.46214,45.18942]}},{"type":"Feature","properties":{"nom":"Nuzerolles","genre":"hamlet","rang":4,"pop":null},"geometry":{"type":"Point","coordinates":[2.45991,45.18177]}},{"type":"Feature","properties":{"nom":"Pradelles","genre":"hamlet","rang":4,"pop":null},"geometry":{"type":"Point","coordinates":[2.41689,45.21718]}},{"type":"Feature","properties":{"nom":"Sarrette","genre":"hamlet","rang":4,"pop":null},"geometry":{"type":"Point","coordinates":[2.43737,45.18914]}},{"type":"Feature","properties":{"nom":"Balliergues","genre":"hamlet","rang":4,"pop":null},"geometry":{"type":"Point","coordinates":[2.43003,45.2223]}},{"type":"Feature","properties":{"nom":"Lavergne","genre":"hamlet","rang":4,"pop":null},"geometry":{"type":"Point","coordinates":[2.45348,45.31075]}},{"type":"Feature","properties":{"nom":"Ardit","genre":"hamlet","rang":4,"pop":null},"geometry":{"type":"Point","coordinates":[2.466,45.3043]}},{"type":"Feature","properties":{"nom":"Les Mirandes","genre":"hamlet","rang":4,"pop":null},"geometry":{"type":"Point","coordinates":[2.45937,45.29726]}},{"type":"Feature","properties":{"nom":"Barbary","genre":"hamlet","rang":4,"pop":null},"geometry":{"type":"Point","coordinates":[2.39736,45.22967]}},{"type":"Feature","properties":{"nom":"La Blavadie","genre":"hamlet","rang":4,"pop":null},"geometry":{"type":"Point","coordinates":[2.37283,45.24523]}},{"type":"Feature","properties":{"nom":"La Charreyre","genre":"hamlet","rang":4,"pop":null},"geometry":{"type":"Point","coordinates":[2.36425,45.24534]}},{"type":"Feature","properties":{"nom":"Neyrecombe","genre":"hamlet","rang":4,"pop":null},"geometry":{"type":"Point","coordinates":[2.39347,45.237]}},{"type":"Feature","properties":{"nom":"Verlhac le Jeune","genre":"hamlet","rang":4,"pop":null},"geometry":{"type":"Point","coordinates":[2.35798,45.2054]}},{"type":"Feature","properties":{"nom":"Verlhac le Vieux","genre":"hamlet","rang":4,"pop":null},"geometry":{"type":"Point","coordinates":[2.34662,45.19967]}},{"type":"Feature","properties":{"nom":"La Roche de Chambres","genre":"hamlet","rang":4,"pop":null},"geometry":{"type":"Point","coordinates":[2.2554,45.1527]}},{"type":"Feature","properties":{"nom":"Apcher","genre":"hamlet","rang":4,"pop":null},"geometry":{"type":"Point","coordinates":[2.36417,45.17867]}},{"type":"Feature","properties":{"nom":"Maissac","genre":"hamlet","rang":4,"pop":null},"geometry":{"type":"Point","coordinates":[2.35459,45.14902]}},{"type":"Feature","properties":{"nom":"Chameyrac","genre":"hamlet","rang":4,"pop":null},"geometry":{"type":"Point","coordinates":[2.27255,45.15177]}},{"type":"Feature","properties":{"nom":"Escladines","genre":"hamlet","rang":4,"pop":null},"geometry":{"type":"Point","coordinates":[2.28325,45.15439]}},{"type":"Feature","properties":{"nom":"Le Pouget","genre":"hamlet","rang":4,"pop":null},"geometry":{"type":"Point","coordinates":[2.30758,45.15072]}},{"type":"Feature","properties":{"nom":"Langlade","genre":"hamlet","rang":4,"pop":null},"geometry":{"type":"Point","coordinates":[2.30733,45.14163]}},{"type":"Feature","properties":{"nom":"L'Hospital","genre":"hamlet","rang":4,"pop":null},"geometry":{"type":"Point","coordinates":[1.93707,45.07417]}},{"type":"Feature","properties":{"nom":"Le Buisson","genre":"hamlet","rang":4,"pop":null},"geometry":{"type":"Point","coordinates":[2.07477,45.26867]}},{"type":"Feature","properties":{"nom":"Gramont","genre":"hamlet","rang":4,"pop":null},"geometry":{"type":"Point","coordinates":[2.00283,45.17468]}},{"type":"Feature","properties":{"nom":"Laplaze","genre":"hamlet","rang":4,"pop":null},"geometry":{"type":"Point","coordinates":[2.00232,45.17675]}},{"type":"Feature","properties":{"nom":"Le Seyt","genre":"hamlet","rang":4,"pop":null},"geometry":{"type":"Point","coordinates":[2.01152,45.18219]}},{"type":"Feature","properties":{"nom":"Le Martinet","genre":"hamlet","rang":4,"pop":null},"geometry":{"type":"Point","coordinates":[2.0125,45.17928]}},{"type":"Feature","properties":{"nom":"Soumaille","genre":"hamlet","rang":4,"pop":null},"geometry":{"type":"Point","coordinates":[2.01598,45.20131]}},{"type":"Feature","properties":{"nom":"Magnac","genre":"hamlet","rang":4,"pop":null},"geometry":{"type":"Point","coordinates":[1.99226,45.19152]}},{"type":"Feature","properties":{"nom":"Doumail","genre":"hamlet","rang":4,"pop":null},"geometry":{"type":"Point","coordinates":[1.99031,45.20359]}},{"type":"Feature","properties":{"nom":"La Farge","genre":"hamlet","rang":4,"pop":null},"geometry":{"type":"Point","coordinates":[1.97869,45.18326]}},{"type":"Feature","properties":{"nom":"Imont","genre":"hamlet","rang":4,"pop":null},"geometry":{"type":"Point","coordinates":[1.97471,45.16966]}},{"type":"Feature","properties":{"nom":"Rame","genre":"hamlet","rang":4,"pop":null},"geometry":{"type":"Point","coordinates":[1.97864,45.17629]}},{"type":"Feature","properties":{"nom":"Aussoleil","genre":"hamlet","rang":4,"pop":null},"geometry":{"type":"Point","coordinates":[1.96593,45.17301]}},{"type":"Feature","properties":{"nom":"Yzorche","genre":"hamlet","rang":4,"pop":null},"geometry":{"type":"Point","coordinates":[1.95872,45.169]}},{"type":"Feature","properties":{"nom":"Lavastroux","genre":"hamlet","rang":4,"pop":null},"geometry":{"type":"Point","coordinates":[2.00023,45.15815]}},{"type":"Feature","properties":{"nom":"Le Pic","genre":"hamlet","rang":4,"pop":null},"geometry":{"type":"Point","coordinates":[1.97236,45.14702]}},{"type":"Feature","properties":{"nom":"Laborie","genre":"hamlet","rang":4,"pop":null},"geometry":{"type":"Point","coordinates":[1.98385,45.13912]}},{"type":"Feature","properties":{"nom":"La Forsse","genre":"hamlet","rang":4,"pop":null},"geometry":{"type":"Point","coordinates":[1.97092,45.13339]}},{"type":"Feature","properties":{"nom":"Les Bordes","genre":"hamlet","rang":4,"pop":null},"geometry":{"type":"Point","coordinates":[2.13762,45.24704]}},{"type":"Feature","properties":{"nom":"L'Échamel","genre":"hamlet","rang":4,"pop":null},"geometry":{"type":"Point","coordinates":[2.14605,45.24568]}},{"type":"Feature","properties":{"nom":"L'Herbeil","genre":"hamlet","rang":4,"pop":null},"geometry":{"type":"Point","coordinates":[2.13199,45.24201]}},{"type":"Feature","properties":{"nom":"May","genre":"hamlet","rang":4,"pop":null},"geometry":{"type":"Point","coordinates":[2.18744,45.25605]}},{"type":"Feature","properties":{"nom":"Fageolle","genre":"hamlet","rang":4,"pop":null},"geometry":{"type":"Point","coordinates":[2.4217,45.17822]}},{"type":"Feature","properties":{"nom":"Menterolles","genre":"hamlet","rang":4,"pop":null},"geometry":{"type":"Point","coordinates":[2.45217,45.20101]}},{"type":"Feature","properties":{"nom":"Veillères","genre":"hamlet","rang":4,"pop":null},"geometry":{"type":"Point","coordinates":[2.41212,45.15204]}},{"type":"Feature","properties":{"nom":"Boussac","genre":"hamlet","rang":4,"pop":null},"geometry":{"type":"Point","coordinates":[2.42725,45.15345]}},{"type":"Feature","properties":{"nom":"Ruzolles","genre":"hamlet","rang":4,"pop":null},"geometry":{"type":"Point","coordinates":[2.44273,45.15063]}},{"type":"Feature","properties":{"nom":"Giroux","genre":"hamlet","rang":4,"pop":null},"geometry":{"type":"Point","coordinates":[2.41828,45.1397]}},{"type":"Feature","properties":{"nom":"Merlhac","genre":"hamlet","rang":4,"pop":null},"geometry":{"type":"Point","coordinates":[2.39513,45.15282]}},{"type":"Feature","properties":{"nom":"Theil","genre":"hamlet","rang":4,"pop":null},"geometry":{"type":"Point","coordinates":[2.40116,45.17087]}},{"type":"Feature","properties":{"nom":"Champs","genre":"hamlet","rang":4,"pop":null},"geometry":{"type":"Point","coordinates":[2.4038,45.15898]}},{"type":"Feature","properties":{"nom":"Teulet","genre":"hamlet","rang":4,"pop":null},"geometry":{"type":"Point","coordinates":[2.13288,44.99597]}},{"type":"Feature","properties":{"nom":"Puy Merle","genre":"hamlet","rang":4,"pop":null},"geometry":{"type":"Point","coordinates":[1.97922,45.27239]}},{"type":"Feature","properties":{"nom":"Les Fontenelles","genre":"hamlet","rang":4,"pop":null},"geometry":{"type":"Point","coordinates":[1.97462,45.26739]}},{"type":"Feature","properties":{"nom":"Rouffianges","genre":"hamlet","rang":4,"pop":null},"geometry":{"type":"Point","coordinates":[2.21896,45.32597]}},{"type":"Feature","properties":{"nom":"Laborie","genre":"hamlet","rang":4,"pop":null},"geometry":{"type":"Point","coordinates":[2.19925,45.32058]}},{"type":"Feature","properties":{"nom":"Lapougne","genre":"hamlet","rang":4,"pop":null},"geometry":{"type":"Point","coordinates":[2.19414,45.31717]}},{"type":"Feature","properties":{"nom":"La Croix","genre":"hamlet","rang":4,"pop":null},"geometry":{"type":"Point","coordinates":[2.19241,45.31538]}},{"type":"Feature","properties":{"nom":"La Chevalerie","genre":"hamlet","rang":4,"pop":null},"geometry":{"type":"Point","coordinates":[2.20099,45.3147]}},{"type":"Feature","properties":{"nom":"Goux","genre":"hamlet","rang":4,"pop":null},"geometry":{"type":"Point","coordinates":[2.19395,45.30638]}},{"type":"Feature","properties":{"nom":"Le Trémont","genre":"hamlet","rang":4,"pop":null},"geometry":{"type":"Point","coordinates":[2.19384,45.30871]}},{"type":"Feature","properties":{"nom":"La Vieille Église","genre":"hamlet","rang":4,"pop":null},"geometry":{"type":"Point","coordinates":[2.18454,45.30738]}},{"type":"Feature","properties":{"nom":"Pers","genre":"hamlet","rang":4,"pop":null},"geometry":{"type":"Point","coordinates":[2.07396,45.0908]}},{"type":"Feature","properties":{"nom":"Saint-Jean","genre":"hamlet","rang":4,"pop":null},"geometry":{"type":"Point","coordinates":[2.30849,45.21456]}},{"type":"Feature","properties":{"nom":"Saint-Thomas","genre":"hamlet","rang":4,"pop":null},"geometry":{"type":"Point","coordinates":[2.31537,45.2115]}},{"type":"Feature","properties":{"nom":"Lavergne","genre":"hamlet","rang":4,"pop":null},"geometry":{"type":"Point","coordinates":[2.27166,45.20063]}},{"type":"Feature","properties":{"nom":"La Thiolière","genre":"hamlet","rang":4,"pop":null},"geometry":{"type":"Point","coordinates":[2.2695,45.20193]}},{"type":"Feature","properties":{"nom":"Les Coudesous","genre":"hamlet","rang":4,"pop":null},"geometry":{"type":"Point","coordinates":[2.24582,45.22341]}},{"type":"Feature","properties":{"nom":"Les Vergnes","genre":"hamlet","rang":4,"pop":null},"geometry":{"type":"Point","coordinates":[2.25406,45.22527]}},{"type":"Feature","properties":{"nom":"Les Bouiges","genre":"hamlet","rang":4,"pop":null},"geometry":{"type":"Point","coordinates":[2.26784,45.22435]}},{"type":"Feature","properties":{"nom":"Essoudie","genre":"hamlet","rang":4,"pop":null},"geometry":{"type":"Point","coordinates":[2.26853,45.22043]}},{"type":"Feature","properties":{"nom":"Libouroux","genre":"hamlet","rang":4,"pop":null},"geometry":{"type":"Point","coordinates":[2.10934,45.257]}},{"type":"Feature","properties":{"nom":"Lascaux","genre":"hamlet","rang":4,"pop":null},"geometry":{"type":"Point","coordinates":[2.10713,45.25141]}},{"type":"Feature","properties":{"nom":"Dillanges","genre":"hamlet","rang":4,"pop":null},"geometry":{"type":"Point","coordinates":[2.11148,45.24894]}},{"type":"Feature","properties":{"nom":"La Chapeloune","genre":"hamlet","rang":4,"pop":null},"geometry":{"type":"Point","coordinates":[2.09483,45.23081]}},{"type":"Feature","properties":{"nom":"Les Charbonniers","genre":"hamlet","rang":4,"pop":null},"geometry":{"type":"Point","coordinates":[2.09196,45.22796]}},{"type":"Feature","properties":{"nom":"Le Bousquet","genre":"hamlet","rang":4,"pop":null},"geometry":{"type":"Point","coordinates":[2.081,45.23461]}},{"type":"Feature","properties":{"nom":"Beunac","genre":"hamlet","rang":4,"pop":null},"geometry":{"type":"Point","coordinates":[2.08536,45.23734]}},{"type":"Feature","properties":{"nom":"Le Peuch","genre":"hamlet","rang":4,"pop":null},"geometry":{"type":"Point","coordinates":[2.08011,45.24981]}},{"type":"Feature","properties":{"nom":"La Vedrenne","genre":"hamlet","rang":4,"pop":null},"geometry":{"type":"Point","coordinates":[2.07828,45.24644]}},{"type":"Feature","properties":{"nom":"Le Massoubre","genre":"hamlet","rang":4,"pop":null},"geometry":{"type":"Point","coordinates":[2.08258,45.23985]}},{"type":"Feature","properties":{"nom":"Coiral","genre":"hamlet","rang":4,"pop":null},"geometry":{"type":"Point","coordinates":[2.094,45.27261]}},{"type":"Feature","properties":{"nom":"Les Borderies","genre":"hamlet","rang":4,"pop":null},"geometry":{"type":"Point","coordinates":[2.08784,45.27508]}},{"type":"Feature","properties":{"nom":"Le Grolier","genre":"hamlet","rang":4,"pop":null},"geometry":{"type":"Point","coordinates":[2.10737,45.27267]}},{"type":"Feature","properties":{"nom":"Prauvialle","genre":"hamlet","rang":4,"pop":null},"geometry":{"type":"Point","coordinates":[2.09804,45.28551]}},{"type":"Feature","properties":{"nom":"La Jarrige","genre":"hamlet","rang":4,"pop":null},"geometry":{"type":"Point","coordinates":[2.12497,45.26424]}},{"type":"Feature","properties":{"nom":"Le Saleix","genre":"hamlet","rang":4,"pop":null},"geometry":{"type":"Point","coordinates":[2.12659,45.27352]}},{"type":"Feature","properties":{"nom":"Le Theil","genre":"hamlet","rang":4,"pop":null},"geometry":{"type":"Point","coordinates":[2.18346,45.14722]}},{"type":"Feature","properties":{"nom":"Lestrade","genre":"hamlet","rang":4,"pop":null},"geometry":{"type":"Point","coordinates":[2.19539,45.14538]}},{"type":"Feature","properties":{"nom":"La Chalmette","genre":"hamlet","rang":4,"pop":null},"geometry":{"type":"Point","coordinates":[2.17675,45.15205]}},{"type":"Feature","properties":{"nom":"Le Caillou","genre":"hamlet","rang":4,"pop":null},"geometry":{"type":"Point","coordinates":[2.19266,45.16265]}},{"type":"Feature","properties":{"nom":"Le Pomeyrol","genre":"hamlet","rang":4,"pop":null},"geometry":{"type":"Point","coordinates":[2.19385,45.18172]}},{"type":"Feature","properties":{"nom":"Maugant","genre":"hamlet","rang":4,"pop":null},"geometry":{"type":"Point","coordinates":[2.18647,45.18248]}},{"type":"Feature","properties":{"nom":"Le Viminier","genre":"hamlet","rang":4,"pop":null},"geometry":{"type":"Point","coordinates":[2.18507,45.18625]}},{"type":"Feature","properties":{"nom":"La Serre","genre":"hamlet","rang":4,"pop":null},"geometry":{"type":"Point","coordinates":[2.19557,45.19522]}},{"type":"Feature","properties":{"nom":"Eybret","genre":"hamlet","rang":4,"pop":null},"geometry":{"type":"Point","coordinates":[2.17211,45.17944]}},{"type":"Feature","properties":{"nom":"Polprat","genre":"hamlet","rang":4,"pop":null},"geometry":{"type":"Point","coordinates":[2.17669,45.1728]}},{"type":"Feature","properties":{"nom":"Lacombe","genre":"hamlet","rang":4,"pop":null},"geometry":{"type":"Point","coordinates":[2.17695,45.16683]}},{"type":"Feature","properties":{"nom":"Charel","genre":"hamlet","rang":4,"pop":null},"geometry":{"type":"Point","coordinates":[2.18674,45.21469]}},{"type":"Feature","properties":{"nom":"Le Mons","genre":"hamlet","rang":4,"pop":null},"geometry":{"type":"Point","coordinates":[2.15583,45.18304]}},{"type":"Feature","properties":{"nom":"Les Combes","genre":"hamlet","rang":4,"pop":null},"geometry":{"type":"Point","coordinates":[2.15731,45.17674]}},{"type":"Feature","properties":{"nom":"La Chèze","genre":"hamlet","rang":4,"pop":null},"geometry":{"type":"Point","coordinates":[1.97445,45.34708]}},{"type":"Feature","properties":{"nom":"La Serre","genre":"hamlet","rang":4,"pop":null},"geometry":{"type":"Point","coordinates":[1.97609,45.35031]}},{"type":"Feature","properties":{"nom":"Leymonerie","genre":"hamlet","rang":4,"pop":null},"geometry":{"type":"Point","coordinates":[2.00702,45.34942]}},{"type":"Feature","properties":{"nom":"Neyrat","genre":"hamlet","rang":4,"pop":null},"geometry":{"type":"Point","coordinates":[2.00539,45.34672]}},{"type":"Feature","properties":{"nom":"Aussadisse","genre":"hamlet","rang":4,"pop":null},"geometry":{"type":"Point","coordinates":[2.01166,45.34006]}},{"type":"Feature","properties":{"nom":"Les Charraux","genre":"hamlet","rang":4,"pop":null},"geometry":{"type":"Point","coordinates":[2.03344,45.33502]}},{"type":"Feature","properties":{"nom":"Escouadisse","genre":"hamlet","rang":4,"pop":null},"geometry":{"type":"Point","coordinates":[2.03177,45.33804]}},{"type":"Feature","properties":{"nom":"La Sigoutte","genre":"hamlet","rang":4,"pop":null},"geometry":{"type":"Point","coordinates":[2.02788,45.35036]}},{"type":"Feature","properties":{"nom":"La Maurie","genre":"hamlet","rang":4,"pop":null},"geometry":{"type":"Point","coordinates":[2.02435,45.35084]}},{"type":"Feature","properties":{"nom":"Salins","genre":"hamlet","rang":4,"pop":null},"geometry":{"type":"Point","coordinates":[2.02085,45.34869]}},{"type":"Feature","properties":{"nom":"Rabout","genre":"hamlet","rang":4,"pop":null},"geometry":{"type":"Point","coordinates":[2.03652,45.32802]}},{"type":"Feature","properties":{"nom":"La Viallate Haute","genre":"hamlet","rang":4,"pop":null},"geometry":{"type":"Point","coordinates":[1.99617,45.30383]}},{"type":"Feature","properties":{"nom":"La Cabanne","genre":"hamlet","rang":4,"pop":null},"geometry":{"type":"Point","coordinates":[2.01588,45.32739]}},{"type":"Feature","properties":{"nom":"Treins","genre":"hamlet","rang":4,"pop":null},"geometry":{"type":"Point","coordinates":[1.97187,45.33732]}},{"type":"Feature","properties":{"nom":"Lallé","genre":"hamlet","rang":4,"pop":null},"geometry":{"type":"Point","coordinates":[1.97264,45.30732]}},{"type":"Feature","properties":{"nom":"Beauséjour","genre":"hamlet","rang":4,"pop":null},"geometry":{"type":"Point","coordinates":[1.99228,45.30702]}},{"type":"Feature","properties":{"nom":"Les Trois Pilous","genre":"hamlet","rang":4,"pop":null},"geometry":{"type":"Point","coordinates":[1.98573,45.30808]}},{"type":"Feature","properties":{"nom":"La Noaille","genre":"hamlet","rang":4,"pop":null},"geometry":{"type":"Point","coordinates":[1.99375,45.31701]}},{"type":"Feature","properties":{"nom":"Les Granges","genre":"hamlet","rang":4,"pop":null},"geometry":{"type":"Point","coordinates":[2.01118,45.31093]}},{"type":"Feature","properties":{"nom":"Thomas","genre":"hamlet","rang":4,"pop":null},"geometry":{"type":"Point","coordinates":[2.01625,45.30979]}},{"type":"Feature","properties":{"nom":"La Combrebreuille","genre":"hamlet","rang":4,"pop":null},"geometry":{"type":"Point","coordinates":[2.04407,45.27]}},{"type":"Feature","properties":{"nom":"Pradel","genre":"hamlet","rang":4,"pop":null},"geometry":{"type":"Point","coordinates":[2.0362,45.26972]}},{"type":"Feature","properties":{"nom":"Chiniac","genre":"hamlet","rang":4,"pop":null},"geometry":{"type":"Point","coordinates":[2.03964,45.27781]}},{"type":"Feature","properties":{"nom":"Gagnebet","genre":"hamlet","rang":4,"pop":null},"geometry":{"type":"Point","coordinates":[2.03201,45.27843]}},{"type":"Feature","properties":{"nom":"Bellevue","genre":"hamlet","rang":4,"pop":null},"geometry":{"type":"Point","coordinates":[2.03271,45.28146]}},{"type":"Feature","properties":{"nom":"Goutelade","genre":"hamlet","rang":4,"pop":null},"geometry":{"type":"Point","coordinates":[2.04006,45.28353]}},{"type":"Feature","properties":{"nom":"Le Veysset","genre":"hamlet","rang":4,"pop":null},"geometry":{"type":"Point","coordinates":[2.02709,45.2802]}},{"type":"Feature","properties":{"nom":"Bourg Bas","genre":"hamlet","rang":4,"pop":null},"geometry":{"type":"Point","coordinates":[2.0291,45.27576]}},{"type":"Feature","properties":{"nom":"Lafont","genre":"hamlet","rang":4,"pop":null},"geometry":{"type":"Point","coordinates":[2.01831,45.27581]}},{"type":"Feature","properties":{"nom":"Meyrignac","genre":"hamlet","rang":4,"pop":null},"geometry":{"type":"Point","coordinates":[2.01973,45.27099]}},{"type":"Feature","properties":{"nom":"Les Plages","genre":"hamlet","rang":4,"pop":null},"geometry":{"type":"Point","coordinates":[2.02083,45.26876]}},{"type":"Feature","properties":{"nom":"Cireygeol","genre":"hamlet","rang":4,"pop":null},"geometry":{"type":"Point","coordinates":[2.01031,45.27061]}},{"type":"Feature","properties":{"nom":"Puy Nachet","genre":"hamlet","rang":4,"pop":null},"geometry":{"type":"Point","coordinates":[2.00805,45.26469]}},{"type":"Feature","properties":{"nom":"Le Mons","genre":"hamlet","rang":4,"pop":null},"geometry":{"type":"Point","coordinates":[2.0306,45.25871]}},{"type":"Feature","properties":{"nom":"Le Cheyrol","genre":"hamlet","rang":4,"pop":null},"geometry":{"type":"Point","coordinates":[2.02828,45.25675]}},{"type":"Feature","properties":{"nom":"Donnedevie","genre":"hamlet","rang":4,"pop":null},"geometry":{"type":"Point","coordinates":[2.03358,45.25488]}},{"type":"Feature","properties":{"nom":"Theil","genre":"hamlet","rang":4,"pop":null},"geometry":{"type":"Point","coordinates":[2.04417,45.24252]}},{"type":"Feature","properties":{"nom":"La Vialle","genre":"hamlet","rang":4,"pop":null},"geometry":{"type":"Point","coordinates":[2.00781,45.2426]}},{"type":"Feature","properties":{"nom":"Chansieyrioux","genre":"hamlet","rang":4,"pop":null},"geometry":{"type":"Point","coordinates":[2.02148,45.28662]}},{"type":"Feature","properties":{"nom":"Le Moulin de Chabanier","genre":"hamlet","rang":4,"pop":null},"geometry":{"type":"Point","coordinates":[2.02252,45.28861]}},{"type":"Feature","properties":{"nom":"Mas Bichier","genre":"hamlet","rang":4,"pop":null},"geometry":{"type":"Point","coordinates":[1.99272,45.25633]}},{"type":"Feature","properties":{"nom":"Noger","genre":"hamlet","rang":4,"pop":null},"geometry":{"type":"Point","coordinates":[1.99516,45.2634]}},{"type":"Feature","properties":{"nom":"Gourmachou","genre":"hamlet","rang":4,"pop":null},"geometry":{"type":"Point","coordinates":[2.00177,45.27053]}},{"type":"Feature","properties":{"nom":"Malèze","genre":"hamlet","rang":4,"pop":null},"geometry":{"type":"Point","coordinates":[2.00237,45.27694]}},{"type":"Feature","properties":{"nom":"Le Faou","genre":"hamlet","rang":4,"pop":null},"geometry":{"type":"Point","coordinates":[2.00855,45.27576]}},{"type":"Feature","properties":{"nom":"Le Pont de Malèze","genre":"hamlet","rang":4,"pop":null},"geometry":{"type":"Point","coordinates":[2.01072,45.27824]}},{"type":"Feature","properties":{"nom":"L'Estampes","genre":"hamlet","rang":4,"pop":null},"geometry":{"type":"Point","coordinates":[2.01305,45.28096]}},{"type":"Feature","properties":{"nom":"Puy du Chassang","genre":"hamlet","rang":4,"pop":null},"geometry":{"type":"Point","coordinates":[2.02279,45.29541]}},{"type":"Feature","properties":{"nom":"Combrignac","genre":"hamlet","rang":4,"pop":null},"geometry":{"type":"Point","coordinates":[2.02385,45.29996]}},{"type":"Feature","properties":{"nom":"Le Longy","genre":"hamlet","rang":4,"pop":null},"geometry":{"type":"Point","coordinates":[2.03753,45.31075]}},{"type":"Feature","properties":{"nom":"La Gane du Longy","genre":"hamlet","rang":4,"pop":null},"geometry":{"type":"Point","coordinates":[2.04449,45.30932]}},{"type":"Feature","properties":{"nom":"Le Tilleul","genre":"hamlet","rang":4,"pop":null},"geometry":{"type":"Point","coordinates":[2.06347,45.29687]}},{"type":"Feature","properties":{"nom":"Rouffiange","genre":"hamlet","rang":4,"pop":null},"geometry":{"type":"Point","coordinates":[2.06245,45.29238]}},{"type":"Feature","properties":{"nom":"Le Fossé","genre":"hamlet","rang":4,"pop":null},"geometry":{"type":"Point","coordinates":[2.09046,45.28963]}},{"type":"Feature","properties":{"nom":"Constant","genre":"hamlet","rang":4,"pop":null},"geometry":{"type":"Point","coordinates":[2.09693,45.29287]}},{"type":"Feature","properties":{"nom":"Le Feix","genre":"hamlet","rang":4,"pop":null},"geometry":{"type":"Point","coordinates":[2.09118,45.29506]}},{"type":"Feature","properties":{"nom":"La Jarrige","genre":"hamlet","rang":4,"pop":null},"geometry":{"type":"Point","coordinates":[2.07511,45.2838]}},{"type":"Feature","properties":{"nom":"Les Ayres","genre":"hamlet","rang":4,"pop":null},"geometry":{"type":"Point","coordinates":[2.07719,45.299]}},{"type":"Feature","properties":{"nom":"Vergne","genre":"hamlet","rang":4,"pop":null},"geometry":{"type":"Point","coordinates":[2.06862,45.30193]}},{"type":"Feature","properties":{"nom":"La Servarie","genre":"hamlet","rang":4,"pop":null},"geometry":{"type":"Point","coordinates":[2.09555,45.30557]}},{"type":"Feature","properties":{"nom":"Pradiaumergue","genre":"hamlet","rang":4,"pop":null},"geometry":{"type":"Point","coordinates":[2.08577,45.31053]}},{"type":"Feature","properties":{"nom":"La Chèze","genre":"hamlet","rang":4,"pop":null},"geometry":{"type":"Point","coordinates":[1.99518,45.21084]}},{"type":"Feature","properties":{"nom":"Lescurotte","genre":"hamlet","rang":4,"pop":null},"geometry":{"type":"Point","coordinates":[1.99463,45.20734]}},{"type":"Feature","properties":{"nom":"Coustaloux","genre":"hamlet","rang":4,"pop":null},"geometry":{"type":"Point","coordinates":[1.99105,45.20625]}},{"type":"Feature","properties":{"nom":"La Roche Basse","genre":"hamlet","rang":4,"pop":null},"geometry":{"type":"Point","coordinates":[1.97601,45.19481]}},{"type":"Feature","properties":{"nom":"La Bitarelle","genre":"hamlet","rang":4,"pop":null},"geometry":{"type":"Point","coordinates":[2.00509,45.22126]}},{"type":"Feature","properties":{"nom":"Brigoux","genre":"hamlet","rang":4,"pop":null},"geometry":{"type":"Point","coordinates":[2.02235,45.22015]}},{"type":"Feature","properties":{"nom":"Coufinier","genre":"hamlet","rang":4,"pop":null},"geometry":{"type":"Point","coordinates":[2.01961,45.21449]}},{"type":"Feature","properties":{"nom":"Saint-Mathurin Léobazel","genre":"hamlet","rang":4,"pop":null},"geometry":{"type":"Point","coordinates":[2.01535,45.01816]}},{"type":"Feature","properties":{"nom":"Le Teil","genre":"hamlet","rang":4,"pop":null},"geometry":{"type":"Point","coordinates":[2.12451,45.00455]}},{"type":"Feature","properties":{"nom":"Le Mortier","genre":"hamlet","rang":4,"pop":null},"geometry":{"type":"Point","coordinates":[1.93321,45.22525]}},{"type":"Feature","properties":{"nom":"Passier","genre":"hamlet","rang":4,"pop":null},"geometry":{"type":"Point","coordinates":[1.94315,45.23348]}},{"type":"Feature","properties":{"nom":"Les Etables","genre":"hamlet","rang":4,"pop":null},"geometry":{"type":"Point","coordinates":[1.93868,45.06752]}},{"type":"Feature","properties":{"nom":"Croisille","genre":"hamlet","rang":4,"pop":null},"geometry":{"type":"Point","coordinates":[1.96358,45.06161]}},{"type":"Feature","properties":{"nom":"Luc","genre":"hamlet","rang":4,"pop":null},"geometry":{"type":"Point","coordinates":[2.07891,45.10467]}},{"type":"Feature","properties":{"nom":"Saleix","genre":"hamlet","rang":4,"pop":null},"geometry":{"type":"Point","coordinates":[2.10229,45.08839]}},{"type":"Feature","properties":{"nom":"La Croix d'Elfut","genre":"hamlet","rang":4,"pop":null},"geometry":{"type":"Point","coordinates":[2.09753,45.08263]}},{"type":"Feature","properties":{"nom":"Le Massoubrot","genre":"hamlet","rang":4,"pop":null},"geometry":{"type":"Point","coordinates":[2.12002,45.08198]}},{"type":"Feature","properties":{"nom":"La Claretie","genre":"hamlet","rang":4,"pop":null},"geometry":{"type":"Point","coordinates":[2.11736,45.07788]}},{"type":"Feature","properties":{"nom":"Champeil","genre":"hamlet","rang":4,"pop":null},"geometry":{"type":"Point","coordinates":[2.10832,45.0843]}},{"type":"Feature","properties":{"nom":"Lalo","genre":"hamlet","rang":4,"pop":null},"geometry":{"type":"Point","coordinates":[2.11028,45.0806]}},{"type":"Feature","properties":{"nom":"Jougounoux","genre":"hamlet","rang":4,"pop":null},"geometry":{"type":"Point","coordinates":[2.09352,45.07344]}},{"type":"Feature","properties":{"nom":"Le Chazal","genre":"hamlet","rang":4,"pop":null},"geometry":{"type":"Point","coordinates":[1.93252,45.13174]}},{"type":"Feature","properties":{"nom":"Riobazet","genre":"hamlet","rang":4,"pop":null},"geometry":{"type":"Point","coordinates":[1.94324,45.12372]}},{"type":"Feature","properties":{"nom":"Aumont","genre":"hamlet","rang":4,"pop":null},"geometry":{"type":"Point","coordinates":[1.94875,45.12056]}},{"type":"Feature","properties":{"nom":"Les Vergnes","genre":"hamlet","rang":4,"pop":null},"geometry":{"type":"Point","coordinates":[1.95936,45.19129]}},{"type":"Feature","properties":{"nom":"Le Liac","genre":"hamlet","rang":4,"pop":null},"geometry":{"type":"Point","coordinates":[1.93313,45.19933]}},{"type":"Feature","properties":{"nom":"Le Chassang","genre":"hamlet","rang":4,"pop":null},"geometry":{"type":"Point","coordinates":[1.94274,45.17912]}},{"type":"Feature","properties":{"nom":"Rouffy","genre":"hamlet","rang":4,"pop":null},"geometry":{"type":"Point","coordinates":[1.9368,45.18588]}},{"type":"Feature","properties":{"nom":"Le Theil","genre":"hamlet","rang":4,"pop":null},"geometry":{"type":"Point","coordinates":[1.93548,45.18213]}},{"type":"Feature","properties":{"nom":"Les Renaudets","genre":"hamlet","rang":4,"pop":null},"geometry":{"type":"Point","coordinates":[1.9489,45.19402]}},{"type":"Feature","properties":{"nom":"Longuegoutte","genre":"hamlet","rang":4,"pop":null},"geometry":{"type":"Point","coordinates":[1.93561,45.17021]}},{"type":"Feature","properties":{"nom":"Chabanier","genre":"hamlet","rang":4,"pop":null},"geometry":{"type":"Point","coordinates":[2.03636,45.29295]}},{"type":"Feature","properties":{"nom":"Conroc","genre":"hamlet","rang":4,"pop":null},"geometry":{"type":"Point","coordinates":[2.32475,45.12713]}},{"type":"Feature","properties":{"nom":"Malbert","genre":"hamlet","rang":4,"pop":null},"geometry":{"type":"Point","coordinates":[2.37257,45.07926]}},{"type":"Feature","properties":{"nom":"Trémont","genre":"hamlet","rang":4,"pop":null},"geometry":{"type":"Point","coordinates":[2.36781,45.09639]}},{"type":"Feature","properties":{"nom":"Le Raynal","genre":"hamlet","rang":4,"pop":null},"geometry":{"type":"Point","coordinates":[2.2935,45.11916]}},{"type":"Feature","properties":{"nom":"Farges","genre":"hamlet","rang":4,"pop":null},"geometry":{"type":"Point","coordinates":[2.28904,45.12312]}},{"type":"Feature","properties":{"nom":"La Brousse","genre":"hamlet","rang":4,"pop":null},"geometry":{"type":"Point","coordinates":[2.149,45.03501]}},{"type":"Feature","properties":{"nom":"Moulergues","genre":"hamlet","rang":4,"pop":null},"geometry":{"type":"Point","coordinates":[2.143,45.03003]}},{"type":"Feature","properties":{"nom":"L'Hôpital","genre":"hamlet","rang":4,"pop":null},"geometry":{"type":"Point","coordinates":[2.39427,45.23479]}},{"type":"Feature","properties":{"nom":"Varleix","genre":"hamlet","rang":4,"pop":null},"geometry":{"type":"Point","coordinates":[2.4749,45.26807]}},{"type":"Feature","properties":{"nom":"Lieuchy","genre":"hamlet","rang":4,"pop":null},"geometry":{"type":"Point","coordinates":[2.49834,45.25895]}},{"type":"Feature","properties":{"nom":"Drulhes","genre":"hamlet","rang":4,"pop":null},"geometry":{"type":"Point","coordinates":[2.41019,45.27813]}},{"type":"Feature","properties":{"nom":"Chauvel","genre":"hamlet","rang":4,"pop":null},"geometry":{"type":"Point","coordinates":[2.48519,45.25184]}},{"type":"Feature","properties":{"nom":"Lachassagne","genre":"hamlet","rang":4,"pop":null},"geometry":{"type":"Point","coordinates":[2.48828,45.24869]}},{"type":"Feature","properties":{"nom":"Le Château de Lavaurs","genre":"hamlet","rang":4,"pop":null},"geometry":{"type":"Point","coordinates":[2.34611,45.24588]}},{"type":"Feature","properties":{"nom":"Angles","genre":"hamlet","rang":4,"pop":null},"geometry":{"type":"Point","coordinates":[2.33509,45.24411]}},{"type":"Feature","properties":{"nom":"Boulan","genre":"hamlet","rang":4,"pop":null},"geometry":{"type":"Point","coordinates":[2.32327,45.24433]}},{"type":"Feature","properties":{"nom":"Bilgeac","genre":"hamlet","rang":4,"pop":null},"geometry":{"type":"Point","coordinates":[2.32562,45.26558]}},{"type":"Feature","properties":{"nom":"Groussoles","genre":"hamlet","rang":4,"pop":null},"geometry":{"type":"Point","coordinates":[2.27596,45.12787]}},{"type":"Feature","properties":{"nom":"Le Puy Soutro","genre":"hamlet","rang":4,"pop":null},"geometry":{"type":"Point","coordinates":[2.32441,45.14918]}},{"type":"Feature","properties":{"nom":"Cussac","genre":"hamlet","rang":4,"pop":null},"geometry":{"type":"Point","coordinates":[2.25602,45.18133]}},{"type":"Feature","properties":{"nom":"Ostenac","genre":"hamlet","rang":4,"pop":null},"geometry":{"type":"Point","coordinates":[2.2633,45.19037]}},{"type":"Feature","properties":{"nom":"Lajarrige","genre":"hamlet","rang":4,"pop":null},"geometry":{"type":"Point","coordinates":[2.33267,45.31293]}},{"type":"Feature","properties":{"nom":"Courdes","genre":"hamlet","rang":4,"pop":null},"geometry":{"type":"Point","coordinates":[2.42427,45.27056]}},{"type":"Feature","properties":{"nom":"Chabrespine","genre":"hamlet","rang":4,"pop":null},"geometry":{"type":"Point","coordinates":[2.40336,45.29144]}},{"type":"Feature","properties":{"nom":"Ydes Bourg","genre":"hamlet","rang":4,"pop":null},"geometry":{"type":"Point","coordinates":[2.45594,45.33666]}},{"type":"Feature","properties":{"nom":"La Trémolière","genre":"hamlet","rang":4,"pop":null},"geometry":{"type":"Point","coordinates":[2.14311,45.30369]}},{"type":"Feature","properties":{"nom":"La Manie","genre":"hamlet","rang":4,"pop":null},"geometry":{"type":"Point","coordinates":[2.15886,45.26855]}},{"type":"Feature","properties":{"nom":"Le Peuch","genre":"hamlet","rang":4,"pop":null},"geometry":{"type":"Point","coordinates":[2.16254,45.26092]}},{"type":"Feature","properties":{"nom":"La Crouchotte","genre":"hamlet","rang":4,"pop":null},"geometry":{"type":"Point","coordinates":[1.95531,45.26847]}},{"type":"Feature","properties":{"nom":"Les Cambuses","genre":"hamlet","rang":4,"pop":null},"geometry":{"type":"Point","coordinates":[1.94677,45.27994]}},{"type":"Feature","properties":{"nom":"La Gare","genre":"hamlet","rang":4,"pop":null},"geometry":{"type":"Point","coordinates":[1.97806,45.2691]}},{"type":"Feature","properties":{"nom":"Le Peuch","genre":"hamlet","rang":4,"pop":null},"geometry":{"type":"Point","coordinates":[1.97703,45.12299]}},{"type":"Feature","properties":{"nom":"Blandignac","genre":"hamlet","rang":4,"pop":null},"geometry":{"type":"Point","coordinates":[2.2814,45.23428]}},{"type":"Feature","properties":{"nom":"Escoalier","genre":"hamlet","rang":4,"pop":null},"geometry":{"type":"Point","coordinates":[2.29708,45.22086]}},{"type":"Feature","properties":{"nom":"Gouttedial","genre":"hamlet","rang":4,"pop":null},"geometry":{"type":"Point","coordinates":[2.36314,45.10784]}},{"type":"Feature","properties":{"nom":"Le Vent-Bas","genre":"hamlet","rang":4,"pop":null},"geometry":{"type":"Point","coordinates":[2.28941,45.30211]}},{"type":"Feature","properties":{"nom":"Le Bouix","genre":"hamlet","rang":4,"pop":null},"geometry":{"type":"Point","coordinates":[2.39262,45.20287]}},{"type":"Feature","properties":{"nom":"Pomies","genre":"hamlet","rang":4,"pop":null},"geometry":{"type":"Point","coordinates":[2.31698,45.18316]}},{"type":"Feature","properties":{"nom":"La Gare","genre":"hamlet","rang":4,"pop":null},"geometry":{"type":"Point","coordinates":[2.32237,45.11859]}},{"type":"Feature","properties":{"nom":"Freydevialle","genre":"hamlet","rang":4,"pop":null},"geometry":{"type":"Point","coordinates":[2.37262,45.12335]}},{"type":"Feature","properties":{"nom":"Vialard","genre":"hamlet","rang":4,"pop":null},"geometry":{"type":"Point","coordinates":[2.38717,45.13345]}},{"type":"Feature","properties":{"nom":"Serre","genre":"hamlet","rang":4,"pop":null},"geometry":{"type":"Point","coordinates":[2.34794,45.084]}},{"type":"Feature","properties":{"nom":"Nozières","genre":"hamlet","rang":4,"pop":null},"geometry":{"type":"Point","coordinates":[2.20294,45.11637]}},{"type":"Feature","properties":{"nom":"Tarrieu","genre":"hamlet","rang":4,"pop":null},"geometry":{"type":"Point","coordinates":[2.31084,45.17753]}},{"type":"Feature","properties":{"nom":"Parrieu","genre":"hamlet","rang":4,"pop":null},"geometry":{"type":"Point","coordinates":[2.40117,45.17691]}},{"type":"Feature","properties":{"nom":"Fontenille","genre":"hamlet","rang":4,"pop":null},"geometry":{"type":"Point","coordinates":[2.36732,45.14182]}},{"type":"Feature","properties":{"nom":"Soumaille","genre":"hamlet","rang":4,"pop":null},"geometry":{"type":"Point","coordinates":[2.37417,45.10953]}},{"type":"Feature","properties":{"nom":"Le Cros","genre":"hamlet","rang":4,"pop":null},"geometry":{"type":"Point","coordinates":[2.37142,45.10971]}},{"type":"Feature","properties":{"nom":"Lagarde","genre":"hamlet","rang":4,"pop":null},"geometry":{"type":"Point","coordinates":[2.11911,45.13243]}},{"type":"Feature","properties":{"nom":"Royères","genre":"hamlet","rang":4,"pop":null},"geometry":{"type":"Point","coordinates":[1.93732,45.32765]}},{"type":"Feature","properties":{"nom":"Basteyroux","genre":"hamlet","rang":4,"pop":null},"geometry":{"type":"Point","coordinates":[1.94504,45.08288]}},{"type":"Feature","properties":{"nom":"Garrel","genre":"hamlet","rang":4,"pop":null},"geometry":{"type":"Point","coordinates":[1.98594,45.07581]}},{"type":"Feature","properties":{"nom":"Le Rieux","genre":"hamlet","rang":4,"pop":null},"geometry":{"type":"Point","coordinates":[2.03003,45.16678]}},{"type":"Feature","properties":{"nom":"Le Mons","genre":"hamlet","rang":4,"pop":null},"geometry":{"type":"Point","coordinates":[2.22073,45.26806]}},{"type":"Feature","properties":{"nom":"Le Coudert","genre":"hamlet","rang":4,"pop":null},"geometry":{"type":"Point","coordinates":[2.01561,45.12299]}},{"type":"Feature","properties":{"nom":"Hautebrousse","genre":"hamlet","rang":4,"pop":null},"geometry":{"type":"Point","coordinates":[2.0478,45.11601]}},{"type":"Feature","properties":{"nom":"Cité Garrelie","genre":"hamlet","rang":4,"pop":null},"geometry":{"type":"Point","coordinates":[2.07532,45.13116]}},{"type":"Feature","properties":{"nom":"Les Chemineaux","genre":"hamlet","rang":4,"pop":null},"geometry":{"type":"Point","coordinates":[1.94269,45.24501]}},{"type":"Feature","properties":{"nom":"Vessejoux","genre":"hamlet","rang":4,"pop":null},"geometry":{"type":"Point","coordinates":[1.95893,45.24532]}},{"type":"Feature","properties":{"nom":"Aussinange","genre":"hamlet","rang":4,"pop":null},"geometry":{"type":"Point","coordinates":[2.19022,45.25978]}},{"type":"Feature","properties":{"nom":"Le Mas","genre":"hamlet","rang":4,"pop":null},"geometry":{"type":"Point","coordinates":[1.97006,45.28313]}},{"type":"Feature","properties":{"nom":"Pénières","genre":"hamlet","rang":4,"pop":null},"geometry":{"type":"Point","coordinates":[2.1487,45.06024]}},{"type":"Feature","properties":{"nom":"Cols","genre":"hamlet","rang":4,"pop":null},"geometry":{"type":"Point","coordinates":[2.456,45.25294]}},{"type":"Feature","properties":{"nom":"Fraissy","genre":"hamlet","rang":4,"pop":null},"geometry":{"type":"Point","coordinates":[2.29831,45.15299]}},{"type":"Feature","properties":{"nom":"Sourzac","genre":"hamlet","rang":4,"pop":null},"geometry":{"type":"Point","coordinates":[2.43777,45.25364]}},{"type":"Feature","properties":{"nom":"Serres","genre":"hamlet","rang":4,"pop":null},"geometry":{"type":"Point","coordinates":[2.30828,45.12247]}},{"type":"Feature","properties":{"nom":"La Souleyre","genre":"hamlet","rang":4,"pop":null},"geometry":{"type":"Point","coordinates":[2.42123,45.23341]}},{"type":"Feature","properties":{"nom":"Montfouilloux","genre":"hamlet","rang":4,"pop":null},"geometry":{"type":"Point","coordinates":[2.459,45.33257]}},{"type":"Feature","properties":{"nom":"Fialeix","genre":"hamlet","rang":4,"pop":null},"geometry":{"type":"Point","coordinates":[2.40301,45.26981]}},{"type":"Feature","properties":{"nom":"Mazerolles","genre":"hamlet","rang":4,"pop":null},"geometry":{"type":"Point","coordinates":[2.37705,45.18973]}},{"type":"Feature","properties":{"nom":"Banilles","genre":"hamlet","rang":4,"pop":null},"geometry":{"type":"Point","coordinates":[2.35682,45.11874]}},{"type":"Feature","properties":{"nom":"Trébiac","genre":"hamlet","rang":4,"pop":null},"geometry":{"type":"Point","coordinates":[2.33205,45.20472]}},{"type":"Feature","properties":{"nom":"Rabiac","genre":"hamlet","rang":4,"pop":null},"geometry":{"type":"Point","coordinates":[2.28255,45.17015]}},{"type":"Feature","properties":{"nom":"Le Fayet","genre":"hamlet","rang":4,"pop":null},"geometry":{"type":"Point","coordinates":[2.44064,45.33572]}},{"type":"Feature","properties":{"nom":"Lasbordes","genre":"hamlet","rang":4,"pop":null},"geometry":{"type":"Point","coordinates":[2.39943,45.21917]}},{"type":"Feature","properties":{"nom":"Junsac","genre":"hamlet","rang":4,"pop":null},"geometry":{"type":"Point","coordinates":[2.39132,45.18184]}},{"type":"Feature","properties":{"nom":"Champeil","genre":"hamlet","rang":4,"pop":null},"geometry":{"type":"Point","coordinates":[2.34216,45.17169]}},{"type":"Feature","properties":{"nom":"Artiges","genre":"hamlet","rang":4,"pop":null},"geometry":{"type":"Point","coordinates":[2.24143,45.18397]}},{"type":"Feature","properties":{"nom":"Chavergne","genre":"hamlet","rang":4,"pop":null},"geometry":{"type":"Point","coordinates":[2.30061,45.1601]}},{"type":"Feature","properties":{"nom":"Les Megières","genre":"hamlet","rang":4,"pop":null},"geometry":{"type":"Point","coordinates":[2.21327,45.13888]}},{"type":"Feature","properties":{"nom":"Veze","genre":"hamlet","rang":4,"pop":null},"geometry":{"type":"Point","coordinates":[2.31018,45.15984]}},{"type":"Feature","properties":{"nom":"Champs Froids","genre":"hamlet","rang":4,"pop":null},"geometry":{"type":"Point","coordinates":[2.3151,45.22817]}},{"type":"Feature","properties":{"nom":"Serres","genre":"hamlet","rang":4,"pop":null},"geometry":{"type":"Point","coordinates":[2.50106,45.33329]}},{"type":"Feature","properties":{"nom":"Montirat","genre":"hamlet","rang":4,"pop":null},"geometry":{"type":"Point","coordinates":[2.4175,45.28466]}},{"type":"Feature","properties":{"nom":"Montassou","genre":"hamlet","rang":4,"pop":null},"geometry":{"type":"Point","coordinates":[2.4495,45.34682]}},{"type":"Feature","properties":{"nom":"Masdurand","genre":"hamlet","rang":4,"pop":null},"geometry":{"type":"Point","coordinates":[2.27243,45.13767]}},{"type":"Feature","properties":{"nom":"Lhom","genre":"hamlet","rang":4,"pop":null},"geometry":{"type":"Point","coordinates":[2.40556,45.26239]}},{"type":"Feature","properties":{"nom":"Le Ladou","genre":"hamlet","rang":4,"pop":null},"geometry":{"type":"Point","coordinates":[2.48609,45.32792]}},{"type":"Feature","properties":{"nom":"Le Four","genre":"hamlet","rang":4,"pop":null},"geometry":{"type":"Point","coordinates":[2.20531,45.19507]}},{"type":"Feature","properties":{"nom":"La Vialotte","genre":"hamlet","rang":4,"pop":null},"geometry":{"type":"Point","coordinates":[2.21201,45.20197]}},{"type":"Feature","properties":{"nom":"Lavergne","genre":"hamlet","rang":4,"pop":null},"geometry":{"type":"Point","coordinates":[2.27933,45.11079]}},{"type":"Feature","properties":{"nom":"Lavergne","genre":"hamlet","rang":4,"pop":null},"geometry":{"type":"Point","coordinates":[2.43326,45.24985]}},{"type":"Feature","properties":{"nom":"La Gineste","genre":"hamlet","rang":4,"pop":null},"geometry":{"type":"Point","coordinates":[2.46969,45.3246]}},{"type":"Feature","properties":{"nom":"La Butte","genre":"hamlet","rang":4,"pop":null},"geometry":{"type":"Point","coordinates":[2.301,45.1691]}},{"type":"Feature","properties":{"nom":"Cheyssiol","genre":"hamlet","rang":4,"pop":null},"geometry":{"type":"Point","coordinates":[2.26863,45.17326]}},{"type":"Feature","properties":{"nom":"Aimazet","genre":"hamlet","rang":4,"pop":null},"geometry":{"type":"Point","coordinates":[2.40963,45.26906]}},{"type":"Feature","properties":{"nom":"Sumenat","genre":"hamlet","rang":4,"pop":null},"geometry":{"type":"Point","coordinates":[2.49137,45.34479]}},{"type":"Feature","properties":{"nom":"Salesse","genre":"hamlet","rang":4,"pop":null},"geometry":{"type":"Point","coordinates":[2.26396,45.08922]}},{"type":"Feature","properties":{"nom":"Montbrun","genre":"hamlet","rang":4,"pop":null},"geometry":{"type":"Point","coordinates":[2.41687,45.23412]}},{"type":"Feature","properties":{"nom":"Le Chariot","genre":"hamlet","rang":4,"pop":null},"geometry":{"type":"Point","coordinates":[2.4515,45.35002]}},{"type":"Feature","properties":{"nom":"Lascombes","genre":"hamlet","rang":4,"pop":null},"geometry":{"type":"Point","coordinates":[2.20658,45.20816]}},{"type":"Feature","properties":{"nom":"La Croix d'Enchanet","genre":"hamlet","rang":4,"pop":null},"geometry":{"type":"Point","coordinates":[2.21047,45.0946]}},{"type":"Feature","properties":{"nom":"Incon Bas","genre":"hamlet","rang":4,"pop":null},"geometry":{"type":"Point","coordinates":[2.29626,45.13673]}},{"type":"Feature","properties":{"nom":"Incon Haut","genre":"hamlet","rang":4,"pop":null},"geometry":{"type":"Point","coordinates":[2.29345,45.13687]}},{"type":"Feature","properties":{"nom":"Ferluc","genre":"hamlet","rang":4,"pop":null},"geometry":{"type":"Point","coordinates":[2.38896,45.17161]}},{"type":"Feature","properties":{"nom":"Encharmes","genre":"hamlet","rang":4,"pop":null},"geometry":{"type":"Point","coordinates":[2.34352,45.24855]}},{"type":"Feature","properties":{"nom":"Les Prés de la Ligne","genre":"hamlet","rang":4,"pop":null},"geometry":{"type":"Point","coordinates":[2.48533,45.35045]}},{"type":"Feature","properties":{"nom":"Les Pontis","genre":"hamlet","rang":4,"pop":null},"geometry":{"type":"Point","coordinates":[2.36305,45.23]}},{"type":"Feature","properties":{"nom":"Les Bouiges","genre":"hamlet","rang":4,"pop":null},"geometry":{"type":"Point","coordinates":[2.20058,45.1176]}},{"type":"Feature","properties":{"nom":"Le Bac","genre":"hamlet","rang":4,"pop":null},"geometry":{"type":"Point","coordinates":[2.27204,45.14084]}},{"type":"Feature","properties":{"nom":"Les Verts","genre":"hamlet","rang":4,"pop":null},"geometry":{"type":"Point","coordinates":[2.46977,45.23565]}},{"type":"Feature","properties":{"nom":"Selves","genre":"hamlet","rang":4,"pop":null},"geometry":{"type":"Point","coordinates":[2.11656,45.20518]}},{"type":"Feature","properties":{"nom":"Enroussou","genre":"hamlet","rang":4,"pop":null},"geometry":{"type":"Point","coordinates":[2.25463,45.114]}},{"type":"Feature","properties":{"nom":"La Forêt","genre":"hamlet","rang":4,"pop":null},"geometry":{"type":"Point","coordinates":[2.17699,45.32033]}},{"type":"Feature","properties":{"nom":"Le Peuch","genre":"hamlet","rang":4,"pop":null},"geometry":{"type":"Point","coordinates":[2.04642,45.1783]}},{"type":"Feature","properties":{"nom":"Le Barbot","genre":"hamlet","rang":4,"pop":null},"geometry":{"type":"Point","coordinates":[2.02594,45.15978]}},{"type":"Feature","properties":{"nom":"Le Leyrich","genre":"hamlet","rang":4,"pop":null},"geometry":{"type":"Point","coordinates":[1.96154,45.13918]}},{"type":"Feature","properties":{"nom":"Ferluc-bas","genre":"hamlet","rang":4,"pop":null},"geometry":{"type":"Point","coordinates":[2.43491,45.24254]}},{"type":"Feature","properties":{"nom":"La Besse","genre":"hamlet","rang":4,"pop":null},"geometry":{"type":"Point","coordinates":[2.29165,45.24576]}},{"type":"Feature","properties":{"nom":"Les Martres","genre":"hamlet","rang":4,"pop":null},"geometry":{"type":"Point","coordinates":[2.35265,45.16418]}},{"type":"Feature","properties":{"nom":"Montaleyrol","genre":"hamlet","rang":4,"pop":null},"geometry":{"type":"Point","coordinates":[2.4605,45.23509]}},{"type":"Feature","properties":{"nom":"Enroche","genre":"hamlet","rang":4,"pop":null},"geometry":{"type":"Point","coordinates":[2.46488,45.2415]}},{"type":"Feature","properties":{"nom":"Labro","genre":"hamlet","rang":4,"pop":null},"geometry":{"type":"Point","coordinates":[2.32507,45.15279]}},{"type":"Feature","properties":{"nom":"Neboulières","genre":"hamlet","rang":4,"pop":null},"geometry":{"type":"Point","coordinates":[2.35362,45.15489]}},{"type":"Feature","properties":{"nom":"Monteil","genre":"hamlet","rang":4,"pop":null},"geometry":{"type":"Point","coordinates":[2.34057,45.15727]}},{"type":"Feature","properties":{"nom":"Ginalhac","genre":"hamlet","rang":4,"pop":null},"geometry":{"type":"Point","coordinates":[2.33019,45.18081]}},{"type":"Feature","properties":{"nom":"Chavaniac","genre":"hamlet","rang":4,"pop":null},"geometry":{"type":"Point","coordinates":[2.43505,45.31861]}},{"type":"Feature","properties":{"nom":"Poux","genre":"hamlet","rang":4,"pop":null},"geometry":{"type":"Point","coordinates":[2.43733,45.31067]}},{"type":"Feature","properties":{"nom":"Bellevue","genre":"hamlet","rang":4,"pop":null},"geometry":{"type":"Point","coordinates":[2.28225,45.16316]}},{"type":"Feature","properties":{"nom":"Le Peuch","genre":"hamlet","rang":4,"pop":null},"geometry":{"type":"Point","coordinates":[2.33472,45.15304]}},{"type":"Feature","properties":{"nom":"Contres","genre":"hamlet","rang":4,"pop":null},"geometry":{"type":"Point","coordinates":[2.29879,45.17918]}},{"type":"Feature","properties":{"nom":"Redenat","genre":"hamlet","rang":4,"pop":null},"geometry":{"type":"Point","coordinates":[2.10419,45.20983]}},{"type":"Feature","properties":{"nom":"Le Sirieix","genre":"hamlet","rang":4,"pop":null},"geometry":{"type":"Point","coordinates":[2.09204,45.19732]}},{"type":"Feature","properties":{"nom":"Vaujour","genre":"hamlet","rang":4,"pop":null},"geometry":{"type":"Point","coordinates":[2.08273,45.20374]}},{"type":"Feature","properties":{"nom":"Le Mas","genre":"hamlet","rang":4,"pop":null},"geometry":{"type":"Point","coordinates":[2.06539,45.20022]}},{"type":"Feature","properties":{"nom":"Longour","genre":"hamlet","rang":4,"pop":null},"geometry":{"type":"Point","coordinates":[1.9444,45.10503]}},{"type":"Feature","properties":{"nom":"Le Chaumeil","genre":"hamlet","rang":4,"pop":null},"geometry":{"type":"Point","coordinates":[2.39156,45.12132]}},{"type":"Feature","properties":{"nom":"Drom","genre":"hamlet","rang":4,"pop":null},"geometry":{"type":"Point","coordinates":[2.38353,45.13896]}},{"type":"Feature","properties":{"nom":"La Courtade","genre":"hamlet","rang":4,"pop":null},"geometry":{"type":"Point","coordinates":[2.42876,45.29836]}},{"type":"Feature","properties":{"nom":"La Fromental","genre":"hamlet","rang":4,"pop":null},"geometry":{"type":"Point","coordinates":[2.44031,45.29007]}},{"type":"Feature","properties":{"nom":"La Louve","genre":"hamlet","rang":4,"pop":null},"geometry":{"type":"Point","coordinates":[2.43484,45.29711]}},{"type":"Feature","properties":{"nom":"Le Colombier","genre":"hamlet","rang":4,"pop":null},"geometry":{"type":"Point","coordinates":[2.17516,45.33963]}},{"type":"Feature","properties":{"nom":"Le Brieu","genre":"hamlet","rang":4,"pop":null},"geometry":{"type":"Point","coordinates":[2.203,45.20289]}},{"type":"Feature","properties":{"nom":"Le Breuil","genre":"hamlet","rang":4,"pop":null},"geometry":{"type":"Point","coordinates":[2.33505,45.15045]}},{"type":"Feature","properties":{"nom":"Surgère","genre":"hamlet","rang":4,"pop":null},"geometry":{"type":"Point","coordinates":[2.38479,45.20017]}},{"type":"Feature","properties":{"nom":"Salzines","genre":"hamlet","rang":4,"pop":null},"geometry":{"type":"Point","coordinates":[2.31052,45.22479]}},{"type":"Feature","properties":{"nom":"Le Meydieu","genre":"hamlet","rang":4,"pop":null},"geometry":{"type":"Point","coordinates":[2.38664,45.18087]}},{"type":"Feature","properties":{"nom":"Lajarrige","genre":"hamlet","rang":4,"pop":null},"geometry":{"type":"Point","coordinates":[2.24199,45.09285]}},{"type":"Feature","properties":{"nom":"Angerolles","genre":"hamlet","rang":4,"pop":null},"geometry":{"type":"Point","coordinates":[2.36557,45.25225]}},{"type":"Feature","properties":{"nom":"Le Joanny","genre":"hamlet","rang":4,"pop":null},"geometry":{"type":"Point","coordinates":[2.41295,45.24291]}},{"type":"Feature","properties":{"nom":"Durfort","genre":"hamlet","rang":4,"pop":null},"geometry":{"type":"Point","coordinates":[2.20136,45.2365]}},{"type":"Feature","properties":{"nom":"La Maureille","genre":"hamlet","rang":4,"pop":null},"geometry":{"type":"Point","coordinates":[2.19702,45.33701]}},{"type":"Feature","properties":{"nom":"Luc","genre":"hamlet","rang":4,"pop":null},"geometry":{"type":"Point","coordinates":[2.19637,45.34225]}},{"type":"Feature","properties":{"nom":"Bouix","genre":"hamlet","rang":4,"pop":null},"geometry":{"type":"Point","coordinates":[2.20457,45.3428]}},{"type":"Feature","properties":{"nom":"Pers","genre":"hamlet","rang":4,"pop":null},"geometry":{"type":"Point","coordinates":[2.20628,45.34883]}},{"type":"Feature","properties":{"nom":"Vernat","genre":"hamlet","rang":4,"pop":null},"geometry":{"type":"Point","coordinates":[2.068,45.19406]}},{"type":"Feature","properties":{"nom":"Vielzot","genre":"hamlet","rang":4,"pop":null},"geometry":{"type":"Point","coordinates":[2.07224,45.19164]}},{"type":"Feature","properties":{"nom":"Le Sirieix","genre":"hamlet","rang":4,"pop":null},"geometry":{"type":"Point","coordinates":[1.99808,45.11539]}},{"type":"Feature","properties":{"nom":"La Prade","genre":"hamlet","rang":4,"pop":null},"geometry":{"type":"Point","coordinates":[2.12992,45.13394]}},{"type":"Feature","properties":{"nom":"Lafage","genre":"hamlet","rang":4,"pop":null},"geometry":{"type":"Point","coordinates":[2.19951,45.25321]}},{"type":"Feature","properties":{"nom":"Freygnac","genre":"hamlet","rang":4,"pop":null},"geometry":{"type":"Point","coordinates":[1.96999,45.15801]}},{"type":"Feature","properties":{"nom":"Ventelon","genre":"hamlet","rang":4,"pop":null},"geometry":{"type":"Point","coordinates":[2.49142,45.28159]}},{"type":"Feature","properties":{"nom":"Toulat","genre":"hamlet","rang":4,"pop":null},"geometry":{"type":"Point","coordinates":[2.45415,45.28821]}},{"type":"Feature","properties":{"nom":"Olgeac","genre":"hamlet","rang":4,"pop":null},"geometry":{"type":"Point","coordinates":[2.50078,45.27483]}},{"type":"Feature","properties":{"nom":"Marladet","genre":"hamlet","rang":4,"pop":null},"geometry":{"type":"Point","coordinates":[2.47306,45.28218]}},{"type":"Feature","properties":{"nom":"Le Mont","genre":"hamlet","rang":4,"pop":null},"geometry":{"type":"Point","coordinates":[2.46326,45.28455]}},{"type":"Feature","properties":{"nom":"Le Mas","genre":"hamlet","rang":4,"pop":null},"geometry":{"type":"Point","coordinates":[2.45142,45.27249]}},{"type":"Feature","properties":{"nom":"La Sudrie","genre":"hamlet","rang":4,"pop":null},"geometry":{"type":"Point","coordinates":[2.28269,45.19592]}},{"type":"Feature","properties":{"nom":"La Ribbe","genre":"hamlet","rang":4,"pop":null},"geometry":{"type":"Point","coordinates":[2.44327,45.28158]}},{"type":"Feature","properties":{"nom":"Alsac","genre":"hamlet","rang":4,"pop":null},"geometry":{"type":"Point","coordinates":[2.43011,45.28407]}},{"type":"Feature","properties":{"nom":"Le Suc","genre":"hamlet","rang":4,"pop":null},"geometry":{"type":"Point","coordinates":[2.47412,45.28074]}},{"type":"Feature","properties":{"nom":"Le Petit Viaureau","genre":"hamlet","rang":4,"pop":null},"geometry":{"type":"Point","coordinates":[2.45892,45.18797]}},{"type":"Feature","properties":{"nom":"Le Méran","genre":"hamlet","rang":4,"pop":null},"geometry":{"type":"Point","coordinates":[2.49831,45.30346]}},{"type":"Feature","properties":{"nom":"Le Bouissonot","genre":"hamlet","rang":4,"pop":null},"geometry":{"type":"Point","coordinates":[2.17735,45.04413]}},{"type":"Feature","properties":{"nom":"Lascombes","genre":"hamlet","rang":4,"pop":null},"geometry":{"type":"Point","coordinates":[2.47175,45.29272]}},{"type":"Feature","properties":{"nom":"Lachau d'Aymons","genre":"hamlet","rang":4,"pop":null},"geometry":{"type":"Point","coordinates":[2.30937,45.2425]}},{"type":"Feature","properties":{"nom":"Ceyrac","genre":"hamlet","rang":4,"pop":null},"geometry":{"type":"Point","coordinates":[2.26007,45.20179]}},{"type":"Feature","properties":{"nom":"Aubech","genre":"hamlet","rang":4,"pop":null},"geometry":{"type":"Point","coordinates":[1.93289,45.12218]}},{"type":"Feature","properties":{"nom":"Pouzol","genre":"hamlet","rang":4,"pop":null},"geometry":{"type":"Point","coordinates":[1.94533,45.14153]}},{"type":"Feature","properties":{"nom":"Combabessou","genre":"hamlet","rang":4,"pop":null},"geometry":{"type":"Point","coordinates":[1.93908,45.13739]}},{"type":"Feature","properties":{"nom":"Doustre","genre":"hamlet","rang":4,"pop":null},"geometry":{"type":"Point","coordinates":[1.94871,45.15345]}},{"type":"Feature","properties":{"nom":"Les Horts","genre":"hamlet","rang":4,"pop":null},"geometry":{"type":"Point","coordinates":[1.95588,45.14469]}},{"type":"Feature","properties":{"nom":"La Faurie","genre":"hamlet","rang":4,"pop":null},"geometry":{"type":"Point","coordinates":[1.95445,45.14858]}},{"type":"Feature","properties":{"nom":"Chassagnol","genre":"hamlet","rang":4,"pop":null},"geometry":{"type":"Point","coordinates":[1.93711,45.13867]}},{"type":"Feature","properties":{"nom":"Loches","genre":"hamlet","rang":4,"pop":null},"geometry":{"type":"Point","coordinates":[2.27069,45.33507]}},{"type":"Feature","properties":{"nom":"Le Rial","genre":"hamlet","rang":4,"pop":null},"geometry":{"type":"Point","coordinates":[2.14447,45.13086]}},{"type":"Feature","properties":{"nom":"Claniac","genre":"hamlet","rang":4,"pop":null},"geometry":{"type":"Point","coordinates":[2.19557,45.2963]}},{"type":"Feature","properties":{"nom":"Chauvet","genre":"hamlet","rang":4,"pop":null},"geometry":{"type":"Point","coordinates":[2.2746,45.34292]}},{"type":"Feature","properties":{"nom":"Autranges","genre":"hamlet","rang":4,"pop":null},"geometry":{"type":"Point","coordinates":[2.2014,45.28866]}},{"type":"Feature","properties":{"nom":"Le Peuch","genre":"hamlet","rang":4,"pop":null},"geometry":{"type":"Point","coordinates":[1.95593,45.18974]}},{"type":"Feature","properties":{"nom":"La Nouaille","genre":"hamlet","rang":4,"pop":null},"geometry":{"type":"Point","coordinates":[2.16366,45.3482]}},{"type":"Feature","properties":{"nom":"Beix","genre":"hamlet","rang":4,"pop":null},"geometry":{"type":"Point","coordinates":[2.11322,45.12331]}},{"type":"Feature","properties":{"nom":"Giguillange","genre":"hamlet","rang":4,"pop":null},"geometry":{"type":"Point","coordinates":[2.05336,45.19805]}},{"type":"Feature","properties":{"nom":"Merly","genre":"hamlet","rang":4,"pop":null},"geometry":{"type":"Point","coordinates":[2.22603,45.279]}},{"type":"Feature","properties":{"nom":"Le Peuch","genre":"hamlet","rang":4,"pop":null},"geometry":{"type":"Point","coordinates":[1.96091,45.31652]}},{"type":"Feature","properties":{"nom":"La Terrade","genre":"hamlet","rang":4,"pop":null},"geometry":{"type":"Point","coordinates":[2.22054,45.26051]}},{"type":"Feature","properties":{"nom":"Feintrain","genre":"hamlet","rang":4,"pop":null},"geometry":{"type":"Point","coordinates":[2.09082,45.18504]}},{"type":"Feature","properties":{"nom":"Esteyriche","genre":"hamlet","rang":4,"pop":null},"geometry":{"type":"Point","coordinates":[2.24107,45.33051]}},{"type":"Feature","properties":{"nom":"Chadirac","genre":"hamlet","rang":4,"pop":null},"geometry":{"type":"Point","coordinates":[2.1283,45.1761]}},{"type":"Feature","properties":{"nom":"Pouch","genre":"hamlet","rang":4,"pop":null},"geometry":{"type":"Point","coordinates":[2.07964,45.12444]}},{"type":"Feature","properties":{"nom":"Le Suquet","genre":"hamlet","rang":4,"pop":null},"geometry":{"type":"Point","coordinates":[2.03408,45.27098]}},{"type":"Feature","properties":{"nom":"La Marronnie","genre":"hamlet","rang":4,"pop":null},"geometry":{"type":"Point","coordinates":[2.43893,45.20781]}},{"type":"Feature","properties":{"nom":"Maleprade","genre":"hamlet","rang":4,"pop":null},"geometry":{"type":"Point","coordinates":[2.43258,45.22847]}},{"type":"Feature","properties":{"nom":"Escarvajols","genre":"hamlet","rang":4,"pop":null},"geometry":{"type":"Point","coordinates":[2.30481,45.04539]}},{"type":"Feature","properties":{"nom":"Le Poumeyrol","genre":"hamlet","rang":4,"pop":null},"geometry":{"type":"Point","coordinates":[2.18277,45.23455]}},{"type":"Feature","properties":{"nom":"Veddes","genre":"hamlet","rang":4,"pop":null},"geometry":{"type":"Point","coordinates":[2.44192,45.27843]}},{"type":"Feature","properties":{"nom":"Le Cheylat","genre":"hamlet","rang":4,"pop":null},"geometry":{"type":"Point","coordinates":[2.48251,45.2668]}},{"type":"Feature","properties":{"nom":"Agut","genre":"hamlet","rang":4,"pop":null},"geometry":{"type":"Point","coordinates":[2.45828,45.3177]}},{"type":"Feature","properties":{"nom":"Le Meynial","genre":"hamlet","rang":4,"pop":null},"geometry":{"type":"Point","coordinates":[2.38871,45.1096]}},{"type":"Feature","properties":{"nom":"Sartel","genre":"hamlet","rang":4,"pop":null},"geometry":{"type":"Point","coordinates":[2.2622,45.19924]}},{"type":"Feature","properties":{"nom":"Quarantepeyre","genre":"hamlet","rang":4,"pop":null},"geometry":{"type":"Point","coordinates":[2.1308,45.03925]}},{"type":"Feature","properties":{"nom":"Brameix","genre":"hamlet","rang":4,"pop":null},"geometry":{"type":"Point","coordinates":[2.25182,45.35063]}},{"type":"Feature","properties":{"nom":"Malmaison","genre":"hamlet","rang":4,"pop":null},"geometry":{"type":"Point","coordinates":[2.14142,45.05148]}},{"type":"Feature","properties":{"nom":"Les Mouniardes","genre":"hamlet","rang":4,"pop":null},"geometry":{"type":"Point","coordinates":[2.14348,45.05395]}},{"type":"Feature","properties":{"nom":"Lacamp","genre":"hamlet","rang":4,"pop":null},"geometry":{"type":"Point","coordinates":[2.16257,45.05227]}},{"type":"Feature","properties":{"nom":"Cinqualbre","genre":"hamlet","rang":4,"pop":null},"geometry":{"type":"Point","coordinates":[2.13294,45.06527]}},{"type":"Feature","properties":{"nom":"Bourbouze","genre":"hamlet","rang":4,"pop":null},"geometry":{"type":"Point","coordinates":[2.12748,45.06733]}},{"type":"Feature","properties":{"nom":"Tremouille","genre":"hamlet","rang":4,"pop":null},"geometry":{"type":"Point","coordinates":[2.18715,45.05218]}},{"type":"Feature","properties":{"nom":"Maison Rouge","genre":"hamlet","rang":4,"pop":null},"geometry":{"type":"Point","coordinates":[2.1723,45.05222]}},{"type":"Feature","properties":{"nom":"Loubat","genre":"hamlet","rang":4,"pop":null},"geometry":{"type":"Point","coordinates":[2.43872,45.16338]}},{"type":"Feature","properties":{"nom":"Fageolles","genre":"hamlet","rang":4,"pop":null},"geometry":{"type":"Point","coordinates":[2.33524,45.23207]}},{"type":"Feature","properties":{"nom":"Grégorie","genre":"hamlet","rang":4,"pop":null},"geometry":{"type":"Point","coordinates":[2.38074,45.21933]}},{"type":"Feature","properties":{"nom":"Sion-haut","genre":"hamlet","rang":4,"pop":null},"geometry":{"type":"Point","coordinates":[2.37609,45.21411]}},{"type":"Feature","properties":{"nom":"Le Tilleul des Marmites","genre":"hamlet","rang":4,"pop":null},"geometry":{"type":"Point","coordinates":[2.36064,45.23647]}},{"type":"Feature","properties":{"nom":"Le Vignal","genre":"hamlet","rang":4,"pop":null},"geometry":{"type":"Point","coordinates":[2.164,45.26375]}},{"type":"Feature","properties":{"nom":"Saumon","genre":"hamlet","rang":4,"pop":null},"geometry":{"type":"Point","coordinates":[2.16851,45.28686]}},{"type":"Feature","properties":{"nom":"La Bourgeade","genre":"hamlet","rang":4,"pop":null},"geometry":{"type":"Point","coordinates":[2.13353,45.32033]}},{"type":"Feature","properties":{"nom":"Le Chassagnol","genre":"hamlet","rang":4,"pop":null},"geometry":{"type":"Point","coordinates":[2.13325,45.31176]}},{"type":"Feature","properties":{"nom":"Job","genre":"hamlet","rang":4,"pop":null},"geometry":{"type":"Point","coordinates":[2.14505,45.32989]}},{"type":"Feature","properties":{"nom":"Clos de Lagoutte","genre":"hamlet","rang":4,"pop":null},"geometry":{"type":"Point","coordinates":[2.15005,45.29501]}},{"type":"Feature","properties":{"nom":"La Fabrie","genre":"hamlet","rang":4,"pop":null},"geometry":{"type":"Point","coordinates":[2.12813,45.30795]}},{"type":"Feature","properties":{"nom":"Aigues Vives","genre":"hamlet","rang":4,"pop":null},"geometry":{"type":"Point","coordinates":[2.37871,45.25279]}},{"type":"Feature","properties":{"nom":"Chalimont","genre":"hamlet","rang":4,"pop":null},"geometry":{"type":"Point","coordinates":[2.1785,45.24314]}},{"type":"Feature","properties":{"nom":"Sialve","genre":"hamlet","rang":4,"pop":null},"geometry":{"type":"Point","coordinates":[2.1754,45.24516]}},{"type":"Feature","properties":{"nom":"Verchapie","genre":"hamlet","rang":4,"pop":null},"geometry":{"type":"Point","coordinates":[2.17931,45.20728]}},{"type":"Feature","properties":{"nom":"Malesse","genre":"hamlet","rang":4,"pop":null},"geometry":{"type":"Point","coordinates":[2.09264,45.12053]}},{"type":"Feature","properties":{"nom":"Fontebinieyre","genre":"hamlet","rang":4,"pop":null},"geometry":{"type":"Point","coordinates":[2.00992,44.96238]}},{"type":"Feature","properties":{"nom":"Montplaisir","genre":"hamlet","rang":4,"pop":null},"geometry":{"type":"Point","coordinates":[2.26218,45.24603]}},{"type":"Feature","properties":{"nom":"La Remise-Basse","genre":"hamlet","rang":4,"pop":null},"geometry":{"type":"Point","coordinates":[2.13734,44.9603]}},{"type":"Feature","properties":{"nom":"Bonal","genre":"hamlet","rang":4,"pop":null},"geometry":{"type":"Point","coordinates":[2.13178,45.02514]}},{"type":"Feature","properties":{"nom":"Leyritz","genre":"hamlet","rang":4,"pop":null},"geometry":{"type":"Point","coordinates":[2.13257,45.02]}},{"type":"Feature","properties":{"nom":"Les Vigues","genre":"hamlet","rang":4,"pop":null},"geometry":{"type":"Point","coordinates":[2.14516,45.02037]}},{"type":"Feature","properties":{"nom":"Les Fraux Hauts","genre":"hamlet","rang":4,"pop":null},"geometry":{"type":"Point","coordinates":[2.17389,45.01552]}},{"type":"Feature","properties":{"nom":"Gramont","genre":"hamlet","rang":4,"pop":null},"geometry":{"type":"Point","coordinates":[2.14865,45.03739]}},{"type":"Feature","properties":{"nom":"Le Puech","genre":"hamlet","rang":4,"pop":null},"geometry":{"type":"Point","coordinates":[2.14439,45.01406]}},{"type":"Feature","properties":{"nom":"Lasbordes","genre":"hamlet","rang":4,"pop":null},"geometry":{"type":"Point","coordinates":[2.14791,45.00885]}},{"type":"Feature","properties":{"nom":"Le Caire","genre":"hamlet","rang":4,"pop":null},"geometry":{"type":"Point","coordinates":[2.13803,45.01496]}},{"type":"Feature","properties":{"nom":"Le Bouissou","genre":"hamlet","rang":4,"pop":null},"geometry":{"type":"Point","coordinates":[2.15107,45.04073]}},{"type":"Feature","properties":{"nom":"Mi-Côte","genre":"hamlet","rang":4,"pop":null},"geometry":{"type":"Point","coordinates":[2.18544,44.97701]}},{"type":"Feature","properties":{"nom":"Rodomont","genre":"hamlet","rang":4,"pop":null},"geometry":{"type":"Point","coordinates":[2.21956,45.07825]}},{"type":"Feature","properties":{"nom":"le Perle","genre":"hamlet","rang":4,"pop":null},"geometry":{"type":"Point","coordinates":[2.34302,45.05947]}},{"type":"Feature","properties":{"nom":"Lieu-Dit Marconcelles","genre":"hamlet","rang":4,"pop":null},"geometry":{"type":"Point","coordinates":[1.95059,44.95347]}},{"type":"Feature","properties":{"nom":"La Durantie","genre":"hamlet","rang":4,"pop":null},"geometry":{"type":"Point","coordinates":[2.00823,44.95119]}},{"type":"Feature","properties":{"nom":"Barrier","genre":"hamlet","rang":4,"pop":null},"geometry":{"type":"Point","coordinates":[2.0081,44.95322]}},{"type":"Feature","properties":{"nom":"La Bizade","genre":"hamlet","rang":4,"pop":null},"geometry":{"type":"Point","coordinates":[2.00686,44.95461]}},{"type":"Feature","properties":{"nom":"La Pargude","genre":"hamlet","rang":4,"pop":null},"geometry":{"type":"Point","coordinates":[1.99668,44.94739]}},{"type":"Feature","properties":{"nom":"Prach","genre":"hamlet","rang":4,"pop":null},"geometry":{"type":"Point","coordinates":[1.95003,45.08347]}},{"type":"Feature","properties":{"nom":"Le Soubacle","genre":"hamlet","rang":4,"pop":null},"geometry":{"type":"Point","coordinates":[2.0325,44.95586]}},{"type":"Feature","properties":{"nom":"Las Combes","genre":"hamlet","rang":4,"pop":null},"geometry":{"type":"Point","coordinates":[2.03708,44.96289]}},{"type":"Feature","properties":{"nom":"Lamativie-Gare","genre":"hamlet","rang":4,"pop":null},"geometry":{"type":"Point","coordinates":[2.02999,44.9801]}},{"type":"Feature","properties":{"nom":"Les Landes-Ouest","genre":"hamlet","rang":4,"pop":null},"geometry":{"type":"Point","coordinates":[2.04707,44.95104]}},{"type":"Feature","properties":{"nom":"Feyssines","genre":"hamlet","rang":4,"pop":null},"geometry":{"type":"Point","coordinates":[2.34492,45.12677]}},{"type":"Feature","properties":{"nom":"Le Rouziers","genre":"hamlet","rang":4,"pop":null},"geometry":{"type":"Point","coordinates":[2.34322,45.13204]}},{"type":"Feature","properties":{"nom":"Cols","genre":"hamlet","rang":4,"pop":null},"geometry":{"type":"Point","coordinates":[2.27774,45.10029]}},{"type":"Feature","properties":{"nom":"Lachaud","genre":"hamlet","rang":4,"pop":null},"geometry":{"type":"Point","coordinates":[2.33098,45.1188]}},{"type":"Feature","properties":{"nom":"Beaujarret","genre":"hamlet","rang":4,"pop":null},"geometry":{"type":"Point","coordinates":[2.27239,45.10507]}},{"type":"Feature","properties":{"nom":"Savalaure","genre":"hamlet","rang":4,"pop":null},"geometry":{"type":"Point","coordinates":[2.2553,45.08573]}},{"type":"Feature","properties":{"nom":"Le Petit Bouchet","genre":"hamlet","rang":4,"pop":null},"geometry":{"type":"Point","coordinates":[1.7221,45.65173]}},{"type":"Feature","properties":{"nom":"Le Grand Bouchet","genre":"hamlet","rang":4,"pop":null},"geometry":{"type":"Point","coordinates":[1.72742,45.65459]}},{"type":"Feature","properties":{"nom":"Meillac","genre":"hamlet","rang":4,"pop":null},"geometry":{"type":"Point","coordinates":[1.65159,45.64664]}},{"type":"Feature","properties":{"nom":"Les Bourrats","genre":"hamlet","rang":4,"pop":null},"geometry":{"type":"Point","coordinates":[1.51271,45.38414]}},{"type":"Feature","properties":{"nom":"Le Pouget","genre":"hamlet","rang":4,"pop":null},"geometry":{"type":"Point","coordinates":[1.54609,45.38169]}},{"type":"Feature","properties":{"nom":"Le Mas du Puy","genre":"hamlet","rang":4,"pop":null},"geometry":{"type":"Point","coordinates":[1.56283,45.38829]}},{"type":"Feature","properties":{"nom":"Soulingeas","genre":"hamlet","rang":4,"pop":null},"geometry":{"type":"Point","coordinates":[1.54979,45.39984]}},{"type":"Feature","properties":{"nom":"Peyssoulier","genre":"hamlet","rang":4,"pop":null},"geometry":{"type":"Point","coordinates":[1.55169,45.41089]}},{"type":"Feature","properties":{"nom":"La Belette","genre":"hamlet","rang":4,"pop":null},"geometry":{"type":"Point","coordinates":[1.55725,45.41019]}},{"type":"Feature","properties":{"nom":"La Combe","genre":"hamlet","rang":4,"pop":null},"geometry":{"type":"Point","coordinates":[1.89371,45.67333]}},{"type":"Feature","properties":{"nom":"Clos le Lafarge","genre":"hamlet","rang":4,"pop":null},"geometry":{"type":"Point","coordinates":[1.81327,45.73943]}},{"type":"Feature","properties":{"nom":"Lauzat","genre":"hamlet","rang":4,"pop":null},"geometry":{"type":"Point","coordinates":[1.84043,45.74085]}},{"type":"Feature","properties":{"nom":"Le Fournet","genre":"hamlet","rang":4,"pop":null},"geometry":{"type":"Point","coordinates":[1.87022,45.70312]}},{"type":"Feature","properties":{"nom":"Négremont","genre":"hamlet","rang":4,"pop":null},"geometry":{"type":"Point","coordinates":[1.87841,45.70133]}},{"type":"Feature","properties":{"nom":"Chez Chapelle","genre":"hamlet","rang":4,"pop":null},"geometry":{"type":"Point","coordinates":[1.83771,45.68605]}},{"type":"Feature","properties":{"nom":"Les Farges","genre":"hamlet","rang":4,"pop":null},"geometry":{"type":"Point","coordinates":[1.8557,45.67774]}},{"type":"Feature","properties":{"nom":"Villefauneix","genre":"hamlet","rang":4,"pop":null},"geometry":{"type":"Point","coordinates":[1.86876,45.6725]}},{"type":"Feature","properties":{"nom":"La Nouaille","genre":"hamlet","rang":4,"pop":null},"geometry":{"type":"Point","coordinates":[1.87447,45.67827]}},{"type":"Feature","properties":{"nom":"La Villeneuve","genre":"hamlet","rang":4,"pop":null},"geometry":{"type":"Point","coordinates":[1.84673,45.68403]}},{"type":"Feature","properties":{"nom":"Pradoux","genre":"hamlet","rang":4,"pop":null},"geometry":{"type":"Point","coordinates":[1.86767,45.69009]}},{"type":"Feature","properties":{"nom":"La Terrade","genre":"hamlet","rang":4,"pop":null},"geometry":{"type":"Point","coordinates":[1.88703,45.69126]}},{"type":"Feature","properties":{"nom":"Les Fargettes","genre":"hamlet","rang":4,"pop":null},"geometry":{"type":"Point","coordinates":[1.87376,45.7194]}},{"type":"Feature","properties":{"nom":"Donzenat","genre":"hamlet","rang":4,"pop":null},"geometry":{"type":"Point","coordinates":[1.88075,45.72115]}},{"type":"Feature","properties":{"nom":"Guimont","genre":"hamlet","rang":4,"pop":null},"geometry":{"type":"Point","coordinates":[1.87235,45.73622]}},{"type":"Feature","properties":{"nom":"Croux","genre":"hamlet","rang":4,"pop":null},"geometry":{"type":"Point","coordinates":[1.87122,45.75002]}},{"type":"Feature","properties":{"nom":"Le Met","genre":"hamlet","rang":4,"pop":null},"geometry":{"type":"Point","coordinates":[1.84297,45.72032]}},{"type":"Feature","properties":{"nom":"Lavaud","genre":"hamlet","rang":4,"pop":null},"geometry":{"type":"Point","coordinates":[1.86056,45.72273]}},{"type":"Feature","properties":{"nom":"Truffy","genre":"hamlet","rang":4,"pop":null},"geometry":{"type":"Point","coordinates":[1.88741,45.7542]}},{"type":"Feature","properties":{"nom":"Le Moulin d'Anglard","genre":"hamlet","rang":4,"pop":null},"geometry":{"type":"Point","coordinates":[1.54239,45.40566]}},{"type":"Feature","properties":{"nom":"Le Rieupeyroux","genre":"hamlet","rang":4,"pop":null},"geometry":{"type":"Point","coordinates":[1.56285,45.40556]}},{"type":"Feature","properties":{"nom":"La Borie Noire","genre":"hamlet","rang":4,"pop":null},"geometry":{"type":"Point","coordinates":[1.56716,45.41105]}},{"type":"Feature","properties":{"nom":"Bourzat","genre":"hamlet","rang":4,"pop":null},"geometry":{"type":"Point","coordinates":[1.54581,45.41839]}},{"type":"Feature","properties":{"nom":"Chantegril","genre":"hamlet","rang":4,"pop":null},"geometry":{"type":"Point","coordinates":[1.58189,45.39742]}},{"type":"Feature","properties":{"nom":"Le Cheyrou","genre":"hamlet","rang":4,"pop":null},"geometry":{"type":"Point","coordinates":[1.58303,45.40142]}},{"type":"Feature","properties":{"nom":"La Valette","genre":"hamlet","rang":4,"pop":null},"geometry":{"type":"Point","coordinates":[1.53453,45.42567]}},{"type":"Feature","properties":{"nom":"Bouchiat","genre":"hamlet","rang":4,"pop":null},"geometry":{"type":"Point","coordinates":[1.52341,45.4195]}},{"type":"Feature","properties":{"nom":"La Brugère","genre":"hamlet","rang":4,"pop":null},"geometry":{"type":"Point","coordinates":[1.51639,45.43359]}},{"type":"Feature","properties":{"nom":"La Roche","genre":"hamlet","rang":4,"pop":null},"geometry":{"type":"Point","coordinates":[1.52789,45.43255]}},{"type":"Feature","properties":{"nom":"La Croix de Pingrieux","genre":"hamlet","rang":4,"pop":null},"geometry":{"type":"Point","coordinates":[1.53646,45.45217]}},{"type":"Feature","properties":{"nom":"Pingrieux","genre":"hamlet","rang":4,"pop":null},"geometry":{"type":"Point","coordinates":[1.5445,45.45533]}},{"type":"Feature","properties":{"nom":"Sermadiras","genre":"hamlet","rang":4,"pop":null},"geometry":{"type":"Point","coordinates":[1.54348,45.46183]}},{"type":"Feature","properties":{"nom":"Baby","genre":"hamlet","rang":4,"pop":null},"geometry":{"type":"Point","coordinates":[1.51128,45.41392]}},{"type":"Feature","properties":{"nom":"Puy Valence","genre":"hamlet","rang":4,"pop":null},"geometry":{"type":"Point","coordinates":[1.52634,45.4604]}},{"type":"Feature","properties":{"nom":"Les Rouverades","genre":"hamlet","rang":4,"pop":null},"geometry":{"type":"Point","coordinates":[1.51064,45.47508]}},{"type":"Feature","properties":{"nom":"La Borie Basse","genre":"hamlet","rang":4,"pop":null},"geometry":{"type":"Point","coordinates":[1.55176,45.44149]}},{"type":"Feature","properties":{"nom":"Chambourg","genre":"hamlet","rang":4,"pop":null},"geometry":{"type":"Point","coordinates":[1.58965,45.44013]}},{"type":"Feature","properties":{"nom":"Les Sagnes","genre":"hamlet","rang":4,"pop":null},"geometry":{"type":"Point","coordinates":[1.56943,45.38724]}},{"type":"Feature","properties":{"nom":"La Nauche","genre":"hamlet","rang":4,"pop":null},"geometry":{"type":"Point","coordinates":[1.5371,45.39388]}},{"type":"Feature","properties":{"nom":"Le Puy de Grace","genre":"hamlet","rang":4,"pop":null},"geometry":{"type":"Point","coordinates":[1.57424,45.36845]}},{"type":"Feature","properties":{"nom":"La Borie d'Enval","genre":"hamlet","rang":4,"pop":null},"geometry":{"type":"Point","coordinates":[1.55447,45.36396]}},{"type":"Feature","properties":{"nom":"La Roche","genre":"hamlet","rang":4,"pop":null},"geometry":{"type":"Point","coordinates":[1.53662,45.37733]}},{"type":"Feature","properties":{"nom":"Vieillemard","genre":"hamlet","rang":4,"pop":null},"geometry":{"type":"Point","coordinates":[1.68133,45.54388]}},{"type":"Feature","properties":{"nom":"Mergnat","genre":"hamlet","rang":4,"pop":null},"geometry":{"type":"Point","coordinates":[1.51191,45.39549]}},{"type":"Feature","properties":{"nom":"Donnedieu","genre":"hamlet","rang":4,"pop":null},"geometry":{"type":"Point","coordinates":[1.5128,45.40162]}},{"type":"Feature","properties":{"nom":"La Borie-Labat","genre":"hamlet","rang":4,"pop":null},"geometry":{"type":"Point","coordinates":[1.49989,45.37751]}},{"type":"Feature","properties":{"nom":"Lavaud","genre":"hamlet","rang":4,"pop":null},"geometry":{"type":"Point","coordinates":[1.50755,45.38907]}},{"type":"Feature","properties":{"nom":"Bleygeat","genre":"hamlet","rang":4,"pop":null},"geometry":{"type":"Point","coordinates":[1.51278,45.35549]}},{"type":"Feature","properties":{"nom":"Commagnac","genre":"hamlet","rang":4,"pop":null},"geometry":{"type":"Point","coordinates":[1.53459,45.36167]}},{"type":"Feature","properties":{"nom":"Meyvialle-Haut","genre":"hamlet","rang":4,"pop":null},"geometry":{"type":"Point","coordinates":[1.51932,45.36952]}},{"type":"Feature","properties":{"nom":"Le Puy Au Juge","genre":"hamlet","rang":4,"pop":null},"geometry":{"type":"Point","coordinates":[1.48221,45.37833]}},{"type":"Feature","properties":{"nom":"Le Chatenet","genre":"hamlet","rang":4,"pop":null},"geometry":{"type":"Point","coordinates":[1.48435,45.38237]}},{"type":"Feature","properties":{"nom":"Muratet","genre":"hamlet","rang":4,"pop":null},"geometry":{"type":"Point","coordinates":[1.46943,45.37345]}},{"type":"Feature","properties":{"nom":"Viallevalleix","genre":"hamlet","rang":4,"pop":null},"geometry":{"type":"Point","coordinates":[1.49938,45.36798]}},{"type":"Feature","properties":{"nom":"Sauvignat","genre":"hamlet","rang":4,"pop":null},"geometry":{"type":"Point","coordinates":[1.49016,45.39153]}},{"type":"Feature","properties":{"nom":"Chiniat","genre":"hamlet","rang":4,"pop":null},"geometry":{"type":"Point","coordinates":[1.49439,45.39874]}},{"type":"Feature","properties":{"nom":"Caux","genre":"hamlet","rang":4,"pop":null},"geometry":{"type":"Point","coordinates":[1.45321,45.58306]}},{"type":"Feature","properties":{"nom":"Royer","genre":"hamlet","rang":4,"pop":null},"geometry":{"type":"Point","coordinates":[1.39852,45.5258]}},{"type":"Feature","properties":{"nom":"Le Moulin de Bret","genre":"hamlet","rang":4,"pop":null},"geometry":{"type":"Point","coordinates":[1.38647,45.50797]}},{"type":"Feature","properties":{"nom":"La Peytourie","genre":"hamlet","rang":4,"pop":null},"geometry":{"type":"Point","coordinates":[1.58116,45.44199]}},{"type":"Feature","properties":{"nom":"Le Pouyau","genre":"hamlet","rang":4,"pop":null},"geometry":{"type":"Point","coordinates":[1.57832,45.44772]}},{"type":"Feature","properties":{"nom":"Lavaud","genre":"hamlet","rang":4,"pop":null},"geometry":{"type":"Point","coordinates":[1.62523,45.7049]}},{"type":"Feature","properties":{"nom":"Trarieux","genre":"hamlet","rang":4,"pop":null},"geometry":{"type":"Point","coordinates":[1.7915,45.61518]}},{"type":"Feature","properties":{"nom":"Murat","genre":"hamlet","rang":4,"pop":null},"geometry":{"type":"Point","coordinates":[1.89465,45.54079]}},{"type":"Feature","properties":{"nom":"Le Moulin de Bity","genre":"hamlet","rang":4,"pop":null},"geometry":{"type":"Point","coordinates":[1.91937,45.41294]}},{"type":"Feature","properties":{"nom":"Murat","genre":"hamlet","rang":4,"pop":null},"geometry":{"type":"Point","coordinates":[1.61319,45.69777]}},{"type":"Feature","properties":{"nom":"Puy de Moussanas","genre":"hamlet","rang":4,"pop":null},"geometry":{"type":"Point","coordinates":[1.59324,45.68175]}},{"type":"Feature","properties":{"nom":"Serre","genre":"hamlet","rang":4,"pop":null},"geometry":{"type":"Point","coordinates":[1.63304,45.68243]}},{"type":"Feature","properties":{"nom":"La Vaysse","genre":"hamlet","rang":4,"pop":null},"geometry":{"type":"Point","coordinates":[1.92481,45.49882]}},{"type":"Feature","properties":{"nom":"Chazalnoël","genre":"hamlet","rang":4,"pop":null},"geometry":{"type":"Point","coordinates":[1.91827,45.47688]}},{"type":"Feature","properties":{"nom":"Reygnac","genre":"hamlet","rang":4,"pop":null},"geometry":{"type":"Point","coordinates":[1.91238,45.4859]}},{"type":"Feature","properties":{"nom":"Gussanges","genre":"hamlet","rang":4,"pop":null},"geometry":{"type":"Point","coordinates":[1.90749,45.47905]}},{"type":"Feature","properties":{"nom":"Le Mas","genre":"hamlet","rang":4,"pop":null},"geometry":{"type":"Point","coordinates":[1.93183,45.47057]}},{"type":"Feature","properties":{"nom":"Le Chassaing","genre":"hamlet","rang":4,"pop":null},"geometry":{"type":"Point","coordinates":[1.92777,45.47088]}},{"type":"Feature","properties":{"nom":"Sénéjoux","genre":"hamlet","rang":4,"pop":null},"geometry":{"type":"Point","coordinates":[1.92316,45.51303]}},{"type":"Feature","properties":{"nom":"Le Mazel","genre":"hamlet","rang":4,"pop":null},"geometry":{"type":"Point","coordinates":[1.90629,45.52389]}},{"type":"Feature","properties":{"nom":"Le Masgoutier","genre":"hamlet","rang":4,"pop":null},"geometry":{"type":"Point","coordinates":[1.90384,45.51949]}},{"type":"Feature","properties":{"nom":"La Bretonnèche","genre":"hamlet","rang":4,"pop":null},"geometry":{"type":"Point","coordinates":[1.89653,45.5056]}},{"type":"Feature","properties":{"nom":"Peyrat","genre":"hamlet","rang":4,"pop":null},"geometry":{"type":"Point","coordinates":[1.90507,45.50016]}},{"type":"Feature","properties":{"nom":"La Besse","genre":"hamlet","rang":4,"pop":null},"geometry":{"type":"Point","coordinates":[1.88816,45.52151]}},{"type":"Feature","properties":{"nom":"Le Vietheil","genre":"hamlet","rang":4,"pop":null},"geometry":{"type":"Point","coordinates":[1.89112,45.4872]}},{"type":"Feature","properties":{"nom":"Le Masmichel","genre":"hamlet","rang":4,"pop":null},"geometry":{"type":"Point","coordinates":[1.89821,45.45566]}},{"type":"Feature","properties":{"nom":"La Baule","genre":"hamlet","rang":4,"pop":null},"geometry":{"type":"Point","coordinates":[1.8979,45.45987]}},{"type":"Feature","properties":{"nom":"Pradines Vieilles","genre":"hamlet","rang":4,"pop":null},"geometry":{"type":"Point","coordinates":[1.89377,45.52641]}},{"type":"Feature","properties":{"nom":"Tronche","genre":"hamlet","rang":4,"pop":null},"geometry":{"type":"Point","coordinates":[1.63675,45.7088]}},{"type":"Feature","properties":{"nom":"Bussy","genre":"hamlet","rang":4,"pop":null},"geometry":{"type":"Point","coordinates":[1.65988,45.69774]}},{"type":"Feature","properties":{"nom":"Malagnoux","genre":"hamlet","rang":4,"pop":null},"geometry":{"type":"Point","coordinates":[1.87927,45.53321]}},{"type":"Feature","properties":{"nom":"Vars","genre":"hamlet","rang":4,"pop":null},"geometry":{"type":"Point","coordinates":[1.74321,45.57879]}},{"type":"Feature","properties":{"nom":"Ciblac","genre":"hamlet","rang":4,"pop":null},"geometry":{"type":"Point","coordinates":[1.69642,45.58559]}},{"type":"Feature","properties":{"nom":"Les Mèzes","genre":"hamlet","rang":4,"pop":null},"geometry":{"type":"Point","coordinates":[1.71004,45.59271]}},{"type":"Feature","properties":{"nom":"Journiac","genre":"hamlet","rang":4,"pop":null},"geometry":{"type":"Point","coordinates":[1.69677,45.59661]}},{"type":"Feature","properties":{"nom":"Le Germont","genre":"hamlet","rang":4,"pop":null},"geometry":{"type":"Point","coordinates":[1.67994,45.60417]}},{"type":"Feature","properties":{"nom":"Bellegarde","genre":"hamlet","rang":4,"pop":null},"geometry":{"type":"Point","coordinates":[1.66688,45.60212]}},{"type":"Feature","properties":{"nom":"Le Mas-d'Hubert","genre":"hamlet","rang":4,"pop":null},"geometry":{"type":"Point","coordinates":[1.62822,45.60138]}},{"type":"Feature","properties":{"nom":"Boulou","genre":"hamlet","rang":4,"pop":null},"geometry":{"type":"Point","coordinates":[1.78174,45.48321]}},{"type":"Feature","properties":{"nom":"La Chabassière","genre":"hamlet","rang":4,"pop":null},"geometry":{"type":"Point","coordinates":[1.56898,45.67019]}},{"type":"Feature","properties":{"nom":"Jumeau le Petit","genre":"hamlet","rang":4,"pop":null},"geometry":{"type":"Point","coordinates":[1.57104,45.67838]}},{"type":"Feature","properties":{"nom":"Taraves","genre":"hamlet","rang":4,"pop":null},"geometry":{"type":"Point","coordinates":[1.91072,45.3519]}},{"type":"Feature","properties":{"nom":"Brousse","genre":"hamlet","rang":4,"pop":null},"geometry":{"type":"Point","coordinates":[1.88476,45.35337]}},{"type":"Feature","properties":{"nom":"Canard","genre":"hamlet","rang":4,"pop":null},"geometry":{"type":"Point","coordinates":[1.90749,45.35298]}},{"type":"Feature","properties":{"nom":"Reygnac","genre":"hamlet","rang":4,"pop":null},"geometry":{"type":"Point","coordinates":[1.88559,45.36585]}},{"type":"Feature","properties":{"nom":"Bouysse","genre":"hamlet","rang":4,"pop":null},"geometry":{"type":"Point","coordinates":[1.89512,45.36683]}},{"type":"Feature","properties":{"nom":"La Chapelle Anty","genre":"hamlet","rang":4,"pop":null},"geometry":{"type":"Point","coordinates":[1.38774,45.49388]}},{"type":"Feature","properties":{"nom":"Montbuchoux","genre":"hamlet","rang":4,"pop":null},"geometry":{"type":"Point","coordinates":[1.92055,45.73999]}},{"type":"Feature","properties":{"nom":"La Fermerie","genre":"hamlet","rang":4,"pop":null},"geometry":{"type":"Point","coordinates":[1.92011,45.74582]}},{"type":"Feature","properties":{"nom":"La Baraque","genre":"hamlet","rang":4,"pop":null},"geometry":{"type":"Point","coordinates":[1.8966,45.73503]}},{"type":"Feature","properties":{"nom":"Le Moulin Vieux","genre":"hamlet","rang":4,"pop":null},"geometry":{"type":"Point","coordinates":[1.89005,45.73582]}},{"type":"Feature","properties":{"nom":"Le Mazeau","genre":"hamlet","rang":4,"pop":null},"geometry":{"type":"Point","coordinates":[1.90484,45.73128]}},{"type":"Feature","properties":{"nom":"Le Bon Martin","genre":"hamlet","rang":4,"pop":null},"geometry":{"type":"Point","coordinates":[1.91169,45.71638]}},{"type":"Feature","properties":{"nom":"Moulin de Chatain","genre":"hamlet","rang":4,"pop":null},"geometry":{"type":"Point","coordinates":[1.93036,45.71006]}},{"type":"Feature","properties":{"nom":"Mercier-Ferrier","genre":"hamlet","rang":4,"pop":null},"geometry":{"type":"Point","coordinates":[1.91264,45.72258]}},{"type":"Feature","properties":{"nom":"L'Estang","genre":"hamlet","rang":4,"pop":null},"geometry":{"type":"Point","coordinates":[1.86445,45.61078]}},{"type":"Feature","properties":{"nom":"Plazanet","genre":"hamlet","rang":4,"pop":null},"geometry":{"type":"Point","coordinates":[1.894,45.6134]}},{"type":"Feature","properties":{"nom":"Champs","genre":"hamlet","rang":4,"pop":null},"geometry":{"type":"Point","coordinates":[1.66333,45.65588]}},{"type":"Feature","properties":{"nom":"Claud","genre":"hamlet","rang":4,"pop":null},"geometry":{"type":"Point","coordinates":[1.72955,45.7362]}},{"type":"Feature","properties":{"nom":"Espleaux","genre":"hamlet","rang":4,"pop":null},"geometry":{"type":"Point","coordinates":[1.92448,45.43067]}},{"type":"Feature","properties":{"nom":"Crouzette","genre":"hamlet","rang":4,"pop":null},"geometry":{"type":"Point","coordinates":[1.92822,45.44308]}},{"type":"Feature","properties":{"nom":"Barbazanges","genre":"hamlet","rang":4,"pop":null},"geometry":{"type":"Point","coordinates":[1.88257,45.42792]}},{"type":"Feature","properties":{"nom":"Freysselines","genre":"hamlet","rang":4,"pop":null},"geometry":{"type":"Point","coordinates":[1.84547,45.46026]}},{"type":"Feature","properties":{"nom":"Maurianges","genre":"hamlet","rang":4,"pop":null},"geometry":{"type":"Point","coordinates":[1.87541,45.46362]}},{"type":"Feature","properties":{"nom":"La Monédière","genre":"hamlet","rang":4,"pop":null},"geometry":{"type":"Point","coordinates":[1.86215,45.47778]}},{"type":"Feature","properties":{"nom":"Chastagnol","genre":"hamlet","rang":4,"pop":null},"geometry":{"type":"Point","coordinates":[1.88456,45.4723]}},{"type":"Feature","properties":{"nom":"La Vedrenne","genre":"hamlet","rang":4,"pop":null},"geometry":{"type":"Point","coordinates":[1.90624,45.43167]}},{"type":"Feature","properties":{"nom":"La Vialle","genre":"hamlet","rang":4,"pop":null},"geometry":{"type":"Point","coordinates":[1.90077,45.44584]}},{"type":"Feature","properties":{"nom":"Le Vialaneix","genre":"hamlet","rang":4,"pop":null},"geometry":{"type":"Point","coordinates":[1.92081,45.45035]}},{"type":"Feature","properties":{"nom":"Chemin","genre":"hamlet","rang":4,"pop":null},"geometry":{"type":"Point","coordinates":[1.88901,45.55935]}},{"type":"Feature","properties":{"nom":"Labrousse","genre":"hamlet","rang":4,"pop":null},"geometry":{"type":"Point","coordinates":[1.87702,45.55783]}},{"type":"Feature","properties":{"nom":"La Bussière","genre":"hamlet","rang":4,"pop":null},"geometry":{"type":"Point","coordinates":[1.85966,45.5581]}},{"type":"Feature","properties":{"nom":"La Clossagne","genre":"hamlet","rang":4,"pop":null},"geometry":{"type":"Point","coordinates":[1.85653,45.56145]}},{"type":"Feature","properties":{"nom":"La Côte","genre":"hamlet","rang":4,"pop":null},"geometry":{"type":"Point","coordinates":[1.8513,45.55351]}},{"type":"Feature","properties":{"nom":"Le Madegal","genre":"hamlet","rang":4,"pop":null},"geometry":{"type":"Point","coordinates":[1.84735,45.5681]}},{"type":"Feature","properties":{"nom":"Le Pey","genre":"hamlet","rang":4,"pop":null},"geometry":{"type":"Point","coordinates":[1.86618,45.52427]}},{"type":"Feature","properties":{"nom":"Nespoux","genre":"hamlet","rang":4,"pop":null},"geometry":{"type":"Point","coordinates":[1.85645,45.53969]}},{"type":"Feature","properties":{"nom":"La Tranugie","genre":"hamlet","rang":4,"pop":null},"geometry":{"type":"Point","coordinates":[1.71361,45.51084]}},{"type":"Feature","properties":{"nom":"Mazieras","genre":"hamlet","rang":4,"pop":null},"geometry":{"type":"Point","coordinates":[1.68498,45.51077]}},{"type":"Feature","properties":{"nom":"Le Mont","genre":"hamlet","rang":4,"pop":null},"geometry":{"type":"Point","coordinates":[1.92737,45.68515]}},{"type":"Feature","properties":{"nom":"La Ribière","genre":"hamlet","rang":4,"pop":null},"geometry":{"type":"Point","coordinates":[1.88739,45.73027]}},{"type":"Feature","properties":{"nom":"La Roche","genre":"hamlet","rang":4,"pop":null},"geometry":{"type":"Point","coordinates":[1.89179,45.7341]}},{"type":"Feature","properties":{"nom":"La Buffatière","genre":"hamlet","rang":4,"pop":null},"geometry":{"type":"Point","coordinates":[1.86633,45.62293]}},{"type":"Feature","properties":{"nom":"La Moratille","genre":"hamlet","rang":4,"pop":null},"geometry":{"type":"Point","coordinates":[1.90033,45.6294]}},{"type":"Feature","properties":{"nom":"Arnac","genre":"hamlet","rang":4,"pop":null},"geometry":{"type":"Point","coordinates":[1.36976,45.40929]}},{"type":"Feature","properties":{"nom":"Lavergne","genre":"hamlet","rang":4,"pop":null},"geometry":{"type":"Point","coordinates":[1.89915,45.39453]}},{"type":"Feature","properties":{"nom":"La Malonie","genre":"hamlet","rang":4,"pop":null},"geometry":{"type":"Point","coordinates":[1.46053,45.47681]}},{"type":"Feature","properties":{"nom":"Coulamy","genre":"hamlet","rang":4,"pop":null},"geometry":{"type":"Point","coordinates":[1.75758,45.36431]}},{"type":"Feature","properties":{"nom":"Couturas","genre":"hamlet","rang":4,"pop":null},"geometry":{"type":"Point","coordinates":[1.79082,45.59928]}},{"type":"Feature","properties":{"nom":"Les Plats","genre":"hamlet","rang":4,"pop":null},"geometry":{"type":"Point","coordinates":[1.52367,45.61216]}},{"type":"Feature","properties":{"nom":"Coussac","genre":"hamlet","rang":4,"pop":null},"geometry":{"type":"Point","coordinates":[1.53529,45.62132]}},{"type":"Feature","properties":{"nom":"Montréal","genre":"hamlet","rang":4,"pop":null},"geometry":{"type":"Point","coordinates":[1.51072,45.6105]}},{"type":"Feature","properties":{"nom":"Las Gorceix","genre":"hamlet","rang":4,"pop":null},"geometry":{"type":"Point","coordinates":[1.50209,45.59941]}},{"type":"Feature","properties":{"nom":"La Plagne","genre":"hamlet","rang":4,"pop":null},"geometry":{"type":"Point","coordinates":[1.45574,45.59444]}},{"type":"Feature","properties":{"nom":"Pierre Brune","genre":"hamlet","rang":4,"pop":null},"geometry":{"type":"Point","coordinates":[1.4586,45.58911]}},{"type":"Feature","properties":{"nom":"Le Martoulet","genre":"hamlet","rang":4,"pop":null},"geometry":{"type":"Point","coordinates":[1.4739,45.57928]}},{"type":"Feature","properties":{"nom":"Le Surgeol","genre":"hamlet","rang":4,"pop":null},"geometry":{"type":"Point","coordinates":[1.47645,45.59369]}},{"type":"Feature","properties":{"nom":"Bousselas","genre":"hamlet","rang":4,"pop":null},"geometry":{"type":"Point","coordinates":[1.48712,45.58842]}},{"type":"Feature","properties":{"nom":"La Bachellerie","genre":"hamlet","rang":4,"pop":null},"geometry":{"type":"Point","coordinates":[1.46423,45.60444]}},{"type":"Feature","properties":{"nom":"Curzac","genre":"hamlet","rang":4,"pop":null},"geometry":{"type":"Point","coordinates":[1.53522,45.63254]}},{"type":"Feature","properties":{"nom":"Bouchailloux","genre":"hamlet","rang":4,"pop":null},"geometry":{"type":"Point","coordinates":[1.51042,45.61693]}},{"type":"Feature","properties":{"nom":"Chassagnas","genre":"hamlet","rang":4,"pop":null},"geometry":{"type":"Point","coordinates":[1.5376,45.60627]}},{"type":"Feature","properties":{"nom":"Manin","genre":"hamlet","rang":4,"pop":null},"geometry":{"type":"Point","coordinates":[1.54584,45.60035]}},{"type":"Feature","properties":{"nom":"Sauvagnat","genre":"hamlet","rang":4,"pop":null},"geometry":{"type":"Point","coordinates":[1.49198,45.62564]}},{"type":"Feature","properties":{"nom":"Le Grand-Domaine","genre":"hamlet","rang":4,"pop":null},"geometry":{"type":"Point","coordinates":[1.4927,45.62901]}},{"type":"Feature","properties":{"nom":"Le Maslemonge","genre":"hamlet","rang":4,"pop":null},"geometry":{"type":"Point","coordinates":[1.4755,45.60304]}},{"type":"Feature","properties":{"nom":"Chavagneras","genre":"hamlet","rang":4,"pop":null},"geometry":{"type":"Point","coordinates":[1.47336,45.60741]}},{"type":"Feature","properties":{"nom":"La Beylie","genre":"hamlet","rang":4,"pop":null},"geometry":{"type":"Point","coordinates":[1.46708,45.5952]}},{"type":"Feature","properties":{"nom":"Montjayol","genre":"hamlet","rang":4,"pop":null},"geometry":{"type":"Point","coordinates":[1.48199,45.58137]}},{"type":"Feature","properties":{"nom":"Le Chauveyroux","genre":"hamlet","rang":4,"pop":null},"geometry":{"type":"Point","coordinates":[1.49762,45.5953]}},{"type":"Feature","properties":{"nom":"Charrieras","genre":"hamlet","rang":4,"pop":null},"geometry":{"type":"Point","coordinates":[1.48969,45.59711]}},{"type":"Feature","properties":{"nom":"Redempt","genre":"hamlet","rang":4,"pop":null},"geometry":{"type":"Point","coordinates":[1.49656,45.60366]}},{"type":"Feature","properties":{"nom":"La Grange-Neuve","genre":"hamlet","rang":4,"pop":null},"geometry":{"type":"Point","coordinates":[1.49774,45.60137]}},{"type":"Feature","properties":{"nom":"La Grillère","genre":"hamlet","rang":4,"pop":null},"geometry":{"type":"Point","coordinates":[1.50748,45.58975]}},{"type":"Feature","properties":{"nom":"Le Cheyroux","genre":"hamlet","rang":4,"pop":null},"geometry":{"type":"Point","coordinates":[1.50309,45.58328]}},{"type":"Feature","properties":{"nom":"Le Chassaing","genre":"hamlet","rang":4,"pop":null},"geometry":{"type":"Point","coordinates":[1.50143,45.58048]}},{"type":"Feature","properties":{"nom":"Le Sucaud","genre":"hamlet","rang":4,"pop":null},"geometry":{"type":"Point","coordinates":[1.505,45.57332]}},{"type":"Feature","properties":{"nom":"La Font-Vergnolle","genre":"hamlet","rang":4,"pop":null},"geometry":{"type":"Point","coordinates":[1.50654,45.56878]}},{"type":"Feature","properties":{"nom":"Beausoleil","genre":"hamlet","rang":4,"pop":null},"geometry":{"type":"Point","coordinates":[1.51098,45.56624]}},{"type":"Feature","properties":{"nom":"Le Faux","genre":"hamlet","rang":4,"pop":null},"geometry":{"type":"Point","coordinates":[1.49653,45.5723]}},{"type":"Feature","properties":{"nom":"Las Bayas","genre":"hamlet","rang":4,"pop":null},"geometry":{"type":"Point","coordinates":[1.4901,45.5765]}},{"type":"Feature","properties":{"nom":"Bretagne","genre":"hamlet","rang":4,"pop":null},"geometry":{"type":"Point","coordinates":[1.5268,45.62743]}},{"type":"Feature","properties":{"nom":"Nouaillas","genre":"hamlet","rang":4,"pop":null},"geometry":{"type":"Point","coordinates":[1.52373,45.63141]}},{"type":"Feature","properties":{"nom":"Moulin de Lacour","genre":"hamlet","rang":4,"pop":null},"geometry":{"type":"Point","coordinates":[1.48421,45.60386]}},{"type":"Feature","properties":{"nom":"Le Repère","genre":"hamlet","rang":4,"pop":null},"geometry":{"type":"Point","coordinates":[1.4877,45.60673]}},{"type":"Feature","properties":{"nom":"La Combas","genre":"hamlet","rang":4,"pop":null},"geometry":{"type":"Point","coordinates":[1.505,45.6218]}},{"type":"Feature","properties":{"nom":"La Penauderie","genre":"hamlet","rang":4,"pop":null},"geometry":{"type":"Point","coordinates":[1.50627,45.61906]}},{"type":"Feature","properties":{"nom":"Le Pincharaud","genre":"hamlet","rang":4,"pop":null},"geometry":{"type":"Point","coordinates":[1.50991,45.62644]}},{"type":"Feature","properties":{"nom":"Le Chatenet","genre":"hamlet","rang":4,"pop":null},"geometry":{"type":"Point","coordinates":[1.50242,45.6251]}},{"type":"Feature","properties":{"nom":"Chassagnas","genre":"hamlet","rang":4,"pop":null},"geometry":{"type":"Point","coordinates":[1.50315,45.63049]}},{"type":"Feature","properties":{"nom":"Nova","genre":"hamlet","rang":4,"pop":null},"geometry":{"type":"Point","coordinates":[1.50769,45.63566]}},{"type":"Feature","properties":{"nom":"La Beauberie","genre":"hamlet","rang":4,"pop":null},"geometry":{"type":"Point","coordinates":[1.51802,45.63835]}},{"type":"Feature","properties":{"nom":"Fromental","genre":"hamlet","rang":4,"pop":null},"geometry":{"type":"Point","coordinates":[1.53203,45.62631]}},{"type":"Feature","properties":{"nom":"Latronche","genre":"hamlet","rang":4,"pop":null},"geometry":{"type":"Point","coordinates":[1.5257,45.64126]}},{"type":"Feature","properties":{"nom":"Ozier","genre":"hamlet","rang":4,"pop":null},"geometry":{"type":"Point","coordinates":[1.53807,45.64222]}},{"type":"Feature","properties":{"nom":"Le Châtenet","genre":"hamlet","rang":4,"pop":null},"geometry":{"type":"Point","coordinates":[1.54821,45.63366]}},{"type":"Feature","properties":{"nom":"Le Mas","genre":"hamlet","rang":4,"pop":null},"geometry":{"type":"Point","coordinates":[1.55358,45.62664]}},{"type":"Feature","properties":{"nom":"La Croix-de-Pont-Feuille","genre":"hamlet","rang":4,"pop":null},"geometry":{"type":"Point","coordinates":[1.56435,45.63056]}},{"type":"Feature","properties":{"nom":"Pont-Feuille","genre":"hamlet","rang":4,"pop":null},"geometry":{"type":"Point","coordinates":[1.5637,45.63689]}},{"type":"Feature","properties":{"nom":"Moulin de Latronche","genre":"hamlet","rang":4,"pop":null},"geometry":{"type":"Point","coordinates":[1.51881,45.64478]}},{"type":"Feature","properties":{"nom":"Le Theil","genre":"hamlet","rang":4,"pop":null},"geometry":{"type":"Point","coordinates":[1.48406,45.62537]}},{"type":"Feature","properties":{"nom":"Puy Loger","genre":"hamlet","rang":4,"pop":null},"geometry":{"type":"Point","coordinates":[1.47715,45.61449]}},{"type":"Feature","properties":{"nom":"Pont Cholet","genre":"hamlet","rang":4,"pop":null},"geometry":{"type":"Point","coordinates":[1.50178,45.59511]}},{"type":"Feature","properties":{"nom":"Puy La Grange","genre":"hamlet","rang":4,"pop":null},"geometry":{"type":"Point","coordinates":[1.50185,45.59042]}},{"type":"Feature","properties":{"nom":"Le Combeau","genre":"hamlet","rang":4,"pop":null},"geometry":{"type":"Point","coordinates":[1.50072,45.58703]}},{"type":"Feature","properties":{"nom":"L'Etanchou","genre":"hamlet","rang":4,"pop":null},"geometry":{"type":"Point","coordinates":[1.49437,45.57892]}},{"type":"Feature","properties":{"nom":"Chantecaille","genre":"hamlet","rang":4,"pop":null},"geometry":{"type":"Point","coordinates":[1.48676,45.58019]}},{"type":"Feature","properties":{"nom":"Pissarat","genre":"hamlet","rang":4,"pop":null},"geometry":{"type":"Point","coordinates":[1.4926,45.58617]}},{"type":"Feature","properties":{"nom":"Lacour","genre":"hamlet","rang":4,"pop":null},"geometry":{"type":"Point","coordinates":[1.48281,45.59971]}},{"type":"Feature","properties":{"nom":"Le Cheyrol","genre":"hamlet","rang":4,"pop":null},"geometry":{"type":"Point","coordinates":[1.4735,45.60116]}},{"type":"Feature","properties":{"nom":"Gourgauderie","genre":"hamlet","rang":4,"pop":null},"geometry":{"type":"Point","coordinates":[1.50338,45.61572]}},{"type":"Feature","properties":{"nom":"Le Cathalat","genre":"hamlet","rang":4,"pop":null},"geometry":{"type":"Point","coordinates":[1.46165,45.58603]}},{"type":"Feature","properties":{"nom":"Viers","genre":"hamlet","rang":4,"pop":null},"geometry":{"type":"Point","coordinates":[1.51615,45.64573]}},{"type":"Feature","properties":{"nom":"Les Vergnes","genre":"hamlet","rang":4,"pop":null},"geometry":{"type":"Point","coordinates":[1.53328,45.61605]}},{"type":"Feature","properties":{"nom":"Tratrade","genre":"hamlet","rang":4,"pop":null},"geometry":{"type":"Point","coordinates":[1.54728,45.60997]}},{"type":"Feature","properties":{"nom":"Lavalade","genre":"hamlet","rang":4,"pop":null},"geometry":{"type":"Point","coordinates":[1.53318,45.6042]}},{"type":"Feature","properties":{"nom":"Lapeyrousse","genre":"hamlet","rang":4,"pop":null},"geometry":{"type":"Point","coordinates":[1.54251,45.60361]}},{"type":"Feature","properties":{"nom":"Le Bois du Grenouiller","genre":"hamlet","rang":4,"pop":null},"geometry":{"type":"Point","coordinates":[1.54887,45.59647]}},{"type":"Feature","properties":{"nom":"Le Grenouiller","genre":"hamlet","rang":4,"pop":null},"geometry":{"type":"Point","coordinates":[1.54599,45.59263]}},{"type":"Feature","properties":{"nom":"La Valette","genre":"hamlet","rang":4,"pop":null},"geometry":{"type":"Point","coordinates":[1.52249,45.59064]}},{"type":"Feature","properties":{"nom":"Pont Chauvy","genre":"hamlet","rang":4,"pop":null},"geometry":{"type":"Point","coordinates":[1.51682,45.58785]}},{"type":"Feature","properties":{"nom":"Viallecoudour","genre":"hamlet","rang":4,"pop":null},"geometry":{"type":"Point","coordinates":[1.51713,45.58034]}},{"type":"Feature","properties":{"nom":"Puy Martin","genre":"hamlet","rang":4,"pop":null},"geometry":{"type":"Point","coordinates":[1.52232,45.57788]}},{"type":"Feature","properties":{"nom":"Puy Bordier","genre":"hamlet","rang":4,"pop":null},"geometry":{"type":"Point","coordinates":[1.51847,45.57493]}},{"type":"Feature","properties":{"nom":"Le Rouveret","genre":"hamlet","rang":4,"pop":null},"geometry":{"type":"Point","coordinates":[1.51562,45.57153]}},{"type":"Feature","properties":{"nom":"Les Landes","genre":"hamlet","rang":4,"pop":null},"geometry":{"type":"Point","coordinates":[1.52049,45.56792]}},{"type":"Feature","properties":{"nom":"Le Bois-Nouveau","genre":"hamlet","rang":4,"pop":null},"geometry":{"type":"Point","coordinates":[1.52355,45.56571]}},{"type":"Feature","properties":{"nom":"Saletaire","genre":"hamlet","rang":4,"pop":null},"geometry":{"type":"Point","coordinates":[1.54272,45.56877]}},{"type":"Feature","properties":{"nom":"La Coulande","genre":"hamlet","rang":4,"pop":null},"geometry":{"type":"Point","coordinates":[1.53539,45.5677]}},{"type":"Feature","properties":{"nom":"La Tuilerie","genre":"hamlet","rang":4,"pop":null},"geometry":{"type":"Point","coordinates":[1.53487,45.56646]}},{"type":"Feature","properties":{"nom":"La Feuillade","genre":"hamlet","rang":4,"pop":null},"geometry":{"type":"Point","coordinates":[1.53978,45.56593]}},{"type":"Feature","properties":{"nom":"Les Paillères","genre":"hamlet","rang":4,"pop":null},"geometry":{"type":"Point","coordinates":[1.54427,45.56393]}},{"type":"Feature","properties":{"nom":"Les Grandes-Paillères","genre":"hamlet","rang":4,"pop":null},"geometry":{"type":"Point","coordinates":[1.54773,45.56203]}},{"type":"Feature","properties":{"nom":"Piquette","genre":"hamlet","rang":4,"pop":null},"geometry":{"type":"Point","coordinates":[1.55804,45.55968]}},{"type":"Feature","properties":{"nom":"Le Bessaud","genre":"hamlet","rang":4,"pop":null},"geometry":{"type":"Point","coordinates":[1.56588,45.55787]}},{"type":"Feature","properties":{"nom":"Les Robesties","genre":"hamlet","rang":4,"pop":null},"geometry":{"type":"Point","coordinates":[1.55802,45.56509]}},{"type":"Feature","properties":{"nom":"Maubost","genre":"hamlet","rang":4,"pop":null},"geometry":{"type":"Point","coordinates":[1.56599,45.56836]}},{"type":"Feature","properties":{"nom":"Le Meyjonial","genre":"hamlet","rang":4,"pop":null},"geometry":{"type":"Point","coordinates":[1.56621,45.57283]}},{"type":"Feature","properties":{"nom":"Cirat","genre":"hamlet","rang":4,"pop":null},"geometry":{"type":"Point","coordinates":[1.58207,45.57039]}},{"type":"Feature","properties":{"nom":"Les Tarrières","genre":"hamlet","rang":4,"pop":null},"geometry":{"type":"Point","coordinates":[1.58746,45.56977]}},{"type":"Feature","properties":{"nom":"La Chèze","genre":"hamlet","rang":4,"pop":null},"geometry":{"type":"Point","coordinates":[1.56589,45.57808]}},{"type":"Feature","properties":{"nom":"La Borie","genre":"hamlet","rang":4,"pop":null},"geometry":{"type":"Point","coordinates":[1.56219,45.58279]}},{"type":"Feature","properties":{"nom":"La Guionie","genre":"hamlet","rang":4,"pop":null},"geometry":{"type":"Point","coordinates":[1.55849,45.584]}},{"type":"Feature","properties":{"nom":"Le Grand-Champ","genre":"hamlet","rang":4,"pop":null},"geometry":{"type":"Point","coordinates":[1.55312,45.57955]}},{"type":"Feature","properties":{"nom":"Le Mas","genre":"hamlet","rang":4,"pop":null},"geometry":{"type":"Point","coordinates":[1.5356,45.57826]}},{"type":"Feature","properties":{"nom":"Le Geneteix","genre":"hamlet","rang":4,"pop":null},"geometry":{"type":"Point","coordinates":[1.53248,45.57426]}},{"type":"Feature","properties":{"nom":"Le Bassagne","genre":"hamlet","rang":4,"pop":null},"geometry":{"type":"Point","coordinates":[1.51006,45.55919]}},{"type":"Feature","properties":{"nom":"Le Chargeas","genre":"hamlet","rang":4,"pop":null},"geometry":{"type":"Point","coordinates":[1.49094,45.57165]}},{"type":"Feature","properties":{"nom":"Le Camp de César","genre":"hamlet","rang":4,"pop":null},"geometry":{"type":"Point","coordinates":[1.48979,45.5652]}},{"type":"Feature","properties":{"nom":"Frioul","genre":"hamlet","rang":4,"pop":null},"geometry":{"type":"Point","coordinates":[1.45891,45.56937]}},{"type":"Feature","properties":{"nom":"Les Chapelles","genre":"hamlet","rang":4,"pop":null},"geometry":{"type":"Point","coordinates":[1.57856,45.58293]}},{"type":"Feature","properties":{"nom":"Moulin-de-Rouffignac","genre":"hamlet","rang":4,"pop":null},"geometry":{"type":"Point","coordinates":[1.43781,45.58358]}},{"type":"Feature","properties":{"nom":"Fraissengeas","genre":"hamlet","rang":4,"pop":null},"geometry":{"type":"Point","coordinates":[1.74612,45.74654]}},{"type":"Feature","properties":{"nom":"Favareillas","genre":"hamlet","rang":4,"pop":null},"geometry":{"type":"Point","coordinates":[1.83041,45.72616]}},{"type":"Feature","properties":{"nom":"La Mazeau Nicot","genre":"hamlet","rang":4,"pop":null},"geometry":{"type":"Point","coordinates":[1.82703,45.731]}},{"type":"Feature","properties":{"nom":"Lacour","genre":"hamlet","rang":4,"pop":null},"geometry":{"type":"Point","coordinates":[1.82238,45.72447]}},{"type":"Feature","properties":{"nom":"Lafarge","genre":"hamlet","rang":4,"pop":null},"geometry":{"type":"Point","coordinates":[1.81827,45.72846]}},{"type":"Feature","properties":{"nom":"Le Mas Faucher","genre":"hamlet","rang":4,"pop":null},"geometry":{"type":"Point","coordinates":[1.79776,45.74839]}},{"type":"Feature","properties":{"nom":"Neuvialle","genre":"hamlet","rang":4,"pop":null},"geometry":{"type":"Point","coordinates":[1.82144,45.75157]}},{"type":"Feature","properties":{"nom":"Pert","genre":"hamlet","rang":4,"pop":null},"geometry":{"type":"Point","coordinates":[1.82734,45.75281]}},{"type":"Feature","properties":{"nom":"La Sablade","genre":"hamlet","rang":4,"pop":null},"geometry":{"type":"Point","coordinates":[1.78788,45.75178]}},{"type":"Feature","properties":{"nom":"Tras Rieux","genre":"hamlet","rang":4,"pop":null},"geometry":{"type":"Point","coordinates":[1.78527,45.75621]}},{"type":"Feature","properties":{"nom":"Courselles","genre":"hamlet","rang":4,"pop":null},"geometry":{"type":"Point","coordinates":[1.76695,45.75194]}},{"type":"Feature","properties":{"nom":"Vieilleville","genre":"hamlet","rang":4,"pop":null},"geometry":{"type":"Point","coordinates":[1.75326,45.74732]}},{"type":"Feature","properties":{"nom":"Bregeat","genre":"hamlet","rang":4,"pop":null},"geometry":{"type":"Point","coordinates":[1.57144,45.60329]}},{"type":"Feature","properties":{"nom":"Le Puy","genre":"hamlet","rang":4,"pop":null},"geometry":{"type":"Point","coordinates":[1.57388,45.59078]}},{"type":"Feature","properties":{"nom":"Le Puy de Manin","genre":"hamlet","rang":4,"pop":null},"geometry":{"type":"Point","coordinates":[1.55369,45.59246]}},{"type":"Feature","properties":{"nom":"Les Vareilles","genre":"hamlet","rang":4,"pop":null},"geometry":{"type":"Point","coordinates":[1.57957,45.59025]}},{"type":"Feature","properties":{"nom":"Champvert","genre":"hamlet","rang":4,"pop":null},"geometry":{"type":"Point","coordinates":[1.56368,45.59511]}},{"type":"Feature","properties":{"nom":"La Ramade","genre":"hamlet","rang":4,"pop":null},"geometry":{"type":"Point","coordinates":[1.57051,45.58238]}},{"type":"Feature","properties":{"nom":"Gouttenègre","genre":"hamlet","rang":4,"pop":null},"geometry":{"type":"Point","coordinates":[1.56937,45.59274]}},{"type":"Feature","properties":{"nom":"La Roche","genre":"hamlet","rang":4,"pop":null},"geometry":{"type":"Point","coordinates":[1.55334,45.57214]}},{"type":"Feature","properties":{"nom":"La Maronie","genre":"hamlet","rang":4,"pop":null},"geometry":{"type":"Point","coordinates":[1.55935,45.57627]}},{"type":"Feature","properties":{"nom":"Le Puy Archer","genre":"hamlet","rang":4,"pop":null},"geometry":{"type":"Point","coordinates":[1.5521,45.57436]}},{"type":"Feature","properties":{"nom":"Le Moulin Noir","genre":"hamlet","rang":4,"pop":null},"geometry":{"type":"Point","coordinates":[1.42511,45.54287]}},{"type":"Feature","properties":{"nom":"Chataignol","genre":"hamlet","rang":4,"pop":null},"geometry":{"type":"Point","coordinates":[1.417,45.55045]}},{"type":"Feature","properties":{"nom":"La Petite Boulessie","genre":"hamlet","rang":4,"pop":null},"geometry":{"type":"Point","coordinates":[1.42586,45.54881]}},{"type":"Feature","properties":{"nom":"Longeplane","genre":"hamlet","rang":4,"pop":null},"geometry":{"type":"Point","coordinates":[1.42087,45.54613]}},{"type":"Feature","properties":{"nom":"Chabrenas","genre":"hamlet","rang":4,"pop":null},"geometry":{"type":"Point","coordinates":[1.4108,45.5455]}},{"type":"Feature","properties":{"nom":"La Nouaille","genre":"hamlet","rang":4,"pop":null},"geometry":{"type":"Point","coordinates":[1.4126,45.5321]}},{"type":"Feature","properties":{"nom":"Le Moulin-Brûlé","genre":"hamlet","rang":4,"pop":null},"geometry":{"type":"Point","coordinates":[1.39999,45.53291]}},{"type":"Feature","properties":{"nom":"Villeneuve","genre":"hamlet","rang":4,"pop":null},"geometry":{"type":"Point","coordinates":[1.42169,45.55839]}},{"type":"Feature","properties":{"nom":"Lascour","genre":"hamlet","rang":4,"pop":null},"geometry":{"type":"Point","coordinates":[1.51364,45.59943]}},{"type":"Feature","properties":{"nom":"La Sablière","genre":"hamlet","rang":4,"pop":null},"geometry":{"type":"Point","coordinates":[1.52587,45.59513]}},{"type":"Feature","properties":{"nom":"Arfeuille","genre":"hamlet","rang":4,"pop":null},"geometry":{"type":"Point","coordinates":[1.52051,45.60447]}},{"type":"Feature","properties":{"nom":"L'Age","genre":"hamlet","rang":4,"pop":null},"geometry":{"type":"Point","coordinates":[1.51688,45.60184]}},{"type":"Feature","properties":{"nom":"Rosier","genre":"hamlet","rang":4,"pop":null},"geometry":{"type":"Point","coordinates":[1.51825,45.59872]}},{"type":"Feature","properties":{"nom":"L'Hospital","genre":"hamlet","rang":4,"pop":null},"geometry":{"type":"Point","coordinates":[1.83196,45.36522]}},{"type":"Feature","properties":{"nom":"Marsaleix","genre":"hamlet","rang":4,"pop":null},"geometry":{"type":"Point","coordinates":[1.58492,45.37228]}},{"type":"Feature","properties":{"nom":"Bussières","genre":"hamlet","rang":4,"pop":null},"geometry":{"type":"Point","coordinates":[1.68328,45.36412]}},{"type":"Feature","properties":{"nom":"Le Moulin de Bussières","genre":"hamlet","rang":4,"pop":null},"geometry":{"type":"Point","coordinates":[1.68816,45.36342]}},{"type":"Feature","properties":{"nom":"Le Theil","genre":"hamlet","rang":4,"pop":null},"geometry":{"type":"Point","coordinates":[1.74829,45.68987]}},{"type":"Feature","properties":{"nom":"Brudieux","genre":"hamlet","rang":4,"pop":null},"geometry":{"type":"Point","coordinates":[1.69722,45.35772]}},{"type":"Feature","properties":{"nom":"Le Tronc","genre":"hamlet","rang":4,"pop":null},"geometry":{"type":"Point","coordinates":[1.66054,45.3538]}},{"type":"Feature","properties":{"nom":"Charnaillat","genre":"hamlet","rang":4,"pop":null},"geometry":{"type":"Point","coordinates":[1.7685,45.71606]}},{"type":"Feature","properties":{"nom":"Legaud","genre":"hamlet","rang":4,"pop":null},"geometry":{"type":"Point","coordinates":[1.77891,45.71238]}},{"type":"Feature","properties":{"nom":"Peyrassoux","genre":"hamlet","rang":4,"pop":null},"geometry":{"type":"Point","coordinates":[1.76176,45.7131]}},{"type":"Feature","properties":{"nom":"La Batisse","genre":"hamlet","rang":4,"pop":null},"geometry":{"type":"Point","coordinates":[1.92578,45.64669]}},{"type":"Feature","properties":{"nom":"La Nègrerie","genre":"hamlet","rang":4,"pop":null},"geometry":{"type":"Point","coordinates":[1.89343,45.62429]}},{"type":"Feature","properties":{"nom":"Caud","genre":"hamlet","rang":4,"pop":null},"geometry":{"type":"Point","coordinates":[1.76125,45.56824]}},{"type":"Feature","properties":{"nom":"Sargueix","genre":"hamlet","rang":4,"pop":null},"geometry":{"type":"Point","coordinates":[1.66716,45.52195]}},{"type":"Feature","properties":{"nom":"Langle","genre":"hamlet","rang":4,"pop":null},"geometry":{"type":"Point","coordinates":[1.60818,45.49849]}},{"type":"Feature","properties":{"nom":"Chatain","genre":"hamlet","rang":4,"pop":null},"geometry":{"type":"Point","coordinates":[1.59507,45.49454]}},{"type":"Feature","properties":{"nom":"Le Pin","genre":"hamlet","rang":4,"pop":null},"geometry":{"type":"Point","coordinates":[1.54703,45.48719]}},{"type":"Feature","properties":{"nom":"La Chabassière","genre":"hamlet","rang":4,"pop":null},"geometry":{"type":"Point","coordinates":[1.42757,45.44772]}},{"type":"Feature","properties":{"nom":"La Rougerie","genre":"hamlet","rang":4,"pop":null},"geometry":{"type":"Point","coordinates":[1.42311,45.44466]}},{"type":"Feature","properties":{"nom":"Verdeyme","genre":"hamlet","rang":4,"pop":null},"geometry":{"type":"Point","coordinates":[1.63972,45.59299]}},{"type":"Feature","properties":{"nom":"Chassagnas","genre":"hamlet","rang":4,"pop":null},"geometry":{"type":"Point","coordinates":[1.61161,45.59743]}},{"type":"Feature","properties":{"nom":"La Fageardie","genre":"hamlet","rang":4,"pop":null},"geometry":{"type":"Point","coordinates":[1.62841,45.40082]}},{"type":"Feature","properties":{"nom":"La Sudrie","genre":"hamlet","rang":4,"pop":null},"geometry":{"type":"Point","coordinates":[1.6393,45.39075]}},{"type":"Feature","properties":{"nom":"Le Plantadis","genre":"hamlet","rang":4,"pop":null},"geometry":{"type":"Point","coordinates":[1.63152,45.41284]}},{"type":"Feature","properties":{"nom":"La Salesse","genre":"hamlet","rang":4,"pop":null},"geometry":{"type":"Point","coordinates":[1.61712,45.40747]}},{"type":"Feature","properties":{"nom":"Les Noilhettes","genre":"hamlet","rang":4,"pop":null},"geometry":{"type":"Point","coordinates":[1.64201,45.38419]}},{"type":"Feature","properties":{"nom":"La Bonélie","genre":"hamlet","rang":4,"pop":null},"geometry":{"type":"Point","coordinates":[1.64086,45.39775]}},{"type":"Feature","properties":{"nom":"Fleygnac","genre":"hamlet","rang":4,"pop":null},"geometry":{"type":"Point","coordinates":[1.61575,45.38185]}},{"type":"Feature","properties":{"nom":"La Bizalie","genre":"hamlet","rang":4,"pop":null},"geometry":{"type":"Point","coordinates":[1.63898,45.37817]}},{"type":"Feature","properties":{"nom":"La Faurie des Bordes","genre":"hamlet","rang":4,"pop":null},"geometry":{"type":"Point","coordinates":[1.65584,45.37538]}},{"type":"Feature","properties":{"nom":"Le Châtenet","genre":"hamlet","rang":4,"pop":null},"geometry":{"type":"Point","coordinates":[1.68027,45.39116]}},{"type":"Feature","properties":{"nom":"Le Bournazel","genre":"hamlet","rang":4,"pop":null},"geometry":{"type":"Point","coordinates":[1.68761,45.38188]}},{"type":"Feature","properties":{"nom":"Enval","genre":"hamlet","rang":4,"pop":null},"geometry":{"type":"Point","coordinates":[1.66693,45.39388]}},{"type":"Feature","properties":{"nom":"La Côte","genre":"hamlet","rang":4,"pop":null},"geometry":{"type":"Point","coordinates":[1.65252,45.40168]}},{"type":"Feature","properties":{"nom":"La Faurie Chabriane","genre":"hamlet","rang":4,"pop":null},"geometry":{"type":"Point","coordinates":[1.656,45.41102]}},{"type":"Feature","properties":{"nom":"La Besse","genre":"hamlet","rang":4,"pop":null},"geometry":{"type":"Point","coordinates":[1.67713,45.40272]}},{"type":"Feature","properties":{"nom":"La Bizalie Haute","genre":"hamlet","rang":4,"pop":null},"geometry":{"type":"Point","coordinates":[1.64143,45.37272]}},{"type":"Feature","properties":{"nom":"Surget","genre":"hamlet","rang":4,"pop":null},"geometry":{"type":"Point","coordinates":[1.60527,45.40174]}},{"type":"Feature","properties":{"nom":"Ceyrat","genre":"hamlet","rang":4,"pop":null},"geometry":{"type":"Point","coordinates":[1.59259,45.39581]}},{"type":"Feature","properties":{"nom":"Clavérolas","genre":"hamlet","rang":4,"pop":null},"geometry":{"type":"Point","coordinates":[1.84217,45.70074]}},{"type":"Feature","properties":{"nom":"Le Parjade","genre":"hamlet","rang":4,"pop":null},"geometry":{"type":"Point","coordinates":[1.84531,45.70513]}},{"type":"Feature","properties":{"nom":"Château","genre":"hamlet","rang":4,"pop":null},"geometry":{"type":"Point","coordinates":[1.75186,45.73188]}},{"type":"Feature","properties":{"nom":"Chaud","genre":"hamlet","rang":4,"pop":null},"geometry":{"type":"Point","coordinates":[1.81704,45.70094]}},{"type":"Feature","properties":{"nom":"Chadièras","genre":"hamlet","rang":4,"pop":null},"geometry":{"type":"Point","coordinates":[1.81806,45.68344]}},{"type":"Feature","properties":{"nom":"La Ribière","genre":"hamlet","rang":4,"pop":null},"geometry":{"type":"Point","coordinates":[1.78949,45.69502]}},{"type":"Feature","properties":{"nom":"Neuvialle","genre":"hamlet","rang":4,"pop":null},"geometry":{"type":"Point","coordinates":[1.79141,45.67047]}},{"type":"Feature","properties":{"nom":"Le Chastang","genre":"hamlet","rang":4,"pop":null},"geometry":{"type":"Point","coordinates":[1.84488,45.37356]}},{"type":"Feature","properties":{"nom":"Le Mas","genre":"hamlet","rang":4,"pop":null},"geometry":{"type":"Point","coordinates":[1.36983,45.36342]}},{"type":"Feature","properties":{"nom":"Boussaguet","genre":"hamlet","rang":4,"pop":null},"geometry":{"type":"Point","coordinates":[1.72839,45.36751]}},{"type":"Feature","properties":{"nom":"Vintéjoux","genre":"hamlet","rang":4,"pop":null},"geometry":{"type":"Point","coordinates":[1.74076,45.37272]}},{"type":"Feature","properties":{"nom":"Ensergueix","genre":"hamlet","rang":4,"pop":null},"geometry":{"type":"Point","coordinates":[1.70179,45.47155]}},{"type":"Feature","properties":{"nom":"La Méchaussie","genre":"hamlet","rang":4,"pop":null},"geometry":{"type":"Point","coordinates":[1.78909,45.41166]}},{"type":"Feature","properties":{"nom":"Roumaillac","genre":"hamlet","rang":4,"pop":null},"geometry":{"type":"Point","coordinates":[1.81209,45.44506]}},{"type":"Feature","properties":{"nom":"Vigne Robert","genre":"hamlet","rang":4,"pop":null},"geometry":{"type":"Point","coordinates":[1.58831,45.6872]}},{"type":"Feature","properties":{"nom":"Chauzeix","genre":"hamlet","rang":4,"pop":null},"geometry":{"type":"Point","coordinates":[1.8174,45.45426]}},{"type":"Feature","properties":{"nom":"Feugeas","genre":"hamlet","rang":4,"pop":null},"geometry":{"type":"Point","coordinates":[1.80036,45.45974]}},{"type":"Feature","properties":{"nom":"Verviale","genre":"hamlet","rang":4,"pop":null},"geometry":{"type":"Point","coordinates":[1.80303,45.71087]}},{"type":"Feature","properties":{"nom":"Fumousse","genre":"hamlet","rang":4,"pop":null},"geometry":{"type":"Point","coordinates":[1.84672,45.75197]}},{"type":"Feature","properties":{"nom":"Golas","genre":"hamlet","rang":4,"pop":null},"geometry":{"type":"Point","coordinates":[1.69225,45.72396]}},{"type":"Feature","properties":{"nom":"Les Bruges","genre":"hamlet","rang":4,"pop":null},"geometry":{"type":"Point","coordinates":[1.67603,45.7156]}},{"type":"Feature","properties":{"nom":"Bolezat","genre":"hamlet","rang":4,"pop":null},"geometry":{"type":"Point","coordinates":[1.66182,45.70997]}},{"type":"Feature","properties":{"nom":"La Chapoulaudie","genre":"hamlet","rang":4,"pop":null},"geometry":{"type":"Point","coordinates":[1.66514,45.71847]}},{"type":"Feature","properties":{"nom":"Échizadour","genre":"hamlet","rang":4,"pop":null},"geometry":{"type":"Point","coordinates":[1.55493,45.66068]}},{"type":"Feature","properties":{"nom":"Les Rivaux","genre":"hamlet","rang":4,"pop":null},"geometry":{"type":"Point","coordinates":[1.55259,45.6593]}},{"type":"Feature","properties":{"nom":"Puy de la Croix","genre":"hamlet","rang":4,"pop":null},"geometry":{"type":"Point","coordinates":[1.55346,45.65724]}},{"type":"Feature","properties":{"nom":"Les Rivaux","genre":"hamlet","rang":4,"pop":null},"geometry":{"type":"Point","coordinates":[1.55009,45.65528]}},{"type":"Feature","properties":{"nom":"Les Barres","genre":"hamlet","rang":4,"pop":null},"geometry":{"type":"Point","coordinates":[1.57171,45.6599]}},{"type":"Feature","properties":{"nom":"La Tuilerie","genre":"hamlet","rang":4,"pop":null},"geometry":{"type":"Point","coordinates":[1.58122,45.67884]}},{"type":"Feature","properties":{"nom":"Chez Durand","genre":"hamlet","rang":4,"pop":null},"geometry":{"type":"Point","coordinates":[1.55266,45.6683]}},{"type":"Feature","properties":{"nom":"Le Rouvereau","genre":"hamlet","rang":4,"pop":null},"geometry":{"type":"Point","coordinates":[1.54231,45.6655]}},{"type":"Feature","properties":{"nom":"Toulon","genre":"hamlet","rang":4,"pop":null},"geometry":{"type":"Point","coordinates":[1.54513,45.65039]}},{"type":"Feature","properties":{"nom":"Villevaleix","genre":"hamlet","rang":4,"pop":null},"geometry":{"type":"Point","coordinates":[1.70442,45.70973]}},{"type":"Feature","properties":{"nom":"L'Étang","genre":"hamlet","rang":4,"pop":null},"geometry":{"type":"Point","coordinates":[1.70865,45.70823]}},{"type":"Feature","properties":{"nom":"Villepragoux","genre":"hamlet","rang":4,"pop":null},"geometry":{"type":"Point","coordinates":[1.6994,45.69493]}},{"type":"Feature","properties":{"nom":"Saint-Priest les Vergnes","genre":"hamlet","rang":4,"pop":null},"geometry":{"type":"Point","coordinates":[1.68554,45.68855]}},{"type":"Feature","properties":{"nom":"La Pouge","genre":"hamlet","rang":4,"pop":null},"geometry":{"type":"Point","coordinates":[1.68621,45.70409]}},{"type":"Feature","properties":{"nom":"Sainte-Anne","genre":"hamlet","rang":4,"pop":null},"geometry":{"type":"Point","coordinates":[1.68312,45.70741]}},{"type":"Feature","properties":{"nom":"La Roche","genre":"hamlet","rang":4,"pop":null},"geometry":{"type":"Point","coordinates":[1.43968,45.54138]}},{"type":"Feature","properties":{"nom":"Courneix","genre":"hamlet","rang":4,"pop":null},"geometry":{"type":"Point","coordinates":[1.40784,45.53745]}},{"type":"Feature","properties":{"nom":"Haute-Faye","genre":"hamlet","rang":4,"pop":null},"geometry":{"type":"Point","coordinates":[1.46458,45.55805]}},{"type":"Feature","properties":{"nom":"Puyvert","genre":"hamlet","rang":4,"pop":null},"geometry":{"type":"Point","coordinates":[1.48108,45.51079]}},{"type":"Feature","properties":{"nom":"La Roueyrotte","genre":"hamlet","rang":4,"pop":null},"geometry":{"type":"Point","coordinates":[1.85066,45.39049]}},{"type":"Feature","properties":{"nom":"Le Petit Marsac","genre":"hamlet","rang":4,"pop":null},"geometry":{"type":"Point","coordinates":[1.41345,45.45663]}},{"type":"Feature","properties":{"nom":"Puisseguy","genre":"hamlet","rang":4,"pop":null},"geometry":{"type":"Point","coordinates":[1.42449,45.46004]}},{"type":"Feature","properties":{"nom":"La Rosière","genre":"hamlet","rang":4,"pop":null},"geometry":{"type":"Point","coordinates":[1.42654,45.47207]}},{"type":"Feature","properties":{"nom":"La Borie","genre":"hamlet","rang":4,"pop":null},"geometry":{"type":"Point","coordinates":[1.41565,45.47281]}},{"type":"Feature","properties":{"nom":"Leysenne Haute","genre":"hamlet","rang":4,"pop":null},"geometry":{"type":"Point","coordinates":[1.41171,45.47015]}},{"type":"Feature","properties":{"nom":"Les Cérejauds","genre":"hamlet","rang":4,"pop":null},"geometry":{"type":"Point","coordinates":[1.52822,45.6568]}},{"type":"Feature","properties":{"nom":"Bouige-Blanche","genre":"hamlet","rang":4,"pop":null},"geometry":{"type":"Point","coordinates":[1.53141,45.65716]}},{"type":"Feature","properties":{"nom":"Les Veyssieres","genre":"hamlet","rang":4,"pop":null},"geometry":{"type":"Point","coordinates":[1.52291,45.65516]}},{"type":"Feature","properties":{"nom":"Martageix","genre":"hamlet","rang":4,"pop":null},"geometry":{"type":"Point","coordinates":[1.52892,45.65303]}},{"type":"Feature","properties":{"nom":"Lavaud","genre":"hamlet","rang":4,"pop":null},"geometry":{"type":"Point","coordinates":[1.54367,45.618]}},{"type":"Feature","properties":{"nom":"Le Peychaud","genre":"hamlet","rang":4,"pop":null},"geometry":{"type":"Point","coordinates":[1.54262,45.61392]}},{"type":"Feature","properties":{"nom":"Les Tranchées","genre":"hamlet","rang":4,"pop":null},"geometry":{"type":"Point","coordinates":[1.586,45.60397]}},{"type":"Feature","properties":{"nom":"Bagence","genre":"hamlet","rang":4,"pop":null},"geometry":{"type":"Point","coordinates":[1.58946,45.60757]}},{"type":"Feature","properties":{"nom":"Les Ages","genre":"hamlet","rang":4,"pop":null},"geometry":{"type":"Point","coordinates":[1.56242,45.61232]}},{"type":"Feature","properties":{"nom":"Murat-Bas","genre":"hamlet","rang":4,"pop":null},"geometry":{"type":"Point","coordinates":[1.63188,45.65315]}},{"type":"Feature","properties":{"nom":"Les Martyrs","genre":"hamlet","rang":4,"pop":null},"geometry":{"type":"Point","coordinates":[1.60753,45.60586]}},{"type":"Feature","properties":{"nom":"Le Bessou","genre":"hamlet","rang":4,"pop":null},"geometry":{"type":"Point","coordinates":[1.8511,45.36487]}},{"type":"Feature","properties":{"nom":"La Bernardie","genre":"hamlet","rang":4,"pop":null},"geometry":{"type":"Point","coordinates":[1.82028,45.43308]}},{"type":"Feature","properties":{"nom":"Tireygeol","genre":"hamlet","rang":4,"pop":null},"geometry":{"type":"Point","coordinates":[1.72601,45.39956]}},{"type":"Feature","properties":{"nom":"La Gente","genre":"hamlet","rang":4,"pop":null},"geometry":{"type":"Point","coordinates":[1.75552,45.40894]}},{"type":"Feature","properties":{"nom":"La Chaumière","genre":"hamlet","rang":4,"pop":null},"geometry":{"type":"Point","coordinates":[1.76678,45.40591]}},{"type":"Feature","properties":{"nom":"Malle Charrière","genre":"hamlet","rang":4,"pop":null},"geometry":{"type":"Point","coordinates":[1.77431,45.40465]}},{"type":"Feature","properties":{"nom":"Le Puy-Grand","genre":"hamlet","rang":4,"pop":null},"geometry":{"type":"Point","coordinates":[1.76697,45.43258]}},{"type":"Feature","properties":{"nom":"La Croix sous l'Arbre","genre":"hamlet","rang":4,"pop":null},"geometry":{"type":"Point","coordinates":[1.8581,45.45055]}},{"type":"Feature","properties":{"nom":"Bessac","genre":"hamlet","rang":4,"pop":null},"geometry":{"type":"Point","coordinates":[1.83912,45.43753]}},{"type":"Feature","properties":{"nom":"Lafarge","genre":"hamlet","rang":4,"pop":null},"geometry":{"type":"Point","coordinates":[1.82535,45.43524]}},{"type":"Feature","properties":{"nom":"La Forêt de Chauzeix","genre":"hamlet","rang":4,"pop":null},"geometry":{"type":"Point","coordinates":[1.83042,45.47279]}},{"type":"Feature","properties":{"nom":"Les Fourches","genre":"hamlet","rang":4,"pop":null},"geometry":{"type":"Point","coordinates":[1.71393,45.37868]}},{"type":"Feature","properties":{"nom":"Les Plats","genre":"hamlet","rang":4,"pop":null},"geometry":{"type":"Point","coordinates":[1.74541,45.39379]}},{"type":"Feature","properties":{"nom":"Marliac","genre":"hamlet","rang":4,"pop":null},"geometry":{"type":"Point","coordinates":[1.75522,45.39833]}},{"type":"Feature","properties":{"nom":"Lespinat","genre":"hamlet","rang":4,"pop":null},"geometry":{"type":"Point","coordinates":[1.74444,45.40425]}},{"type":"Feature","properties":{"nom":"La Buge Basse","genre":"hamlet","rang":4,"pop":null},"geometry":{"type":"Point","coordinates":[1.64605,45.36122]}},{"type":"Feature","properties":{"nom":"Peyroux","genre":"hamlet","rang":4,"pop":null},"geometry":{"type":"Point","coordinates":[1.59778,45.62699]}},{"type":"Feature","properties":{"nom":"Viozelange","genre":"hamlet","rang":4,"pop":null},"geometry":{"type":"Point","coordinates":[1.62261,45.44877]}},{"type":"Feature","properties":{"nom":"Sal","genre":"hamlet","rang":4,"pop":null},"geometry":{"type":"Point","coordinates":[1.8313,45.56967]}},{"type":"Feature","properties":{"nom":"Les Jardines","genre":"hamlet","rang":4,"pop":null},"geometry":{"type":"Point","coordinates":[1.81661,45.56834]}},{"type":"Feature","properties":{"nom":"Sur le Lac","genre":"hamlet","rang":4,"pop":null},"geometry":{"type":"Point","coordinates":[1.81425,45.55982]}},{"type":"Feature","properties":{"nom":"Clupeau","genre":"hamlet","rang":4,"pop":null},"geometry":{"type":"Point","coordinates":[1.9186,45.69818]}},{"type":"Feature","properties":{"nom":"Merciel-la-Côte","genre":"hamlet","rang":4,"pop":null},"geometry":{"type":"Point","coordinates":[1.9242,45.69225]}},{"type":"Feature","properties":{"nom":"Le Breuilh","genre":"hamlet","rang":4,"pop":null},"geometry":{"type":"Point","coordinates":[1.54323,45.47334]}},{"type":"Feature","properties":{"nom":"Reignac","genre":"hamlet","rang":4,"pop":null},"geometry":{"type":"Point","coordinates":[1.56825,45.50064]}},{"type":"Feature","properties":{"nom":"Prat","genre":"hamlet","rang":4,"pop":null},"geometry":{"type":"Point","coordinates":[1.58685,45.50791]}},{"type":"Feature","properties":{"nom":"Le Breuil","genre":"hamlet","rang":4,"pop":null},"geometry":{"type":"Point","coordinates":[1.60695,45.55745]}},{"type":"Feature","properties":{"nom":"Le Coudert","genre":"hamlet","rang":4,"pop":null},"geometry":{"type":"Point","coordinates":[1.73195,45.43263]}},{"type":"Feature","properties":{"nom":"Chamassieras Haut","genre":"hamlet","rang":4,"pop":null},"geometry":{"type":"Point","coordinates":[1.50912,45.51074]}},{"type":"Feature","properties":{"nom":"Chamassieras Bas","genre":"hamlet","rang":4,"pop":null},"geometry":{"type":"Point","coordinates":[1.5102,45.50731]}},{"type":"Feature","properties":{"nom":"Le Mas","genre":"hamlet","rang":4,"pop":null},"geometry":{"type":"Point","coordinates":[1.68647,45.52816]}},{"type":"Feature","properties":{"nom":"Le Chassaing","genre":"hamlet","rang":4,"pop":null},"geometry":{"type":"Point","coordinates":[1.69364,45.51948]}},{"type":"Feature","properties":{"nom":"Hameau Chemin","genre":"hamlet","rang":4,"pop":null},"geometry":{"type":"Point","coordinates":[1.6977,45.51454]}},{"type":"Feature","properties":{"nom":"La Croix du Renard","genre":"hamlet","rang":4,"pop":null},"geometry":{"type":"Point","coordinates":[1.67671,45.5147]}},{"type":"Feature","properties":{"nom":"Lachadroune","genre":"hamlet","rang":4,"pop":null},"geometry":{"type":"Point","coordinates":[1.67552,45.51921]}},{"type":"Feature","properties":{"nom":"Combe au Bos","genre":"hamlet","rang":4,"pop":null},"geometry":{"type":"Point","coordinates":[1.68188,45.52724]}},{"type":"Feature","properties":{"nom":"La Chèze","genre":"hamlet","rang":4,"pop":null},"geometry":{"type":"Point","coordinates":[1.68982,45.5334]}},{"type":"Feature","properties":{"nom":"Le Peuch","genre":"hamlet","rang":4,"pop":null},"geometry":{"type":"Point","coordinates":[1.69677,45.53075]}},{"type":"Feature","properties":{"nom":"Le Teyssier","genre":"hamlet","rang":4,"pop":null},"geometry":{"type":"Point","coordinates":[1.69419,45.53135]}},{"type":"Feature","properties":{"nom":"Le Genêt","genre":"hamlet","rang":4,"pop":null},"geometry":{"type":"Point","coordinates":[1.69225,45.53222]}},{"type":"Feature","properties":{"nom":"La Croix","genre":"hamlet","rang":4,"pop":null},"geometry":{"type":"Point","coordinates":[1.68579,45.53512]}},{"type":"Feature","properties":{"nom":"Chez Cavert","genre":"hamlet","rang":4,"pop":null},"geometry":{"type":"Point","coordinates":[1.68726,45.54113]}},{"type":"Feature","properties":{"nom":"Combe Lamot","genre":"hamlet","rang":4,"pop":null},"geometry":{"type":"Point","coordinates":[1.68691,45.53825]}},{"type":"Feature","properties":{"nom":"La Maison Rouge","genre":"hamlet","rang":4,"pop":null},"geometry":{"type":"Point","coordinates":[1.70888,45.52973]}},{"type":"Feature","properties":{"nom":"Javaille","genre":"hamlet","rang":4,"pop":null},"geometry":{"type":"Point","coordinates":[1.7075,45.52565]}},{"type":"Feature","properties":{"nom":"Chavagnac","genre":"hamlet","rang":4,"pop":null},"geometry":{"type":"Point","coordinates":[1.65796,45.50102]}},{"type":"Feature","properties":{"nom":"Le Châtaignier","genre":"hamlet","rang":4,"pop":null},"geometry":{"type":"Point","coordinates":[1.6632,45.489]}},{"type":"Feature","properties":{"nom":"Grand Val","genre":"hamlet","rang":4,"pop":null},"geometry":{"type":"Point","coordinates":[1.64166,45.48758]}},{"type":"Feature","properties":{"nom":"La Chassagne","genre":"hamlet","rang":4,"pop":null},"geometry":{"type":"Point","coordinates":[1.64719,45.48663]}},{"type":"Feature","properties":{"nom":"Labrousse","genre":"hamlet","rang":4,"pop":null},"geometry":{"type":"Point","coordinates":[1.64293,45.47982]}},{"type":"Feature","properties":{"nom":"Puy Roger","genre":"hamlet","rang":4,"pop":null},"geometry":{"type":"Point","coordinates":[1.63565,45.48493]}},{"type":"Feature","properties":{"nom":"Lamazière","genre":"hamlet","rang":4,"pop":null},"geometry":{"type":"Point","coordinates":[1.65921,45.47198]}},{"type":"Feature","properties":{"nom":"Nussas","genre":"hamlet","rang":4,"pop":null},"geometry":{"type":"Point","coordinates":[1.65783,45.48113]}},{"type":"Feature","properties":{"nom":"La Nauche","genre":"hamlet","rang":4,"pop":null},"geometry":{"type":"Point","coordinates":[1.65352,45.48405]}},{"type":"Feature","properties":{"nom":"Baspeyrat","genre":"hamlet","rang":4,"pop":null},"geometry":{"type":"Point","coordinates":[1.63877,45.46489]}},{"type":"Feature","properties":{"nom":"Le Mons","genre":"hamlet","rang":4,"pop":null},"geometry":{"type":"Point","coordinates":[1.64845,45.46197]}},{"type":"Feature","properties":{"nom":"Lachaud","genre":"hamlet","rang":4,"pop":null},"geometry":{"type":"Point","coordinates":[1.63639,45.45459]}},{"type":"Feature","properties":{"nom":"Les Escures","genre":"hamlet","rang":4,"pop":null},"geometry":{"type":"Point","coordinates":[1.64192,45.4555]}},{"type":"Feature","properties":{"nom":"Pingrieux","genre":"hamlet","rang":4,"pop":null},"geometry":{"type":"Point","coordinates":[1.64359,45.45299]}},{"type":"Feature","properties":{"nom":"Le Puy Gros","genre":"hamlet","rang":4,"pop":null},"geometry":{"type":"Point","coordinates":[1.6511,45.45158]}},{"type":"Feature","properties":{"nom":"Vitrac","genre":"hamlet","rang":4,"pop":null},"geometry":{"type":"Point","coordinates":[1.66544,45.45044]}},{"type":"Feature","properties":{"nom":"Courbeix","genre":"hamlet","rang":4,"pop":null},"geometry":{"type":"Point","coordinates":[1.68414,45.45347]}},{"type":"Feature","properties":{"nom":"Les Horts","genre":"hamlet","rang":4,"pop":null},"geometry":{"type":"Point","coordinates":[1.68413,45.4571]}},{"type":"Feature","properties":{"nom":"Vernéjoux","genre":"hamlet","rang":4,"pop":null},"geometry":{"type":"Point","coordinates":[1.67018,45.46092]}},{"type":"Feature","properties":{"nom":"Le Cheyron","genre":"hamlet","rang":4,"pop":null},"geometry":{"type":"Point","coordinates":[1.63873,45.44079]}},{"type":"Feature","properties":{"nom":"Vieux Bourg","genre":"hamlet","rang":4,"pop":null},"geometry":{"type":"Point","coordinates":[1.63134,45.43841]}},{"type":"Feature","properties":{"nom":"Le Puy","genre":"hamlet","rang":4,"pop":null},"geometry":{"type":"Point","coordinates":[1.62708,45.43858]}},{"type":"Feature","properties":{"nom":"Lajarrige","genre":"hamlet","rang":4,"pop":null},"geometry":{"type":"Point","coordinates":[1.61962,45.43672]}},{"type":"Feature","properties":{"nom":"Chaleix","genre":"hamlet","rang":4,"pop":null},"geometry":{"type":"Point","coordinates":[1.60928,45.43461]}},{"type":"Feature","properties":{"nom":"La Faye","genre":"hamlet","rang":4,"pop":null},"geometry":{"type":"Point","coordinates":[1.60479,45.54139]}},{"type":"Feature","properties":{"nom":"La Fossas","genre":"hamlet","rang":4,"pop":null},"geometry":{"type":"Point","coordinates":[1.6032,45.54521]}},{"type":"Feature","properties":{"nom":"La Bafferie","genre":"hamlet","rang":4,"pop":null},"geometry":{"type":"Point","coordinates":[1.61109,45.54231]}},{"type":"Feature","properties":{"nom":"Les Quatre Vias","genre":"hamlet","rang":4,"pop":null},"geometry":{"type":"Point","coordinates":[1.58859,45.53993]}},{"type":"Feature","properties":{"nom":"La Faurie","genre":"hamlet","rang":4,"pop":null},"geometry":{"type":"Point","coordinates":[1.58116,45.53905]}},{"type":"Feature","properties":{"nom":"Les Gouyoux","genre":"hamlet","rang":4,"pop":null},"geometry":{"type":"Point","coordinates":[1.58012,45.54206]}},{"type":"Feature","properties":{"nom":"Le Mas","genre":"hamlet","rang":4,"pop":null},"geometry":{"type":"Point","coordinates":[1.56973,45.54181]}},{"type":"Feature","properties":{"nom":"Montard","genre":"hamlet","rang":4,"pop":null},"geometry":{"type":"Point","coordinates":[1.56104,45.5374]}},{"type":"Feature","properties":{"nom":"Lavaud","genre":"hamlet","rang":4,"pop":null},"geometry":{"type":"Point","coordinates":[1.567,45.52979]}},{"type":"Feature","properties":{"nom":"Vaux","genre":"hamlet","rang":4,"pop":null},"geometry":{"type":"Point","coordinates":[1.71132,45.66918]}},{"type":"Feature","properties":{"nom":"Landeix","genre":"hamlet","rang":4,"pop":null},"geometry":{"type":"Point","coordinates":[1.699,45.67123]}},{"type":"Feature","properties":{"nom":"Les Vergnasses","genre":"hamlet","rang":4,"pop":null},"geometry":{"type":"Point","coordinates":[1.70052,45.66702]}},{"type":"Feature","properties":{"nom":"Grigeas","genre":"hamlet","rang":4,"pop":null},"geometry":{"type":"Point","coordinates":[1.68683,45.67131]}},{"type":"Feature","properties":{"nom":"Melzat","genre":"hamlet","rang":4,"pop":null},"geometry":{"type":"Point","coordinates":[1.69492,45.66359]}},{"type":"Feature","properties":{"nom":"Le Château","genre":"hamlet","rang":4,"pop":null},"geometry":{"type":"Point","coordinates":[1.70466,45.66105]}},{"type":"Feature","properties":{"nom":"Trayeux","genre":"hamlet","rang":4,"pop":null},"geometry":{"type":"Point","coordinates":[1.70395,45.65051]}},{"type":"Feature","properties":{"nom":"La Borderie","genre":"hamlet","rang":4,"pop":null},"geometry":{"type":"Point","coordinates":[1.69572,45.64084]}},{"type":"Feature","properties":{"nom":"Combe Boyer","genre":"hamlet","rang":4,"pop":null},"geometry":{"type":"Point","coordinates":[1.71756,45.64548]}},{"type":"Feature","properties":{"nom":"Combe Derrière","genre":"hamlet","rang":4,"pop":null},"geometry":{"type":"Point","coordinates":[1.72603,45.64193]}},{"type":"Feature","properties":{"nom":"Au Bos","genre":"hamlet","rang":4,"pop":null},"geometry":{"type":"Point","coordinates":[1.71926,45.64979]}},{"type":"Feature","properties":{"nom":"Chanteperdrix","genre":"hamlet","rang":4,"pop":null},"geometry":{"type":"Point","coordinates":[1.73406,45.65721]}},{"type":"Feature","properties":{"nom":"La Forêt Basse","genre":"hamlet","rang":4,"pop":null},"geometry":{"type":"Point","coordinates":[1.66802,45.62539]}},{"type":"Feature","properties":{"nom":"Chameyrat","genre":"hamlet","rang":4,"pop":null},"geometry":{"type":"Point","coordinates":[1.66911,45.62193]}},{"type":"Feature","properties":{"nom":"Le Bohême","genre":"hamlet","rang":4,"pop":null},"geometry":{"type":"Point","coordinates":[1.67296,45.61964]}},{"type":"Feature","properties":{"nom":"La Forêt Haute","genre":"hamlet","rang":4,"pop":null},"geometry":{"type":"Point","coordinates":[1.65313,45.62488]}},{"type":"Feature","properties":{"nom":"Le Canard","genre":"hamlet","rang":4,"pop":null},"geometry":{"type":"Point","coordinates":[1.64862,45.62905]}},{"type":"Feature","properties":{"nom":"Leygouterie","genre":"hamlet","rang":4,"pop":null},"geometry":{"type":"Point","coordinates":[1.66276,45.6331]}},{"type":"Feature","properties":{"nom":"La Ribeyrie","genre":"hamlet","rang":4,"pop":null},"geometry":{"type":"Point","coordinates":[1.66602,45.63944]}},{"type":"Feature","properties":{"nom":"Le Puy Chaubert","genre":"hamlet","rang":4,"pop":null},"geometry":{"type":"Point","coordinates":[1.67373,45.62833]}},{"type":"Feature","properties":{"nom":"Bel-Air","genre":"hamlet","rang":4,"pop":null},"geometry":{"type":"Point","coordinates":[1.92701,45.57963]}},{"type":"Feature","properties":{"nom":"Champseix","genre":"hamlet","rang":4,"pop":null},"geometry":{"type":"Point","coordinates":[1.92758,45.57644]}},{"type":"Feature","properties":{"nom":"L'Echameil","genre":"hamlet","rang":4,"pop":null},"geometry":{"type":"Point","coordinates":[1.92107,45.57571]}},{"type":"Feature","properties":{"nom":"Broussouloux","genre":"hamlet","rang":4,"pop":null},"geometry":{"type":"Point","coordinates":[1.92412,45.56616]}},{"type":"Feature","properties":{"nom":"La Ganette","genre":"hamlet","rang":4,"pop":null},"geometry":{"type":"Point","coordinates":[1.927,45.60276]}},{"type":"Feature","properties":{"nom":"Le Luc","genre":"hamlet","rang":4,"pop":null},"geometry":{"type":"Point","coordinates":[1.91587,45.60142]}},{"type":"Feature","properties":{"nom":"Le Petit Luc","genre":"hamlet","rang":4,"pop":null},"geometry":{"type":"Point","coordinates":[1.91069,45.60439]}},{"type":"Feature","properties":{"nom":"Mouriéras","genre":"hamlet","rang":4,"pop":null},"geometry":{"type":"Point","coordinates":[1.92867,45.61595]}},{"type":"Feature","properties":{"nom":"La Goutte","genre":"hamlet","rang":4,"pop":null},"geometry":{"type":"Point","coordinates":[1.92483,45.61995]}},{"type":"Feature","properties":{"nom":"Le Monteil","genre":"hamlet","rang":4,"pop":null},"geometry":{"type":"Point","coordinates":[1.90622,45.58366]}},{"type":"Feature","properties":{"nom":"Terracol","genre":"hamlet","rang":4,"pop":null},"geometry":{"type":"Point","coordinates":[1.90791,45.57177]}},{"type":"Feature","properties":{"nom":"Arvis","genre":"hamlet","rang":4,"pop":null},"geometry":{"type":"Point","coordinates":[1.90714,45.59316]}},{"type":"Feature","properties":{"nom":"Couignoux","genre":"hamlet","rang":4,"pop":null},"geometry":{"type":"Point","coordinates":[1.89367,45.58807]}},{"type":"Feature","properties":{"nom":"Sirieix","genre":"hamlet","rang":4,"pop":null},"geometry":{"type":"Point","coordinates":[1.8953,45.60301]}},{"type":"Feature","properties":{"nom":"L'Oussine des Bois","genre":"hamlet","rang":4,"pop":null},"geometry":{"type":"Point","coordinates":[1.87992,45.59867]}},{"type":"Feature","properties":{"nom":"La Merdoire","genre":"hamlet","rang":4,"pop":null},"geometry":{"type":"Point","coordinates":[1.86526,45.61828]}},{"type":"Feature","properties":{"nom":"La Gare de Viam","genre":"hamlet","rang":4,"pop":null},"geometry":{"type":"Point","coordinates":[1.89702,45.62136]}},{"type":"Feature","properties":{"nom":"L'Ornon","genre":"hamlet","rang":4,"pop":null},"geometry":{"type":"Point","coordinates":[1.8839,45.62307]}},{"type":"Feature","properties":{"nom":"Bezeau","genre":"hamlet","rang":4,"pop":null},"geometry":{"type":"Point","coordinates":[1.87981,45.64731]}},{"type":"Feature","properties":{"nom":"Condeau","genre":"hamlet","rang":4,"pop":null},"geometry":{"type":"Point","coordinates":[1.91052,45.62792]}},{"type":"Feature","properties":{"nom":"Chante-Grolle","genre":"hamlet","rang":4,"pop":null},"geometry":{"type":"Point","coordinates":[1.88348,45.65143]}},{"type":"Feature","properties":{"nom":"La Bessette","genre":"hamlet","rang":4,"pop":null},"geometry":{"type":"Point","coordinates":[1.89023,45.66112]}},{"type":"Feature","properties":{"nom":"La Côte","genre":"hamlet","rang":4,"pop":null},"geometry":{"type":"Point","coordinates":[1.90107,45.68543]}},{"type":"Feature","properties":{"nom":"Château du Mazeau","genre":"hamlet","rang":4,"pop":null},"geometry":{"type":"Point","coordinates":[1.8959,45.68058]}},{"type":"Feature","properties":{"nom":"Les Maisons","genre":"hamlet","rang":4,"pop":null},"geometry":{"type":"Point","coordinates":[1.90801,45.664]}},{"type":"Feature","properties":{"nom":"Senigour","genre":"hamlet","rang":4,"pop":null},"geometry":{"type":"Point","coordinates":[1.92405,45.66432]}},{"type":"Feature","properties":{"nom":"Lavaud","genre":"hamlet","rang":4,"pop":null},"geometry":{"type":"Point","coordinates":[1.91353,45.67171]}},{"type":"Feature","properties":{"nom":"Le Pont du Mas","genre":"hamlet","rang":4,"pop":null},"geometry":{"type":"Point","coordinates":[1.82941,45.41594]}},{"type":"Feature","properties":{"nom":"La Genêtouse","genre":"hamlet","rang":4,"pop":null},"geometry":{"type":"Point","coordinates":[1.92806,45.65311]}},{"type":"Feature","properties":{"nom":"Pérols","genre":"hamlet","rang":4,"pop":null},"geometry":{"type":"Point","coordinates":[1.8068,45.62422]}},{"type":"Feature","properties":{"nom":"Le Mas Vallier","genre":"hamlet","rang":4,"pop":null},"geometry":{"type":"Point","coordinates":[1.81267,45.63547]}},{"type":"Feature","properties":{"nom":"Moulin des Goursolles","genre":"hamlet","rang":4,"pop":null},"geometry":{"type":"Point","coordinates":[1.84867,45.63114]}},{"type":"Feature","properties":{"nom":"Les Goursolles","genre":"hamlet","rang":4,"pop":null},"geometry":{"type":"Point","coordinates":[1.85466,45.63697]}},{"type":"Feature","properties":{"nom":"Le Queyroix","genre":"hamlet","rang":4,"pop":null},"geometry":{"type":"Point","coordinates":[1.85235,45.6515]}},{"type":"Feature","properties":{"nom":"Le Magadoux","genre":"hamlet","rang":4,"pop":null},"geometry":{"type":"Point","coordinates":[1.86131,45.65418]}},{"type":"Feature","properties":{"nom":"Le Châtain","genre":"hamlet","rang":4,"pop":null},"geometry":{"type":"Point","coordinates":[1.84277,45.65637]}},{"type":"Feature","properties":{"nom":"Le Monteil","genre":"hamlet","rang":4,"pop":null},"geometry":{"type":"Point","coordinates":[1.8595,45.66838]}},{"type":"Feature","properties":{"nom":"Le Pradel","genre":"hamlet","rang":4,"pop":null},"geometry":{"type":"Point","coordinates":[1.83164,45.65483]}},{"type":"Feature","properties":{"nom":"Le Prabonneau","genre":"hamlet","rang":4,"pop":null},"geometry":{"type":"Point","coordinates":[1.81679,45.6536]}},{"type":"Feature","properties":{"nom":"L'Omelette","genre":"hamlet","rang":4,"pop":null},"geometry":{"type":"Point","coordinates":[1.82128,45.64951]}},{"type":"Feature","properties":{"nom":"Les Champs","genre":"hamlet","rang":4,"pop":null},"geometry":{"type":"Point","coordinates":[1.83125,45.64375]}},{"type":"Feature","properties":{"nom":"La Chassagne","genre":"hamlet","rang":4,"pop":null},"geometry":{"type":"Point","coordinates":[1.80351,45.64651]}},{"type":"Feature","properties":{"nom":"Les Gorses","genre":"hamlet","rang":4,"pop":null},"geometry":{"type":"Point","coordinates":[1.77716,45.64541]}},{"type":"Feature","properties":{"nom":"Le Freysseix","genre":"hamlet","rang":4,"pop":null},"geometry":{"type":"Point","coordinates":[1.78574,45.65795]}},{"type":"Feature","properties":{"nom":"Le Firmigier","genre":"hamlet","rang":4,"pop":null},"geometry":{"type":"Point","coordinates":[1.79797,45.66996]}},{"type":"Feature","properties":{"nom":"La Forêt","genre":"hamlet","rang":4,"pop":null},"geometry":{"type":"Point","coordinates":[1.81655,45.6702]}},{"type":"Feature","properties":{"nom":"Martin *Roch","genre":"hamlet","rang":4,"pop":null},"geometry":{"type":"Point","coordinates":[1.81374,45.66291]}},{"type":"Feature","properties":{"nom":"La Gadoux","genre":"hamlet","rang":4,"pop":null},"geometry":{"type":"Point","coordinates":[1.84272,45.61066]}},{"type":"Feature","properties":{"nom":"La Faurie-Haute","genre":"hamlet","rang":4,"pop":null},"geometry":{"type":"Point","coordinates":[1.84245,45.60702]}},{"type":"Feature","properties":{"nom":"Les Places","genre":"hamlet","rang":4,"pop":null},"geometry":{"type":"Point","coordinates":[1.85899,45.5998]}},{"type":"Feature","properties":{"nom":"La Manigne","genre":"hamlet","rang":4,"pop":null},"geometry":{"type":"Point","coordinates":[1.84053,45.58549]}},{"type":"Feature","properties":{"nom":"La Virole","genre":"hamlet","rang":4,"pop":null},"geometry":{"type":"Point","coordinates":[1.85018,45.58179]}},{"type":"Feature","properties":{"nom":"La Brunerie","genre":"hamlet","rang":4,"pop":null},"geometry":{"type":"Point","coordinates":[1.83649,45.58697]}},{"type":"Feature","properties":{"nom":"Moulin-des-Raux","genre":"hamlet","rang":4,"pop":null},"geometry":{"type":"Point","coordinates":[1.83331,45.60141]}},{"type":"Feature","properties":{"nom":"La Faurie Basse","genre":"hamlet","rang":4,"pop":null},"geometry":{"type":"Point","coordinates":[1.83907,45.60502]}},{"type":"Feature","properties":{"nom":"Les Raux","genre":"hamlet","rang":4,"pop":null},"geometry":{"type":"Point","coordinates":[1.83314,45.59988]}},{"type":"Feature","properties":{"nom":"La Charbonnière","genre":"hamlet","rang":4,"pop":null},"geometry":{"type":"Point","coordinates":[1.81846,45.60494]}},{"type":"Feature","properties":{"nom":"Moulin de Bonnefond","genre":"hamlet","rang":4,"pop":null},"geometry":{"type":"Point","coordinates":[1.81694,45.60325]}},{"type":"Feature","properties":{"nom":"Magnaval","genre":"hamlet","rang":4,"pop":null},"geometry":{"type":"Point","coordinates":[1.80791,45.60575]}},{"type":"Feature","properties":{"nom":"Moulin-du-Pont","genre":"hamlet","rang":4,"pop":null},"geometry":{"type":"Point","coordinates":[1.80258,45.60767]}},{"type":"Feature","properties":{"nom":"Coignac","genre":"hamlet","rang":4,"pop":null},"geometry":{"type":"Point","coordinates":[1.80373,45.61194]}},{"type":"Feature","properties":{"nom":"Lauve","genre":"hamlet","rang":4,"pop":null},"geometry":{"type":"Point","coordinates":[1.82723,45.57813]}},{"type":"Feature","properties":{"nom":"Moulin de Lauve","genre":"hamlet","rang":4,"pop":null},"geometry":{"type":"Point","coordinates":[1.8331,45.57516]}},{"type":"Feature","properties":{"nom":"Sauvan","genre":"hamlet","rang":4,"pop":null},"geometry":{"type":"Point","coordinates":[1.82719,45.58196]}},{"type":"Feature","properties":{"nom":"La Nouaille","genre":"hamlet","rang":4,"pop":null},"geometry":{"type":"Point","coordinates":[1.82308,45.59584]}},{"type":"Feature","properties":{"nom":"Le Haut Noux","genre":"hamlet","rang":4,"pop":null},"geometry":{"type":"Point","coordinates":[1.77284,45.5955]}},{"type":"Feature","properties":{"nom":"Le Bas Noux","genre":"hamlet","rang":4,"pop":null},"geometry":{"type":"Point","coordinates":[1.77049,45.59365]}},{"type":"Feature","properties":{"nom":"Peyrissaguet","genre":"hamlet","rang":4,"pop":null},"geometry":{"type":"Point","coordinates":[1.76252,45.59553]}},{"type":"Feature","properties":{"nom":"Joulageix","genre":"hamlet","rang":4,"pop":null},"geometry":{"type":"Point","coordinates":[1.76493,45.6019]}},{"type":"Feature","properties":{"nom":"Masmonteil","genre":"hamlet","rang":4,"pop":null},"geometry":{"type":"Point","coordinates":[1.76148,45.60911]}},{"type":"Feature","properties":{"nom":"Fontevialle","genre":"hamlet","rang":4,"pop":null},"geometry":{"type":"Point","coordinates":[1.77004,45.61444]}},{"type":"Feature","properties":{"nom":"Les Chaussades","genre":"hamlet","rang":4,"pop":null},"geometry":{"type":"Point","coordinates":[1.82577,45.62075]}},{"type":"Feature","properties":{"nom":"L'Eburdérie","genre":"hamlet","rang":4,"pop":null},"geometry":{"type":"Point","coordinates":[1.84204,45.61908]}},{"type":"Feature","properties":{"nom":"Le Mont Gradis","genre":"hamlet","rang":4,"pop":null},"geometry":{"type":"Point","coordinates":[1.85184,45.61619]}},{"type":"Feature","properties":{"nom":"La Gane","genre":"hamlet","rang":4,"pop":null},"geometry":{"type":"Point","coordinates":[1.86122,45.58987]}},{"type":"Feature","properties":{"nom":"Senut","genre":"hamlet","rang":4,"pop":null},"geometry":{"type":"Point","coordinates":[1.86347,45.58867]}},{"type":"Feature","properties":{"nom":"La Veyrière","genre":"hamlet","rang":4,"pop":null},"geometry":{"type":"Point","coordinates":[1.80364,45.55026]}},{"type":"Feature","properties":{"nom":"Triviaux","genre":"hamlet","rang":4,"pop":null},"geometry":{"type":"Point","coordinates":[1.82122,45.49137]}},{"type":"Feature","properties":{"nom":"Le Fromonteil","genre":"hamlet","rang":4,"pop":null},"geometry":{"type":"Point","coordinates":[1.83063,45.49307]}},{"type":"Feature","properties":{"nom":"La Goutte","genre":"hamlet","rang":4,"pop":null},"geometry":{"type":"Point","coordinates":[1.82837,45.48946]}},{"type":"Feature","properties":{"nom":"Les Borderies","genre":"hamlet","rang":4,"pop":null},"geometry":{"type":"Point","coordinates":[1.84711,45.49119]}},{"type":"Feature","properties":{"nom":"Lasmay","genre":"hamlet","rang":4,"pop":null},"geometry":{"type":"Point","coordinates":[1.84836,45.49839]}},{"type":"Feature","properties":{"nom":"La Combe","genre":"hamlet","rang":4,"pop":null},"geometry":{"type":"Point","coordinates":[1.84545,45.49995]}},{"type":"Feature","properties":{"nom":"Allogne","genre":"hamlet","rang":4,"pop":null},"geometry":{"type":"Point","coordinates":[1.82155,45.50882]}},{"type":"Feature","properties":{"nom":"Le Mazubert","genre":"hamlet","rang":4,"pop":null},"geometry":{"type":"Point","coordinates":[1.81917,45.51692]}},{"type":"Feature","properties":{"nom":"Le Naud","genre":"hamlet","rang":4,"pop":null},"geometry":{"type":"Point","coordinates":[1.83558,45.51971]}},{"type":"Feature","properties":{"nom":"Le Moulin de Naud","genre":"hamlet","rang":4,"pop":null},"geometry":{"type":"Point","coordinates":[1.83698,45.51546]}},{"type":"Feature","properties":{"nom":"Le Dulcier","genre":"hamlet","rang":4,"pop":null},"geometry":{"type":"Point","coordinates":[1.8428,45.52704]}},{"type":"Feature","properties":{"nom":"Laval","genre":"hamlet","rang":4,"pop":null},"geometry":{"type":"Point","coordinates":[1.84524,45.51548]}},{"type":"Feature","properties":{"nom":"Petit Sérillac","genre":"hamlet","rang":4,"pop":null},"geometry":{"type":"Point","coordinates":[1.807,45.52169]}},{"type":"Feature","properties":{"nom":"Grand Sérillac","genre":"hamlet","rang":4,"pop":null},"geometry":{"type":"Point","coordinates":[1.81462,45.52063]}},{"type":"Feature","properties":{"nom":"Cors","genre":"hamlet","rang":4,"pop":null},"geometry":{"type":"Point","coordinates":[1.86853,45.5026]}},{"type":"Feature","properties":{"nom":"Lafont","genre":"hamlet","rang":4,"pop":null},"geometry":{"type":"Point","coordinates":[1.79147,45.5066]}},{"type":"Feature","properties":{"nom":"Le Monteil","genre":"hamlet","rang":4,"pop":null},"geometry":{"type":"Point","coordinates":[1.79151,45.50094]}},{"type":"Feature","properties":{"nom":"Espinet","genre":"hamlet","rang":4,"pop":null},"geometry":{"type":"Point","coordinates":[1.797,45.49815]}},{"type":"Feature","properties":{"nom":"Le Peuch","genre":"hamlet","rang":4,"pop":null},"geometry":{"type":"Point","coordinates":[1.80019,45.49376]}},{"type":"Feature","properties":{"nom":"Moulin du Peuch","genre":"hamlet","rang":4,"pop":null},"geometry":{"type":"Point","coordinates":[1.80474,45.4855]}},{"type":"Feature","properties":{"nom":"Merciel","genre":"hamlet","rang":4,"pop":null},"geometry":{"type":"Point","coordinates":[1.76786,45.49165]}},{"type":"Feature","properties":{"nom":"Marcilloux","genre":"hamlet","rang":4,"pop":null},"geometry":{"type":"Point","coordinates":[1.75971,45.49378]}},{"type":"Feature","properties":{"nom":"Les Tizaux","genre":"hamlet","rang":4,"pop":null},"geometry":{"type":"Point","coordinates":[1.76007,45.49619]}},{"type":"Feature","properties":{"nom":"Les Grands Tizaux","genre":"hamlet","rang":4,"pop":null},"geometry":{"type":"Point","coordinates":[1.76122,45.49811]}},{"type":"Feature","properties":{"nom":"Le Fargeau","genre":"hamlet","rang":4,"pop":null},"geometry":{"type":"Point","coordinates":[1.77822,45.50827]}},{"type":"Feature","properties":{"nom":"Hameau Chemin","genre":"hamlet","rang":4,"pop":null},"geometry":{"type":"Point","coordinates":[1.76973,45.51482]}},{"type":"Feature","properties":{"nom":"Le Pont","genre":"hamlet","rang":4,"pop":null},"geometry":{"type":"Point","coordinates":[1.76946,45.51897]}},{"type":"Feature","properties":{"nom":"L'Allouche","genre":"hamlet","rang":4,"pop":null},"geometry":{"type":"Point","coordinates":[1.7653,45.52647]}},{"type":"Feature","properties":{"nom":"Vergonjeanne","genre":"hamlet","rang":4,"pop":null},"geometry":{"type":"Point","coordinates":[1.77583,45.53124]}},{"type":"Feature","properties":{"nom":"La Gane","genre":"hamlet","rang":4,"pop":null},"geometry":{"type":"Point","coordinates":[1.78123,45.53036]}},{"type":"Feature","properties":{"nom":"La Borie","genre":"hamlet","rang":4,"pop":null},"geometry":{"type":"Point","coordinates":[1.77788,45.53405]}},{"type":"Feature","properties":{"nom":"Rivière","genre":"hamlet","rang":4,"pop":null},"geometry":{"type":"Point","coordinates":[1.74845,45.52112]}},{"type":"Feature","properties":{"nom":"Maury","genre":"hamlet","rang":4,"pop":null},"geometry":{"type":"Point","coordinates":[1.74825,45.51132]}},{"type":"Feature","properties":{"nom":"Bellevue","genre":"hamlet","rang":4,"pop":null},"geometry":{"type":"Point","coordinates":[1.74526,45.50543]}},{"type":"Feature","properties":{"nom":"Romanet","genre":"hamlet","rang":4,"pop":null},"geometry":{"type":"Point","coordinates":[1.74144,45.50266]}},{"type":"Feature","properties":{"nom":"Cueil","genre":"hamlet","rang":4,"pop":null},"geometry":{"type":"Point","coordinates":[1.72333,45.50429]}},{"type":"Feature","properties":{"nom":"Rome","genre":"hamlet","rang":4,"pop":null},"geometry":{"type":"Point","coordinates":[1.72719,45.49769]}},{"type":"Feature","properties":{"nom":"Les Cabanes de Mareilloux","genre":"hamlet","rang":4,"pop":null},"geometry":{"type":"Point","coordinates":[1.74341,45.49283]}},{"type":"Feature","properties":{"nom":"Roubeyge","genre":"hamlet","rang":4,"pop":null},"geometry":{"type":"Point","coordinates":[1.86636,45.44629]}},{"type":"Feature","properties":{"nom":"Le Mazeau","genre":"hamlet","rang":4,"pop":null},"geometry":{"type":"Point","coordinates":[1.86601,45.4438]}},{"type":"Feature","properties":{"nom":"Touvent","genre":"hamlet","rang":4,"pop":null},"geometry":{"type":"Point","coordinates":[1.85873,45.45085]}},{"type":"Feature","properties":{"nom":"Seignolles","genre":"hamlet","rang":4,"pop":null},"geometry":{"type":"Point","coordinates":[1.80842,45.42493]}},{"type":"Feature","properties":{"nom":"Blancherie","genre":"hamlet","rang":4,"pop":null},"geometry":{"type":"Point","coordinates":[1.79546,45.4328]}},{"type":"Feature","properties":{"nom":"Les Rivières","genre":"hamlet","rang":4,"pop":null},"geometry":{"type":"Point","coordinates":[1.78247,45.43845]}},{"type":"Feature","properties":{"nom":"Jarenne","genre":"hamlet","rang":4,"pop":null},"geometry":{"type":"Point","coordinates":[1.78723,45.42199]}},{"type":"Feature","properties":{"nom":"Treillet","genre":"hamlet","rang":4,"pop":null},"geometry":{"type":"Point","coordinates":[1.80214,45.41039]}},{"type":"Feature","properties":{"nom":"La Vialle","genre":"hamlet","rang":4,"pop":null},"geometry":{"type":"Point","coordinates":[1.84978,45.39354]}},{"type":"Feature","properties":{"nom":"Salagnac","genre":"hamlet","rang":4,"pop":null},"geometry":{"type":"Point","coordinates":[1.83573,45.39275]}},{"type":"Feature","properties":{"nom":"Les Bories","genre":"hamlet","rang":4,"pop":null},"geometry":{"type":"Point","coordinates":[1.83371,45.38975]}},{"type":"Feature","properties":{"nom":"Le Cey Neuf","genre":"hamlet","rang":4,"pop":null},"geometry":{"type":"Point","coordinates":[1.85725,45.40761]}},{"type":"Feature","properties":{"nom":"Ferme de l'Étang","genre":"hamlet","rang":4,"pop":null},"geometry":{"type":"Point","coordinates":[1.87298,45.41272]}},{"type":"Feature","properties":{"nom":"Agnoux","genre":"hamlet","rang":4,"pop":null},"geometry":{"type":"Point","coordinates":[1.88725,45.41653]}},{"type":"Feature","properties":{"nom":"Vaux","genre":"hamlet","rang":4,"pop":null},"geometry":{"type":"Point","coordinates":[1.63237,45.66533]}},{"type":"Feature","properties":{"nom":"Puy de Soulier","genre":"hamlet","rang":4,"pop":null},"geometry":{"type":"Point","coordinates":[1.63922,45.67239]}},{"type":"Feature","properties":{"nom":"Puy la Croisille","genre":"hamlet","rang":4,"pop":null},"geometry":{"type":"Point","coordinates":[1.62639,45.38611]}},{"type":"Feature","properties":{"nom":"La Croix Gaillard","genre":"hamlet","rang":4,"pop":null},"geometry":{"type":"Point","coordinates":[1.79689,45.3586]}},{"type":"Feature","properties":{"nom":"Neuvialle","genre":"hamlet","rang":4,"pop":null},"geometry":{"type":"Point","coordinates":[1.79521,45.36264]}},{"type":"Feature","properties":{"nom":"Lachaud","genre":"hamlet","rang":4,"pop":null},"geometry":{"type":"Point","coordinates":[1.80225,45.37073]}},{"type":"Feature","properties":{"nom":"Le Chassagnou","genre":"hamlet","rang":4,"pop":null},"geometry":{"type":"Point","coordinates":[1.80305,45.37674]}},{"type":"Feature","properties":{"nom":"Tereygeol","genre":"hamlet","rang":4,"pop":null},"geometry":{"type":"Point","coordinates":[1.79931,45.37757]}},{"type":"Feature","properties":{"nom":"Taleix","genre":"hamlet","rang":4,"pop":null},"geometry":{"type":"Point","coordinates":[1.80961,45.38203]}},{"type":"Feature","properties":{"nom":"La Croix du Lai","genre":"hamlet","rang":4,"pop":null},"geometry":{"type":"Point","coordinates":[1.80483,45.38276]}},{"type":"Feature","properties":{"nom":"La Martinie","genre":"hamlet","rang":4,"pop":null},"geometry":{"type":"Point","coordinates":[1.79895,45.38154]}},{"type":"Feature","properties":{"nom":"L'Échamel","genre":"hamlet","rang":4,"pop":null},"geometry":{"type":"Point","coordinates":[1.81054,45.38754]}},{"type":"Feature","properties":{"nom":"La Croix de l'Échamel","genre":"hamlet","rang":4,"pop":null},"geometry":{"type":"Point","coordinates":[1.8157,45.39001]}},{"type":"Feature","properties":{"nom":"La Croix du Mas","genre":"hamlet","rang":4,"pop":null},"geometry":{"type":"Point","coordinates":[1.82287,45.39077]}},{"type":"Feature","properties":{"nom":"La Galandie","genre":"hamlet","rang":4,"pop":null},"geometry":{"type":"Point","coordinates":[1.82265,45.3875]}},{"type":"Feature","properties":{"nom":"Le Mas","genre":"hamlet","rang":4,"pop":null},"geometry":{"type":"Point","coordinates":[1.82311,45.38679]}},{"type":"Feature","properties":{"nom":"La Borie","genre":"hamlet","rang":4,"pop":null},"geometry":{"type":"Point","coordinates":[1.82228,45.38536]}},{"type":"Feature","properties":{"nom":"Le Planchoux","genre":"hamlet","rang":4,"pop":null},"geometry":{"type":"Point","coordinates":[1.82218,45.3843]}},{"type":"Feature","properties":{"nom":"La Chassagnade","genre":"hamlet","rang":4,"pop":null},"geometry":{"type":"Point","coordinates":[1.82024,45.37667]}},{"type":"Feature","properties":{"nom":"Chaumely","genre":"hamlet","rang":4,"pop":null},"geometry":{"type":"Point","coordinates":[1.82173,45.37291]}},{"type":"Feature","properties":{"nom":"Bans","genre":"hamlet","rang":4,"pop":null},"geometry":{"type":"Point","coordinates":[1.82029,45.37039]}},{"type":"Feature","properties":{"nom":"Ceaux","genre":"hamlet","rang":4,"pop":null},"geometry":{"type":"Point","coordinates":[1.81508,45.3589]}},{"type":"Feature","properties":{"nom":"La Combe Chastagner","genre":"hamlet","rang":4,"pop":null},"geometry":{"type":"Point","coordinates":[1.81644,45.3994]}},{"type":"Feature","properties":{"nom":"Lestrade","genre":"hamlet","rang":4,"pop":null},"geometry":{"type":"Point","coordinates":[1.81029,45.39306]}},{"type":"Feature","properties":{"nom":"Merpillat","genre":"hamlet","rang":4,"pop":null},"geometry":{"type":"Point","coordinates":[1.80507,45.39404]}},{"type":"Feature","properties":{"nom":"La Chapelle de Bort","genre":"hamlet","rang":4,"pop":null},"geometry":{"type":"Point","coordinates":[1.79615,45.39721]}},{"type":"Feature","properties":{"nom":"La Vergne au Blanc","genre":"hamlet","rang":4,"pop":null},"geometry":{"type":"Point","coordinates":[1.5962,45.55258]}},{"type":"Feature","properties":{"nom":"Chivialle","genre":"hamlet","rang":4,"pop":null},"geometry":{"type":"Point","coordinates":[1.6604,45.58444]}},{"type":"Feature","properties":{"nom":"Mortefonds","genre":"hamlet","rang":4,"pop":null},"geometry":{"type":"Point","coordinates":[1.66933,45.58258]}},{"type":"Feature","properties":{"nom":"Le Mas","genre":"hamlet","rang":4,"pop":null},"geometry":{"type":"Point","coordinates":[1.64731,45.57983]}},{"type":"Feature","properties":{"nom":"La Chabanne","genre":"hamlet","rang":4,"pop":null},"geometry":{"type":"Point","coordinates":[1.6486,45.58276]}},{"type":"Feature","properties":{"nom":"Le Temple","genre":"hamlet","rang":4,"pop":null},"geometry":{"type":"Point","coordinates":[1.64761,45.57096]}},{"type":"Feature","properties":{"nom":"Le Malauzieux","genre":"hamlet","rang":4,"pop":null},"geometry":{"type":"Point","coordinates":[1.6336,45.57598]}},{"type":"Feature","properties":{"nom":"La Ganne","genre":"hamlet","rang":4,"pop":null},"geometry":{"type":"Point","coordinates":[1.62812,45.57341]}},{"type":"Feature","properties":{"nom":"La Ganotte","genre":"hamlet","rang":4,"pop":null},"geometry":{"type":"Point","coordinates":[1.62086,45.57582]}},{"type":"Feature","properties":{"nom":"Las Bordas","genre":"hamlet","rang":4,"pop":null},"geometry":{"type":"Point","coordinates":[1.61128,45.57479]}},{"type":"Feature","properties":{"nom":"La Pouge","genre":"hamlet","rang":4,"pop":null},"geometry":{"type":"Point","coordinates":[1.59946,45.57595]}},{"type":"Feature","properties":{"nom":"Larfouillère","genre":"hamlet","rang":4,"pop":null},"geometry":{"type":"Point","coordinates":[1.60538,45.58077]}},{"type":"Feature","properties":{"nom":"Laurière","genre":"hamlet","rang":4,"pop":null},"geometry":{"type":"Point","coordinates":[1.62313,45.5694]}},{"type":"Feature","properties":{"nom":"La Maubert","genre":"hamlet","rang":4,"pop":null},"geometry":{"type":"Point","coordinates":[1.59638,45.5644]}},{"type":"Feature","properties":{"nom":"Le Mazaud","genre":"hamlet","rang":4,"pop":null},"geometry":{"type":"Point","coordinates":[1.60136,45.56723]}},{"type":"Feature","properties":{"nom":"La Gane Aureix","genre":"hamlet","rang":4,"pop":null},"geometry":{"type":"Point","coordinates":[1.61091,45.56244]}},{"type":"Feature","properties":{"nom":"Las Champs","genre":"hamlet","rang":4,"pop":null},"geometry":{"type":"Point","coordinates":[1.61681,45.55638]}},{"type":"Feature","properties":{"nom":"La Vergne","genre":"hamlet","rang":4,"pop":null},"geometry":{"type":"Point","coordinates":[1.59597,45.55704]}},{"type":"Feature","properties":{"nom":"Tras le Peuch","genre":"hamlet","rang":4,"pop":null},"geometry":{"type":"Point","coordinates":[1.61351,45.54885]}},{"type":"Feature","properties":{"nom":"Les Renardirèes","genre":"hamlet","rang":4,"pop":null},"geometry":{"type":"Point","coordinates":[1.62006,45.54785]}},{"type":"Feature","properties":{"nom":"Le Moulin de Boisse","genre":"hamlet","rang":4,"pop":null},"geometry":{"type":"Point","coordinates":[1.62355,45.5457]}},{"type":"Feature","properties":{"nom":"Boisse","genre":"hamlet","rang":4,"pop":null},"geometry":{"type":"Point","coordinates":[1.63132,45.54843]}},{"type":"Feature","properties":{"nom":"Sauviat","genre":"hamlet","rang":4,"pop":null},"geometry":{"type":"Point","coordinates":[1.63911,45.55804]}},{"type":"Feature","properties":{"nom":"La Plantade","genre":"hamlet","rang":4,"pop":null},"geometry":{"type":"Point","coordinates":[1.63263,45.5579]}},{"type":"Feature","properties":{"nom":"Le Puy Tramuzat","genre":"hamlet","rang":4,"pop":null},"geometry":{"type":"Point","coordinates":[1.63493,45.55929]}},{"type":"Feature","properties":{"nom":"L'Escure Neuve","genre":"hamlet","rang":4,"pop":null},"geometry":{"type":"Point","coordinates":[1.6427,45.56281]}},{"type":"Feature","properties":{"nom":"Le Buchetel","genre":"hamlet","rang":4,"pop":null},"geometry":{"type":"Point","coordinates":[1.6498,45.55011]}},{"type":"Feature","properties":{"nom":"Les Ages","genre":"hamlet","rang":4,"pop":null},"geometry":{"type":"Point","coordinates":[1.65483,45.54432]}},{"type":"Feature","properties":{"nom":"Le Mavaleix","genre":"hamlet","rang":4,"pop":null},"geometry":{"type":"Point","coordinates":[1.65253,45.54005]}},{"type":"Feature","properties":{"nom":"Le Bourliataud","genre":"hamlet","rang":4,"pop":null},"geometry":{"type":"Point","coordinates":[1.63731,45.54141]}},{"type":"Feature","properties":{"nom":"Puy Razit","genre":"hamlet","rang":4,"pop":null},"geometry":{"type":"Point","coordinates":[1.6289,45.53541]}},{"type":"Feature","properties":{"nom":"L'Oie Plumée","genre":"hamlet","rang":4,"pop":null},"geometry":{"type":"Point","coordinates":[1.63749,45.5331]}},{"type":"Feature","properties":{"nom":"Puy la Luche","genre":"hamlet","rang":4,"pop":null},"geometry":{"type":"Point","coordinates":[1.64275,45.53428]}},{"type":"Feature","properties":{"nom":"Les Charreaux","genre":"hamlet","rang":4,"pop":null},"geometry":{"type":"Point","coordinates":[1.64853,45.53207]}},{"type":"Feature","properties":{"nom":"Lafeuille","genre":"hamlet","rang":4,"pop":null},"geometry":{"type":"Point","coordinates":[1.65441,45.53321]}},{"type":"Feature","properties":{"nom":"Le Moulin de Bissol","genre":"hamlet","rang":4,"pop":null},"geometry":{"type":"Point","coordinates":[1.662,45.53815]}},{"type":"Feature","properties":{"nom":"Le Bissol","genre":"hamlet","rang":4,"pop":null},"geometry":{"type":"Point","coordinates":[1.66409,45.5406]}},{"type":"Feature","properties":{"nom":"Le Chalard","genre":"hamlet","rang":4,"pop":null},"geometry":{"type":"Point","coordinates":[1.66287,45.54386]}},{"type":"Feature","properties":{"nom":"La Gane de Minet","genre":"hamlet","rang":4,"pop":null},"geometry":{"type":"Point","coordinates":[1.65765,45.55178]}},{"type":"Feature","properties":{"nom":"La Gane de Turle","genre":"hamlet","rang":4,"pop":null},"geometry":{"type":"Point","coordinates":[1.65732,45.55923]}},{"type":"Feature","properties":{"nom":"Lachaud","genre":"hamlet","rang":4,"pop":null},"geometry":{"type":"Point","coordinates":[1.66657,45.55795]}},{"type":"Feature","properties":{"nom":"Le Mazerbourg","genre":"hamlet","rang":4,"pop":null},"geometry":{"type":"Point","coordinates":[1.67542,45.5505]}},{"type":"Feature","properties":{"nom":"Les Pins","genre":"hamlet","rang":4,"pop":null},"geometry":{"type":"Point","coordinates":[1.67465,45.54282]}},{"type":"Feature","properties":{"nom":"Le Pont la Chèvre","genre":"hamlet","rang":4,"pop":null},"geometry":{"type":"Point","coordinates":[1.66449,45.52844]}},{"type":"Feature","properties":{"nom":"Le Châtenet","genre":"hamlet","rang":4,"pop":null},"geometry":{"type":"Point","coordinates":[1.65565,45.52564]}},{"type":"Feature","properties":{"nom":"Sainte-Radegonde","genre":"hamlet","rang":4,"pop":null},"geometry":{"type":"Point","coordinates":[1.64342,45.52708]}},{"type":"Feature","properties":{"nom":"Vareix","genre":"hamlet","rang":4,"pop":null},"geometry":{"type":"Point","coordinates":[1.65046,45.52488]}},{"type":"Feature","properties":{"nom":"Le Burg","genre":"hamlet","rang":4,"pop":null},"geometry":{"type":"Point","coordinates":[1.64549,45.51741]}},{"type":"Feature","properties":{"nom":"Le Surgeol","genre":"hamlet","rang":4,"pop":null},"geometry":{"type":"Point","coordinates":[1.64142,45.51746]}},{"type":"Feature","properties":{"nom":"Le Montraire","genre":"hamlet","rang":4,"pop":null},"geometry":{"type":"Point","coordinates":[1.63503,45.52038]}},{"type":"Feature","properties":{"nom":"La Sagne","genre":"hamlet","rang":4,"pop":null},"geometry":{"type":"Point","coordinates":[1.62799,45.51952]}},{"type":"Feature","properties":{"nom":"Le Merle","genre":"hamlet","rang":4,"pop":null},"geometry":{"type":"Point","coordinates":[1.63391,45.51362]}},{"type":"Feature","properties":{"nom":"La Planche","genre":"hamlet","rang":4,"pop":null},"geometry":{"type":"Point","coordinates":[1.66035,45.51663]}},{"type":"Feature","properties":{"nom":"Le Suc","genre":"hamlet","rang":4,"pop":null},"geometry":{"type":"Point","coordinates":[1.66038,45.51457]}},{"type":"Feature","properties":{"nom":"Bretagne","genre":"hamlet","rang":4,"pop":null},"geometry":{"type":"Point","coordinates":[1.41638,45.5235]}},{"type":"Feature","properties":{"nom":"Bois les Pierres","genre":"hamlet","rang":4,"pop":null},"geometry":{"type":"Point","coordinates":[1.41473,45.51957]}},{"type":"Feature","properties":{"nom":"La Grafeuille","genre":"hamlet","rang":4,"pop":null},"geometry":{"type":"Point","coordinates":[1.43102,45.51833]}},{"type":"Feature","properties":{"nom":"Le Vert de la Faurie","genre":"hamlet","rang":4,"pop":null},"geometry":{"type":"Point","coordinates":[1.43228,45.50984]}},{"type":"Feature","properties":{"nom":"Le Mas","genre":"hamlet","rang":4,"pop":null},"geometry":{"type":"Point","coordinates":[1.42022,45.49671]}},{"type":"Feature","properties":{"nom":"Le Puymerliaud","genre":"hamlet","rang":4,"pop":null},"geometry":{"type":"Point","coordinates":[1.42101,45.4899]}},{"type":"Feature","properties":{"nom":"Plazat","genre":"hamlet","rang":4,"pop":null},"geometry":{"type":"Point","coordinates":[1.40302,45.50032]}},{"type":"Feature","properties":{"nom":"Les Réserves","genre":"hamlet","rang":4,"pop":null},"geometry":{"type":"Point","coordinates":[1.4106,45.50321]}},{"type":"Feature","properties":{"nom":"Le Brugeron","genre":"hamlet","rang":4,"pop":null},"geometry":{"type":"Point","coordinates":[1.39234,45.50227]}},{"type":"Feature","properties":{"nom":"La Maison Blanche","genre":"hamlet","rang":4,"pop":null},"geometry":{"type":"Point","coordinates":[1.41501,45.50772]}},{"type":"Feature","properties":{"nom":"Chez Vergnaud","genre":"hamlet","rang":4,"pop":null},"geometry":{"type":"Point","coordinates":[1.46672,45.52649]}},{"type":"Feature","properties":{"nom":"Freysseix","genre":"hamlet","rang":4,"pop":null},"geometry":{"type":"Point","coordinates":[1.44468,45.51915]}},{"type":"Feature","properties":{"nom":"Le Puy Maly","genre":"hamlet","rang":4,"pop":null},"geometry":{"type":"Point","coordinates":[1.47086,45.50081]}},{"type":"Feature","properties":{"nom":"Les Landes de Crouzillac","genre":"hamlet","rang":4,"pop":null},"geometry":{"type":"Point","coordinates":[1.4593,45.49746]}},{"type":"Feature","properties":{"nom":"Crouzillac","genre":"hamlet","rang":4,"pop":null},"geometry":{"type":"Point","coordinates":[1.44922,45.49497]}},{"type":"Feature","properties":{"nom":"Le Dognon","genre":"hamlet","rang":4,"pop":null},"geometry":{"type":"Point","coordinates":[1.46587,45.48897]}},{"type":"Feature","properties":{"nom":"Le Repaire","genre":"hamlet","rang":4,"pop":null},"geometry":{"type":"Point","coordinates":[1.46133,45.48365]}},{"type":"Feature","properties":{"nom":"Corbier","genre":"hamlet","rang":4,"pop":null},"geometry":{"type":"Point","coordinates":[1.45315,45.48127]}},{"type":"Feature","properties":{"nom":"Le Mas de Corbier","genre":"hamlet","rang":4,"pop":null},"geometry":{"type":"Point","coordinates":[1.44932,45.48588]}},{"type":"Feature","properties":{"nom":"Le Mas de Forsac","genre":"hamlet","rang":4,"pop":null},"geometry":{"type":"Point","coordinates":[1.48893,45.51808]}},{"type":"Feature","properties":{"nom":"Lauzerat","genre":"hamlet","rang":4,"pop":null},"geometry":{"type":"Point","coordinates":[1.50252,45.5286]}},{"type":"Feature","properties":{"nom":"Freygefond","genre":"hamlet","rang":4,"pop":null},"geometry":{"type":"Point","coordinates":[1.50249,45.53413]}},{"type":"Feature","properties":{"nom":"Le Glaude","genre":"hamlet","rang":4,"pop":null},"geometry":{"type":"Point","coordinates":[1.48567,45.54762]}},{"type":"Feature","properties":{"nom":"Les Rouveladas","genre":"hamlet","rang":4,"pop":null},"geometry":{"type":"Point","coordinates":[1.47177,45.55513]}},{"type":"Feature","properties":{"nom":"Les Moreilles","genre":"hamlet","rang":4,"pop":null},"geometry":{"type":"Point","coordinates":[1.46839,45.54746]}},{"type":"Feature","properties":{"nom":"La Combe","genre":"hamlet","rang":4,"pop":null},"geometry":{"type":"Point","coordinates":[1.45973,45.54888]}},{"type":"Feature","properties":{"nom":"La Croix Pierre","genre":"hamlet","rang":4,"pop":null},"geometry":{"type":"Point","coordinates":[1.44432,45.43212]}},{"type":"Feature","properties":{"nom":"Prouilhac","genre":"hamlet","rang":4,"pop":null},"geometry":{"type":"Point","coordinates":[1.44115,45.43054]}},{"type":"Feature","properties":{"nom":"La Maison Rouge","genre":"hamlet","rang":4,"pop":null},"geometry":{"type":"Point","coordinates":[1.44278,45.42919]}},{"type":"Feature","properties":{"nom":"La Russie","genre":"hamlet","rang":4,"pop":null},"geometry":{"type":"Point","coordinates":[1.43684,45.42987]}},{"type":"Feature","properties":{"nom":"Les Suquets","genre":"hamlet","rang":4,"pop":null},"geometry":{"type":"Point","coordinates":[1.43706,45.42702]}},{"type":"Feature","properties":{"nom":"Le Froc","genre":"hamlet","rang":4,"pop":null},"geometry":{"type":"Point","coordinates":[1.44154,45.42315]}},{"type":"Feature","properties":{"nom":"Inteillet","genre":"hamlet","rang":4,"pop":null},"geometry":{"type":"Point","coordinates":[1.45098,45.42294]}},{"type":"Feature","properties":{"nom":"Lanouaille","genre":"hamlet","rang":4,"pop":null},"geometry":{"type":"Point","coordinates":[1.44874,45.41793]}},{"type":"Feature","properties":{"nom":"Champtiaux","genre":"hamlet","rang":4,"pop":null},"geometry":{"type":"Point","coordinates":[1.45672,45.41431]}},{"type":"Feature","properties":{"nom":"Le Bec","genre":"hamlet","rang":4,"pop":null},"geometry":{"type":"Point","coordinates":[1.46517,45.41564]}},{"type":"Feature","properties":{"nom":"Chatignol","genre":"hamlet","rang":4,"pop":null},"geometry":{"type":"Point","coordinates":[1.47014,45.41248]}},{"type":"Feature","properties":{"nom":"Chez Lornac","genre":"hamlet","rang":4,"pop":null},"geometry":{"type":"Point","coordinates":[1.474,45.4161]}},{"type":"Feature","properties":{"nom":"Sageaux","genre":"hamlet","rang":4,"pop":null},"geometry":{"type":"Point","coordinates":[1.47246,45.418]}},{"type":"Feature","properties":{"nom":"Les Palonies","genre":"hamlet","rang":4,"pop":null},"geometry":{"type":"Point","coordinates":[1.47396,45.42261]}},{"type":"Feature","properties":{"nom":"Entrouillet","genre":"hamlet","rang":4,"pop":null},"geometry":{"type":"Point","coordinates":[1.47742,45.42171]}},{"type":"Feature","properties":{"nom":"Maumont","genre":"hamlet","rang":4,"pop":null},"geometry":{"type":"Point","coordinates":[1.46465,45.42555]}},{"type":"Feature","properties":{"nom":"Lescquatre Routes","genre":"hamlet","rang":4,"pop":null},"geometry":{"type":"Point","coordinates":[1.45847,45.43008]}},{"type":"Feature","properties":{"nom":"Le Planet","genre":"hamlet","rang":4,"pop":null},"geometry":{"type":"Point","coordinates":[1.46236,45.4319]}},{"type":"Feature","properties":{"nom":"La Gérétie","genre":"hamlet","rang":4,"pop":null},"geometry":{"type":"Point","coordinates":[1.45955,45.43479]}},{"type":"Feature","properties":{"nom":"Jouméjoux","genre":"hamlet","rang":4,"pop":null},"geometry":{"type":"Point","coordinates":[1.4557,45.43417]}},{"type":"Feature","properties":{"nom":"Lépinat","genre":"hamlet","rang":4,"pop":null},"geometry":{"type":"Point","coordinates":[1.45543,45.4363]}},{"type":"Feature","properties":{"nom":"Le Bouyjoux","genre":"hamlet","rang":4,"pop":null},"geometry":{"type":"Point","coordinates":[1.45187,45.42687]}},{"type":"Feature","properties":{"nom":"Le Petit Saint-Pardoux","genre":"hamlet","rang":4,"pop":null},"geometry":{"type":"Point","coordinates":[1.44981,45.42943]}},{"type":"Feature","properties":{"nom":"La Peyrière","genre":"hamlet","rang":4,"pop":null},"geometry":{"type":"Point","coordinates":[1.45103,45.43494]}},{"type":"Feature","properties":{"nom":"LesGarennes","genre":"hamlet","rang":4,"pop":null},"geometry":{"type":"Point","coordinates":[1.44421,45.4363]}},{"type":"Feature","properties":{"nom":"Les Landes Hautes","genre":"hamlet","rang":4,"pop":null},"geometry":{"type":"Point","coordinates":[1.44509,45.44141]}},{"type":"Feature","properties":{"nom":"L'Age","genre":"hamlet","rang":4,"pop":null},"geometry":{"type":"Point","coordinates":[1.44825,45.44981]}},{"type":"Feature","properties":{"nom":"Nilhac","genre":"hamlet","rang":4,"pop":null},"geometry":{"type":"Point","coordinates":[1.45442,45.45111]}},{"type":"Feature","properties":{"nom":"Lombert","genre":"hamlet","rang":4,"pop":null},"geometry":{"type":"Point","coordinates":[1.45702,45.44692]}},{"type":"Feature","properties":{"nom":"La Chabrière","genre":"hamlet","rang":4,"pop":null},"geometry":{"type":"Point","coordinates":[1.46152,45.45477]}},{"type":"Feature","properties":{"nom":"Maury","genre":"hamlet","rang":4,"pop":null},"geometry":{"type":"Point","coordinates":[1.46122,45.4536]}},{"type":"Feature","properties":{"nom":"Le Puy de Laudrerie","genre":"hamlet","rang":4,"pop":null},"geometry":{"type":"Point","coordinates":[1.46227,45.4587]}},{"type":"Feature","properties":{"nom":"Chez le Turc","genre":"hamlet","rang":4,"pop":null},"geometry":{"type":"Point","coordinates":[1.46983,45.45925]}},{"type":"Feature","properties":{"nom":"Laudrerie","genre":"hamlet","rang":4,"pop":null},"geometry":{"type":"Point","coordinates":[1.46245,45.46632]}},{"type":"Feature","properties":{"nom":"La Bessade","genre":"hamlet","rang":4,"pop":null},"geometry":{"type":"Point","coordinates":[1.44767,45.46463]}},{"type":"Feature","properties":{"nom":"L'Echaudé","genre":"hamlet","rang":4,"pop":null},"geometry":{"type":"Point","coordinates":[1.4547,45.47161]}},{"type":"Feature","properties":{"nom":"La Panetterie","genre":"hamlet","rang":4,"pop":null},"geometry":{"type":"Point","coordinates":[1.44293,45.47568]}},{"type":"Feature","properties":{"nom":"La Brugère","genre":"hamlet","rang":4,"pop":null},"geometry":{"type":"Point","coordinates":[1.46638,45.44052]}},{"type":"Feature","properties":{"nom":"Les Farfouilles","genre":"hamlet","rang":4,"pop":null},"geometry":{"type":"Point","coordinates":[1.47018,45.44793]}},{"type":"Feature","properties":{"nom":"Les Pradeaux","genre":"hamlet","rang":4,"pop":null},"geometry":{"type":"Point","coordinates":[1.47323,45.44757]}},{"type":"Feature","properties":{"nom":"Esparcillac","genre":"hamlet","rang":4,"pop":null},"geometry":{"type":"Point","coordinates":[1.47862,45.44389]}},{"type":"Feature","properties":{"nom":"Le Puy","genre":"hamlet","rang":4,"pop":null},"geometry":{"type":"Point","coordinates":[1.47599,45.4521]}},{"type":"Feature","properties":{"nom":"Malgorse","genre":"hamlet","rang":4,"pop":null},"geometry":{"type":"Point","coordinates":[1.48175,45.45921]}},{"type":"Feature","properties":{"nom":"La Boissière","genre":"hamlet","rang":4,"pop":null},"geometry":{"type":"Point","coordinates":[1.4848,45.45157]}},{"type":"Feature","properties":{"nom":"La Chanconie","genre":"hamlet","rang":4,"pop":null},"geometry":{"type":"Point","coordinates":[1.47688,45.46477]}},{"type":"Feature","properties":{"nom":"Le Vert","genre":"hamlet","rang":4,"pop":null},"geometry":{"type":"Point","coordinates":[1.48427,45.46678]}},{"type":"Feature","properties":{"nom":"La Borie Gauthier","genre":"hamlet","rang":4,"pop":null},"geometry":{"type":"Point","coordinates":[1.47444,45.47246]}},{"type":"Feature","properties":{"nom":"Montagnac","genre":"hamlet","rang":4,"pop":null},"geometry":{"type":"Point","coordinates":[1.49436,45.44448]}},{"type":"Feature","properties":{"nom":"Garamaze","genre":"hamlet","rang":4,"pop":null},"geometry":{"type":"Point","coordinates":[1.48476,45.43773]}},{"type":"Feature","properties":{"nom":"La Babinaudie","genre":"hamlet","rang":4,"pop":null},"geometry":{"type":"Point","coordinates":[1.47812,45.42974]}},{"type":"Feature","properties":{"nom":"L'Eguille","genre":"hamlet","rang":4,"pop":null},"geometry":{"type":"Point","coordinates":[1.48717,45.42167]}},{"type":"Feature","properties":{"nom":"Les Bordes","genre":"hamlet","rang":4,"pop":null},"geometry":{"type":"Point","coordinates":[1.49102,45.41364]}},{"type":"Feature","properties":{"nom":"Le Moulin de Gany","genre":"hamlet","rang":4,"pop":null},"geometry":{"type":"Point","coordinates":[1.48649,45.40757]}},{"type":"Feature","properties":{"nom":"Les Fouillades","genre":"hamlet","rang":4,"pop":null},"geometry":{"type":"Point","coordinates":[1.47472,45.35977]}},{"type":"Feature","properties":{"nom":"Le Poteau","genre":"hamlet","rang":4,"pop":null},"geometry":{"type":"Point","coordinates":[1.47177,45.36445]}},{"type":"Feature","properties":{"nom":"La Maison Neuve","genre":"hamlet","rang":4,"pop":null},"geometry":{"type":"Point","coordinates":[1.46299,45.36104]}},{"type":"Feature","properties":{"nom":"Poujol","genre":"hamlet","rang":4,"pop":null},"geometry":{"type":"Point","coordinates":[1.45988,45.36244]}},{"type":"Feature","properties":{"nom":"Lagrange","genre":"hamlet","rang":4,"pop":null},"geometry":{"type":"Point","coordinates":[1.45458,45.35725]}},{"type":"Feature","properties":{"nom":"La Garenne","genre":"hamlet","rang":4,"pop":null},"geometry":{"type":"Point","coordinates":[1.45799,45.35855]}},{"type":"Feature","properties":{"nom":"Miers","genre":"hamlet","rang":4,"pop":null},"geometry":{"type":"Point","coordinates":[1.83684,45.38395]}},{"type":"Feature","properties":{"nom":"La Rue","genre":"hamlet","rang":4,"pop":null},"geometry":{"type":"Point","coordinates":[1.71071,45.68038]}},{"type":"Feature","properties":{"nom":"Moussanas","genre":"hamlet","rang":4,"pop":null},"geometry":{"type":"Point","coordinates":[1.59882,45.69148]}},{"type":"Feature","properties":{"nom":"Les Tuilières","genre":"hamlet","rang":4,"pop":null},"geometry":{"type":"Point","coordinates":[1.5797,45.6822]}},{"type":"Feature","properties":{"nom":"Jumeau-le-Petit","genre":"hamlet","rang":4,"pop":null},"geometry":{"type":"Point","coordinates":[1.5712,45.67818]}},{"type":"Feature","properties":{"nom":"Jumeau le Grand","genre":"hamlet","rang":4,"pop":null},"geometry":{"type":"Point","coordinates":[1.57851,45.66927]}},{"type":"Feature","properties":{"nom":"La Chabassière","genre":"hamlet","rang":4,"pop":null},"geometry":{"type":"Point","coordinates":[1.56936,45.6699]}},{"type":"Feature","properties":{"nom":"Laugeat","genre":"hamlet","rang":4,"pop":null},"geometry":{"type":"Point","coordinates":[1.58967,45.67346]}},{"type":"Feature","properties":{"nom":"Le Puy de Venouhant","genre":"hamlet","rang":4,"pop":null},"geometry":{"type":"Point","coordinates":[1.60242,45.67616]}},{"type":"Feature","properties":{"nom":"Augeras","genre":"hamlet","rang":4,"pop":null},"geometry":{"type":"Point","coordinates":[1.62386,45.67815]}},{"type":"Feature","properties":{"nom":"Bésuniéras","genre":"hamlet","rang":4,"pop":null},"geometry":{"type":"Point","coordinates":[1.64321,45.68558]}},{"type":"Feature","properties":{"nom":"Doulaye","genre":"hamlet","rang":4,"pop":null},"geometry":{"type":"Point","coordinates":[1.70991,45.73164]}},{"type":"Feature","properties":{"nom":"La Vacheresse Grande","genre":"hamlet","rang":4,"pop":null},"geometry":{"type":"Point","coordinates":[1.7394,45.73256]}},{"type":"Feature","properties":{"nom":"Combas","genre":"hamlet","rang":4,"pop":null},"geometry":{"type":"Point","coordinates":[1.73497,45.7337]}},{"type":"Feature","properties":{"nom":"La Peyrade","genre":"hamlet","rang":4,"pop":null},"geometry":{"type":"Point","coordinates":[1.73777,45.73576]}},{"type":"Feature","properties":{"nom":"La Condamine","genre":"hamlet","rang":4,"pop":null},"geometry":{"type":"Point","coordinates":[1.74412,45.73229]}},{"type":"Feature","properties":{"nom":"Le Mas","genre":"hamlet","rang":4,"pop":null},"geometry":{"type":"Point","coordinates":[1.73478,45.72469]}},{"type":"Feature","properties":{"nom":"Le Mas Neuf","genre":"hamlet","rang":4,"pop":null},"geometry":{"type":"Point","coordinates":[1.72963,45.72528]}},{"type":"Feature","properties":{"nom":"Courtiaux-Romanet","genre":"hamlet","rang":4,"pop":null},"geometry":{"type":"Point","coordinates":[1.68286,45.72103]}},{"type":"Feature","properties":{"nom":"Les Roches","genre":"hamlet","rang":4,"pop":null},"geometry":{"type":"Point","coordinates":[1.67786,45.69984]}},{"type":"Feature","properties":{"nom":"Puy Mouret","genre":"hamlet","rang":4,"pop":null},"geometry":{"type":"Point","coordinates":[1.69382,45.70485]}},{"type":"Feature","properties":{"nom":"La Julie","genre":"hamlet","rang":4,"pop":null},"geometry":{"type":"Point","coordinates":[1.67844,45.68766]}},{"type":"Feature","properties":{"nom":"Chaulet","genre":"hamlet","rang":4,"pop":null},"geometry":{"type":"Point","coordinates":[1.66136,45.68739]}},{"type":"Feature","properties":{"nom":"Le Cheyroux","genre":"hamlet","rang":4,"pop":null},"geometry":{"type":"Point","coordinates":[1.68801,45.6834]}},{"type":"Feature","properties":{"nom":"Villemonteix","genre":"hamlet","rang":4,"pop":null},"geometry":{"type":"Point","coordinates":[1.70585,45.68856]}},{"type":"Feature","properties":{"nom":"Masseaux","genre":"hamlet","rang":4,"pop":null},"geometry":{"type":"Point","coordinates":[1.66705,45.67113]}},{"type":"Feature","properties":{"nom":"La Villa","genre":"hamlet","rang":4,"pop":null},"geometry":{"type":"Point","coordinates":[1.64678,45.652]}},{"type":"Feature","properties":{"nom":"Amboiras","genre":"hamlet","rang":4,"pop":null},"geometry":{"type":"Point","coordinates":[1.58169,45.6478]}},{"type":"Feature","properties":{"nom":"Puy Guillaume","genre":"hamlet","rang":4,"pop":null},"geometry":{"type":"Point","coordinates":[1.57066,45.64656]}},{"type":"Feature","properties":{"nom":"La Grande Combe","genre":"hamlet","rang":4,"pop":null},"geometry":{"type":"Point","coordinates":[1.56327,45.64881]}},{"type":"Feature","properties":{"nom":"Plaisance","genre":"hamlet","rang":4,"pop":null},"geometry":{"type":"Point","coordinates":[1.5727,45.63932]}},{"type":"Feature","properties":{"nom":"Tenèze","genre":"hamlet","rang":4,"pop":null},"geometry":{"type":"Point","coordinates":[1.56586,45.64163]}},{"type":"Feature","properties":{"nom":"Foulenour","genre":"hamlet","rang":4,"pop":null},"geometry":{"type":"Point","coordinates":[1.55068,45.64671]}},{"type":"Feature","properties":{"nom":"Le Lys","genre":"hamlet","rang":4,"pop":null},"geometry":{"type":"Point","coordinates":[1.52136,45.62068]}},{"type":"Feature","properties":{"nom":"Ribière","genre":"hamlet","rang":4,"pop":null},"geometry":{"type":"Point","coordinates":[1.57339,45.61825]}},{"type":"Feature","properties":{"nom":"Le Moulin-Parinet","genre":"hamlet","rang":4,"pop":null},"geometry":{"type":"Point","coordinates":[1.57919,45.6155]}},{"type":"Feature","properties":{"nom":"Bagengette","genre":"hamlet","rang":4,"pop":null},"geometry":{"type":"Point","coordinates":[1.58201,45.61391]}},{"type":"Feature","properties":{"nom":"Rilhaguet","genre":"hamlet","rang":4,"pop":null},"geometry":{"type":"Point","coordinates":[1.59696,45.61285]}},{"type":"Feature","properties":{"nom":"Le Pont","genre":"hamlet","rang":4,"pop":null},"geometry":{"type":"Point","coordinates":[1.60352,45.61286]}},{"type":"Feature","properties":{"nom":"Les Rouchoux","genre":"hamlet","rang":4,"pop":null},"geometry":{"type":"Point","coordinates":[1.62259,45.61448]}},{"type":"Feature","properties":{"nom":"Le Cheyroux","genre":"hamlet","rang":4,"pop":null},"geometry":{"type":"Point","coordinates":[1.62917,45.61234]}},{"type":"Feature","properties":{"nom":"Le Mazaudois","genre":"hamlet","rang":4,"pop":null},"geometry":{"type":"Point","coordinates":[1.63233,45.61441]}},{"type":"Feature","properties":{"nom":"Le Bois-Barrat","genre":"hamlet","rang":4,"pop":null},"geometry":{"type":"Point","coordinates":[1.63195,45.62019]}},{"type":"Feature","properties":{"nom":"Le Cheyron","genre":"hamlet","rang":4,"pop":null},"geometry":{"type":"Point","coordinates":[1.6653,45.58981]}},{"type":"Feature","properties":{"nom":"Larcy","genre":"hamlet","rang":4,"pop":null},"geometry":{"type":"Point","coordinates":[1.62837,45.58642]}},{"type":"Feature","properties":{"nom":"Le Pouyol","genre":"hamlet","rang":4,"pop":null},"geometry":{"type":"Point","coordinates":[1.62195,45.58063]}},{"type":"Feature","properties":{"nom":"La Côte","genre":"hamlet","rang":4,"pop":null},"geometry":{"type":"Point","coordinates":[1.58863,45.63072]}},{"type":"Feature","properties":{"nom":"La Picarelle","genre":"hamlet","rang":4,"pop":null},"geometry":{"type":"Point","coordinates":[1.51785,45.56054]}},{"type":"Feature","properties":{"nom":"Lescurat","genre":"hamlet","rang":4,"pop":null},"geometry":{"type":"Point","coordinates":[1.52247,45.55275]}},{"type":"Feature","properties":{"nom":"Le Mas-Fargeix","genre":"hamlet","rang":4,"pop":null},"geometry":{"type":"Point","coordinates":[1.51835,45.55144]}},{"type":"Feature","properties":{"nom":"Les Gannes","genre":"hamlet","rang":4,"pop":null},"geometry":{"type":"Point","coordinates":[1.51152,45.54899]}},{"type":"Feature","properties":{"nom":"Les Jaloux","genre":"hamlet","rang":4,"pop":null},"geometry":{"type":"Point","coordinates":[1.53315,45.56059]}},{"type":"Feature","properties":{"nom":"Espinassou","genre":"hamlet","rang":4,"pop":null},"geometry":{"type":"Point","coordinates":[1.54094,45.55805]}},{"type":"Feature","properties":{"nom":"Magoutière","genre":"hamlet","rang":4,"pop":null},"geometry":{"type":"Point","coordinates":[1.70037,45.55025]}},{"type":"Feature","properties":{"nom":"Vergnas","genre":"hamlet","rang":4,"pop":null},"geometry":{"type":"Point","coordinates":[1.7032,45.56071]}},{"type":"Feature","properties":{"nom":"Le Terrier","genre":"hamlet","rang":4,"pop":null},"geometry":{"type":"Point","coordinates":[1.74575,45.56114]}},{"type":"Feature","properties":{"nom":"Cologne","genre":"hamlet","rang":4,"pop":null},"geometry":{"type":"Point","coordinates":[1.75779,45.55342]}},{"type":"Feature","properties":{"nom":"Le Monteil","genre":"hamlet","rang":4,"pop":null},"geometry":{"type":"Point","coordinates":[1.76481,45.55582]}},{"type":"Feature","properties":{"nom":"Coly","genre":"hamlet","rang":4,"pop":null},"geometry":{"type":"Point","coordinates":[1.77618,45.54573]}},{"type":"Feature","properties":{"nom":"Lespinat","genre":"hamlet","rang":4,"pop":null},"geometry":{"type":"Point","coordinates":[1.77049,45.5519]}},{"type":"Feature","properties":{"nom":"La Vigne","genre":"hamlet","rang":4,"pop":null},"geometry":{"type":"Point","coordinates":[1.79266,45.54521]}},{"type":"Feature","properties":{"nom":"Boisse","genre":"hamlet","rang":4,"pop":null},"geometry":{"type":"Point","coordinates":[1.81268,45.54329]}},{"type":"Feature","properties":{"nom":"La Combe de Boisse","genre":"hamlet","rang":4,"pop":null},"geometry":{"type":"Point","coordinates":[1.80717,45.54338]}},{"type":"Feature","properties":{"nom":"Ussanges","genre":"hamlet","rang":4,"pop":null},"geometry":{"type":"Point","coordinates":[1.83429,45.53893]}},{"type":"Feature","properties":{"nom":"Le Borzeix","genre":"hamlet","rang":4,"pop":null},"geometry":{"type":"Point","coordinates":[1.83266,45.54836]}},{"type":"Feature","properties":{"nom":"Mauranges","genre":"hamlet","rang":4,"pop":null},"geometry":{"type":"Point","coordinates":[1.83751,45.55739]}},{"type":"Feature","properties":{"nom":"Coissac","genre":"hamlet","rang":4,"pop":null},"geometry":{"type":"Point","coordinates":[1.86393,45.56476]}},{"type":"Feature","properties":{"nom":"La Gane-du-Mas","genre":"hamlet","rang":4,"pop":null},"geometry":{"type":"Point","coordinates":[1.56949,45.63082]}},{"type":"Feature","properties":{"nom":"Châtaigne","genre":"hamlet","rang":4,"pop":null},"geometry":{"type":"Point","coordinates":[1.57341,45.62863]}},{"type":"Feature","properties":{"nom":"Mauloup","genre":"hamlet","rang":4,"pop":null},"geometry":{"type":"Point","coordinates":[1.59133,45.59413]}},{"type":"Feature","properties":{"nom":"Le Rainex","genre":"hamlet","rang":4,"pop":null},"geometry":{"type":"Point","coordinates":[1.5948,45.58773]}},{"type":"Feature","properties":{"nom":"La Tuilière","genre":"hamlet","rang":4,"pop":null},"geometry":{"type":"Point","coordinates":[1.59571,45.58458]}},{"type":"Feature","properties":{"nom":"Las Rochas","genre":"hamlet","rang":4,"pop":null},"geometry":{"type":"Point","coordinates":[1.60374,45.5872]}},{"type":"Feature","properties":{"nom":"Chez Nanet","genre":"hamlet","rang":4,"pop":null},"geometry":{"type":"Point","coordinates":[1.65303,45.60238]}},{"type":"Feature","properties":{"nom":"Rebeyrolle","genre":"hamlet","rang":4,"pop":null},"geometry":{"type":"Point","coordinates":[1.69445,45.64731]}},{"type":"Feature","properties":{"nom":"Souffrangeas","genre":"hamlet","rang":4,"pop":null},"geometry":{"type":"Point","coordinates":[1.7679,45.66725]}},{"type":"Feature","properties":{"nom":"Bêthe","genre":"hamlet","rang":4,"pop":null},"geometry":{"type":"Point","coordinates":[1.76743,45.68135]}},{"type":"Feature","properties":{"nom":"Lombre","genre":"hamlet","rang":4,"pop":null},"geometry":{"type":"Point","coordinates":[1.77844,45.68973]}},{"type":"Feature","properties":{"nom":"Le Bonhomme","genre":"hamlet","rang":4,"pop":null},"geometry":{"type":"Point","coordinates":[1.78627,45.68948]}},{"type":"Feature","properties":{"nom":"Loubanaud","genre":"hamlet","rang":4,"pop":null},"geometry":{"type":"Point","coordinates":[1.75139,45.68845]}},{"type":"Feature","properties":{"nom":"Meilhaguet","genre":"hamlet","rang":4,"pop":null},"geometry":{"type":"Point","coordinates":[1.73806,45.69338]}},{"type":"Feature","properties":{"nom":"Meilhac","genre":"hamlet","rang":4,"pop":null},"geometry":{"type":"Point","coordinates":[1.73317,45.69701]}},{"type":"Feature","properties":{"nom":"La Roche","genre":"hamlet","rang":4,"pop":null},"geometry":{"type":"Point","coordinates":[1.72426,45.67889]}},{"type":"Feature","properties":{"nom":"Chouviat","genre":"hamlet","rang":4,"pop":null},"geometry":{"type":"Point","coordinates":[1.71794,45.70945]}},{"type":"Feature","properties":{"nom":"La Siauve","genre":"hamlet","rang":4,"pop":null},"geometry":{"type":"Point","coordinates":[1.76839,45.72898]}},{"type":"Feature","properties":{"nom":"Eybord","genre":"hamlet","rang":4,"pop":null},"geometry":{"type":"Point","coordinates":[1.74911,45.69783]}},{"type":"Feature","properties":{"nom":"La Vialle de Lombre","genre":"hamlet","rang":4,"pop":null},"geometry":{"type":"Point","coordinates":[1.7752,45.69606]}},{"type":"Feature","properties":{"nom":"Le Château Repentit","genre":"hamlet","rang":4,"pop":null},"geometry":{"type":"Point","coordinates":[1.73303,45.74432]}},{"type":"Feature","properties":{"nom":"Le Mont","genre":"hamlet","rang":4,"pop":null},"geometry":{"type":"Point","coordinates":[1.75119,45.71516]}},{"type":"Feature","properties":{"nom":"Bordier","genre":"hamlet","rang":4,"pop":null},"geometry":{"type":"Point","coordinates":[1.42602,45.53365]}},{"type":"Feature","properties":{"nom":"Lanteignie","genre":"hamlet","rang":4,"pop":null},"geometry":{"type":"Point","coordinates":[1.43764,45.53419]}},{"type":"Feature","properties":{"nom":"Basse-Roche","genre":"hamlet","rang":4,"pop":null},"geometry":{"type":"Point","coordinates":[1.44291,45.54798]}},{"type":"Feature","properties":{"nom":"Les Vergnes","genre":"hamlet","rang":4,"pop":null},"geometry":{"type":"Point","coordinates":[1.44223,45.54677]}},{"type":"Feature","properties":{"nom":"Résidence-du-Lac","genre":"hamlet","rang":4,"pop":null},"geometry":{"type":"Point","coordinates":[1.44149,45.54851]}},{"type":"Feature","properties":{"nom":"Le Châtenet","genre":"hamlet","rang":4,"pop":null},"geometry":{"type":"Point","coordinates":[1.37009,45.48774]}},{"type":"Feature","properties":{"nom":"La Grande-Renaudie","genre":"hamlet","rang":4,"pop":null},"geometry":{"type":"Point","coordinates":[1.3747,45.49183]}},{"type":"Feature","properties":{"nom":"Tournevite","genre":"hamlet","rang":4,"pop":null},"geometry":{"type":"Point","coordinates":[1.39054,45.48824]}},{"type":"Feature","properties":{"nom":"Les Plats","genre":"hamlet","rang":4,"pop":null},"geometry":{"type":"Point","coordinates":[1.39756,45.47834]}},{"type":"Feature","properties":{"nom":"Le Gaulier","genre":"hamlet","rang":4,"pop":null},"geometry":{"type":"Point","coordinates":[1.44224,45.5585]}},{"type":"Feature","properties":{"nom":"La Croix","genre":"hamlet","rang":4,"pop":null},"geometry":{"type":"Point","coordinates":[1.44421,45.5574]}},{"type":"Feature","properties":{"nom":"Au Couderchou","genre":"hamlet","rang":4,"pop":null},"geometry":{"type":"Point","coordinates":[1.49518,45.54805]}},{"type":"Feature","properties":{"nom":"Châtain-de-Pouly","genre":"hamlet","rang":4,"pop":null},"geometry":{"type":"Point","coordinates":[1.50031,45.55012]}},{"type":"Feature","properties":{"nom":"Chevailles","genre":"hamlet","rang":4,"pop":null},"geometry":{"type":"Point","coordinates":[1.50546,45.54525]}},{"type":"Feature","properties":{"nom":"La Renaudie","genre":"hamlet","rang":4,"pop":null},"geometry":{"type":"Point","coordinates":[1.51286,45.54094]}},{"type":"Feature","properties":{"nom":"Le Vieux-Châtenet","genre":"hamlet","rang":4,"pop":null},"geometry":{"type":"Point","coordinates":[1.53044,45.54613]}},{"type":"Feature","properties":{"nom":"Le Bois-de-l'Age","genre":"hamlet","rang":4,"pop":null},"geometry":{"type":"Point","coordinates":[1.50972,45.57433]}},{"type":"Feature","properties":{"nom":"La Nouaille","genre":"hamlet","rang":4,"pop":null},"geometry":{"type":"Point","coordinates":[1.66473,45.57216]}},{"type":"Feature","properties":{"nom":"Les Ages","genre":"hamlet","rang":4,"pop":null},"geometry":{"type":"Point","coordinates":[1.67597,45.57444]}},{"type":"Feature","properties":{"nom":"Marliangeas","genre":"hamlet","rang":4,"pop":null},"geometry":{"type":"Point","coordinates":[1.68187,45.57047]}},{"type":"Feature","properties":{"nom":"Lacipière","genre":"hamlet","rang":4,"pop":null},"geometry":{"type":"Point","coordinates":[1.70781,45.56591]}},{"type":"Feature","properties":{"nom":"Chassagne","genre":"hamlet","rang":4,"pop":null},"geometry":{"type":"Point","coordinates":[1.73962,45.57007]}},{"type":"Feature","properties":{"nom":"Le Chassaing","genre":"hamlet","rang":4,"pop":null},"geometry":{"type":"Point","coordinates":[1.80537,45.56394]}},{"type":"Feature","properties":{"nom":"La Verrine","genre":"hamlet","rang":4,"pop":null},"geometry":{"type":"Point","coordinates":[1.43922,45.52749]}},{"type":"Feature","properties":{"nom":"Perrière","genre":"hamlet","rang":4,"pop":null},"geometry":{"type":"Point","coordinates":[1.55259,45.58608]}},{"type":"Feature","properties":{"nom":"Le Piautreix","genre":"hamlet","rang":4,"pop":null},"geometry":{"type":"Point","coordinates":[1.50978,45.58141]}},{"type":"Feature","properties":{"nom":"Puyfaux","genre":"hamlet","rang":4,"pop":null},"geometry":{"type":"Point","coordinates":[1.58886,45.60183]}},{"type":"Feature","properties":{"nom":"Château-Rivière","genre":"hamlet","rang":4,"pop":null},"geometry":{"type":"Point","coordinates":[1.49625,45.59913]}},{"type":"Feature","properties":{"nom":"Jaguet","genre":"hamlet","rang":4,"pop":null},"geometry":{"type":"Point","coordinates":[1.71458,45.60447]}},{"type":"Feature","properties":{"nom":"Lachaud","genre":"hamlet","rang":4,"pop":null},"geometry":{"type":"Point","coordinates":[1.72949,45.60081]}},{"type":"Feature","properties":{"nom":"La Geneste","genre":"hamlet","rang":4,"pop":null},"geometry":{"type":"Point","coordinates":[1.73848,45.60881]}},{"type":"Feature","properties":{"nom":"Ceux","genre":"hamlet","rang":4,"pop":null},"geometry":{"type":"Point","coordinates":[1.74973,45.60273]}},{"type":"Feature","properties":{"nom":"Fureix","genre":"hamlet","rang":4,"pop":null},"geometry":{"type":"Point","coordinates":[1.7552,45.61073]}},{"type":"Feature","properties":{"nom":"Le Mazaureix","genre":"hamlet","rang":4,"pop":null},"geometry":{"type":"Point","coordinates":[1.82947,45.61088]}},{"type":"Feature","properties":{"nom":"Le Barnagaud","genre":"hamlet","rang":4,"pop":null},"geometry":{"type":"Point","coordinates":[1.62239,45.62644]}},{"type":"Feature","properties":{"nom":"Les Prades","genre":"hamlet","rang":4,"pop":null},"geometry":{"type":"Point","coordinates":[1.61244,45.61866]}},{"type":"Feature","properties":{"nom":"Le Crauloup","genre":"hamlet","rang":4,"pop":null},"geometry":{"type":"Point","coordinates":[1.61056,45.62761]}},{"type":"Feature","properties":{"nom":"Branlette","genre":"hamlet","rang":4,"pop":null},"geometry":{"type":"Point","coordinates":[1.57756,45.62137]}},{"type":"Feature","properties":{"nom":"La Boissière","genre":"hamlet","rang":4,"pop":null},"geometry":{"type":"Point","coordinates":[1.484,45.60865]}},{"type":"Feature","properties":{"nom":"Leycuras","genre":"hamlet","rang":4,"pop":null},"geometry":{"type":"Point","coordinates":[1.48711,45.61263]}},{"type":"Feature","properties":{"nom":"La Croix","genre":"hamlet","rang":4,"pop":null},"geometry":{"type":"Point","coordinates":[1.49784,45.61137]}},{"type":"Feature","properties":{"nom":"Bagatelle","genre":"hamlet","rang":4,"pop":null},"geometry":{"type":"Point","coordinates":[1.50102,45.62062]}},{"type":"Feature","properties":{"nom":"Le Clos","genre":"hamlet","rang":4,"pop":null},"geometry":{"type":"Point","coordinates":[1.64054,45.6379]}},{"type":"Feature","properties":{"nom":"Le Poumeau","genre":"hamlet","rang":4,"pop":null},"geometry":{"type":"Point","coordinates":[1.625,45.63753]}},{"type":"Feature","properties":{"nom":"Puy-Gourdaud","genre":"hamlet","rang":4,"pop":null},"geometry":{"type":"Point","coordinates":[1.5823,45.63985]}},{"type":"Feature","properties":{"nom":"Venouhant","genre":"hamlet","rang":4,"pop":null},"geometry":{"type":"Point","coordinates":[1.60131,45.66656]}},{"type":"Feature","properties":{"nom":"Le Bois-de-Nivet","genre":"hamlet","rang":4,"pop":null},"geometry":{"type":"Point","coordinates":[1.67527,45.65687]}},{"type":"Feature","properties":{"nom":"La Gane","genre":"hamlet","rang":4,"pop":null},"geometry":{"type":"Point","coordinates":[1.83661,45.68926]}},{"type":"Feature","properties":{"nom":"Bonneval","genre":"hamlet","rang":4,"pop":null},"geometry":{"type":"Point","coordinates":[1.65317,45.677]}},{"type":"Feature","properties":{"nom":"Chamont","genre":"hamlet","rang":4,"pop":null},"geometry":{"type":"Point","coordinates":[1.663,45.67757]}},{"type":"Feature","properties":{"nom":"Les Charbonnières","genre":"hamlet","rang":4,"pop":null},"geometry":{"type":"Point","coordinates":[1.8377,45.69742]}},{"type":"Feature","properties":{"nom":"Les Fontanilles","genre":"hamlet","rang":4,"pop":null},"geometry":{"type":"Point","coordinates":[1.77352,45.70486]}},{"type":"Feature","properties":{"nom":"Gervais","genre":"hamlet","rang":4,"pop":null},"geometry":{"type":"Point","coordinates":[1.76819,45.70743]}},{"type":"Feature","properties":{"nom":"La Vedrenne","genre":"hamlet","rang":4,"pop":null},"geometry":{"type":"Point","coordinates":[1.79825,45.7021]}},{"type":"Feature","properties":{"nom":"Régeat","genre":"hamlet","rang":4,"pop":null},"geometry":{"type":"Point","coordinates":[1.89848,45.70486]}},{"type":"Feature","properties":{"nom":"Le Freyssinet","genre":"hamlet","rang":4,"pop":null},"geometry":{"type":"Point","coordinates":[1.90818,45.70196]}},{"type":"Feature","properties":{"nom":"Theillet","genre":"hamlet","rang":4,"pop":null},"geometry":{"type":"Point","coordinates":[1.92766,45.7003]}},{"type":"Feature","properties":{"nom":"Le Mazeau Bourbon","genre":"hamlet","rang":4,"pop":null},"geometry":{"type":"Point","coordinates":[1.81993,45.70941]}},{"type":"Feature","properties":{"nom":"Donarieix","genre":"hamlet","rang":4,"pop":null},"geometry":{"type":"Point","coordinates":[1.73526,45.71248]}},{"type":"Feature","properties":{"nom":"Les Seizes","genre":"hamlet","rang":4,"pop":null},"geometry":{"type":"Point","coordinates":[1.7317,45.7136]}},{"type":"Feature","properties":{"nom":"La Bouque","genre":"hamlet","rang":4,"pop":null},"geometry":{"type":"Point","coordinates":[1.69889,45.71386]}},{"type":"Feature","properties":{"nom":"Le Petit Bois Chales","genre":"hamlet","rang":4,"pop":null},"geometry":{"type":"Point","coordinates":[1.75583,45.72656]}},{"type":"Feature","properties":{"nom":"Bouchefarol","genre":"hamlet","rang":4,"pop":null},"geometry":{"type":"Point","coordinates":[1.79302,45.72275]}},{"type":"Feature","properties":{"nom":"La Bachellerie","genre":"hamlet","rang":4,"pop":null},"geometry":{"type":"Point","coordinates":[1.80688,45.72003]}},{"type":"Feature","properties":{"nom":"Haute Besse","genre":"hamlet","rang":4,"pop":null},"geometry":{"type":"Point","coordinates":[1.89518,45.72412]}},{"type":"Feature","properties":{"nom":"Lachaud","genre":"hamlet","rang":4,"pop":null},"geometry":{"type":"Point","coordinates":[1.79624,45.73913]}},{"type":"Feature","properties":{"nom":"Lestrade","genre":"hamlet","rang":4,"pop":null},"geometry":{"type":"Point","coordinates":[1.79709,45.73302]}},{"type":"Feature","properties":{"nom":"Planchemouton","genre":"hamlet","rang":4,"pop":null},"geometry":{"type":"Point","coordinates":[1.76336,45.73829]}},{"type":"Feature","properties":{"nom":"Saint-Gilles","genre":"hamlet","rang":4,"pop":null},"geometry":{"type":"Point","coordinates":[1.7518,45.74093]}},{"type":"Feature","properties":{"nom":"Macaud","genre":"hamlet","rang":4,"pop":null},"geometry":{"type":"Point","coordinates":[1.74285,45.74213]}},{"type":"Feature","properties":{"nom":"Les Maisons Vertes","genre":"hamlet","rang":4,"pop":null},"geometry":{"type":"Point","coordinates":[1.723,45.74207]}},{"type":"Feature","properties":{"nom":"Le Chatenet","genre":"hamlet","rang":4,"pop":null},"geometry":{"type":"Point","coordinates":[1.79172,45.747]}},{"type":"Feature","properties":{"nom":"Le Léry","genre":"hamlet","rang":4,"pop":null},"geometry":{"type":"Point","coordinates":[1.78929,45.74605]}},{"type":"Feature","properties":{"nom":"Auliat","genre":"hamlet","rang":4,"pop":null},"geometry":{"type":"Point","coordinates":[1.86924,45.39554]}},{"type":"Feature","properties":{"nom":"Cayre","genre":"hamlet","rang":4,"pop":null},"geometry":{"type":"Point","coordinates":[1.88311,45.39022]}},{"type":"Feature","properties":{"nom":"Crespianges","genre":"hamlet","rang":4,"pop":null},"geometry":{"type":"Point","coordinates":[1.87575,45.38074]}},{"type":"Feature","properties":{"nom":"Enval","genre":"hamlet","rang":4,"pop":null},"geometry":{"type":"Point","coordinates":[1.83383,45.37896]}},{"type":"Feature","properties":{"nom":"La Borde","genre":"hamlet","rang":4,"pop":null},"geometry":{"type":"Point","coordinates":[1.8709,45.37865]}},{"type":"Feature","properties":{"nom":"La Borie","genre":"hamlet","rang":4,"pop":null},"geometry":{"type":"Point","coordinates":[1.87106,45.37313]}},{"type":"Feature","properties":{"nom":"La Queyrie","genre":"hamlet","rang":4,"pop":null},"geometry":{"type":"Point","coordinates":[1.87067,45.37105]}},{"type":"Feature","properties":{"nom":"Le Peuch","genre":"hamlet","rang":4,"pop":null},"geometry":{"type":"Point","coordinates":[1.84928,45.3825]}},{"type":"Feature","properties":{"nom":"Les Combes","genre":"hamlet","rang":4,"pop":null},"geometry":{"type":"Point","coordinates":[1.85887,45.3517]}},{"type":"Feature","properties":{"nom":"Maleret","genre":"hamlet","rang":4,"pop":null},"geometry":{"type":"Point","coordinates":[1.86171,45.35507]}},{"type":"Feature","properties":{"nom":"Neupont","genre":"hamlet","rang":4,"pop":null},"geometry":{"type":"Point","coordinates":[1.88426,45.37794]}},{"type":"Feature","properties":{"nom":"Soularue","genre":"hamlet","rang":4,"pop":null},"geometry":{"type":"Point","coordinates":[1.86493,45.35457]}},{"type":"Feature","properties":{"nom":"Viers","genre":"hamlet","rang":4,"pop":null},"geometry":{"type":"Point","coordinates":[1.84554,45.36977]}},{"type":"Feature","properties":{"nom":"Lafont","genre":"hamlet","rang":4,"pop":null},"geometry":{"type":"Point","coordinates":[1.83677,45.35358]}},{"type":"Feature","properties":{"nom":"Mascombes","genre":"hamlet","rang":4,"pop":null},"geometry":{"type":"Point","coordinates":[1.85406,45.36149]}},{"type":"Feature","properties":{"nom":"Meyrignac","genre":"hamlet","rang":4,"pop":null},"geometry":{"type":"Point","coordinates":[1.84433,45.35515]}},{"type":"Feature","properties":{"nom":"Noailhac","genre":"hamlet","rang":4,"pop":null},"geometry":{"type":"Point","coordinates":[1.78261,45.37479]}},{"type":"Feature","properties":{"nom":"Fargeas","genre":"hamlet","rang":4,"pop":null},"geometry":{"type":"Point","coordinates":[1.77002,45.47796]}},{"type":"Feature","properties":{"nom":"Rouffiat","genre":"hamlet","rang":4,"pop":null},"geometry":{"type":"Point","coordinates":[1.90119,45.40399]}},{"type":"Feature","properties":{"nom":"Marsac","genre":"hamlet","rang":4,"pop":null},"geometry":{"type":"Point","coordinates":[1.40905,45.45502]}},{"type":"Feature","properties":{"nom":"Chaillac","genre":"hamlet","rang":4,"pop":null},"geometry":{"type":"Point","coordinates":[1.72393,45.44272]}},{"type":"Feature","properties":{"nom":"Le Chédal","genre":"hamlet","rang":4,"pop":null},"geometry":{"type":"Point","coordinates":[1.56174,45.47458]}},{"type":"Feature","properties":{"nom":"Foujanet","genre":"hamlet","rang":4,"pop":null},"geometry":{"type":"Point","coordinates":[1.61989,45.35941]}},{"type":"Feature","properties":{"nom":"Sarlat","genre":"hamlet","rang":4,"pop":null},"geometry":{"type":"Point","coordinates":[1.82591,45.40334]}},{"type":"Feature","properties":{"nom":"Chaleix","genre":"hamlet","rang":4,"pop":null},"geometry":{"type":"Point","coordinates":[1.89699,45.38639]}},{"type":"Feature","properties":{"nom":"Chassagne","genre":"hamlet","rang":4,"pop":null},"geometry":{"type":"Point","coordinates":[1.9023,45.37866]}},{"type":"Feature","properties":{"nom":"La Fieyre","genre":"hamlet","rang":4,"pop":null},"geometry":{"type":"Point","coordinates":[1.92753,45.36087]}},{"type":"Feature","properties":{"nom":"Le Mons","genre":"hamlet","rang":4,"pop":null},"geometry":{"type":"Point","coordinates":[1.93198,45.3515]}},{"type":"Feature","properties":{"nom":"Le Monteil","genre":"hamlet","rang":4,"pop":null},"geometry":{"type":"Point","coordinates":[1.90754,45.36435]}},{"type":"Feature","properties":{"nom":"Le Mas","genre":"hamlet","rang":4,"pop":null},"geometry":{"type":"Point","coordinates":[1.82796,45.4117]}},{"type":"Feature","properties":{"nom":"Le Tourondel","genre":"hamlet","rang":4,"pop":null},"geometry":{"type":"Point","coordinates":[1.8708,45.42352]}},{"type":"Feature","properties":{"nom":"Les Boiroux","genre":"hamlet","rang":4,"pop":null},"geometry":{"type":"Point","coordinates":[1.81546,45.41691]}},{"type":"Feature","properties":{"nom":"Chassagne","genre":"hamlet","rang":4,"pop":null},"geometry":{"type":"Point","coordinates":[1.71085,45.42457]}},{"type":"Feature","properties":{"nom":"La Croix Vieille","genre":"hamlet","rang":4,"pop":null},"geometry":{"type":"Point","coordinates":[1.62727,45.36103]}},{"type":"Feature","properties":{"nom":"Le Laurel","genre":"hamlet","rang":4,"pop":null},"geometry":{"type":"Point","coordinates":[1.7613,45.39436]}},{"type":"Feature","properties":{"nom":"La Cabane des Yeix","genre":"hamlet","rang":4,"pop":null},"geometry":{"type":"Point","coordinates":[1.75444,45.38988]}},{"type":"Feature","properties":{"nom":"Les Yeix","genre":"hamlet","rang":4,"pop":null},"geometry":{"type":"Point","coordinates":[1.75081,45.38602]}},{"type":"Feature","properties":{"nom":"Cluzac","genre":"hamlet","rang":4,"pop":null},"geometry":{"type":"Point","coordinates":[1.7634,45.38203]}},{"type":"Feature","properties":{"nom":"Le Leyris","genre":"hamlet","rang":4,"pop":null},"geometry":{"type":"Point","coordinates":[1.75737,45.3782]}},{"type":"Feature","properties":{"nom":"Sérézat","genre":"hamlet","rang":4,"pop":null},"geometry":{"type":"Point","coordinates":[1.74726,45.37775]}},{"type":"Feature","properties":{"nom":"Gouttes","genre":"hamlet","rang":4,"pop":null},"geometry":{"type":"Point","coordinates":[1.75105,45.37367]}},{"type":"Feature","properties":{"nom":"La Borie Blanche","genre":"hamlet","rang":4,"pop":null},"geometry":{"type":"Point","coordinates":[1.7463,45.37011]}},{"type":"Feature","properties":{"nom":"Chevant","genre":"hamlet","rang":4,"pop":null},"geometry":{"type":"Point","coordinates":[1.76973,45.38881]}},{"type":"Feature","properties":{"nom":"Bort","genre":"hamlet","rang":4,"pop":null},"geometry":{"type":"Point","coordinates":[1.78642,45.40124]}},{"type":"Feature","properties":{"nom":"Roux","genre":"hamlet","rang":4,"pop":null},"geometry":{"type":"Point","coordinates":[1.782,45.38677]}},{"type":"Feature","properties":{"nom":"Plumausel","genre":"hamlet","rang":4,"pop":null},"geometry":{"type":"Point","coordinates":[1.77894,45.38573]}},{"type":"Feature","properties":{"nom":"Lidove","genre":"hamlet","rang":4,"pop":null},"geometry":{"type":"Point","coordinates":[1.76627,45.37358]}},{"type":"Feature","properties":{"nom":"Cazillac","genre":"hamlet","rang":4,"pop":null},"geometry":{"type":"Point","coordinates":[1.77579,45.3694]}},{"type":"Feature","properties":{"nom":"Méneyrol","genre":"hamlet","rang":4,"pop":null},"geometry":{"type":"Point","coordinates":[1.77673,45.36195]}},{"type":"Feature","properties":{"nom":"Téreygeol","genre":"hamlet","rang":4,"pop":null},"geometry":{"type":"Point","coordinates":[1.75843,45.36166]}},{"type":"Feature","properties":{"nom":"La Maurie","genre":"hamlet","rang":4,"pop":null},"geometry":{"type":"Point","coordinates":[1.75272,45.36652]}},{"type":"Feature","properties":{"nom":"Chez Charrière","genre":"hamlet","rang":4,"pop":null},"geometry":{"type":"Point","coordinates":[1.72645,45.37019]}},{"type":"Feature","properties":{"nom":"Bardolle","genre":"hamlet","rang":4,"pop":null},"geometry":{"type":"Point","coordinates":[1.73002,45.37329]}},{"type":"Feature","properties":{"nom":"Imbier","genre":"hamlet","rang":4,"pop":null},"geometry":{"type":"Point","coordinates":[1.7408,45.38056]}},{"type":"Feature","properties":{"nom":"Le Meygial","genre":"hamlet","rang":4,"pop":null},"geometry":{"type":"Point","coordinates":[1.72957,45.38752]}},{"type":"Feature","properties":{"nom":"Le Mons","genre":"hamlet","rang":4,"pop":null},"geometry":{"type":"Point","coordinates":[1.73481,45.38525]}},{"type":"Feature","properties":{"nom":"Marsac","genre":"hamlet","rang":4,"pop":null},"geometry":{"type":"Point","coordinates":[1.72649,45.38018]}},{"type":"Feature","properties":{"nom":"La Croix du Mons","genre":"hamlet","rang":4,"pop":null},"geometry":{"type":"Point","coordinates":[1.72439,45.3764]}},{"type":"Feature","properties":{"nom":"Le Champ Nègre","genre":"hamlet","rang":4,"pop":null},"geometry":{"type":"Point","coordinates":[1.72301,45.37367]}},{"type":"Feature","properties":{"nom":"Le Bourg","genre":"hamlet","rang":4,"pop":null},"geometry":{"type":"Point","coordinates":[1.8356,45.5087]}},{"type":"Feature","properties":{"nom":"Le Faux","genre":"hamlet","rang":4,"pop":null},"geometry":{"type":"Point","coordinates":[1.39166,45.37448]}},{"type":"Feature","properties":{"nom":"Les Cabanes Hautes","genre":"hamlet","rang":4,"pop":null},"geometry":{"type":"Point","coordinates":[1.38018,45.386]}},{"type":"Feature","properties":{"nom":"Moulin de la Rivière","genre":"hamlet","rang":4,"pop":null},"geometry":{"type":"Point","coordinates":[1.4036,45.36092]}},{"type":"Feature","properties":{"nom":"La Chapelle au Bos","genre":"hamlet","rang":4,"pop":null},"geometry":{"type":"Point","coordinates":[1.43522,45.37965]}},{"type":"Feature","properties":{"nom":"La Courtine","genre":"hamlet","rang":4,"pop":null},"geometry":{"type":"Point","coordinates":[1.4824,45.35232]}},{"type":"Feature","properties":{"nom":"Le Puymirol","genre":"hamlet","rang":4,"pop":null},"geometry":{"type":"Point","coordinates":[1.46763,45.36171]}},{"type":"Feature","properties":{"nom":"Trassoudaine","genre":"hamlet","rang":4,"pop":null},"geometry":{"type":"Point","coordinates":[1.76599,45.62391]}},{"type":"Feature","properties":{"nom":"Terre Noire","genre":"hamlet","rang":4,"pop":null},"geometry":{"type":"Point","coordinates":[1.72836,45.65663]}},{"type":"Feature","properties":{"nom":"La Tronche","genre":"hamlet","rang":4,"pop":null},"geometry":{"type":"Point","coordinates":[1.75335,45.46992]}},{"type":"Feature","properties":{"nom":"Mastrinchat","genre":"hamlet","rang":4,"pop":null},"geometry":{"type":"Point","coordinates":[1.6462,45.67001]}},{"type":"Feature","properties":{"nom":"Marut","genre":"hamlet","rang":4,"pop":null},"geometry":{"type":"Point","coordinates":[1.93011,45.39501]}},{"type":"Feature","properties":{"nom":"La Buge Haute","genre":"hamlet","rang":4,"pop":null},"geometry":{"type":"Point","coordinates":[1.63602,45.36517]}},{"type":"Feature","properties":{"nom":"Labroch","genre":"hamlet","rang":4,"pop":null},"geometry":{"type":"Point","coordinates":[1.78948,45.46978]}},{"type":"Feature","properties":{"nom":"Auxillac","genre":"hamlet","rang":4,"pop":null},"geometry":{"type":"Point","coordinates":[1.82708,45.52906]}},{"type":"Feature","properties":{"nom":"Cros","genre":"hamlet","rang":4,"pop":null},"geometry":{"type":"Point","coordinates":[1.76479,45.64192]}},{"type":"Feature","properties":{"nom":"Le Chatenet","genre":"hamlet","rang":4,"pop":null},"geometry":{"type":"Point","coordinates":[1.72241,45.52927]}},{"type":"Feature","properties":{"nom":"Theil","genre":"hamlet","rang":4,"pop":null},"geometry":{"type":"Point","coordinates":[1.77526,45.58096]}},{"type":"Feature","properties":{"nom":"Le Bec","genre":"hamlet","rang":4,"pop":null},"geometry":{"type":"Point","coordinates":[1.91324,45.54247]}},{"type":"Feature","properties":{"nom":"Le Vigeot","genre":"hamlet","rang":4,"pop":null},"geometry":{"type":"Point","coordinates":[1.71689,45.45256]}},{"type":"Feature","properties":{"nom":"Remeniéras","genre":"hamlet","rang":4,"pop":null},"geometry":{"type":"Point","coordinates":[1.74468,45.63934]}},{"type":"Feature","properties":{"nom":"Le Quartier Mandrin","genre":"hamlet","rang":4,"pop":null},"geometry":{"type":"Point","coordinates":[1.72901,45.45977]}},{"type":"Feature","properties":{"nom":"Le Puy Grand","genre":"hamlet","rang":4,"pop":null},"geometry":{"type":"Point","coordinates":[1.75889,45.44032]}},{"type":"Feature","properties":{"nom":"L'Étang Didier","genre":"hamlet","rang":4,"pop":null},"geometry":{"type":"Point","coordinates":[1.7242,45.47099]}},{"type":"Feature","properties":{"nom":"Les Plas","genre":"hamlet","rang":4,"pop":null},"geometry":{"type":"Point","coordinates":[1.73567,45.47037]}},{"type":"Feature","properties":{"nom":"Romanet","genre":"hamlet","rang":4,"pop":null},"geometry":{"type":"Point","coordinates":[1.74156,45.46789]}},{"type":"Feature","properties":{"nom":"La Montade","genre":"hamlet","rang":4,"pop":null},"geometry":{"type":"Point","coordinates":[1.72341,45.46905]}},{"type":"Feature","properties":{"nom":"Conjat","genre":"hamlet","rang":4,"pop":null},"geometry":{"type":"Point","coordinates":[1.73695,45.48188]}},{"type":"Feature","properties":{"nom":"Vignanes","genre":"hamlet","rang":4,"pop":null},"geometry":{"type":"Point","coordinates":[1.74112,45.4821]}},{"type":"Feature","properties":{"nom":"Les Vuarivas","genre":"hamlet","rang":4,"pop":null},"geometry":{"type":"Point","coordinates":[1.69961,45.61962]}},{"type":"Feature","properties":{"nom":"Bonnat","genre":"hamlet","rang":4,"pop":null},"geometry":{"type":"Point","coordinates":[1.70459,45.61769]}},{"type":"Feature","properties":{"nom":"Chalaux","genre":"hamlet","rang":4,"pop":null},"geometry":{"type":"Point","coordinates":[1.71491,45.40478]}},{"type":"Feature","properties":{"nom":"Le Verdier","genre":"hamlet","rang":4,"pop":null},"geometry":{"type":"Point","coordinates":[1.67772,45.48634]}},{"type":"Feature","properties":{"nom":"Prentegarde","genre":"hamlet","rang":4,"pop":null},"geometry":{"type":"Point","coordinates":[1.49896,45.53909]}},{"type":"Feature","properties":{"nom":"L'Allée","genre":"hamlet","rang":4,"pop":null},"geometry":{"type":"Point","coordinates":[1.5198,45.53133]}},{"type":"Feature","properties":{"nom":"Les Auvergnes","genre":"hamlet","rang":4,"pop":null},"geometry":{"type":"Point","coordinates":[1.52439,45.54226]}},{"type":"Feature","properties":{"nom":"Batterie","genre":"hamlet","rang":4,"pop":null},"geometry":{"type":"Point","coordinates":[1.51664,45.53745]}},{"type":"Feature","properties":{"nom":"Les Bertranges","genre":"hamlet","rang":4,"pop":null},"geometry":{"type":"Point","coordinates":[1.5403,45.53981]}},{"type":"Feature","properties":{"nom":"Enjagot","genre":"hamlet","rang":4,"pop":null},"geometry":{"type":"Point","coordinates":[1.50912,45.52987]}},{"type":"Feature","properties":{"nom":"La Font Vialane","genre":"hamlet","rang":4,"pop":null},"geometry":{"type":"Point","coordinates":[1.51548,45.54161]}},{"type":"Feature","properties":{"nom":"Le Galavière","genre":"hamlet","rang":4,"pop":null},"geometry":{"type":"Point","coordinates":[1.5158,45.52757]}},{"type":"Feature","properties":{"nom":"Le Glaude","genre":"hamlet","rang":4,"pop":null},"geometry":{"type":"Point","coordinates":[1.49558,45.54976]}},{"type":"Feature","properties":{"nom":"Le Moulin Neuf","genre":"hamlet","rang":4,"pop":null},"geometry":{"type":"Point","coordinates":[1.5449,45.54426]}},{"type":"Feature","properties":{"nom":"Le Puy Rêvery","genre":"hamlet","rang":4,"pop":null},"geometry":{"type":"Point","coordinates":[1.49211,45.53731]}},{"type":"Feature","properties":{"nom":"Rabaud","genre":"hamlet","rang":4,"pop":null},"geometry":{"type":"Point","coordinates":[1.51473,45.53395]}},{"type":"Feature","properties":{"nom":"La Grande Boulessie","genre":"hamlet","rang":4,"pop":null},"geometry":{"type":"Point","coordinates":[1.43963,45.55539]}},{"type":"Feature","properties":{"nom":"Las Vias","genre":"hamlet","rang":4,"pop":null},"geometry":{"type":"Point","coordinates":[1.5216,45.53611]}},{"type":"Feature","properties":{"nom":"Les Malettes","genre":"hamlet","rang":4,"pop":null},"geometry":{"type":"Point","coordinates":[1.51378,45.54548]}},{"type":"Feature","properties":{"nom":"La Jarrige","genre":"hamlet","rang":4,"pop":null},"geometry":{"type":"Point","coordinates":[1.50771,45.53578]}},{"type":"Feature","properties":{"nom":"Au Bois de la Fouyade","genre":"hamlet","rang":4,"pop":null},"geometry":{"type":"Point","coordinates":[1.50385,45.53673]}},{"type":"Feature","properties":{"nom":"Chez Soularue","genre":"hamlet","rang":4,"pop":null},"geometry":{"type":"Point","coordinates":[1.52607,45.53751]}},{"type":"Feature","properties":{"nom":"Le Champ","genre":"hamlet","rang":4,"pop":null},"geometry":{"type":"Point","coordinates":[1.52617,45.53908]}},{"type":"Feature","properties":{"nom":"La Redonde","genre":"hamlet","rang":4,"pop":null},"geometry":{"type":"Point","coordinates":[1.81576,45.53171]}},{"type":"Feature","properties":{"nom":"La Nouaille","genre":"hamlet","rang":4,"pop":null},"geometry":{"type":"Point","coordinates":[1.85558,45.37584]}},{"type":"Feature","properties":{"nom":"En Thimor","genre":"hamlet","rang":4,"pop":null},"geometry":{"type":"Point","coordinates":[1.85265,45.38161]}},{"type":"Feature","properties":{"nom":"L'Estivalerie","genre":"hamlet","rang":4,"pop":null},"geometry":{"type":"Point","coordinates":[1.72527,45.63188]}},{"type":"Feature","properties":{"nom":"Magnoux","genre":"hamlet","rang":4,"pop":null},"geometry":{"type":"Point","coordinates":[1.81544,45.49365]}},{"type":"Feature","properties":{"nom":"La Voûte","genre":"hamlet","rang":4,"pop":null},"geometry":{"type":"Point","coordinates":[1.90363,45.63657]}},{"type":"Feature","properties":{"nom":"Le Coudert","genre":"hamlet","rang":4,"pop":null},"geometry":{"type":"Point","coordinates":[1.61207,45.4497]}},{"type":"Feature","properties":{"nom":"Le Plantadis","genre":"hamlet","rang":4,"pop":null},"geometry":{"type":"Point","coordinates":[1.68945,45.48002]}},{"type":"Feature","properties":{"nom":"Le Peuch","genre":"hamlet","rang":4,"pop":null},"geometry":{"type":"Point","coordinates":[1.6999,45.48356]}},{"type":"Feature","properties":{"nom":"Mazubert","genre":"hamlet","rang":4,"pop":null},"geometry":{"type":"Point","coordinates":[1.78949,45.63342]}},{"type":"Feature","properties":{"nom":"La Croix Blanche","genre":"hamlet","rang":4,"pop":null},"geometry":{"type":"Point","coordinates":[1.76988,45.39159]}},{"type":"Feature","properties":{"nom":"Lavaud","genre":"hamlet","rang":4,"pop":null},"geometry":{"type":"Point","coordinates":[1.61926,45.45631]}},{"type":"Feature","properties":{"nom":"Les Pradelles","genre":"hamlet","rang":4,"pop":null},"geometry":{"type":"Point","coordinates":[1.62563,45.4521]}},{"type":"Feature","properties":{"nom":"La Bessade","genre":"hamlet","rang":4,"pop":null},"geometry":{"type":"Point","coordinates":[1.58518,45.51357]}},{"type":"Feature","properties":{"nom":"Le Mas","genre":"hamlet","rang":4,"pop":null},"geometry":{"type":"Point","coordinates":[1.80595,45.58404]}},{"type":"Feature","properties":{"nom":"Laplagne","genre":"hamlet","rang":4,"pop":null},"geometry":{"type":"Point","coordinates":[2.12112,45.47963]}},{"type":"Feature","properties":{"nom":"Le Poteau de Maussac","genre":"hamlet","rang":4,"pop":null},"geometry":{"type":"Point","coordinates":[2.14375,45.46732]}},{"type":"Feature","properties":{"nom":"Gare de Maussac","genre":"hamlet","rang":4,"pop":null},"geometry":{"type":"Point","coordinates":[2.12819,45.49183]}},{"type":"Feature","properties":{"nom":"Chaudemaison","genre":"hamlet","rang":4,"pop":null},"geometry":{"type":"Point","coordinates":[2.11945,45.46146]}},{"type":"Feature","properties":{"nom":"Les Marteaux","genre":"hamlet","rang":4,"pop":null},"geometry":{"type":"Point","coordinates":[2.12695,45.4681]}},{"type":"Feature","properties":{"nom":"La Barrière","genre":"hamlet","rang":4,"pop":null},"geometry":{"type":"Point","coordinates":[2.09378,45.42884]}},{"type":"Feature","properties":{"nom":"Le Mas","genre":"hamlet","rang":4,"pop":null},"geometry":{"type":"Point","coordinates":[2.09487,45.41626]}},{"type":"Feature","properties":{"nom":"Veuillac","genre":"hamlet","rang":4,"pop":null},"geometry":{"type":"Point","coordinates":[2.09017,45.41799]}},{"type":"Feature","properties":{"nom":"Lontrade","genre":"hamlet","rang":4,"pop":null},"geometry":{"type":"Point","coordinates":[2.12889,45.58294]}},{"type":"Feature","properties":{"nom":"Beynas","genre":"hamlet","rang":4,"pop":null},"geometry":{"type":"Point","coordinates":[2.06499,45.53995]}},{"type":"Feature","properties":{"nom":"Laubard","genre":"hamlet","rang":4,"pop":null},"geometry":{"type":"Point","coordinates":[2.10883,45.53529]}},{"type":"Feature","properties":{"nom":"Beynette","genre":"hamlet","rang":4,"pop":null},"geometry":{"type":"Point","coordinates":[2.06923,45.52471]}},{"type":"Feature","properties":{"nom":"Ars","genre":"hamlet","rang":4,"pop":null},"geometry":{"type":"Point","coordinates":[2.00816,45.60393]}},{"type":"Feature","properties":{"nom":"Le Niarfeix","genre":"hamlet","rang":4,"pop":null},"geometry":{"type":"Point","coordinates":[2.03086,45.6149]}},{"type":"Feature","properties":{"nom":"La Bachellerie","genre":"hamlet","rang":4,"pop":null},"geometry":{"type":"Point","coordinates":[2.08379,45.47252]}},{"type":"Feature","properties":{"nom":"La Massonie","genre":"hamlet","rang":4,"pop":null},"geometry":{"type":"Point","coordinates":[2.0826,45.45441]}},{"type":"Feature","properties":{"nom":"Soudeillette","genre":"hamlet","rang":4,"pop":null},"geometry":{"type":"Point","coordinates":[2.08596,45.44405]}},{"type":"Feature","properties":{"nom":"Le Rabinel","genre":"hamlet","rang":4,"pop":null},"geometry":{"type":"Point","coordinates":[2.02757,45.40225]}},{"type":"Feature","properties":{"nom":"Le Janoueix","genre":"hamlet","rang":4,"pop":null},"geometry":{"type":"Point","coordinates":[2.12102,45.50256]}},{"type":"Feature","properties":{"nom":"Bonnesagne","genre":"hamlet","rang":4,"pop":null},"geometry":{"type":"Point","coordinates":[2.18552,45.4681]}},{"type":"Feature","properties":{"nom":"La Chapelle","genre":"hamlet","rang":4,"pop":null},"geometry":{"type":"Point","coordinates":[2.18189,45.47664]}},{"type":"Feature","properties":{"nom":"Laval","genre":"hamlet","rang":4,"pop":null},"geometry":{"type":"Point","coordinates":[2.08157,45.50942]}},{"type":"Feature","properties":{"nom":"Beyne","genre":"hamlet","rang":4,"pop":null},"geometry":{"type":"Point","coordinates":[2.08229,45.50698]}},{"type":"Feature","properties":{"nom":"Le Boucheron","genre":"hamlet","rang":4,"pop":null},"geometry":{"type":"Point","coordinates":[2.09319,45.49471]}},{"type":"Feature","properties":{"nom":"Le Jacquet","genre":"hamlet","rang":4,"pop":null},"geometry":{"type":"Point","coordinates":[2.08393,45.49097]}},{"type":"Feature","properties":{"nom":"Les Bordes","genre":"hamlet","rang":4,"pop":null},"geometry":{"type":"Point","coordinates":[2.07307,45.49704]}},{"type":"Feature","properties":{"nom":"Croiziat","genre":"hamlet","rang":4,"pop":null},"geometry":{"type":"Point","coordinates":[2.15494,45.54245]}},{"type":"Feature","properties":{"nom":"La Maladie","genre":"hamlet","rang":4,"pop":null},"geometry":{"type":"Point","coordinates":[2.1598,45.53869]}},{"type":"Feature","properties":{"nom":"Le Naudeix","genre":"hamlet","rang":4,"pop":null},"geometry":{"type":"Point","coordinates":[2.14837,45.49689]}},{"type":"Feature","properties":{"nom":"Les Chaussades","genre":"hamlet","rang":4,"pop":null},"geometry":{"type":"Point","coordinates":[2.14129,45.49351]}},{"type":"Feature","properties":{"nom":"Le God Arnaud","genre":"hamlet","rang":4,"pop":null},"geometry":{"type":"Point","coordinates":[2.05234,45.42123]}},{"type":"Feature","properties":{"nom":"Le Theil","genre":"hamlet","rang":4,"pop":null},"geometry":{"type":"Point","coordinates":[2.06468,45.43726]}},{"type":"Feature","properties":{"nom":"Monjanel","genre":"hamlet","rang":4,"pop":null},"geometry":{"type":"Point","coordinates":[2.04858,45.45084]}},{"type":"Feature","properties":{"nom":"La Ville en Bois","genre":"hamlet","rang":4,"pop":null},"geometry":{"type":"Point","coordinates":[2.15603,45.46903]}},{"type":"Feature","properties":{"nom":"Le Mons","genre":"hamlet","rang":4,"pop":null},"geometry":{"type":"Point","coordinates":[2.10362,45.47427]}},{"type":"Feature","properties":{"nom":"Le Lieuteret","genre":"hamlet","rang":4,"pop":null},"geometry":{"type":"Point","coordinates":[2.12642,45.42669]}},{"type":"Feature","properties":{"nom":"Palisse Haute","genre":"hamlet","rang":4,"pop":null},"geometry":{"type":"Point","coordinates":[2.20432,45.43234]}},{"type":"Feature","properties":{"nom":"Lestrier","genre":"hamlet","rang":4,"pop":null},"geometry":{"type":"Point","coordinates":[2.19503,45.43588]}},{"type":"Feature","properties":{"nom":"Font Martin","genre":"hamlet","rang":4,"pop":null},"geometry":{"type":"Point","coordinates":[2.09282,45.43376]}},{"type":"Feature","properties":{"nom":"Verviolle","genre":"hamlet","rang":4,"pop":null},"geometry":{"type":"Point","coordinates":[2.15819,45.36543]}},{"type":"Feature","properties":{"nom":"Bouix","genre":"hamlet","rang":4,"pop":null},"geometry":{"type":"Point","coordinates":[2.14385,45.37947]}},{"type":"Feature","properties":{"nom":"Montsour","genre":"hamlet","rang":4,"pop":null},"geometry":{"type":"Point","coordinates":[2.17621,45.39025]}},{"type":"Feature","properties":{"nom":"Le Peuch","genre":"hamlet","rang":4,"pop":null},"geometry":{"type":"Point","coordinates":[2.19077,45.37556]}},{"type":"Feature","properties":{"nom":"Le Four","genre":"hamlet","rang":4,"pop":null},"geometry":{"type":"Point","coordinates":[2.19711,45.37622]}},{"type":"Feature","properties":{"nom":"Traux","genre":"hamlet","rang":4,"pop":null},"geometry":{"type":"Point","coordinates":[2.18256,45.36032]}},{"type":"Feature","properties":{"nom":"Le Petit Meymat","genre":"hamlet","rang":4,"pop":null},"geometry":{"type":"Point","coordinates":[2.11305,45.74691]}},{"type":"Feature","properties":{"nom":"Crabanat","genre":"hamlet","rang":4,"pop":null},"geometry":{"type":"Point","coordinates":[2.1412,45.73141]}},{"type":"Feature","properties":{"nom":"Chiragol","genre":"hamlet","rang":4,"pop":null},"geometry":{"type":"Point","coordinates":[2.3033,45.4584]}},{"type":"Feature","properties":{"nom":"Chassac-Bas","genre":"hamlet","rang":4,"pop":null},"geometry":{"type":"Point","coordinates":[2.30432,45.44142]}},{"type":"Feature","properties":{"nom":"Les Baraques","genre":"hamlet","rang":4,"pop":null},"geometry":{"type":"Point","coordinates":[2.29289,45.44625]}},{"type":"Feature","properties":{"nom":"Culines","genre":"hamlet","rang":4,"pop":null},"geometry":{"type":"Point","coordinates":[2.29273,45.43783]}},{"type":"Feature","properties":{"nom":"Les Morleries","genre":"hamlet","rang":4,"pop":null},"geometry":{"type":"Point","coordinates":[2.29657,45.45337]}},{"type":"Feature","properties":{"nom":"Le Sirieix","genre":"hamlet","rang":4,"pop":null},"geometry":{"type":"Point","coordinates":[2.09498,45.43112]}},{"type":"Feature","properties":{"nom":"Lascaux","genre":"hamlet","rang":4,"pop":null},"geometry":{"type":"Point","coordinates":[2.35156,45.36074]}},{"type":"Feature","properties":{"nom":"Bouissou","genre":"hamlet","rang":4,"pop":null},"geometry":{"type":"Point","coordinates":[2.43243,45.36783]}},{"type":"Feature","properties":{"nom":"Cheyssac","genre":"hamlet","rang":4,"pop":null},"geometry":{"type":"Point","coordinates":[2.38711,45.40515]}},{"type":"Feature","properties":{"nom":"Laprade","genre":"hamlet","rang":4,"pop":null},"geometry":{"type":"Point","coordinates":[2.37363,45.40884]}},{"type":"Feature","properties":{"nom":"Lempret","genre":"hamlet","rang":4,"pop":null},"geometry":{"type":"Point","coordinates":[2.41593,45.35667]}},{"type":"Feature","properties":{"nom":"Teldes","genre":"hamlet","rang":4,"pop":null},"geometry":{"type":"Point","coordinates":[2.36123,45.40769]}},{"type":"Feature","properties":{"nom":"Gibiat","genre":"hamlet","rang":4,"pop":null},"geometry":{"type":"Point","coordinates":[2.10674,45.37916]}},{"type":"Feature","properties":{"nom":"Maumont","genre":"hamlet","rang":4,"pop":null},"geometry":{"type":"Point","coordinates":[2.04344,45.37542]}},{"type":"Feature","properties":{"nom":"Saint-Hippolyte","genre":"hamlet","rang":4,"pop":null},"geometry":{"type":"Point","coordinates":[2.0107,45.355]}},{"type":"Feature","properties":{"nom":"Soustras","genre":"hamlet","rang":4,"pop":null},"geometry":{"type":"Point","coordinates":[2.2233,45.43772]}},{"type":"Feature","properties":{"nom":"Freyte","genre":"hamlet","rang":4,"pop":null},"geometry":{"type":"Point","coordinates":[2.17165,45.60079]}},{"type":"Feature","properties":{"nom":"Lestrade","genre":"hamlet","rang":4,"pop":null},"geometry":{"type":"Point","coordinates":[2.16231,45.5868]}},{"type":"Feature","properties":{"nom":"Le Malaurent","genre":"hamlet","rang":4,"pop":null},"geometry":{"type":"Point","coordinates":[2.19284,45.5938]}},{"type":"Feature","properties":{"nom":"La Bournerie","genre":"hamlet","rang":4,"pop":null},"geometry":{"type":"Point","coordinates":[2.4994,45.47095]}},{"type":"Feature","properties":{"nom":"Arpaillange","genre":"hamlet","rang":4,"pop":null},"geometry":{"type":"Point","coordinates":[2.05257,45.50268]}},{"type":"Feature","properties":{"nom":"Rouffiat","genre":"hamlet","rang":4,"pop":null},"geometry":{"type":"Point","coordinates":[2.06039,45.50435]}},{"type":"Feature","properties":{"nom":"La Gautherie","genre":"hamlet","rang":4,"pop":null},"geometry":{"type":"Point","coordinates":[2.10277,45.52498]}},{"type":"Feature","properties":{"nom":"Lafond","genre":"hamlet","rang":4,"pop":null},"geometry":{"type":"Point","coordinates":[2.0967,45.51621]}},{"type":"Feature","properties":{"nom":"Lestat","genre":"hamlet","rang":4,"pop":null},"geometry":{"type":"Point","coordinates":[2.07304,45.49111]}},{"type":"Feature","properties":{"nom":"Le Bourel","genre":"hamlet","rang":4,"pop":null},"geometry":{"type":"Point","coordinates":[2.07982,45.49166]}},{"type":"Feature","properties":{"nom":"La Sagne","genre":"hamlet","rang":4,"pop":null},"geometry":{"type":"Point","coordinates":[2.07802,45.52502]}},{"type":"Feature","properties":{"nom":"Le Salvaneix","genre":"hamlet","rang":4,"pop":null},"geometry":{"type":"Point","coordinates":[1.93436,45.41825]}},{"type":"Feature","properties":{"nom":"La Champselve","genre":"hamlet","rang":4,"pop":null},"geometry":{"type":"Point","coordinates":[2.04934,45.37859]}},{"type":"Feature","properties":{"nom":"Le Jassoux","genre":"hamlet","rang":4,"pop":null},"geometry":{"type":"Point","coordinates":[2.0409,45.37026]}},{"type":"Feature","properties":{"nom":"Terriou","genre":"hamlet","rang":4,"pop":null},"geometry":{"type":"Point","coordinates":[1.96172,45.38796]}},{"type":"Feature","properties":{"nom":"Le Chazalviel","genre":"hamlet","rang":4,"pop":null},"geometry":{"type":"Point","coordinates":[1.93558,45.48446]}},{"type":"Feature","properties":{"nom":"La Vialle","genre":"hamlet","rang":4,"pop":null},"geometry":{"type":"Point","coordinates":[1.94305,45.48797]}},{"type":"Feature","properties":{"nom":"La Pradelle","genre":"hamlet","rang":4,"pop":null},"geometry":{"type":"Point","coordinates":[1.94609,45.48687]}},{"type":"Feature","properties":{"nom":"Lanour","genre":"hamlet","rang":4,"pop":null},"geometry":{"type":"Point","coordinates":[1.95062,45.48]}},{"type":"Feature","properties":{"nom":"Les Pradeleix","genre":"hamlet","rang":4,"pop":null},"geometry":{"type":"Point","coordinates":[1.96352,45.47862]}},{"type":"Feature","properties":{"nom":"Mazaleyrat","genre":"hamlet","rang":4,"pop":null},"geometry":{"type":"Point","coordinates":[1.93798,45.5147]}},{"type":"Feature","properties":{"nom":"Clédat","genre":"hamlet","rang":4,"pop":null},"geometry":{"type":"Point","coordinates":[1.95921,45.50307]}},{"type":"Feature","properties":{"nom":"Viossanges","genre":"hamlet","rang":4,"pop":null},"geometry":{"type":"Point","coordinates":[1.97364,45.48311]}},{"type":"Feature","properties":{"nom":"Commerly","genre":"hamlet","rang":4,"pop":null},"geometry":{"type":"Point","coordinates":[1.98228,45.47131]}},{"type":"Feature","properties":{"nom":"Chadebec","genre":"hamlet","rang":4,"pop":null},"geometry":{"type":"Point","coordinates":[1.99995,45.53167]}},{"type":"Feature","properties":{"nom":"Florentin","genre":"hamlet","rang":4,"pop":null},"geometry":{"type":"Point","coordinates":[1.99732,45.49947]}},{"type":"Feature","properties":{"nom":"Bouzabias","genre":"hamlet","rang":4,"pop":null},"geometry":{"type":"Point","coordinates":[2.27702,45.353]}},{"type":"Feature","properties":{"nom":"Le Rat","genre":"hamlet","rang":4,"pop":null},"geometry":{"type":"Point","coordinates":[2.0229,45.75024]}},{"type":"Feature","properties":{"nom":"Arzaillers","genre":"hamlet","rang":4,"pop":null},"geometry":{"type":"Point","coordinates":[1.95847,45.72974]}},{"type":"Feature","properties":{"nom":"Chouzioux","genre":"hamlet","rang":4,"pop":null},"geometry":{"type":"Point","coordinates":[2.03775,45.69038]}},{"type":"Feature","properties":{"nom":"La Jarousse","genre":"hamlet","rang":4,"pop":null},"geometry":{"type":"Point","coordinates":[2.03609,45.70583]}},{"type":"Feature","properties":{"nom":"Chamboux","genre":"hamlet","rang":4,"pop":null},"geometry":{"type":"Point","coordinates":[2.02188,45.68366]}},{"type":"Feature","properties":{"nom":"Plazanet","genre":"hamlet","rang":4,"pop":null},"geometry":{"type":"Point","coordinates":[2.04787,45.68416]}},{"type":"Feature","properties":{"nom":"Cezeyrat","genre":"hamlet","rang":4,"pop":null},"geometry":{"type":"Point","coordinates":[2.0528,45.67539]}},{"type":"Feature","properties":{"nom":"Grand-Billoux","genre":"hamlet","rang":4,"pop":null},"geometry":{"type":"Point","coordinates":[2.05556,45.66303]}},{"type":"Feature","properties":{"nom":"Bourroux","genre":"hamlet","rang":4,"pop":null},"geometry":{"type":"Point","coordinates":[2.04181,45.67142]}},{"type":"Feature","properties":{"nom":"Vinzannet","genre":"hamlet","rang":4,"pop":null},"geometry":{"type":"Point","coordinates":[2.01068,45.69608]}},{"type":"Feature","properties":{"nom":"Petit Billoux","genre":"hamlet","rang":4,"pop":null},"geometry":{"type":"Point","coordinates":[2.05727,45.71743]}},{"type":"Feature","properties":{"nom":"Chez le Prou","genre":"hamlet","rang":4,"pop":null},"geometry":{"type":"Point","coordinates":[2.04754,45.70986]}},{"type":"Feature","properties":{"nom":"Ludinas","genre":"hamlet","rang":4,"pop":null},"geometry":{"type":"Point","coordinates":[2.02124,45.70995]}},{"type":"Feature","properties":{"nom":"Bezassas","genre":"hamlet","rang":4,"pop":null},"geometry":{"type":"Point","coordinates":[2.00285,45.72268]}},{"type":"Feature","properties":{"nom":"Geneyte","genre":"hamlet","rang":4,"pop":null},"geometry":{"type":"Point","coordinates":[2.01056,45.72556]}},{"type":"Feature","properties":{"nom":"Chammet","genre":"hamlet","rang":4,"pop":null},"geometry":{"type":"Point","coordinates":[1.9863,45.71243]}},{"type":"Feature","properties":{"nom":"Servières","genre":"hamlet","rang":4,"pop":null},"geometry":{"type":"Point","coordinates":[1.98975,45.70066]}},{"type":"Feature","properties":{"nom":"La Cour","genre":"hamlet","rang":4,"pop":null},"geometry":{"type":"Point","coordinates":[2.00596,45.71778]}},{"type":"Feature","properties":{"nom":"Vinzan","genre":"hamlet","rang":4,"pop":null},"geometry":{"type":"Point","coordinates":[2.06275,45.69967]}},{"type":"Feature","properties":{"nom":"Areil","genre":"hamlet","rang":4,"pop":null},"geometry":{"type":"Point","coordinates":[2.24948,45.44433]}},{"type":"Feature","properties":{"nom":"Baratout","genre":"hamlet","rang":4,"pop":null},"geometry":{"type":"Point","coordinates":[2.24352,45.44045]}},{"type":"Feature","properties":{"nom":"Les Combes","genre":"hamlet","rang":4,"pop":null},"geometry":{"type":"Point","coordinates":[2.08272,45.73365]}},{"type":"Feature","properties":{"nom":"Drouillat","genre":"hamlet","rang":4,"pop":null},"geometry":{"type":"Point","coordinates":[2.0591,45.73773]}},{"type":"Feature","properties":{"nom":"Saint-Fourchat","genre":"hamlet","rang":4,"pop":null},"geometry":{"type":"Point","coordinates":[2.02646,45.74223]}},{"type":"Feature","properties":{"nom":"Giat","genre":"hamlet","rang":4,"pop":null},"geometry":{"type":"Point","coordinates":[2.00467,45.73648]}},{"type":"Feature","properties":{"nom":"Freyssanges","genre":"hamlet","rang":4,"pop":null},"geometry":{"type":"Point","coordinates":[2.06706,45.72596]}},{"type":"Feature","properties":{"nom":"Bessat","genre":"hamlet","rang":4,"pop":null},"geometry":{"type":"Point","coordinates":[1.96569,45.7464]}},{"type":"Feature","properties":{"nom":"Trijoulet","genre":"hamlet","rang":4,"pop":null},"geometry":{"type":"Point","coordinates":[1.96532,45.73898]}},{"type":"Feature","properties":{"nom":"Loudoueineix","genre":"hamlet","rang":4,"pop":null},"geometry":{"type":"Point","coordinates":[1.99115,45.74396]}},{"type":"Feature","properties":{"nom":"La Loi","genre":"hamlet","rang":4,"pop":null},"geometry":{"type":"Point","coordinates":[1.94633,45.74028]}},{"type":"Feature","properties":{"nom":"Jalagnat","genre":"hamlet","rang":4,"pop":null},"geometry":{"type":"Point","coordinates":[1.94542,45.72937]}},{"type":"Feature","properties":{"nom":"Broussas","genre":"hamlet","rang":4,"pop":null},"geometry":{"type":"Point","coordinates":[1.94736,45.7123]}},{"type":"Feature","properties":{"nom":"Chatain","genre":"hamlet","rang":4,"pop":null},"geometry":{"type":"Point","coordinates":[1.93899,45.70967]}},{"type":"Feature","properties":{"nom":"Chez Gorce","genre":"hamlet","rang":4,"pop":null},"geometry":{"type":"Point","coordinates":[2.00004,45.7552]}},{"type":"Feature","properties":{"nom":"Raulhac","genre":"hamlet","rang":4,"pop":null},"geometry":{"type":"Point","coordinates":[2.24368,45.40681]}},{"type":"Feature","properties":{"nom":"Soulières","genre":"hamlet","rang":4,"pop":null},"geometry":{"type":"Point","coordinates":[2.1043,45.75122]}},{"type":"Feature","properties":{"nom":"Baisseresse","genre":"hamlet","rang":4,"pop":null},"geometry":{"type":"Point","coordinates":[2.22349,45.70255]}},{"type":"Feature","properties":{"nom":"Hume Grand","genre":"hamlet","rang":4,"pop":null},"geometry":{"type":"Point","coordinates":[2.25041,45.69739]}},{"type":"Feature","properties":{"nom":"Hume Petit","genre":"hamlet","rang":4,"pop":null},"geometry":{"type":"Point","coordinates":[2.24542,45.69952]}},{"type":"Feature","properties":{"nom":"Le Cros Charpeaud","genre":"hamlet","rang":4,"pop":null},"geometry":{"type":"Point","coordinates":[2.22723,45.70983]}},{"type":"Feature","properties":{"nom":"La Barbaud","genre":"hamlet","rang":4,"pop":null},"geometry":{"type":"Point","coordinates":[2.2003,45.70127]}},{"type":"Feature","properties":{"nom":"La Ribe","genre":"hamlet","rang":4,"pop":null},"geometry":{"type":"Point","coordinates":[2.27545,45.68353]}},{"type":"Feature","properties":{"nom":"Laval","genre":"hamlet","rang":4,"pop":null},"geometry":{"type":"Point","coordinates":[2.28262,45.68452]}},{"type":"Feature","properties":{"nom":"Amarot","genre":"hamlet","rang":4,"pop":null},"geometry":{"type":"Point","coordinates":[2.29858,45.68015]}},{"type":"Feature","properties":{"nom":"Le Mont","genre":"hamlet","rang":4,"pop":null},"geometry":{"type":"Point","coordinates":[2.28633,45.67067]}},{"type":"Feature","properties":{"nom":"Le Deveix","genre":"hamlet","rang":4,"pop":null},"geometry":{"type":"Point","coordinates":[2.28336,45.67809]}},{"type":"Feature","properties":{"nom":"Seringour","genre":"hamlet","rang":4,"pop":null},"geometry":{"type":"Point","coordinates":[2.2342,45.62469]}},{"type":"Feature","properties":{"nom":"Endevaysse","genre":"hamlet","rang":4,"pop":null},"geometry":{"type":"Point","coordinates":[2.21603,45.59548]}},{"type":"Feature","properties":{"nom":"Lacombe","genre":"hamlet","rang":4,"pop":null},"geometry":{"type":"Point","coordinates":[2.23586,45.61418]}},{"type":"Feature","properties":{"nom":"Imbort","genre":"hamlet","rang":4,"pop":null},"geometry":{"type":"Point","coordinates":[2.21329,45.60865]}},{"type":"Feature","properties":{"nom":"Vaureix","genre":"hamlet","rang":4,"pop":null},"geometry":{"type":"Point","coordinates":[2.26364,45.61387]}},{"type":"Feature","properties":{"nom":"La Rebeyrotte","genre":"hamlet","rang":4,"pop":null},"geometry":{"type":"Point","coordinates":[1.96284,45.41433]}},{"type":"Feature","properties":{"nom":"Le Monteil","genre":"hamlet","rang":4,"pop":null},"geometry":{"type":"Point","coordinates":[1.95686,45.41882]}},{"type":"Feature","properties":{"nom":"Franchesse","genre":"hamlet","rang":4,"pop":null},"geometry":{"type":"Point","coordinates":[1.94288,45.46246]}},{"type":"Feature","properties":{"nom":"La Goutte","genre":"hamlet","rang":4,"pop":null},"geometry":{"type":"Point","coordinates":[1.94148,45.44864]}},{"type":"Feature","properties":{"nom":"Le Monteil","genre":"hamlet","rang":4,"pop":null},"geometry":{"type":"Point","coordinates":[1.98972,45.43895]}},{"type":"Feature","properties":{"nom":"Chabannes","genre":"hamlet","rang":4,"pop":null},"geometry":{"type":"Point","coordinates":[2.0051,45.65841]}},{"type":"Feature","properties":{"nom":"Fournol","genre":"hamlet","rang":4,"pop":null},"geometry":{"type":"Point","coordinates":[1.9921,45.61868]}},{"type":"Feature","properties":{"nom":"La Bussière","genre":"hamlet","rang":4,"pop":null},"geometry":{"type":"Point","coordinates":[1.9846,45.5888]}},{"type":"Feature","properties":{"nom":"Variéras","genre":"hamlet","rang":4,"pop":null},"geometry":{"type":"Point","coordinates":[1.98401,45.60734]}},{"type":"Feature","properties":{"nom":"Barsanges","genre":"hamlet","rang":4,"pop":null},"geometry":{"type":"Point","coordinates":[2.02231,45.56724]}},{"type":"Feature","properties":{"nom":"Celle","genre":"hamlet","rang":4,"pop":null},"geometry":{"type":"Point","coordinates":[2.06474,45.58853]}},{"type":"Feature","properties":{"nom":"La Fonfreyde","genre":"hamlet","rang":4,"pop":null},"geometry":{"type":"Point","coordinates":[1.99482,45.54741]}},{"type":"Feature","properties":{"nom":"Le Bournel","genre":"hamlet","rang":4,"pop":null},"geometry":{"type":"Point","coordinates":[2.00494,45.55562]}},{"type":"Feature","properties":{"nom":"Les Fargettes","genre":"hamlet","rang":4,"pop":null},"geometry":{"type":"Point","coordinates":[2.01562,45.62129]}},{"type":"Feature","properties":{"nom":"Les Maisons","genre":"hamlet","rang":4,"pop":null},"geometry":{"type":"Point","coordinates":[2.03953,45.59432]}},{"type":"Feature","properties":{"nom":"Les Rioux","genre":"hamlet","rang":4,"pop":null},"geometry":{"type":"Point","coordinates":[2.0389,45.60533]}},{"type":"Feature","properties":{"nom":"Lavaur","genre":"hamlet","rang":4,"pop":null},"geometry":{"type":"Point","coordinates":[2.1316,45.55142]}},{"type":"Feature","properties":{"nom":"Chez Troussas","genre":"hamlet","rang":4,"pop":null},"geometry":{"type":"Point","coordinates":[1.98484,45.69494]}},{"type":"Feature","properties":{"nom":"Laborde","genre":"hamlet","rang":4,"pop":null},"geometry":{"type":"Point","coordinates":[1.95898,45.45418]}},{"type":"Feature","properties":{"nom":"Verchalles","genre":"hamlet","rang":4,"pop":null},"geometry":{"type":"Point","coordinates":[2.49868,45.36247]}},{"type":"Feature","properties":{"nom":"Saint-Dézery","genre":"hamlet","rang":4,"pop":null},"geometry":{"type":"Point","coordinates":[2.34721,45.57365]}},{"type":"Feature","properties":{"nom":"Le Monteil","genre":"hamlet","rang":4,"pop":null},"geometry":{"type":"Point","coordinates":[2.00277,45.67317]}},{"type":"Feature","properties":{"nom":"Couffy","genre":"hamlet","rang":4,"pop":null},"geometry":{"type":"Point","coordinates":[1.99155,45.67202]}},{"type":"Feature","properties":{"nom":"Le Bos de Vézy","genre":"hamlet","rang":4,"pop":null},"geometry":{"type":"Point","coordinates":[1.94962,45.64974]}},{"type":"Feature","properties":{"nom":"Le Vert","genre":"hamlet","rang":4,"pop":null},"geometry":{"type":"Point","coordinates":[2.18388,45.56335]}},{"type":"Feature","properties":{"nom":"Le Breuil","genre":"hamlet","rang":4,"pop":null},"geometry":{"type":"Point","coordinates":[2.18123,45.55934]}},{"type":"Feature","properties":{"nom":"La Vialle","genre":"hamlet","rang":4,"pop":null},"geometry":{"type":"Point","coordinates":[2.15311,45.57756]}},{"type":"Feature","properties":{"nom":"Le Colomby","genre":"hamlet","rang":4,"pop":null},"geometry":{"type":"Point","coordinates":[2.18249,45.58016]}},{"type":"Feature","properties":{"nom":"Laborde","genre":"hamlet","rang":4,"pop":null},"geometry":{"type":"Point","coordinates":[2.18686,45.50902]}},{"type":"Feature","properties":{"nom":"La Rebière","genre":"hamlet","rang":4,"pop":null},"geometry":{"type":"Point","coordinates":[2.32342,45.53169]}},{"type":"Feature","properties":{"nom":"La Naucodie","genre":"hamlet","rang":4,"pop":null},"geometry":{"type":"Point","coordinates":[2.01057,45.5066]}},{"type":"Feature","properties":{"nom":"Fanostre","genre":"hamlet","rang":4,"pop":null},"geometry":{"type":"Point","coordinates":[2.44082,45.35433]}},{"type":"Feature","properties":{"nom":"La Forêt Noire","genre":"hamlet","rang":4,"pop":null},"geometry":{"type":"Point","coordinates":[2.23698,45.41081]}},{"type":"Feature","properties":{"nom":"Cheyssac Haut","genre":"hamlet","rang":4,"pop":null},"geometry":{"type":"Point","coordinates":[2.2534,45.41662]}},{"type":"Feature","properties":{"nom":"Le Treich","genre":"hamlet","rang":4,"pop":null},"geometry":{"type":"Point","coordinates":[1.95951,45.70059]}},{"type":"Feature","properties":{"nom":"Marèges","genre":"hamlet","rang":4,"pop":null},"geometry":{"type":"Point","coordinates":[2.35837,45.39298]}},{"type":"Feature","properties":{"nom":"Chabrat","genre":"hamlet","rang":4,"pop":null},"geometry":{"type":"Point","coordinates":[2.29887,45.40099]}},{"type":"Feature","properties":{"nom":"La Braute","genre":"hamlet","rang":4,"pop":null},"geometry":{"type":"Point","coordinates":[2.05687,45.44805]}},{"type":"Feature","properties":{"nom":"Chaudes-Maison","genre":"hamlet","rang":4,"pop":null},"geometry":{"type":"Point","coordinates":[2.05187,45.45686]}},{"type":"Feature","properties":{"nom":"La Boutique","genre":"hamlet","rang":4,"pop":null},"geometry":{"type":"Point","coordinates":[2.08673,45.45589]}},{"type":"Feature","properties":{"nom":"Au Coquilloux","genre":"hamlet","rang":4,"pop":null},"geometry":{"type":"Point","coordinates":[2.09264,45.45738]}},{"type":"Feature","properties":{"nom":"La Croix du Tilleul","genre":"hamlet","rang":4,"pop":null},"geometry":{"type":"Point","coordinates":[1.93296,45.74674]}},{"type":"Feature","properties":{"nom":"La Chapelle","genre":"hamlet","rang":4,"pop":null},"geometry":{"type":"Point","coordinates":[1.93472,45.74748]}},{"type":"Feature","properties":{"nom":"La Chassagne","genre":"hamlet","rang":4,"pop":null},"geometry":{"type":"Point","coordinates":[1.94277,45.74664]}},{"type":"Feature","properties":{"nom":"Les Aubazines","genre":"hamlet","rang":4,"pop":null},"geometry":{"type":"Point","coordinates":[2.48269,45.41126]}},{"type":"Feature","properties":{"nom":"Les Baraques","genre":"hamlet","rang":4,"pop":null},"geometry":{"type":"Point","coordinates":[2.43765,45.42529]}},{"type":"Feature","properties":{"nom":"Le Mont","genre":"hamlet","rang":4,"pop":null},"geometry":{"type":"Point","coordinates":[2.48636,45.43843]}},{"type":"Feature","properties":{"nom":"La Troubade","genre":"hamlet","rang":4,"pop":null},"geometry":{"type":"Point","coordinates":[2.48652,45.44333]}},{"type":"Feature","properties":{"nom":"Chantery","genre":"hamlet","rang":4,"pop":null},"geometry":{"type":"Point","coordinates":[2.47539,45.3873]}},{"type":"Feature","properties":{"nom":"Ribeyrolles","genre":"hamlet","rang":4,"pop":null},"geometry":{"type":"Point","coordinates":[2.45712,45.38609]}},{"type":"Feature","properties":{"nom":"Outre Val","genre":"hamlet","rang":4,"pop":null},"geometry":{"type":"Point","coordinates":[2.49372,45.4486]}},{"type":"Feature","properties":{"nom":"L'Extramaraix","genre":"hamlet","rang":4,"pop":null},"geometry":{"type":"Point","coordinates":[2.33686,45.57995]}},{"type":"Feature","properties":{"nom":"L'Ebraly de Saint-Dezery","genre":"hamlet","rang":4,"pop":null},"geometry":{"type":"Point","coordinates":[2.34589,45.58249]}},{"type":"Feature","properties":{"nom":"Orluc","genre":"hamlet","rang":4,"pop":null},"geometry":{"type":"Point","coordinates":[1.9621,45.56184]}},{"type":"Feature","properties":{"nom":"Bessolles","genre":"hamlet","rang":4,"pop":null},"geometry":{"type":"Point","coordinates":[2.4068,45.47754]}},{"type":"Feature","properties":{"nom":"Chez Champpoux","genre":"hamlet","rang":4,"pop":null},"geometry":{"type":"Point","coordinates":[2.41195,45.48153]}},{"type":"Feature","properties":{"nom":"Parel","genre":"hamlet","rang":4,"pop":null},"geometry":{"type":"Point","coordinates":[2.40245,45.48124]}},{"type":"Feature","properties":{"nom":"Le Mas Vieux","genre":"hamlet","rang":4,"pop":null},"geometry":{"type":"Point","coordinates":[2.37329,45.46417]}},{"type":"Feature","properties":{"nom":"Le Moulin du Mas Vieux","genre":"hamlet","rang":4,"pop":null},"geometry":{"type":"Point","coordinates":[2.3672,45.47049]}},{"type":"Feature","properties":{"nom":"Le Monteil","genre":"hamlet","rang":4,"pop":null},"geometry":{"type":"Point","coordinates":[2.36058,45.46361]}},{"type":"Feature","properties":{"nom":"Chez Trespeuch","genre":"hamlet","rang":4,"pop":null},"geometry":{"type":"Point","coordinates":[2.37966,45.45677]}},{"type":"Feature","properties":{"nom":"Chaux","genre":"hamlet","rang":4,"pop":null},"geometry":{"type":"Point","coordinates":[2.37583,45.45261]}},{"type":"Feature","properties":{"nom":"Le Verdier","genre":"hamlet","rang":4,"pop":null},"geometry":{"type":"Point","coordinates":[2.38432,45.44801]}},{"type":"Feature","properties":{"nom":"Mialaret","genre":"hamlet","rang":4,"pop":null},"geometry":{"type":"Point","coordinates":[2.42513,45.47927]}},{"type":"Feature","properties":{"nom":"Le Madelbos","genre":"hamlet","rang":4,"pop":null},"geometry":{"type":"Point","coordinates":[2.38874,45.48648]}},{"type":"Feature","properties":{"nom":"Las Vergnas","genre":"hamlet","rang":4,"pop":null},"geometry":{"type":"Point","coordinates":[2.3942,45.49428]}},{"type":"Feature","properties":{"nom":"Jambagnol","genre":"hamlet","rang":4,"pop":null},"geometry":{"type":"Point","coordinates":[2.40795,45.49512]}},{"type":"Feature","properties":{"nom":"La Mauriange","genre":"hamlet","rang":4,"pop":null},"geometry":{"type":"Point","coordinates":[2.40659,45.48936]}},{"type":"Feature","properties":{"nom":"Couffy Soubre","genre":"hamlet","rang":4,"pop":null},"geometry":{"type":"Point","coordinates":[2.31476,45.66761]}},{"type":"Feature","properties":{"nom":"Coulournat","genre":"hamlet","rang":4,"pop":null},"geometry":{"type":"Point","coordinates":[1.93633,45.56554]}},{"type":"Feature","properties":{"nom":"Ambiaud","genre":"hamlet","rang":4,"pop":null},"geometry":{"type":"Point","coordinates":[1.9406,45.57408]}},{"type":"Feature","properties":{"nom":"Le Massoutre","genre":"hamlet","rang":4,"pop":null},"geometry":{"type":"Point","coordinates":[1.93813,45.58922]}},{"type":"Feature","properties":{"nom":"Gioux","genre":"hamlet","rang":4,"pop":null},"geometry":{"type":"Point","coordinates":[1.94521,45.5882]}},{"type":"Feature","properties":{"nom":"Chaleix","genre":"hamlet","rang":4,"pop":null},"geometry":{"type":"Point","coordinates":[1.93787,45.60195]}},{"type":"Feature","properties":{"nom":"Orlianges","genre":"hamlet","rang":4,"pop":null},"geometry":{"type":"Point","coordinates":[1.96328,45.62209]}},{"type":"Feature","properties":{"nom":"Larpé","genre":"hamlet","rang":4,"pop":null},"geometry":{"type":"Point","coordinates":[1.94552,45.67142]}},{"type":"Feature","properties":{"nom":"Javaud","genre":"hamlet","rang":4,"pop":null},"geometry":{"type":"Point","coordinates":[1.95136,45.66978]}},{"type":"Feature","properties":{"nom":"Le Goutailloux","genre":"hamlet","rang":4,"pop":null},"geometry":{"type":"Point","coordinates":[1.95104,45.66727]}},{"type":"Feature","properties":{"nom":"Le Mazaud","genre":"hamlet","rang":4,"pop":null},"geometry":{"type":"Point","coordinates":[1.95014,45.62942]}},{"type":"Feature","properties":{"nom":"Le Plateau","genre":"hamlet","rang":4,"pop":null},"geometry":{"type":"Point","coordinates":[1.96667,45.64524]}},{"type":"Feature","properties":{"nom":"Larfeuil","genre":"hamlet","rang":4,"pop":null},"geometry":{"type":"Point","coordinates":[1.97029,45.64663]}},{"type":"Feature","properties":{"nom":"Moulin de Lépine","genre":"hamlet","rang":4,"pop":null},"geometry":{"type":"Point","coordinates":[1.97406,45.65378]}},{"type":"Feature","properties":{"nom":"Le Parneix","genre":"hamlet","rang":4,"pop":null},"geometry":{"type":"Point","coordinates":[1.98636,45.65636]}},{"type":"Feature","properties":{"nom":"Lépine","genre":"hamlet","rang":4,"pop":null},"geometry":{"type":"Point","coordinates":[1.96849,45.65838]}},{"type":"Feature","properties":{"nom":"La Berbeyrolle","genre":"hamlet","rang":4,"pop":null},"geometry":{"type":"Point","coordinates":[1.98431,45.68097]}},{"type":"Feature","properties":{"nom":"La Chapelle","genre":"hamlet","rang":4,"pop":null},"geometry":{"type":"Point","coordinates":[1.97741,45.69227]}},{"type":"Feature","properties":{"nom":"La Planchette","genre":"hamlet","rang":4,"pop":null},"geometry":{"type":"Point","coordinates":[1.95528,45.69141]}},{"type":"Feature","properties":{"nom":"Lagorce","genre":"hamlet","rang":4,"pop":null},"geometry":{"type":"Point","coordinates":[1.95784,45.69364]}},{"type":"Feature","properties":{"nom":"Le Pont Lagorce","genre":"hamlet","rang":4,"pop":null},"geometry":{"type":"Point","coordinates":[1.9537,45.69171]}},{"type":"Feature","properties":{"nom":"La Chassagne","genre":"hamlet","rang":4,"pop":null},"geometry":{"type":"Point","coordinates":[1.94908,45.63883]}},{"type":"Feature","properties":{"nom":"Le Four","genre":"hamlet","rang":4,"pop":null},"geometry":{"type":"Point","coordinates":[2.2229,45.64703]}},{"type":"Feature","properties":{"nom":"Le Puy La Chaume","genre":"hamlet","rang":4,"pop":null},"geometry":{"type":"Point","coordinates":[2.21484,45.65007]}},{"type":"Feature","properties":{"nom":"Le Chassaing","genre":"hamlet","rang":4,"pop":null},"geometry":{"type":"Point","coordinates":[2.22621,45.6358]}},{"type":"Feature","properties":{"nom":"Les Trémouillères","genre":"hamlet","rang":4,"pop":null},"geometry":{"type":"Point","coordinates":[2.18814,45.59868]}},{"type":"Feature","properties":{"nom":"La Roche","genre":"hamlet","rang":4,"pop":null},"geometry":{"type":"Point","coordinates":[2.19452,45.5885]}},{"type":"Feature","properties":{"nom":"Combe de Bournat","genre":"hamlet","rang":4,"pop":null},"geometry":{"type":"Point","coordinates":[2.19807,45.59039]}},{"type":"Feature","properties":{"nom":"Les Vingt","genre":"hamlet","rang":4,"pop":null},"geometry":{"type":"Point","coordinates":[2.19761,45.58576]}},{"type":"Feature","properties":{"nom":"La Bachellerie","genre":"hamlet","rang":4,"pop":null},"geometry":{"type":"Point","coordinates":[2.23359,45.60655]}},{"type":"Feature","properties":{"nom":"Le Bos Jean","genre":"hamlet","rang":4,"pop":null},"geometry":{"type":"Point","coordinates":[2.22092,45.62435]}},{"type":"Feature","properties":{"nom":"Le Moulin","genre":"hamlet","rang":4,"pop":null},"geometry":{"type":"Point","coordinates":[2.21322,45.61493]}},{"type":"Feature","properties":{"nom":"Le Champ","genre":"hamlet","rang":4,"pop":null},"geometry":{"type":"Point","coordinates":[2.20334,45.61549]}},{"type":"Feature","properties":{"nom":"Les Cabannes","genre":"hamlet","rang":4,"pop":null},"geometry":{"type":"Point","coordinates":[2.20577,45.62209]}},{"type":"Feature","properties":{"nom":"Vergne Redonde","genre":"hamlet","rang":4,"pop":null},"geometry":{"type":"Point","coordinates":[2.19119,45.61676]}},{"type":"Feature","properties":{"nom":"Marcy","genre":"hamlet","rang":4,"pop":null},"geometry":{"type":"Point","coordinates":[2.05071,45.64773]}},{"type":"Feature","properties":{"nom":"Moulin de Jean Magne","genre":"hamlet","rang":4,"pop":null},"geometry":{"type":"Point","coordinates":[2.0531,45.65874]}},{"type":"Feature","properties":{"nom":"La Ganne","genre":"hamlet","rang":4,"pop":null},"geometry":{"type":"Point","coordinates":[2.04273,45.63783]}},{"type":"Feature","properties":{"nom":"Le Moulin de Chabannes","genre":"hamlet","rang":4,"pop":null},"geometry":{"type":"Point","coordinates":[2.01658,45.63882]}},{"type":"Feature","properties":{"nom":"Véjolles","genre":"hamlet","rang":4,"pop":null},"geometry":{"type":"Point","coordinates":[1.98982,45.63615]}},{"type":"Feature","properties":{"nom":"La Tindelière","genre":"hamlet","rang":4,"pop":null},"geometry":{"type":"Point","coordinates":[2.05134,45.61453]}},{"type":"Feature","properties":{"nom":"Lissac","genre":"hamlet","rang":4,"pop":null},"geometry":{"type":"Point","coordinates":[2.05543,45.60671]}},{"type":"Feature","properties":{"nom":"La Rigaudie","genre":"hamlet","rang":4,"pop":null},"geometry":{"type":"Point","coordinates":[2.12814,45.60827]}},{"type":"Feature","properties":{"nom":"Cisternes","genre":"hamlet","rang":4,"pop":null},"geometry":{"type":"Point","coordinates":[2.14253,45.60009]}},{"type":"Feature","properties":{"nom":"Tafalechas","genre":"hamlet","rang":4,"pop":null},"geometry":{"type":"Point","coordinates":[2.13315,45.6401]}},{"type":"Feature","properties":{"nom":"Barzeix","genre":"hamlet","rang":4,"pop":null},"geometry":{"type":"Point","coordinates":[2.46009,45.52595]}},{"type":"Feature","properties":{"nom":"Moulin de Barzeix","genre":"hamlet","rang":4,"pop":null},"geometry":{"type":"Point","coordinates":[2.45239,45.52377]}},{"type":"Feature","properties":{"nom":"La Bardière","genre":"hamlet","rang":4,"pop":null},"geometry":{"type":"Point","coordinates":[2.4745,45.50632]}},{"type":"Feature","properties":{"nom":"La Bessade","genre":"hamlet","rang":4,"pop":null},"geometry":{"type":"Point","coordinates":[2.45014,45.50243]}},{"type":"Feature","properties":{"nom":"Embesse","genre":"hamlet","rang":4,"pop":null},"geometry":{"type":"Point","coordinates":[2.44557,45.50125]}},{"type":"Feature","properties":{"nom":"Les Commis","genre":"hamlet","rang":4,"pop":null},"geometry":{"type":"Point","coordinates":[2.44924,45.49934]}},{"type":"Feature","properties":{"nom":"La Platte","genre":"hamlet","rang":4,"pop":null},"geometry":{"type":"Point","coordinates":[2.45526,45.49763]}},{"type":"Feature","properties":{"nom":"Les Chabannes","genre":"hamlet","rang":4,"pop":null},"geometry":{"type":"Point","coordinates":[2.43841,45.498]}},{"type":"Feature","properties":{"nom":"Chez Farges","genre":"hamlet","rang":4,"pop":null},"geometry":{"type":"Point","coordinates":[2.44098,45.50533]}},{"type":"Feature","properties":{"nom":"Les Claux","genre":"hamlet","rang":4,"pop":null},"geometry":{"type":"Point","coordinates":[2.46599,45.50846]}},{"type":"Feature","properties":{"nom":"Champ du Bec","genre":"hamlet","rang":4,"pop":null},"geometry":{"type":"Point","coordinates":[2.46351,45.50984]}},{"type":"Feature","properties":{"nom":"Montassou","genre":"hamlet","rang":4,"pop":null},"geometry":{"type":"Point","coordinates":[2.46032,45.53202]}},{"type":"Feature","properties":{"nom":"Sèchemaille","genre":"hamlet","rang":4,"pop":null},"geometry":{"type":"Point","coordinates":[2.12585,45.51538]}},{"type":"Feature","properties":{"nom":"Le Passelergue","genre":"hamlet","rang":4,"pop":null},"geometry":{"type":"Point","coordinates":[2.31891,45.62076]}},{"type":"Feature","properties":{"nom":"Le Goudounet","genre":"hamlet","rang":4,"pop":null},"geometry":{"type":"Point","coordinates":[2.31305,45.6177]}},{"type":"Feature","properties":{"nom":"Les Bessades","genre":"hamlet","rang":4,"pop":null},"geometry":{"type":"Point","coordinates":[2.32783,45.62512]}},{"type":"Feature","properties":{"nom":"Le Marchandon","genre":"hamlet","rang":4,"pop":null},"geometry":{"type":"Point","coordinates":[2.33325,45.62285]}},{"type":"Feature","properties":{"nom":"La Laubie","genre":"hamlet","rang":4,"pop":null},"geometry":{"type":"Point","coordinates":[2.32462,45.62958]}},{"type":"Feature","properties":{"nom":"Bonnefond Cigale","genre":"hamlet","rang":4,"pop":null},"geometry":{"type":"Point","coordinates":[2.3487,45.62004]}},{"type":"Feature","properties":{"nom":"Salagny","genre":"hamlet","rang":4,"pop":null},"geometry":{"type":"Point","coordinates":[2.33585,45.6076]}},{"type":"Feature","properties":{"nom":"La Doulange","genre":"hamlet","rang":4,"pop":null},"geometry":{"type":"Point","coordinates":[2.32791,45.59942]}},{"type":"Feature","properties":{"nom":"Les Besses","genre":"hamlet","rang":4,"pop":null},"geometry":{"type":"Point","coordinates":[2.32005,45.60281]}},{"type":"Feature","properties":{"nom":"Le Châtaignier","genre":"hamlet","rang":4,"pop":null},"geometry":{"type":"Point","coordinates":[2.04974,45.35643]}},{"type":"Feature","properties":{"nom":"Rugeac","genre":"hamlet","rang":4,"pop":null},"geometry":{"type":"Point","coordinates":[2.04372,45.35713]}},{"type":"Feature","properties":{"nom":"Queyriou","genre":"hamlet","rang":4,"pop":null},"geometry":{"type":"Point","coordinates":[2.03528,45.35828]}},{"type":"Feature","properties":{"nom":"Lachaux","genre":"hamlet","rang":4,"pop":null},"geometry":{"type":"Point","coordinates":[2.0581,45.35245]}},{"type":"Feature","properties":{"nom":"Mortegoutte","genre":"hamlet","rang":4,"pop":null},"geometry":{"type":"Point","coordinates":[2.05531,45.35415]}},{"type":"Feature","properties":{"nom":"La Maison Rouge","genre":"hamlet","rang":4,"pop":null},"geometry":{"type":"Point","coordinates":[2.41706,45.49046]}},{"type":"Feature","properties":{"nom":"Eyzat","genre":"hamlet","rang":4,"pop":null},"geometry":{"type":"Point","coordinates":[2.42978,45.48277]}},{"type":"Feature","properties":{"nom":"La Fouillerie","genre":"hamlet","rang":4,"pop":null},"geometry":{"type":"Point","coordinates":[2.42985,45.4906]}},{"type":"Feature","properties":{"nom":"Grange","genre":"hamlet","rang":4,"pop":null},"geometry":{"type":"Point","coordinates":[2.42589,45.49329]}},{"type":"Feature","properties":{"nom":"La Guinguette","genre":"hamlet","rang":4,"pop":null},"geometry":{"type":"Point","coordinates":[2.41695,45.49854]}},{"type":"Feature","properties":{"nom":"Daillac","genre":"hamlet","rang":4,"pop":null},"geometry":{"type":"Point","coordinates":[2.40543,45.50105]}},{"type":"Feature","properties":{"nom":"La Roche Bouny","genre":"hamlet","rang":4,"pop":null},"geometry":{"type":"Point","coordinates":[2.40977,45.50516]}},{"type":"Feature","properties":{"nom":"Les Gosses","genre":"hamlet","rang":4,"pop":null},"geometry":{"type":"Point","coordinates":[2.40451,45.50627]}},{"type":"Feature","properties":{"nom":"La Loubière","genre":"hamlet","rang":4,"pop":null},"geometry":{"type":"Point","coordinates":[2.41895,45.51032]}},{"type":"Feature","properties":{"nom":"La Valette","genre":"hamlet","rang":4,"pop":null},"geometry":{"type":"Point","coordinates":[2.4221,45.51114]}},{"type":"Feature","properties":{"nom":"La Sudrie","genre":"hamlet","rang":4,"pop":null},"geometry":{"type":"Point","coordinates":[2.42405,45.51059]}},{"type":"Feature","properties":{"nom":"Le Chazeix","genre":"hamlet","rang":4,"pop":null},"geometry":{"type":"Point","coordinates":[2.43165,45.50729]}},{"type":"Feature","properties":{"nom":"Les Renards","genre":"hamlet","rang":4,"pop":null},"geometry":{"type":"Point","coordinates":[2.42528,45.50624]}},{"type":"Feature","properties":{"nom":"La Sidaine","genre":"hamlet","rang":4,"pop":null},"geometry":{"type":"Point","coordinates":[2.43046,45.50451]}},{"type":"Feature","properties":{"nom":"La Fage","genre":"hamlet","rang":4,"pop":null},"geometry":{"type":"Point","coordinates":[2.42741,45.50278]}},{"type":"Feature","properties":{"nom":"Chez Le Vacher","genre":"hamlet","rang":4,"pop":null},"geometry":{"type":"Point","coordinates":[2.42416,45.50277]}},{"type":"Feature","properties":{"nom":"Les Fabres","genre":"hamlet","rang":4,"pop":null},"geometry":{"type":"Point","coordinates":[2.43112,45.50241]}},{"type":"Feature","properties":{"nom":"Bonneval","genre":"hamlet","rang":4,"pop":null},"geometry":{"type":"Point","coordinates":[2.42793,45.4996]}},{"type":"Feature","properties":{"nom":"Le Château du Bech","genre":"hamlet","rang":4,"pop":null},"geometry":{"type":"Point","coordinates":[2.4146,45.51773]}},{"type":"Feature","properties":{"nom":"Les Prades","genre":"hamlet","rang":4,"pop":null},"geometry":{"type":"Point","coordinates":[2.41453,45.52009]}},{"type":"Feature","properties":{"nom":"Le Bech","genre":"hamlet","rang":4,"pop":null},"geometry":{"type":"Point","coordinates":[2.41576,45.52242]}},{"type":"Feature","properties":{"nom":"Vaux","genre":"hamlet","rang":4,"pop":null},"geometry":{"type":"Point","coordinates":[2.44627,45.44945]}},{"type":"Feature","properties":{"nom":"Grande Combe","genre":"hamlet","rang":4,"pop":null},"geometry":{"type":"Point","coordinates":[2.11135,45.71844]}},{"type":"Feature","properties":{"nom":"La Jasse","genre":"hamlet","rang":4,"pop":null},"geometry":{"type":"Point","coordinates":[2.09687,45.72422]}},{"type":"Feature","properties":{"nom":"Les Combes","genre":"hamlet","rang":4,"pop":null},"geometry":{"type":"Point","coordinates":[2.09938,45.71816]}},{"type":"Feature","properties":{"nom":"Le Bos","genre":"hamlet","rang":4,"pop":null},"geometry":{"type":"Point","coordinates":[2.08189,45.7019]}},{"type":"Feature","properties":{"nom":"Le Chassaing","genre":"hamlet","rang":4,"pop":null},"geometry":{"type":"Point","coordinates":[2.09473,45.69378]}},{"type":"Feature","properties":{"nom":"Vieille Maison","genre":"hamlet","rang":4,"pop":null},"geometry":{"type":"Point","coordinates":[2.10064,45.69411]}},{"type":"Feature","properties":{"nom":"La Gane du Bos","genre":"hamlet","rang":4,"pop":null},"geometry":{"type":"Point","coordinates":[2.08099,45.69518]}},{"type":"Feature","properties":{"nom":"Audouze","genre":"hamlet","rang":4,"pop":null},"geometry":{"type":"Point","coordinates":[2.10938,45.66772]}},{"type":"Feature","properties":{"nom":"Chasseline","genre":"hamlet","rang":4,"pop":null},"geometry":{"type":"Point","coordinates":[2.15134,45.67579]}},{"type":"Feature","properties":{"nom":"La Pommerie","genre":"hamlet","rang":4,"pop":null},"geometry":{"type":"Point","coordinates":[2.14596,45.67774]}},{"type":"Feature","properties":{"nom":"Feyssac","genre":"hamlet","rang":4,"pop":null},"geometry":{"type":"Point","coordinates":[2.14069,45.67418]}},{"type":"Feature","properties":{"nom":"Feyssaguet","genre":"hamlet","rang":4,"pop":null},"geometry":{"type":"Point","coordinates":[2.11783,45.67231]}},{"type":"Feature","properties":{"nom":"Sounaleix","genre":"hamlet","rang":4,"pop":null},"geometry":{"type":"Point","coordinates":[2.11931,45.68402]}},{"type":"Feature","properties":{"nom":"Le Malaret","genre":"hamlet","rang":4,"pop":null},"geometry":{"type":"Point","coordinates":[2.1303,45.6908]}},{"type":"Feature","properties":{"nom":"Comlabre","genre":"hamlet","rang":4,"pop":null},"geometry":{"type":"Point","coordinates":[2.13006,45.69016]}},{"type":"Feature","properties":{"nom":"Le Champ de La Croix","genre":"hamlet","rang":4,"pop":null},"geometry":{"type":"Point","coordinates":[2.20402,45.66328]}},{"type":"Feature","properties":{"nom":"Les Fanfaroux","genre":"hamlet","rang":4,"pop":null},"geometry":{"type":"Point","coordinates":[2.18705,45.66556]}},{"type":"Feature","properties":{"nom":"Reyssac","genre":"hamlet","rang":4,"pop":null},"geometry":{"type":"Point","coordinates":[2.19058,45.66038]}},{"type":"Feature","properties":{"nom":"Les Entours","genre":"hamlet","rang":4,"pop":null},"geometry":{"type":"Point","coordinates":[2.18115,45.66105]}},{"type":"Feature","properties":{"nom":"Chaumezelle","genre":"hamlet","rang":4,"pop":null},"geometry":{"type":"Point","coordinates":[2.19306,45.67149]}},{"type":"Feature","properties":{"nom":"Les Chaux","genre":"hamlet","rang":4,"pop":null},"geometry":{"type":"Point","coordinates":[2.18465,45.6759]}},{"type":"Feature","properties":{"nom":"Recounergues","genre":"hamlet","rang":4,"pop":null},"geometry":{"type":"Point","coordinates":[2.18012,45.68017]}},{"type":"Feature","properties":{"nom":"Le Monteil","genre":"hamlet","rang":4,"pop":null},"geometry":{"type":"Point","coordinates":[2.1772,45.68623]}},{"type":"Feature","properties":{"nom":"Beaune","genre":"hamlet","rang":4,"pop":null},"geometry":{"type":"Point","coordinates":[2.17611,45.69389]}},{"type":"Feature","properties":{"nom":"Combret","genre":"hamlet","rang":4,"pop":null},"geometry":{"type":"Point","coordinates":[2.17886,45.69518]}},{"type":"Feature","properties":{"nom":"Fronsergues","genre":"hamlet","rang":4,"pop":null},"geometry":{"type":"Point","coordinates":[2.16756,45.67239]}},{"type":"Feature","properties":{"nom":"Combefort","genre":"hamlet","rang":4,"pop":null},"geometry":{"type":"Point","coordinates":[2.27994,45.65846]}},{"type":"Feature","properties":{"nom":"Margnat","genre":"hamlet","rang":4,"pop":null},"geometry":{"type":"Point","coordinates":[2.28697,45.65706]}},{"type":"Feature","properties":{"nom":"La Gastine","genre":"hamlet","rang":4,"pop":null},"geometry":{"type":"Point","coordinates":[2.27604,45.6622]}},{"type":"Feature","properties":{"nom":"Le Franceix","genre":"hamlet","rang":4,"pop":null},"geometry":{"type":"Point","coordinates":[2.26259,45.6632]}},{"type":"Feature","properties":{"nom":"Le Chevastel","genre":"hamlet","rang":4,"pop":null},"geometry":{"type":"Point","coordinates":[2.25884,45.66878]}},{"type":"Feature","properties":{"nom":"La Saunière","genre":"hamlet","rang":4,"pop":null},"geometry":{"type":"Point","coordinates":[2.26253,45.67134]}},{"type":"Feature","properties":{"nom":"Cros Les Ganes","genre":"hamlet","rang":4,"pop":null},"geometry":{"type":"Point","coordinates":[2.24219,45.67498]}},{"type":"Feature","properties":{"nom":"Les Annouillards","genre":"hamlet","rang":4,"pop":null},"geometry":{"type":"Point","coordinates":[2.22733,45.67809]}},{"type":"Feature","properties":{"nom":"Le Chalard","genre":"hamlet","rang":4,"pop":null},"geometry":{"type":"Point","coordinates":[2.24846,45.68191]}},{"type":"Feature","properties":{"nom":"La Vialatte","genre":"hamlet","rang":4,"pop":null},"geometry":{"type":"Point","coordinates":[2.23548,45.68433]}},{"type":"Feature","properties":{"nom":"Le Chazaret","genre":"hamlet","rang":4,"pop":null},"geometry":{"type":"Point","coordinates":[2.27077,45.6871]}},{"type":"Feature","properties":{"nom":"La Malsoute","genre":"hamlet","rang":4,"pop":null},"geometry":{"type":"Point","coordinates":[2.29759,45.65874]}},{"type":"Feature","properties":{"nom":"La Chassagne","genre":"hamlet","rang":4,"pop":null},"geometry":{"type":"Point","coordinates":[2.29002,45.64432]}},{"type":"Feature","properties":{"nom":"Laval du Bayle","genre":"hamlet","rang":4,"pop":null},"geometry":{"type":"Point","coordinates":[2.28192,45.64471]}},{"type":"Feature","properties":{"nom":"Le Grand Laval","genre":"hamlet","rang":4,"pop":null},"geometry":{"type":"Point","coordinates":[2.27654,45.645]}},{"type":"Feature","properties":{"nom":"Le Bon Repos","genre":"hamlet","rang":4,"pop":null},"geometry":{"type":"Point","coordinates":[2.27461,45.64695]}},{"type":"Feature","properties":{"nom":"Le Petit Laval","genre":"hamlet","rang":4,"pop":null},"geometry":{"type":"Point","coordinates":[2.27192,45.64251]}},{"type":"Feature","properties":{"nom":"Mirambel","genre":"hamlet","rang":4,"pop":null},"geometry":{"type":"Point","coordinates":[2.27493,45.63549]}},{"type":"Feature","properties":{"nom":"Chabaneix","genre":"hamlet","rang":4,"pop":null},"geometry":{"type":"Point","coordinates":[2.27368,45.63743]}},{"type":"Feature","properties":{"nom":"Echaunie","genre":"hamlet","rang":4,"pop":null},"geometry":{"type":"Point","coordinates":[2.28605,45.63326]}},{"type":"Feature","properties":{"nom":"Frétillanges","genre":"hamlet","rang":4,"pop":null},"geometry":{"type":"Point","coordinates":[2.25823,45.6408]}},{"type":"Feature","properties":{"nom":"Le Madiolet","genre":"hamlet","rang":4,"pop":null},"geometry":{"type":"Point","coordinates":[2.25042,45.63328]}},{"type":"Feature","properties":{"nom":"Le Moulin de Cariole","genre":"hamlet","rang":4,"pop":null},"geometry":{"type":"Point","coordinates":[2.25032,45.65259]}},{"type":"Feature","properties":{"nom":"Pons","genre":"hamlet","rang":4,"pop":null},"geometry":{"type":"Point","coordinates":[2.17328,45.6536]}},{"type":"Feature","properties":{"nom":"Le Puy Pelé","genre":"hamlet","rang":4,"pop":null},"geometry":{"type":"Point","coordinates":[2.177,45.65028]}},{"type":"Feature","properties":{"nom":"Croix Grande","genre":"hamlet","rang":4,"pop":null},"geometry":{"type":"Point","coordinates":[2.17807,45.65059]}},{"type":"Feature","properties":{"nom":"Laval","genre":"hamlet","rang":4,"pop":null},"geometry":{"type":"Point","coordinates":[2.16648,45.64909]}},{"type":"Feature","properties":{"nom":"Clamoudeix","genre":"hamlet","rang":4,"pop":null},"geometry":{"type":"Point","coordinates":[2.15308,45.6552]}},{"type":"Feature","properties":{"nom":"Lagarde","genre":"hamlet","rang":4,"pop":null},"geometry":{"type":"Point","coordinates":[2.14676,45.66594]}},{"type":"Feature","properties":{"nom":"Le Montely","genre":"hamlet","rang":4,"pop":null},"geometry":{"type":"Point","coordinates":[2.15032,45.66583]}},{"type":"Feature","properties":{"nom":"Mas Le Pouge","genre":"hamlet","rang":4,"pop":null},"geometry":{"type":"Point","coordinates":[2.13689,45.66425]}},{"type":"Feature","properties":{"nom":"Rochefort","genre":"hamlet","rang":4,"pop":null},"geometry":{"type":"Point","coordinates":[2.15675,45.63452]}},{"type":"Feature","properties":{"nom":"Les Valettes","genre":"hamlet","rang":4,"pop":null},"geometry":{"type":"Point","coordinates":[2.20358,45.63656]}},{"type":"Feature","properties":{"nom":"La Vialle","genre":"hamlet","rang":4,"pop":null},"geometry":{"type":"Point","coordinates":[2.19926,45.66894]}},{"type":"Feature","properties":{"nom":"Sagnoles","genre":"hamlet","rang":4,"pop":null},"geometry":{"type":"Point","coordinates":[2.21007,45.67242]}},{"type":"Feature","properties":{"nom":"Eyragne","genre":"hamlet","rang":4,"pop":null},"geometry":{"type":"Point","coordinates":[2.21231,45.683]}},{"type":"Feature","properties":{"nom":"Chateix","genre":"hamlet","rang":4,"pop":null},"geometry":{"type":"Point","coordinates":[2.20376,45.68414]}},{"type":"Feature","properties":{"nom":"Moeuf","genre":"hamlet","rang":4,"pop":null},"geometry":{"type":"Point","coordinates":[2.19796,45.68703]}},{"type":"Feature","properties":{"nom":"Mont La Pinte","genre":"hamlet","rang":4,"pop":null},"geometry":{"type":"Point","coordinates":[2.19966,45.69602]}},{"type":"Feature","properties":{"nom":"Les Chazeaux","genre":"hamlet","rang":4,"pop":null},"geometry":{"type":"Point","coordinates":[2.21186,45.69503]}},{"type":"Feature","properties":{"nom":"Lafage","genre":"hamlet","rang":4,"pop":null},"geometry":{"type":"Point","coordinates":[2.21733,45.69186]}},{"type":"Feature","properties":{"nom":"Maureix","genre":"hamlet","rang":4,"pop":null},"geometry":{"type":"Point","coordinates":[2.21976,45.69787]}},{"type":"Feature","properties":{"nom":"Guillerin","genre":"hamlet","rang":4,"pop":null},"geometry":{"type":"Point","coordinates":[2.18956,45.71458]}},{"type":"Feature","properties":{"nom":"Outre","genre":"hamlet","rang":4,"pop":null},"geometry":{"type":"Point","coordinates":[2.1921,45.71262]}},{"type":"Feature","properties":{"nom":"Pras Bas","genre":"hamlet","rang":4,"pop":null},"geometry":{"type":"Point","coordinates":[2.17165,45.72036]}},{"type":"Feature","properties":{"nom":"Peyroux","genre":"hamlet","rang":4,"pop":null},"geometry":{"type":"Point","coordinates":[2.172,45.7139]}},{"type":"Feature","properties":{"nom":"Pras Haut","genre":"hamlet","rang":4,"pop":null},"geometry":{"type":"Point","coordinates":[2.17486,45.72456]}},{"type":"Feature","properties":{"nom":"Le Bois de Pras","genre":"hamlet","rang":4,"pop":null},"geometry":{"type":"Point","coordinates":[2.16834,45.72652]}},{"type":"Feature","properties":{"nom":"Gouze","genre":"hamlet","rang":4,"pop":null},"geometry":{"type":"Point","coordinates":[2.32723,45.65266]}},{"type":"Feature","properties":{"nom":"La Chabanne","genre":"hamlet","rang":4,"pop":null},"geometry":{"type":"Point","coordinates":[2.342,45.6525]}},{"type":"Feature","properties":{"nom":"Le Trioux","genre":"hamlet","rang":4,"pop":null},"geometry":{"type":"Point","coordinates":[2.33628,45.64679]}},{"type":"Feature","properties":{"nom":"Les Alliers","genre":"hamlet","rang":4,"pop":null},"geometry":{"type":"Point","coordinates":[2.34389,45.64131]}},{"type":"Feature","properties":{"nom":"Savardeix","genre":"hamlet","rang":4,"pop":null},"geometry":{"type":"Point","coordinates":[2.3461,45.63622]}},{"type":"Feature","properties":{"nom":"Encognéras","genre":"hamlet","rang":4,"pop":null},"geometry":{"type":"Point","coordinates":[2.34881,45.62861]}},{"type":"Feature","properties":{"nom":"Maumont","genre":"hamlet","rang":4,"pop":null},"geometry":{"type":"Point","coordinates":[2.35516,45.64579]}},{"type":"Feature","properties":{"nom":"Roubeix","genre":"hamlet","rang":4,"pop":null},"geometry":{"type":"Point","coordinates":[2.35287,45.64335]}},{"type":"Feature","properties":{"nom":"Le Feyt","genre":"hamlet","rang":4,"pop":null},"geometry":{"type":"Point","coordinates":[2.28362,45.61052]}},{"type":"Feature","properties":{"nom":"Les Quatre Routes","genre":"hamlet","rang":4,"pop":null},"geometry":{"type":"Point","coordinates":[2.29377,45.61021]}},{"type":"Feature","properties":{"nom":"Linarzeix","genre":"hamlet","rang":4,"pop":null},"geometry":{"type":"Point","coordinates":[2.29844,45.60709]}},{"type":"Feature","properties":{"nom":"La Vergne","genre":"hamlet","rang":4,"pop":null},"geometry":{"type":"Point","coordinates":[2.28006,45.60533]}},{"type":"Feature","properties":{"nom":"Daubech","genre":"hamlet","rang":4,"pop":null},"geometry":{"type":"Point","coordinates":[2.29147,45.60151]}},{"type":"Feature","properties":{"nom":"Laveix","genre":"hamlet","rang":4,"pop":null},"geometry":{"type":"Point","coordinates":[2.27528,45.58563]}},{"type":"Feature","properties":{"nom":"Longegane","genre":"hamlet","rang":4,"pop":null},"geometry":{"type":"Point","coordinates":[2.27711,45.59982]}},{"type":"Feature","properties":{"nom":"Le Mimpontel","genre":"hamlet","rang":4,"pop":null},"geometry":{"type":"Point","coordinates":[2.27368,45.59661]}},{"type":"Feature","properties":{"nom":"Le Loubeix","genre":"hamlet","rang":4,"pop":null},"geometry":{"type":"Point","coordinates":[2.26872,45.58886]}},{"type":"Feature","properties":{"nom":"Val Beneyte","genre":"hamlet","rang":4,"pop":null},"geometry":{"type":"Point","coordinates":[2.372,45.419]}},{"type":"Feature","properties":{"nom":"Les Guinguettes","genre":"hamlet","rang":4,"pop":null},"geometry":{"type":"Point","coordinates":[2.37087,45.42527]}},{"type":"Feature","properties":{"nom":"La Croix d'Anglard","genre":"hamlet","rang":4,"pop":null},"geometry":{"type":"Point","coordinates":[2.36392,45.42631]}},{"type":"Feature","properties":{"nom":"Les Chaumettes","genre":"hamlet","rang":4,"pop":null},"geometry":{"type":"Point","coordinates":[2.37704,45.4358]}},{"type":"Feature","properties":{"nom":"Rotabourg","genre":"hamlet","rang":4,"pop":null},"geometry":{"type":"Point","coordinates":[2.39205,45.43251]}},{"type":"Feature","properties":{"nom":"Maisonneuve","genre":"hamlet","rang":4,"pop":null},"geometry":{"type":"Point","coordinates":[2.3862,45.42734]}},{"type":"Feature","properties":{"nom":"Le Bois du Peyoux","genre":"hamlet","rang":4,"pop":null},"geometry":{"type":"Point","coordinates":[2.38465,45.42473]}},{"type":"Feature","properties":{"nom":"Jouix","genre":"hamlet","rang":4,"pop":null},"geometry":{"type":"Point","coordinates":[1.97682,45.35513]}},{"type":"Feature","properties":{"nom":"La Ganotte","genre":"hamlet","rang":4,"pop":null},"geometry":{"type":"Point","coordinates":[1.97476,45.35658]}},{"type":"Feature","properties":{"nom":"La Rebeyrotte","genre":"hamlet","rang":4,"pop":null},"geometry":{"type":"Point","coordinates":[1.96531,45.35206]}},{"type":"Feature","properties":{"nom":"Les Étangs","genre":"hamlet","rang":4,"pop":null},"geometry":{"type":"Point","coordinates":[2.02774,45.36553]}},{"type":"Feature","properties":{"nom":"Les Gouttes","genre":"hamlet","rang":4,"pop":null},"geometry":{"type":"Point","coordinates":[2.007,45.35777]}},{"type":"Feature","properties":{"nom":"Labesse","genre":"hamlet","rang":4,"pop":null},"geometry":{"type":"Point","coordinates":[2.02289,45.35307]}},{"type":"Feature","properties":{"nom":"Chevaleix","genre":"hamlet","rang":4,"pop":null},"geometry":{"type":"Point","coordinates":[2.43157,45.57728]}},{"type":"Feature","properties":{"nom":"Trespeuch","genre":"hamlet","rang":4,"pop":null},"geometry":{"type":"Point","coordinates":[2.41304,45.56096]}},{"type":"Feature","properties":{"nom":"Chassagnac","genre":"hamlet","rang":4,"pop":null},"geometry":{"type":"Point","coordinates":[2.41995,45.564]}},{"type":"Feature","properties":{"nom":"Bel Air","genre":"hamlet","rang":4,"pop":null},"geometry":{"type":"Point","coordinates":[2.46218,45.53784]}},{"type":"Feature","properties":{"nom":"Busséjoux","genre":"hamlet","rang":4,"pop":null},"geometry":{"type":"Point","coordinates":[2.45449,45.54134]}},{"type":"Feature","properties":{"nom":"Arsac","genre":"hamlet","rang":4,"pop":null},"geometry":{"type":"Point","coordinates":[2.39053,45.54085]}},{"type":"Feature","properties":{"nom":"Le Bourdouleix","genre":"hamlet","rang":4,"pop":null},"geometry":{"type":"Point","coordinates":[2.38398,45.50384]}},{"type":"Feature","properties":{"nom":"La Chassagne","genre":"hamlet","rang":4,"pop":null},"geometry":{"type":"Point","coordinates":[2.3999,45.52943]}},{"type":"Feature","properties":{"nom":"Mornac","genre":"hamlet","rang":4,"pop":null},"geometry":{"type":"Point","coordinates":[2.39488,45.5224]}},{"type":"Feature","properties":{"nom":"Peyssou","genre":"hamlet","rang":4,"pop":null},"geometry":{"type":"Point","coordinates":[2.38567,45.51549]}},{"type":"Feature","properties":{"nom":"La Longeanie","genre":"hamlet","rang":4,"pop":null},"geometry":{"type":"Point","coordinates":[2.40263,45.51372]}},{"type":"Feature","properties":{"nom":"Le Chazal","genre":"hamlet","rang":4,"pop":null},"geometry":{"type":"Point","coordinates":[2.3977,45.518]}},{"type":"Feature","properties":{"nom":"La Fage","genre":"hamlet","rang":4,"pop":null},"geometry":{"type":"Point","coordinates":[2.40225,45.51803]}},{"type":"Feature","properties":{"nom":"La Chabanne","genre":"hamlet","rang":4,"pop":null},"geometry":{"type":"Point","coordinates":[2.36009,45.56579]}},{"type":"Feature","properties":{"nom":"La Prade","genre":"hamlet","rang":4,"pop":null},"geometry":{"type":"Point","coordinates":[2.35442,45.5855]}},{"type":"Feature","properties":{"nom":"La Picardie","genre":"hamlet","rang":4,"pop":null},"geometry":{"type":"Point","coordinates":[2.34185,45.57536]}},{"type":"Feature","properties":{"nom":"Venard","genre":"hamlet","rang":4,"pop":null},"geometry":{"type":"Point","coordinates":[2.36135,45.58354]}},{"type":"Feature","properties":{"nom":"La Vergne","genre":"hamlet","rang":4,"pop":null},"geometry":{"type":"Point","coordinates":[2.35483,45.57184]}},{"type":"Feature","properties":{"nom":"La Grange","genre":"hamlet","rang":4,"pop":null},"geometry":{"type":"Point","coordinates":[2.35921,45.57288]}},{"type":"Feature","properties":{"nom":"Bonnaygue","genre":"hamlet","rang":4,"pop":null},"geometry":{"type":"Point","coordinates":[2.36685,45.57464]}},{"type":"Feature","properties":{"nom":"Chassanaguilloux","genre":"hamlet","rang":4,"pop":null},"geometry":{"type":"Point","coordinates":[2.38508,45.56946]}},{"type":"Feature","properties":{"nom":"Le Pré","genre":"hamlet","rang":4,"pop":null},"geometry":{"type":"Point","coordinates":[2.40766,45.55266]}},{"type":"Feature","properties":{"nom":"Le Rastoix","genre":"hamlet","rang":4,"pop":null},"geometry":{"type":"Point","coordinates":[2.40624,45.55535]}},{"type":"Feature","properties":{"nom":"Le Marsinchal","genre":"hamlet","rang":4,"pop":null},"geometry":{"type":"Point","coordinates":[2.39346,45.55867]}},{"type":"Feature","properties":{"nom":"Le Mas Girard","genre":"hamlet","rang":4,"pop":null},"geometry":{"type":"Point","coordinates":[2.37826,45.56031]}},{"type":"Feature","properties":{"nom":"La Maison Neuve","genre":"hamlet","rang":4,"pop":null},"geometry":{"type":"Point","coordinates":[2.37403,45.56279]}},{"type":"Feature","properties":{"nom":"Le Pont Barrat","genre":"hamlet","rang":4,"pop":null},"geometry":{"type":"Point","coordinates":[2.36554,45.56264]}},{"type":"Feature","properties":{"nom":"La Vedrenne","genre":"hamlet","rang":4,"pop":null},"geometry":{"type":"Point","coordinates":[2.37227,45.55167]}},{"type":"Feature","properties":{"nom":"Bigne","genre":"hamlet","rang":4,"pop":null},"geometry":{"type":"Point","coordinates":[2.36424,45.55823]}},{"type":"Feature","properties":{"nom":"Le Marleix","genre":"hamlet","rang":4,"pop":null},"geometry":{"type":"Point","coordinates":[2.35269,45.55992]}},{"type":"Feature","properties":{"nom":"Lamazière","genre":"hamlet","rang":4,"pop":null},"geometry":{"type":"Point","coordinates":[2.34352,45.56101]}},{"type":"Feature","properties":{"nom":"Le Mas","genre":"hamlet","rang":4,"pop":null},"geometry":{"type":"Point","coordinates":[2.34592,45.55873]}},{"type":"Feature","properties":{"nom":"Les Prades","genre":"hamlet","rang":4,"pop":null},"geometry":{"type":"Point","coordinates":[2.34457,45.55721]}},{"type":"Feature","properties":{"nom":"Monteitagaud","genre":"hamlet","rang":4,"pop":null},"geometry":{"type":"Point","coordinates":[2.34904,45.5576]}},{"type":"Feature","properties":{"nom":"Neussège","genre":"hamlet","rang":4,"pop":null},"geometry":{"type":"Point","coordinates":[2.3528,45.55219]}},{"type":"Feature","properties":{"nom":"La Vernengeal","genre":"hamlet","rang":4,"pop":null},"geometry":{"type":"Point","coordinates":[2.35429,45.54336]}},{"type":"Feature","properties":{"nom":"Les Farges","genre":"hamlet","rang":4,"pop":null},"geometry":{"type":"Point","coordinates":[2.34169,45.53745]}},{"type":"Feature","properties":{"nom":"La Soubrange","genre":"hamlet","rang":4,"pop":null},"geometry":{"type":"Point","coordinates":[2.34482,45.53511]}},{"type":"Feature","properties":{"nom":"Viallemonteil","genre":"hamlet","rang":4,"pop":null},"geometry":{"type":"Point","coordinates":[2.37462,45.53336]}},{"type":"Feature","properties":{"nom":"La Masfrand","genre":"hamlet","rang":4,"pop":null},"geometry":{"type":"Point","coordinates":[2.37318,45.54131]}},{"type":"Feature","properties":{"nom":"La Croix Lauradour","genre":"hamlet","rang":4,"pop":null},"geometry":{"type":"Point","coordinates":[2.36957,45.54504]}},{"type":"Feature","properties":{"nom":"Le Mons","genre":"hamlet","rang":4,"pop":null},"geometry":{"type":"Point","coordinates":[2.3742,45.54777]}},{"type":"Feature","properties":{"nom":"La Vialle","genre":"hamlet","rang":4,"pop":null},"geometry":{"type":"Point","coordinates":[2.4085,45.59964]}},{"type":"Feature","properties":{"nom":"Bonnefond","genre":"hamlet","rang":4,"pop":null},"geometry":{"type":"Point","coordinates":[2.4027,45.58874]}},{"type":"Feature","properties":{"nom":"La Jaloustre","genre":"hamlet","rang":4,"pop":null},"geometry":{"type":"Point","coordinates":[2.39301,45.58995]}},{"type":"Feature","properties":{"nom":"Laroche","genre":"hamlet","rang":4,"pop":null},"geometry":{"type":"Point","coordinates":[2.40005,45.6027]}},{"type":"Feature","properties":{"nom":"La Jarrige","genre":"hamlet","rang":4,"pop":null},"geometry":{"type":"Point","coordinates":[2.39147,45.60494]}},{"type":"Feature","properties":{"nom":"La Marsalouse","genre":"hamlet","rang":4,"pop":null},"geometry":{"type":"Point","coordinates":[2.3978,45.61054]}},{"type":"Feature","properties":{"nom":"L'Arfeuille","genre":"hamlet","rang":4,"pop":null},"geometry":{"type":"Point","coordinates":[2.38995,45.61368]}},{"type":"Feature","properties":{"nom":"Les Valades","genre":"hamlet","rang":4,"pop":null},"geometry":{"type":"Point","coordinates":[2.38914,45.61761]}},{"type":"Feature","properties":{"nom":"L'Air","genre":"hamlet","rang":4,"pop":null},"geometry":{"type":"Point","coordinates":[2.36716,45.61044]}},{"type":"Feature","properties":{"nom":"Le Grandcher","genre":"hamlet","rang":4,"pop":null},"geometry":{"type":"Point","coordinates":[2.35832,45.61044]}},{"type":"Feature","properties":{"nom":"Le Macharrier","genre":"hamlet","rang":4,"pop":null},"geometry":{"type":"Point","coordinates":[2.35386,45.59705]}},{"type":"Feature","properties":{"nom":"La Chassagnite","genre":"hamlet","rang":4,"pop":null},"geometry":{"type":"Point","coordinates":[2.36527,45.59723]}},{"type":"Feature","properties":{"nom":"Le Ciarneix","genre":"hamlet","rang":4,"pop":null},"geometry":{"type":"Point","coordinates":[2.37488,45.58846]}},{"type":"Feature","properties":{"nom":"Genestine","genre":"hamlet","rang":4,"pop":null},"geometry":{"type":"Point","coordinates":[2.13827,45.40187]}},{"type":"Feature","properties":{"nom":"Le Peuch","genre":"hamlet","rang":4,"pop":null},"geometry":{"type":"Point","coordinates":[2.11019,45.40624]}},{"type":"Feature","properties":{"nom":"Espagne","genre":"hamlet","rang":4,"pop":null},"geometry":{"type":"Point","coordinates":[2.13513,45.4131]}},{"type":"Feature","properties":{"nom":"Prailloux","genre":"hamlet","rang":4,"pop":null},"geometry":{"type":"Point","coordinates":[2.12292,45.39711]}},{"type":"Feature","properties":{"nom":"Les Bordes","genre":"hamlet","rang":4,"pop":null},"geometry":{"type":"Point","coordinates":[2.17246,45.40713]}},{"type":"Feature","properties":{"nom":"Pommier","genre":"hamlet","rang":4,"pop":null},"geometry":{"type":"Point","coordinates":[2.15885,45.40901]}},{"type":"Feature","properties":{"nom":"Le Bos","genre":"hamlet","rang":4,"pop":null},"geometry":{"type":"Point","coordinates":[2.15797,45.39802]}},{"type":"Feature","properties":{"nom":"La Gane","genre":"hamlet","rang":4,"pop":null},"geometry":{"type":"Point","coordinates":[2.15406,45.40093]}},{"type":"Feature","properties":{"nom":"La Bardèche","genre":"hamlet","rang":4,"pop":null},"geometry":{"type":"Point","coordinates":[2.11155,45.41977]}},{"type":"Feature","properties":{"nom":"Le Bourneix","genre":"hamlet","rang":4,"pop":null},"geometry":{"type":"Point","coordinates":[2.12968,45.42956]}},{"type":"Feature","properties":{"nom":"Vedrenne","genre":"hamlet","rang":4,"pop":null},"geometry":{"type":"Point","coordinates":[2.02437,45.4319]}},{"type":"Feature","properties":{"nom":"Marzeix","genre":"hamlet","rang":4,"pop":null},"geometry":{"type":"Point","coordinates":[2.0198,45.44701]}},{"type":"Feature","properties":{"nom":"Theillac","genre":"hamlet","rang":4,"pop":null},"geometry":{"type":"Point","coordinates":[2.02651,45.46292]}},{"type":"Feature","properties":{"nom":"La Brette","genre":"hamlet","rang":4,"pop":null},"geometry":{"type":"Point","coordinates":[2.02167,45.46242]}},{"type":"Feature","properties":{"nom":"Espinet","genre":"hamlet","rang":4,"pop":null},"geometry":{"type":"Point","coordinates":[2.20196,45.49062]}},{"type":"Feature","properties":{"nom":"Les Farges","genre":"hamlet","rang":4,"pop":null},"geometry":{"type":"Point","coordinates":[2.08703,45.37216]}},{"type":"Feature","properties":{"nom":"Auzier","genre":"hamlet","rang":4,"pop":null},"geometry":{"type":"Point","coordinates":[2.09735,45.37363]}},{"type":"Feature","properties":{"nom":"Les Bouyges","genre":"hamlet","rang":4,"pop":null},"geometry":{"type":"Point","coordinates":[2.11707,45.37776]}},{"type":"Feature","properties":{"nom":"Tonnant","genre":"hamlet","rang":4,"pop":null},"geometry":{"type":"Point","coordinates":[2.06787,45.37875]}},{"type":"Feature","properties":{"nom":"La Chastre","genre":"hamlet","rang":4,"pop":null},"geometry":{"type":"Point","coordinates":[2.17063,45.4688]}},{"type":"Feature","properties":{"nom":"Le Feix","genre":"hamlet","rang":4,"pop":null},"geometry":{"type":"Point","coordinates":[2.16368,45.46328]}},{"type":"Feature","properties":{"nom":"Lherm","genre":"hamlet","rang":4,"pop":null},"geometry":{"type":"Point","coordinates":[2.15517,45.4474]}},{"type":"Feature","properties":{"nom":"Eybrail","genre":"hamlet","rang":4,"pop":null},"geometry":{"type":"Point","coordinates":[2.32902,45.57002]}},{"type":"Feature","properties":{"nom":"Bay","genre":"hamlet","rang":4,"pop":null},"geometry":{"type":"Point","coordinates":[2.30444,45.57318]}},{"type":"Feature","properties":{"nom":"La Tourette","genre":"hamlet","rang":4,"pop":null},"geometry":{"type":"Point","coordinates":[2.31006,45.58622]}},{"type":"Feature","properties":{"nom":"La Viallate","genre":"hamlet","rang":4,"pop":null},"geometry":{"type":"Point","coordinates":[2.35936,45.47068]}},{"type":"Feature","properties":{"nom":"Ponty","genre":"hamlet","rang":4,"pop":null},"geometry":{"type":"Point","coordinates":[2.27649,45.5447]}},{"type":"Feature","properties":{"nom":"Enclosdignon","genre":"hamlet","rang":4,"pop":null},"geometry":{"type":"Point","coordinates":[2.15377,45.49439]}},{"type":"Feature","properties":{"nom":"La Vedrenne","genre":"hamlet","rang":4,"pop":null},"geometry":{"type":"Point","coordinates":[2.03105,45.41039]}},{"type":"Feature","properties":{"nom":"Le Chauvanche","genre":"hamlet","rang":4,"pop":null},"geometry":{"type":"Point","coordinates":[2.3291,45.53959]}},{"type":"Feature","properties":{"nom":"Sarsou","genre":"hamlet","rang":4,"pop":null},"geometry":{"type":"Point","coordinates":[2.31756,45.52572]}},{"type":"Feature","properties":{"nom":"Bédabourg","genre":"hamlet","rang":4,"pop":null},"geometry":{"type":"Point","coordinates":[2.31648,45.51788]}},{"type":"Feature","properties":{"nom":"Le Pont Tabourg","genre":"hamlet","rang":4,"pop":null},"geometry":{"type":"Point","coordinates":[2.30572,45.51694]}},{"type":"Feature","properties":{"nom":"La Coste","genre":"hamlet","rang":4,"pop":null},"geometry":{"type":"Point","coordinates":[2.30085,45.52288]}},{"type":"Feature","properties":{"nom":"Le Gardet","genre":"hamlet","rang":4,"pop":null},"geometry":{"type":"Point","coordinates":[2.28678,45.52382]}},{"type":"Feature","properties":{"nom":"La Goudounèche","genre":"hamlet","rang":4,"pop":null},"geometry":{"type":"Point","coordinates":[2.27436,45.52824]}},{"type":"Feature","properties":{"nom":"Moncourrier","genre":"hamlet","rang":4,"pop":null},"geometry":{"type":"Point","coordinates":[2.27928,45.51604]}},{"type":"Feature","properties":{"nom":"La Platane","genre":"hamlet","rang":4,"pop":null},"geometry":{"type":"Point","coordinates":[2.29043,45.53247]}},{"type":"Feature","properties":{"nom":"Les Plaines Saint-Pierre","genre":"hamlet","rang":4,"pop":null},"geometry":{"type":"Point","coordinates":[2.28401,45.5379]}},{"type":"Feature","properties":{"nom":"Monteil du Bos","genre":"hamlet","rang":4,"pop":null},"geometry":{"type":"Point","coordinates":[2.27257,45.53833]}},{"type":"Feature","properties":{"nom":"Mareille","genre":"hamlet","rang":4,"pop":null},"geometry":{"type":"Point","coordinates":[2.28668,45.55635]}},{"type":"Feature","properties":{"nom":"Roudal","genre":"hamlet","rang":4,"pop":null},"geometry":{"type":"Point","coordinates":[2.2975,45.54536]}},{"type":"Feature","properties":{"nom":"Aubrignac","genre":"hamlet","rang":4,"pop":null},"geometry":{"type":"Point","coordinates":[2.27935,45.3993]}},{"type":"Feature","properties":{"nom":"La Siauve","genre":"hamlet","rang":4,"pop":null},"geometry":{"type":"Point","coordinates":[2.50222,45.42709]}},{"type":"Feature","properties":{"nom":"Val","genre":"hamlet","rang":4,"pop":null},"geometry":{"type":"Point","coordinates":[2.50542,45.44295]}},{"type":"Feature","properties":{"nom":"Le Las","genre":"hamlet","rang":4,"pop":null},"geometry":{"type":"Point","coordinates":[2.06958,45.55107]}},{"type":"Feature","properties":{"nom":"Saugeras","genre":"hamlet","rang":4,"pop":null},"geometry":{"type":"Point","coordinates":[2.09747,45.54926]}},{"type":"Feature","properties":{"nom":"Lachaud-Grand-Val","genre":"hamlet","rang":4,"pop":null},"geometry":{"type":"Point","coordinates":[2.10599,45.55525]}},{"type":"Feature","properties":{"nom":"Le Mas-Cheny","genre":"hamlet","rang":4,"pop":null},"geometry":{"type":"Point","coordinates":[2.10062,45.55874]}},{"type":"Feature","properties":{"nom":"La Feuillade","genre":"hamlet","rang":4,"pop":null},"geometry":{"type":"Point","coordinates":[2.14624,45.54865]}},{"type":"Feature","properties":{"nom":"Beyssac","genre":"hamlet","rang":4,"pop":null},"geometry":{"type":"Point","coordinates":[2.16761,45.66646]}},{"type":"Feature","properties":{"nom":"Les Coustaux","genre":"hamlet","rang":4,"pop":null},"geometry":{"type":"Point","coordinates":[2.17774,45.66911]}},{"type":"Feature","properties":{"nom":"Le Fraysse","genre":"hamlet","rang":4,"pop":null},"geometry":{"type":"Point","coordinates":[1.93908,45.70364]}},{"type":"Feature","properties":{"nom":"Le Mas à Loubaud","genre":"hamlet","rang":4,"pop":null},"geometry":{"type":"Point","coordinates":[1.9503,45.69494]}},{"type":"Feature","properties":{"nom":"Le Maspied","genre":"hamlet","rang":4,"pop":null},"geometry":{"type":"Point","coordinates":[2.08471,45.46082]}},{"type":"Feature","properties":{"nom":"Lespinasse","genre":"hamlet","rang":4,"pop":null},"geometry":{"type":"Point","coordinates":[2.21738,45.5631]}},{"type":"Feature","properties":{"nom":"Le Moulin d'Embouérime","genre":"hamlet","rang":4,"pop":null},"geometry":{"type":"Point","coordinates":[2.237,45.39896]}},{"type":"Feature","properties":{"nom":"Fleurac","genre":"hamlet","rang":4,"pop":null},"geometry":{"type":"Point","coordinates":[2.48051,45.35202]}},{"type":"Feature","properties":{"nom":"Fournol","genre":"hamlet","rang":4,"pop":null},"geometry":{"type":"Point","coordinates":[2.23854,45.3906]}},{"type":"Feature","properties":{"nom":"Le Servaleix","genre":"hamlet","rang":4,"pop":null},"geometry":{"type":"Point","coordinates":[2.25267,45.39852]}},{"type":"Feature","properties":{"nom":"Le Chastagnier","genre":"hamlet","rang":4,"pop":null},"geometry":{"type":"Point","coordinates":[2.21412,45.39591]}},{"type":"Feature","properties":{"nom":"Pellassiauve","genre":"hamlet","rang":4,"pop":null},"geometry":{"type":"Point","coordinates":[2.22647,45.41226]}},{"type":"Feature","properties":{"nom":"Lavignac","genre":"hamlet","rang":4,"pop":null},"geometry":{"type":"Point","coordinates":[2.39725,45.4414]}},{"type":"Feature","properties":{"nom":"Coudert","genre":"hamlet","rang":4,"pop":null},"geometry":{"type":"Point","coordinates":[1.97297,45.6008]}},{"type":"Feature","properties":{"nom":"Auchère","genre":"hamlet","rang":4,"pop":null},"geometry":{"type":"Point","coordinates":[2.03522,45.38886]}},{"type":"Feature","properties":{"nom":"Theil","genre":"hamlet","rang":4,"pop":null},"geometry":{"type":"Point","coordinates":[2.30336,45.42021]}},{"type":"Feature","properties":{"nom":"Ouzoulias","genre":"hamlet","rang":4,"pop":null},"geometry":{"type":"Point","coordinates":[2.31451,45.48506]}},{"type":"Feature","properties":{"nom":"La Chabrerie","genre":"hamlet","rang":4,"pop":null},"geometry":{"type":"Point","coordinates":[1.93821,45.37029]}},{"type":"Feature","properties":{"nom":"La Rivière","genre":"hamlet","rang":4,"pop":null},"geometry":{"type":"Point","coordinates":[1.94796,45.37254]}},{"type":"Feature","properties":{"nom":"Le Bourg","genre":"hamlet","rang":4,"pop":null},"geometry":{"type":"Point","coordinates":[1.936,45.37652]}},{"type":"Feature","properties":{"nom":"La Saulière","genre":"hamlet","rang":4,"pop":null},"geometry":{"type":"Point","coordinates":[2.04058,45.54653]}},{"type":"Feature","properties":{"nom":"Trancis","genre":"hamlet","rang":4,"pop":null},"geometry":{"type":"Point","coordinates":[2.47074,45.35236]}},{"type":"Feature","properties":{"nom":"Les Quatre Routes","genre":"hamlet","rang":4,"pop":null},"geometry":{"type":"Point","coordinates":[2.46403,45.35397]}},{"type":"Feature","properties":{"nom":"Pourcheret","genre":"hamlet","rang":4,"pop":null},"geometry":{"type":"Point","coordinates":[2.50081,45.35155]}},{"type":"Feature","properties":{"nom":"Les Jarousses","genre":"hamlet","rang":4,"pop":null},"geometry":{"type":"Point","coordinates":[2.08302,45.65176]}},{"type":"Feature","properties":{"nom":"Le Magimel","genre":"hamlet","rang":4,"pop":null},"geometry":{"type":"Point","coordinates":[2.0789,45.63645]}},{"type":"Feature","properties":{"nom":"Le Longy","genre":"hamlet","rang":4,"pop":null},"geometry":{"type":"Point","coordinates":[2.10471,45.66077]}},{"type":"Feature","properties":{"nom":"Le Suquet","genre":"hamlet","rang":4,"pop":null},"geometry":{"type":"Point","coordinates":[2.30167,45.61518]}},{"type":"Feature","properties":{"nom":"Brou","genre":"hamlet","rang":4,"pop":null},"geometry":{"type":"Point","coordinates":[2.30622,45.63864]}},{"type":"Feature","properties":{"nom":"Ceppe","genre":"hamlet","rang":4,"pop":null},"geometry":{"type":"Point","coordinates":[2.22866,45.56713]}},{"type":"Feature","properties":{"nom":"Le Chassagnol","genre":"hamlet","rang":4,"pop":null},"geometry":{"type":"Point","coordinates":[2.35261,45.45496]}},{"type":"Feature","properties":{"nom":"Marmontel","genre":"hamlet","rang":4,"pop":null},"geometry":{"type":"Point","coordinates":[2.34363,45.47008]}},{"type":"Feature","properties":{"nom":"Eybout","genre":"hamlet","rang":4,"pop":null},"geometry":{"type":"Point","coordinates":[2.32352,45.45565]}},{"type":"Feature","properties":{"nom":"Eyboulet","genre":"hamlet","rang":4,"pop":null},"geometry":{"type":"Point","coordinates":[2.33055,45.45484]}},{"type":"Feature","properties":{"nom":"Vernéjoux","genre":"hamlet","rang":4,"pop":null},"geometry":{"type":"Point","coordinates":[2.33876,45.47212]}},{"type":"Feature","properties":{"nom":"Celle","genre":"hamlet","rang":4,"pop":null},"geometry":{"type":"Point","coordinates":[2.29713,45.43035]}},{"type":"Feature","properties":{"nom":"Confondaux","genre":"hamlet","rang":4,"pop":null},"geometry":{"type":"Point","coordinates":[2.29738,45.44338]}},{"type":"Feature","properties":{"nom":"Chez Durieux","genre":"hamlet","rang":4,"pop":null},"geometry":{"type":"Point","coordinates":[2.30986,45.4502]}},{"type":"Feature","properties":{"nom":"La Chaumotte","genre":"hamlet","rang":4,"pop":null},"geometry":{"type":"Point","coordinates":[2.30666,45.44662]}},{"type":"Feature","properties":{"nom":"Chaumerliac","genre":"hamlet","rang":4,"pop":null},"geometry":{"type":"Point","coordinates":[2.31813,45.46541]}},{"type":"Feature","properties":{"nom":"Chassac-Haut","genre":"hamlet","rang":4,"pop":null},"geometry":{"type":"Point","coordinates":[2.31238,45.44683]}},{"type":"Feature","properties":{"nom":"Faux","genre":"hamlet","rang":4,"pop":null},"geometry":{"type":"Point","coordinates":[2.32715,45.40177]}},{"type":"Feature","properties":{"nom":"Peyroux","genre":"hamlet","rang":4,"pop":null},"geometry":{"type":"Point","coordinates":[2.31978,45.41681]}},{"type":"Feature","properties":{"nom":"Manzac","genre":"hamlet","rang":4,"pop":null},"geometry":{"type":"Point","coordinates":[2.31784,45.39502]}},{"type":"Feature","properties":{"nom":"Le Mont Bas","genre":"hamlet","rang":4,"pop":null},"geometry":{"type":"Point","coordinates":[2.33279,45.40558]}},{"type":"Feature","properties":{"nom":"Le Mont Haut","genre":"hamlet","rang":4,"pop":null},"geometry":{"type":"Point","coordinates":[2.33687,45.40502]}},{"type":"Feature","properties":{"nom":"La Peyrefade","genre":"hamlet","rang":4,"pop":null},"geometry":{"type":"Point","coordinates":[2.14784,45.38527]}},{"type":"Feature","properties":{"nom":"La Meynie","genre":"hamlet","rang":4,"pop":null},"geometry":{"type":"Point","coordinates":[2.15906,45.35479]}},{"type":"Feature","properties":{"nom":"Chaux","genre":"hamlet","rang":4,"pop":null},"geometry":{"type":"Point","coordinates":[2.34519,45.41884]}},{"type":"Feature","properties":{"nom":"Chaumeil","genre":"hamlet","rang":4,"pop":null},"geometry":{"type":"Point","coordinates":[2.0002,45.57701]}},{"type":"Feature","properties":{"nom":"Chavetourte","genre":"hamlet","rang":4,"pop":null},"geometry":{"type":"Point","coordinates":[2.07736,45.47494]}},{"type":"Feature","properties":{"nom":"La Mongie","genre":"hamlet","rang":4,"pop":null},"geometry":{"type":"Point","coordinates":[2.08107,45.47437]}},{"type":"Feature","properties":{"nom":"Pécresse","genre":"hamlet","rang":4,"pop":null},"geometry":{"type":"Point","coordinates":[2.0878,45.46841]}},{"type":"Feature","properties":{"nom":"Le Pézareix","genre":"hamlet","rang":4,"pop":null},"geometry":{"type":"Point","coordinates":[2.10493,45.49541]}},{"type":"Feature","properties":{"nom":"Besse","genre":"hamlet","rang":4,"pop":null},"geometry":{"type":"Point","coordinates":[2.11741,45.50721]}},{"type":"Feature","properties":{"nom":"Cisterne","genre":"hamlet","rang":4,"pop":null},"geometry":{"type":"Point","coordinates":[2.09901,45.50637]}},{"type":"Feature","properties":{"nom":"Le Pré Archer","genre":"hamlet","rang":4,"pop":null},"geometry":{"type":"Point","coordinates":[2.08142,45.50832]}},{"type":"Feature","properties":{"nom":"La Forêt","genre":"hamlet","rang":4,"pop":null},"geometry":{"type":"Point","coordinates":[2.09382,45.45213]}},{"type":"Feature","properties":{"nom":"La Matou","genre":"hamlet","rang":4,"pop":null},"geometry":{"type":"Point","coordinates":[2.07851,45.45183]}},{"type":"Feature","properties":{"nom":"Vedrenne","genre":"hamlet","rang":4,"pop":null},"geometry":{"type":"Point","coordinates":[2.31768,45.43245]}},{"type":"Feature","properties":{"nom":"La Guignerie","genre":"hamlet","rang":4,"pop":null},"geometry":{"type":"Point","coordinates":[2.17509,45.48643]}},{"type":"Feature","properties":{"nom":"Cronzat","genre":"hamlet","rang":4,"pop":null},"geometry":{"type":"Point","coordinates":[2.40661,45.40509]}},{"type":"Feature","properties":{"nom":"Chantegril","genre":"hamlet","rang":4,"pop":null},"geometry":{"type":"Point","coordinates":[2.34025,45.42099]}},{"type":"Feature","properties":{"nom":"Aumont","genre":"hamlet","rang":4,"pop":null},"geometry":{"type":"Point","coordinates":[2.17668,45.42971]}},{"type":"Feature","properties":{"nom":"Roumignac","genre":"hamlet","rang":4,"pop":null},"geometry":{"type":"Point","coordinates":[2.2303,45.54887]}},{"type":"Feature","properties":{"nom":"Razel","genre":"hamlet","rang":4,"pop":null},"geometry":{"type":"Point","coordinates":[1.99259,45.5713]}},{"type":"Feature","properties":{"nom":"Prentegarde","genre":"hamlet","rang":4,"pop":null},"geometry":{"type":"Point","coordinates":[2.32131,45.40402]}},{"type":"Feature","properties":{"nom":"Orliac","genre":"hamlet","rang":4,"pop":null},"geometry":{"type":"Point","coordinates":[1.97206,45.70991]}},{"type":"Feature","properties":{"nom":"Les Vialles","genre":"hamlet","rang":4,"pop":null},"geometry":{"type":"Point","coordinates":[2.44579,45.46069]}},{"type":"Feature","properties":{"nom":"Laubary","genre":"hamlet","rang":4,"pop":null},"geometry":{"type":"Point","coordinates":[1.97912,45.5228]}},{"type":"Feature","properties":{"nom":"La Chastre","genre":"hamlet","rang":4,"pop":null},"geometry":{"type":"Point","coordinates":[2.32165,45.39457]}},{"type":"Feature","properties":{"nom":"Chassagnac","genre":"hamlet","rang":4,"pop":null},"geometry":{"type":"Point","coordinates":[2.26831,45.5664]}},{"type":"Feature","properties":{"nom":"Chassagnac","genre":"hamlet","rang":4,"pop":null},"geometry":{"type":"Point","coordinates":[2.41227,45.43148]}},{"type":"Feature","properties":{"nom":"Arcan","genre":"hamlet","rang":4,"pop":null},"geometry":{"type":"Point","coordinates":[2.19247,45.36285]}},{"type":"Feature","properties":{"nom":"La Fontaine du Trait","genre":"hamlet","rang":4,"pop":null},"geometry":{"type":"Point","coordinates":[2.00345,45.37193]}},{"type":"Feature","properties":{"nom":"La Forêt","genre":"hamlet","rang":4,"pop":null},"geometry":{"type":"Point","coordinates":[2.47162,45.35886]}},{"type":"Feature","properties":{"nom":"Billoux","genre":"hamlet","rang":4,"pop":null},"geometry":{"type":"Point","coordinates":[2.36303,45.40396]}},{"type":"Feature","properties":{"nom":"Yeux","genre":"hamlet","rang":4,"pop":null},"geometry":{"type":"Point","coordinates":[2.29818,45.40782]}},{"type":"Feature","properties":{"nom":"Paillers","genre":"hamlet","rang":4,"pop":null},"geometry":{"type":"Point","coordinates":[2.32791,45.42368]}},{"type":"Feature","properties":{"nom":"Manzagol","genre":"hamlet","rang":4,"pop":null},"geometry":{"type":"Point","coordinates":[2.30528,45.39643]}},{"type":"Feature","properties":{"nom":"Les Queyriaux","genre":"hamlet","rang":4,"pop":null},"geometry":{"type":"Point","coordinates":[2.2455,45.5878]}},{"type":"Feature","properties":{"nom":"Le Soulier","genre":"hamlet","rang":4,"pop":null},"geometry":{"type":"Point","coordinates":[2.21234,45.55787]}},{"type":"Feature","properties":{"nom":"Les Bordes","genre":"hamlet","rang":4,"pop":null},"geometry":{"type":"Point","coordinates":[2.37319,45.50599]}},{"type":"Feature","properties":{"nom":"Le Maffrand","genre":"hamlet","rang":4,"pop":null},"geometry":{"type":"Point","coordinates":[2.37209,45.54153]}},{"type":"Feature","properties":{"nom":"La Valette","genre":"hamlet","rang":4,"pop":null},"geometry":{"type":"Point","coordinates":[2.32249,45.58316]}},{"type":"Feature","properties":{"nom":"La Rochette Haute","genre":"hamlet","rang":4,"pop":null},"geometry":{"type":"Point","coordinates":[2.15784,45.4668]}},{"type":"Feature","properties":{"nom":"Laborde","genre":"hamlet","rang":4,"pop":null},"geometry":{"type":"Point","coordinates":[2.40804,45.42702]}},{"type":"Feature","properties":{"nom":"Job","genre":"hamlet","rang":4,"pop":null},"geometry":{"type":"Point","coordinates":[2.30761,45.4301]}},{"type":"Feature","properties":{"nom":"Crouzet","genre":"hamlet","rang":4,"pop":null},"geometry":{"type":"Point","coordinates":[2.45214,45.47792]}},{"type":"Feature","properties":{"nom":"Ciaux","genre":"hamlet","rang":4,"pop":null},"geometry":{"type":"Point","coordinates":[2.46461,45.46276]}},{"type":"Feature","properties":{"nom":"Chaverochette","genre":"hamlet","rang":4,"pop":null},"geometry":{"type":"Point","coordinates":[2.25078,45.57291]}},{"type":"Feature","properties":{"nom":"Chambige","genre":"hamlet","rang":4,"pop":null},"geometry":{"type":"Point","coordinates":[2.23503,45.53968]}},{"type":"Feature","properties":{"nom":"Auchebie","genre":"hamlet","rang":4,"pop":null},"geometry":{"type":"Point","coordinates":[2.19687,45.39811]}},{"type":"Feature","properties":{"nom":"Antiges","genre":"hamlet","rang":4,"pop":null},"geometry":{"type":"Point","coordinates":[2.28649,45.39709]}},{"type":"Feature","properties":{"nom":"Les Chaumelles","genre":"hamlet","rang":4,"pop":null},"geometry":{"type":"Point","coordinates":[2.30796,45.41523]}},{"type":"Feature","properties":{"nom":"Les Tauves","genre":"hamlet","rang":4,"pop":null},"geometry":{"type":"Point","coordinates":[2.3955,45.48824]}},{"type":"Feature","properties":{"nom":"Le Vedeix","genre":"hamlet","rang":4,"pop":null},"geometry":{"type":"Point","coordinates":[2.37235,45.48691]}},{"type":"Feature","properties":{"nom":"La Chanjourde","genre":"hamlet","rang":4,"pop":null},"geometry":{"type":"Point","coordinates":[2.33479,45.5248]}},{"type":"Feature","properties":{"nom":"Entraygues","genre":"hamlet","rang":4,"pop":null},"geometry":{"type":"Point","coordinates":[2.32614,45.51873]}},{"type":"Feature","properties":{"nom":"Le Jouanel","genre":"hamlet","rang":4,"pop":null},"geometry":{"type":"Point","coordinates":[2.37551,45.53066]}},{"type":"Feature","properties":{"nom":"Le Riou","genre":"hamlet","rang":4,"pop":null},"geometry":{"type":"Point","coordinates":[2.35286,45.52845]}},{"type":"Feature","properties":{"nom":"Lognac","genre":"hamlet","rang":4,"pop":null},"geometry":{"type":"Point","coordinates":[2.34603,45.49098]}},{"type":"Feature","properties":{"nom":"Le Chassang","genre":"hamlet","rang":4,"pop":null},"geometry":{"type":"Point","coordinates":[2.34293,45.49219]}},{"type":"Feature","properties":{"nom":"Enclisse","genre":"hamlet","rang":4,"pop":null},"geometry":{"type":"Point","coordinates":[2.23127,45.58219]}},{"type":"Feature","properties":{"nom":"Saint-Germain le Lièvre","genre":"hamlet","rang":4,"pop":null},"geometry":{"type":"Point","coordinates":[2.17896,45.52054]}},{"type":"Feature","properties":{"nom":"Plachamp","genre":"hamlet","rang":4,"pop":null},"geometry":{"type":"Point","coordinates":[2.33407,45.39892]}},{"type":"Feature","properties":{"nom":"La Rigaudie","genre":"hamlet","rang":4,"pop":null},"geometry":{"type":"Point","coordinates":[2.49135,45.4523]}},{"type":"Feature","properties":{"nom":"Fonfreyde","genre":"hamlet","rang":4,"pop":null},"geometry":{"type":"Point","coordinates":[2.13841,45.46167]}},{"type":"Feature","properties":{"nom":"Mezeyrat","genre":"hamlet","rang":4,"pop":null},"geometry":{"type":"Point","coordinates":[2.46919,45.45902]}},{"type":"Feature","properties":{"nom":"Le Viereix","genre":"hamlet","rang":4,"pop":null},"geometry":{"type":"Point","coordinates":[2.1406,45.48133]}},{"type":"Feature","properties":{"nom":"Le Montbazet","genre":"hamlet","rang":4,"pop":null},"geometry":{"type":"Point","coordinates":[2.12795,45.52918]}},{"type":"Feature","properties":{"nom":"Le Chassaing","genre":"hamlet","rang":4,"pop":null},"geometry":{"type":"Point","coordinates":[2.25741,45.58776]}},{"type":"Feature","properties":{"nom":"Charreneuve","genre":"hamlet","rang":4,"pop":null},"geometry":{"type":"Point","coordinates":[2.19382,45.42207]}},{"type":"Feature","properties":{"nom":"Champier","genre":"hamlet","rang":4,"pop":null},"geometry":{"type":"Point","coordinates":[2.22901,45.43172]}},{"type":"Feature","properties":{"nom":"Augères","genre":"hamlet","rang":4,"pop":null},"geometry":{"type":"Point","coordinates":[2.27114,45.4283]}},{"type":"Feature","properties":{"nom":"Le Vaysse","genre":"hamlet","rang":4,"pop":null},"geometry":{"type":"Point","coordinates":[2.25912,45.56392]}},{"type":"Feature","properties":{"nom":"Les Plats","genre":"hamlet","rang":4,"pop":null},"geometry":{"type":"Point","coordinates":[1.97971,45.51864]}},{"type":"Feature","properties":{"nom":"Les Chezes","genre":"hamlet","rang":4,"pop":null},"geometry":{"type":"Point","coordinates":[2.14902,45.5198]}},{"type":"Feature","properties":{"nom":"Les Chassagnes","genre":"hamlet","rang":4,"pop":null},"geometry":{"type":"Point","coordinates":[2.29411,45.49499]}},{"type":"Feature","properties":{"nom":"Le Rebeyrix","genre":"hamlet","rang":4,"pop":null},"geometry":{"type":"Point","coordinates":[2.20647,45.56854]}},{"type":"Feature","properties":{"nom":"Le Montjoly","genre":"hamlet","rang":4,"pop":null},"geometry":{"type":"Point","coordinates":[2.24768,45.52596]}},{"type":"Feature","properties":{"nom":"Le Marouby","genre":"hamlet","rang":4,"pop":null},"geometry":{"type":"Point","coordinates":[1.98051,45.51523]}},{"type":"Feature","properties":{"nom":"Le Chadenier","genre":"hamlet","rang":4,"pop":null},"geometry":{"type":"Point","coordinates":[2.1834,45.54208]}},{"type":"Feature","properties":{"nom":"Lestang","genre":"hamlet","rang":4,"pop":null},"geometry":{"type":"Point","coordinates":[2.05368,45.41695]}},{"type":"Feature","properties":{"nom":"Les Chaussades","genre":"hamlet","rang":4,"pop":null},"geometry":{"type":"Point","coordinates":[1.9807,45.42608]}},{"type":"Feature","properties":{"nom":"Lacoste","genre":"hamlet","rang":4,"pop":null},"geometry":{"type":"Point","coordinates":[2.02119,45.43398]}},{"type":"Feature","properties":{"nom":"La Cheype","genre":"hamlet","rang":4,"pop":null},"geometry":{"type":"Point","coordinates":[1.97192,45.57667]}},{"type":"Feature","properties":{"nom":"Reix","genre":"hamlet","rang":4,"pop":null},"geometry":{"type":"Point","coordinates":[2.27335,45.48318]}},{"type":"Feature","properties":{"nom":"Les Veyssières","genre":"hamlet","rang":4,"pop":null},"geometry":{"type":"Point","coordinates":[1.97254,45.4209]}},{"type":"Feature","properties":{"nom":"Les Plats","genre":"hamlet","rang":4,"pop":null},"geometry":{"type":"Point","coordinates":[2.31052,45.61351]}},{"type":"Feature","properties":{"nom":"La Siauve","genre":"hamlet","rang":4,"pop":null},"geometry":{"type":"Point","coordinates":[2.23977,45.3713]}},{"type":"Feature","properties":{"nom":"La Porte","genre":"hamlet","rang":4,"pop":null},"geometry":{"type":"Point","coordinates":[2.32379,45.42688]}},{"type":"Feature","properties":{"nom":"Champoux","genre":"hamlet","rang":4,"pop":null},"geometry":{"type":"Point","coordinates":[2.44404,45.47951]}},{"type":"Feature","properties":{"nom":"Au Chauffour","genre":"hamlet","rang":4,"pop":null},"geometry":{"type":"Point","coordinates":[2.02132,45.43038]}},{"type":"Feature","properties":{"nom":"Langlade","genre":"hamlet","rang":4,"pop":null},"geometry":{"type":"Point","coordinates":[2.15342,45.70511]}},{"type":"Feature","properties":{"nom":"Lajazeix","genre":"hamlet","rang":4,"pop":null},"geometry":{"type":"Point","coordinates":[2.3061,45.5818]}},{"type":"Feature","properties":{"nom":"Le Monteil d'Entraygues","genre":"hamlet","rang":4,"pop":null},"geometry":{"type":"Point","coordinates":[2.33231,45.5158]}},{"type":"Feature","properties":{"nom":"Le Pradal","genre":"hamlet","rang":4,"pop":null},"geometry":{"type":"Point","coordinates":[2.24197,45.47768]}},{"type":"Feature","properties":{"nom":"La Boétie","genre":"hamlet","rang":4,"pop":null},"geometry":{"type":"Point","coordinates":[2.24881,45.48793]}},{"type":"Feature","properties":{"nom":"Murat","genre":"hamlet","rang":4,"pop":null},"geometry":{"type":"Point","coordinates":[2.2496,45.47336]}},{"type":"Feature","properties":{"nom":"Triouzoux","genre":"hamlet","rang":4,"pop":null},"geometry":{"type":"Point","coordinates":[2.25084,45.47917]}},{"type":"Feature","properties":{"nom":"Le Bouchaud","genre":"hamlet","rang":4,"pop":null},"geometry":{"type":"Point","coordinates":[2.22052,45.4592]}},{"type":"Feature","properties":{"nom":"Cussac","genre":"hamlet","rang":4,"pop":null},"geometry":{"type":"Point","coordinates":[2.22609,45.47819]}},{"type":"Feature","properties":{"nom":"Ouzoulias","genre":"hamlet","rang":4,"pop":null},"geometry":{"type":"Point","coordinates":[2.22963,45.48274]}},{"type":"Feature","properties":{"nom":"La Brousse","genre":"hamlet","rang":4,"pop":null},"geometry":{"type":"Point","coordinates":[2.22079,45.48133]}},{"type":"Feature","properties":{"nom":"Le Mas","genre":"hamlet","rang":4,"pop":null},"geometry":{"type":"Point","coordinates":[2.21759,45.48434]}},{"type":"Feature","properties":{"nom":"Le Peuch","genre":"hamlet","rang":4,"pop":null},"geometry":{"type":"Point","coordinates":[2.00841,45.38799]}},{"type":"Feature","properties":{"nom":"La Laubie","genre":"hamlet","rang":4,"pop":null},"geometry":{"type":"Point","coordinates":[2.20002,45.49797]}},{"type":"Feature","properties":{"nom":"Pradinas","genre":"hamlet","rang":4,"pop":null},"geometry":{"type":"Point","coordinates":[2.29383,45.51488]}},{"type":"Feature","properties":{"nom":"Lestrade","genre":"hamlet","rang":4,"pop":null},"geometry":{"type":"Point","coordinates":[2.27535,45.51084]}},{"type":"Feature","properties":{"nom":"Mamegout","genre":"hamlet","rang":4,"pop":null},"geometry":{"type":"Point","coordinates":[2.30503,45.53336]}},{"type":"Feature","properties":{"nom":"Puy Morel","genre":"hamlet","rang":4,"pop":null},"geometry":{"type":"Point","coordinates":[2.50469,45.38892]}},{"type":"Feature","properties":{"nom":"Le Sumergue","genre":"hamlet","rang":4,"pop":null},"geometry":{"type":"Point","coordinates":[2.29465,45.58427]}},{"type":"Feature","properties":{"nom":"Liez","genre":"hamlet","rang":4,"pop":null},"geometry":{"type":"Point","coordinates":[2.27854,45.47167]}},{"type":"Feature","properties":{"nom":"Valierguet","genre":"hamlet","rang":4,"pop":null},"geometry":{"type":"Point","coordinates":[2.30049,45.47159]}},{"type":"Feature","properties":{"nom":"Cournilloux","genre":"hamlet","rang":4,"pop":null},"geometry":{"type":"Point","coordinates":[2.29386,45.47348]}},{"type":"Feature","properties":{"nom":"Le Paulet","genre":"hamlet","rang":4,"pop":null},"geometry":{"type":"Point","coordinates":[2.28756,45.47313]}},{"type":"Feature","properties":{"nom":"Noutre","genre":"hamlet","rang":4,"pop":null},"geometry":{"type":"Point","coordinates":[2.28952,45.48742]}},{"type":"Feature","properties":{"nom":"L’Artaude","genre":"hamlet","rang":4,"pop":null},"geometry":{"type":"Point","coordinates":[2.30975,45.47698]}},{"type":"Feature","properties":{"nom":"Chassagnol","genre":"hamlet","rang":4,"pop":null},"geometry":{"type":"Point","coordinates":[2.29958,45.48304]}},{"type":"Feature","properties":{"nom":"Au Ponchet le Ponchet","genre":"hamlet","rang":4,"pop":null},"geometry":{"type":"Point","coordinates":[2.27589,45.47683]}},{"type":"Feature","properties":{"nom":"Les Rieux","genre":"hamlet","rang":4,"pop":null},"geometry":{"type":"Point","coordinates":[2.09718,45.54616]}}],"attribution":"© les contributeurs OpenStreetMap","licence":"ODbL","extrait_le":"2026-09-17","note":"Villes, bourgs, villages et hameaux. Affichés par paliers de zoom : Leaflet n'écarte pas les étiquettes, il les empile. Lieux-dits, écarts isolés et fermes écartés : près de cinq mille noms qui auraient empilé les étiquettes sans aider à se repérer."}