{"type":"FeatureCollection","features":[{"type":"Feature","properties":{"rang":"nationale"},"geometry":{"type":"LineString","coordinates":[[1.4894,45.1484],[1.489,45.1482],[1.4867,45.1476],[1.4863,45.1476],[1.4859,45.1473],[1.4837,45.1467],[1.4832,45.1467],[1.483,45.1468],[1.4827,45.1467],[1.4826,45.1465],[1.4822,45.1464],[1.4769,45.145],[1.4759,45.1446]]}},{"type":"Feature","properties":{"rang":"nationale"},"geometry":{"type":"LineString","coordinates":[[1.7165,45.1269],[1.7165,45.1271],[1.7162,45.1271],[1.7161,45.127],[1.7165,45.1269]]}},{"type":"Feature","properties":{"rang":"nationale"},"geometry":{"type":"LineString","coordinates":[[1.5972,45.1601],[1.5962,45.1602],[1.5956,45.1604],[1.5949,45.1607],[1.5942,45.1612],[1.5937,45.1616],[1.5927,45.1627],[1.5923,45.163],[1.5917,45.1633],[1.5891,45.1641],[1.5888,45.1643],[1.5886,45.1645]]}},{"type":"Feature","properties":{"rang":"nationale"},"geometry":{"type":"LineString","coordinates":[[1.4754,45.1445],[1.4754,45.1443],[1.4756,45.1442],[1.4758,45.1441],[1.4761,45.1444],[1.4759,45.1446],[1.4756,45.1447],[1.4754,45.1445]]}},{"type":"Feature","properties":{"rang":"nationale"},"geometry":{"type":"LineString","coordinates":[[1.4848,45.147],[1.4861,45.1473],[1.4865,45.1473],[1.4867,45.1475],[1.4891,45.1481],[1.4895,45.1482]]}},{"type":"Feature","properties":{"rang":"nationale"},"geometry":{"type":"LineString","coordinates":[[1.4833,45.1465],[1.4835,45.1466],[1.4848,45.147]]}},{"type":"Feature","properties":{"rang":"nationale"},"geometry":{"type":"LineString","coordinates":[[1.4583,45.14],[1.4579,45.1401],[1.4578,45.14],[1.4582,45.1398],[1.4583,45.14]]}},{"type":"Feature","properties":{"rang":"nationale"},"geometry":{"type":"LineString","coordinates":[[1.4753,45.1444],[1.4751,45.1443],[1.4742,45.1442],[1.4709,45.1433],[1.4707,45.1433]]}},{"type":"Feature","properties":{"rang":"nationale"},"geometry":{"type":"LineString","coordinates":[[1.4583,45.1399],[1.4593,45.1401],[1.4605,45.1404],[1.4676,45.1423],[1.4694,45.1428],[1.4702,45.1431]]}},{"type":"Feature","properties":{"rang":"nationale"},"geometry":{"type":"LineString","coordinates":[[1.4761,45.1445],[1.4768,45.1448],[1.481,45.1459],[1.4824,45.1463],[1.4827,45.1464]]}},{"type":"Feature","properties":{"rang":"nationale"},"geometry":{"type":"LineString","coordinates":[[1.4381,45.1283],[1.4384,45.1283],[1.4383,45.1285],[1.438,45.1285],[1.4381,45.1283]]}},{"type":"Feature","properties":{"rang":"nationale"},"geometry":{"type":"LineString","coordinates":[[1.4831,45.1468],[1.4829,45.1469],[1.4822,45.1488],[1.4823,45.1492],[1.4821,45.1493],[1.4817,45.1492],[1.4817,45.149],[1.482,45.1487],[1.4825,45.1474],[1.4826,45.1469],[1.4824,45.1465],[1.482,45.1463]]}},{"type":"Feature","properties":{"rang":"nationale"},"geometry":{"type":"LineString","coordinates":[[1.5406,45.164],[1.5412,45.1651],[1.5414,45.1655],[1.5417,45.1659]]}},{"type":"Feature","properties":{"rang":"nationale"},"geometry":{"type":"LineString","coordinates":[[1.4899,45.1483],[1.4901,45.1484],[1.4923,45.149],[1.4939,45.1494]]}},{"type":"Feature","properties":{"rang":"nationale"},"geometry":{"type":"LineString","coordinates":[[1.5205,45.1653],[1.5215,45.1642],[1.5223,45.1645],[1.5239,45.1646],[1.5257,45.1648],[1.5278,45.1648],[1.5285,45.1647],[1.5306,45.1649],[1.5315,45.165],[1.5319,45.1651]]}},{"type":"Feature","properties":{"rang":"nationale"},"geometry":{"type":"LineString","coordinates":[[1.4945,45.1496],[1.4941,45.1496]]}},{"type":"Feature","properties":{"rang":"nationale"},"geometry":{"type":"LineString","coordinates":[[1.5943,45.1781],[1.5952,45.178],[1.5958,45.1779],[1.5978,45.1773],[1.5989,45.1771],[1.5982,45.1773],[1.5958,45.178],[1.5945,45.1782],[1.5943,45.1783]]}},{"type":"Feature","properties":{"rang":"nationale"},"geometry":{"type":"LineString","coordinates":[[1.5943,45.1783],[1.594,45.1785],[1.5937,45.1783],[1.5938,45.1781],[1.594,45.178],[1.5943,45.1781],[1.5943,45.1783]]}},{"type":"Feature","properties":{"rang":"nationale"},"geometry":{"type":"LineString","coordinates":[[1.5937,45.1783],[1.5933,45.1781]]}},{"type":"Feature","properties":{"rang":"nationale"},"geometry":{"type":"LineString","coordinates":[[1.6092,45.1727],[1.6104,45.1722],[1.6113,45.172],[1.6118,45.172],[1.6139,45.1719],[1.6164,45.1718],[1.6172,45.1719],[1.6186,45.1722],[1.6191,45.1723],[1.6197,45.1726],[1.6205,45.1731],[1.6209,45.1734],[1.6214,45.1739],[1.6221,45.1749],[1.6225,45.1754],[1.6231,45.1757],[1.6237,45.176],[1.6244,45.1762],[1.6259,45.1765],[1.6279,45.1765],[1.6286,45.1766],[1.629,45.1768],[1.6297,45.1771],[1.63,45.1774],[1.6304,45.1778],[1.6309,45.1788],[1.6311,45.1791],[1.6314,45.1794],[1.6328,45.1805],[1.6339,45.1812],[1.6347,45.1816],[1.6351,45.1817],[1.6363,45.1818],[1.6367,45.1819],[1.6375,45.1818],[1.638,45.1817],[1.6393,45.1817],[1.6404,45.1818],[1.6415,45.1821],[1.642,45.1821],[1.6429,45.1821],[1.6442,45.1819],[1.6453,45.1817],[1.6463,45.1814],[1.6485,45.1805],[1.6495,45.1802],[1.6501,45.1801],[1.6511,45.18],[1.6519,45.1801],[1.6533,45.1804],[1.6545,45.1808],[1.6552,45.1811],[1.656,45.1817],[1.6564,45.1821],[1.6567,45.1824],[1.6569,45.1829],[1.657,45.1834],[1.657,45.1839],[1.6569,45.1843],[1.6567,45.1848],[1.6557,45.1863],[1.6556,45.1864],[1.6536,45.1896],[1.6533,45.1903],[1.6534,45.191],[1.6535,45.1915],[1.6537,45.1918],[1.6551,45.1934],[1.6551,45.1934],[1.6543,45.1927],[1.6537,45.1919],[1.6535,45.1916],[1.6533,45.1911],[1.6533,45.1905],[1.6533,45.1903]]}},{"type":"Feature","properties":{"rang":"nationale"},"geometry":{"type":"LineString","coordinates":[[1.5643,45.1704],[1.5642,45.1705],[1.564,45.1705],[1.564,45.1703],[1.5643,45.1704]]}},{"type":"Feature","properties":{"rang":"nationale"},"geometry":{"type":"LineString","coordinates":[[1.5692,45.1727],[1.5692,45.1728],[1.5703,45.1737],[1.5705,45.1739],[1.5711,45.174],[1.5722,45.1741],[1.5739,45.1744],[1.5749,45.1745],[1.5767,45.1746],[1.5776,45.1747],[1.5782,45.1748],[1.5818,45.1759],[1.583,45.1763],[1.5833,45.1764],[1.5853,45.1767],[1.5906,45.1776],[1.5915,45.1776]]}},{"type":"Feature","properties":{"rang":"nationale"},"geometry":{"type":"LineString","coordinates":[[1.5646,45.1704],[1.5643,45.1704]]}},{"type":"Feature","properties":{"rang":"nationale"},"geometry":{"type":"LineString","coordinates":[[1.5637,45.1705],[1.5639,45.1704]]}},{"type":"Feature","properties":{"rang":"nationale"},"geometry":{"type":"LineString","coordinates":[[1.564,45.1705],[1.5637,45.1705]]}},{"type":"Feature","properties":{"rang":"nationale"},"geometry":{"type":"LineString","coordinates":[[1.4689,45.169],[1.4692,45.1691],[1.4699,45.1693],[1.4689,45.1693],[1.4687,45.1694],[1.4682,45.1696],[1.4679,45.1695],[1.4677,45.1693],[1.4677,45.1691],[1.468,45.1687],[1.4682,45.1687],[1.4686,45.1687],[1.4688,45.1689],[1.4689,45.1693]]}},{"type":"Feature","properties":{"rang":"nationale"},"geometry":{"type":"LineString","coordinates":[[1.5915,45.1777],[1.5906,45.1776]]}},{"type":"Feature","properties":{"rang":"nationale"},"geometry":{"type":"LineString","coordinates":[[1.5918,45.1776],[1.5919,45.1777],[1.5916,45.1778],[1.5915,45.1777],[1.5918,45.1776]]}},{"type":"Feature","properties":{"rang":"nationale"},"geometry":{"type":"LineString","coordinates":[[1.5919,45.1776],[1.5931,45.178],[1.5938,45.1781]]}},{"type":"Feature","properties":{"rang":"nationale"},"geometry":{"type":"LineString","coordinates":[[1.5927,45.178],[1.5921,45.1778],[1.5917,45.1778]]}},{"type":"Feature","properties":{"rang":"nationale"},"geometry":{"type":"LineString","coordinates":[[1.5417,45.1659],[1.542,45.1661],[1.5418,45.1663],[1.5415,45.1661],[1.5417,45.1659]]}},{"type":"Feature","properties":{"rang":"nationale"},"geometry":{"type":"LineString","coordinates":[[1.5436,45.1664],[1.542,45.1662]]}},{"type":"Feature","properties":{"rang":"nationale"},"geometry":{"type":"LineString","coordinates":[[1.505,45.1627],[1.5063,45.1627],[1.5074,45.1627],[1.5081,45.1626],[1.5089,45.1623],[1.5097,45.1619],[1.51,45.1618],[1.5114,45.1616],[1.514,45.1614],[1.5143,45.1614],[1.5148,45.1616],[1.5159,45.1624],[1.5175,45.1633],[1.5185,45.1638],[1.5189,45.1639],[1.5206,45.1639],[1.5215,45.1642],[1.5224,45.1633],[1.5228,45.1627],[1.5232,45.1606],[1.5237,45.1577],[1.5235,45.1574],[1.5237,45.1574],[1.5244,45.1557],[1.5246,45.1555],[1.5251,45.1554],[1.5271,45.1553],[1.5275,45.1552],[1.5286,45.1547],[1.5286,45.1547],[1.5276,45.1553],[1.5271,45.1553]]}},{"type":"Feature","properties":{"rang":"nationale"},"geometry":{"type":"LineString","coordinates":[[1.472,45.1693],[1.472,45.1695],[1.4718,45.1696],[1.4715,45.1696],[1.4715,45.1693],[1.4717,45.1692],[1.472,45.1693]]}},{"type":"Feature","properties":{"rang":"nationale"},"geometry":{"type":"LineString","coordinates":[[1.4699,45.1693],[1.4709,45.1693],[1.4715,45.1693]]}},{"type":"Feature","properties":{"rang":"nationale"},"geometry":{"type":"LineString","coordinates":[[1.4714,45.1695],[1.4709,45.1693]]}},{"type":"Feature","properties":{"rang":"nationale"},"geometry":{"type":"LineString","coordinates":[[1.5297,45.1542],[1.5287,45.1547]]}},{"type":"Feature","properties":{"rang":"nationale"},"geometry":{"type":"LineString","coordinates":[[1.5818,45.1622],[1.5816,45.1623],[1.5812,45.1622],[1.5812,45.162],[1.5814,45.162],[1.5818,45.1622]]}},{"type":"Feature","properties":{"rang":"nationale"},"geometry":{"type":"LineString","coordinates":[[1.6894,45.2138],[1.6869,45.2127],[1.6869,45.2126],[1.689,45.2135],[1.6895,45.2137],[1.6936,45.2156],[1.695,45.2162],[1.6955,45.2165],[1.695,45.2163],[1.6935,45.2156],[1.6914,45.2147],[1.6894,45.2138]]}},{"type":"Feature","properties":{"rang":"nationale"},"geometry":{"type":"LineString","coordinates":[[1.6859,45.2121],[1.6852,45.2118],[1.6843,45.2112],[1.6838,45.2108],[1.6832,45.2103],[1.6829,45.2097],[1.6826,45.2085],[1.6824,45.2081],[1.6819,45.2076],[1.6812,45.2072],[1.6803,45.2069],[1.6778,45.2063]]}},{"type":"Feature","properties":{"rang":"nationale"},"geometry":{"type":"LineString","coordinates":[[1.6727,45.206],[1.6746,45.2058],[1.6752,45.2058],[1.6759,45.2059],[1.6778,45.2063]]}},{"type":"Feature","properties":{"rang":"nationale"},"geometry":{"type":"LineString","coordinates":[[1.6726,45.206],[1.6727,45.206]]}},{"type":"Feature","properties":{"rang":"nationale"},"geometry":{"type":"LineString","coordinates":[[1.671,45.2062],[1.6726,45.206]]}},{"type":"Feature","properties":{"rang":"nationale"},"geometry":{"type":"LineString","coordinates":[[1.5316,45.1652],[1.526,45.1661],[1.5248,45.1661],[1.5244,45.1661],[1.5232,45.1658],[1.5178,45.1648],[1.5172,45.1648],[1.5153,45.1648],[1.5121,45.1647],[1.5087,45.1647],[1.5025,45.1646],[1.5024,45.1644],[1.5025,45.1642],[1.5027,45.163],[1.5028,45.163],[1.5026,45.1634]]}},{"type":"Feature","properties":{"rang":"nationale"},"geometry":{"type":"LineString","coordinates":[[1.5052,45.1526],[1.505,45.1528],[1.5049,45.1526]]}},{"type":"Feature","properties":{"rang":"nationale"},"geometry":{"type":"LineString","coordinates":[[1.503,45.1629],[1.5033,45.163],[1.5042,45.1627],[1.505,45.1627]]}},{"type":"Feature","properties":{"rang":"nationale"},"geometry":{"type":"LineString","coordinates":[[1.5408,45.1619],[1.5405,45.1637],[1.5406,45.164],[1.5404,45.1638],[1.5405,45.1637]]}},{"type":"Feature","properties":{"rang":"nationale"},"geometry":{"type":"LineString","coordinates":[[1.5404,45.1576],[1.5406,45.159],[1.5408,45.1615],[1.5408,45.1619]]}},{"type":"Feature","properties":{"rang":"nationale"},"geometry":{"type":"LineString","coordinates":[[1.5384,45.1543],[1.54,45.1553],[1.5401,45.1554],[1.5403,45.1567],[1.5404,45.1576],[1.5414,45.1576],[1.5467,45.1578],[1.5501,45.1578],[1.5539,45.1579],[1.5546,45.1579],[1.5557,45.158],[1.5546,45.158],[1.5546,45.1579]]}},{"type":"Feature","properties":{"rang":"nationale"},"geometry":{"type":"LineString","coordinates":[[1.5344,45.1532],[1.533,45.1533]]}},{"type":"Feature","properties":{"rang":"nationale"},"geometry":{"type":"LineString","coordinates":[[1.5299,45.1541],[1.5309,45.1537],[1.5316,45.1535]]}},{"type":"Feature","properties":{"rang":"nationale"},"geometry":{"type":"LineString","coordinates":[[1.5029,45.1627],[1.5028,45.163],[1.5033,45.163]]}},{"type":"Feature","properties":{"rang":"nationale"},"geometry":{"type":"LineString","coordinates":[[1.503,45.162],[1.5029,45.1627]]}},{"type":"Feature","properties":{"rang":"nationale"},"geometry":{"type":"LineString","coordinates":[[1.5595,45.1582],[1.559,45.1581],[1.5574,45.158],[1.5574,45.158],[1.559,45.158],[1.5623,45.1589],[1.5658,45.1598],[1.5664,45.1599],[1.5724,45.1603],[1.5759,45.1606],[1.5766,45.1607],[1.5771,45.1609]]}},{"type":"Feature","properties":{"rang":"nationale"},"geometry":{"type":"LineString","coordinates":[[1.5018,45.1515],[1.5031,45.1519],[1.5033,45.1519],[1.505,45.1524]]}},{"type":"Feature","properties":{"rang":"nationale"},"geometry":{"type":"LineString","coordinates":[[1.5122,45.1543],[1.5129,45.1545],[1.5156,45.1553],[1.5171,45.1556],[1.5187,45.1561],[1.5199,45.1564],[1.5235,45.1574]]}},{"type":"Feature","properties":{"rang":"nationale"},"geometry":{"type":"LineString","coordinates":[[1.5045,45.1549],[1.5042,45.1564]]}},{"type":"Feature","properties":{"rang":"nationale"},"geometry":{"type":"LineString","coordinates":[[1.5033,45.1606],[1.503,45.162]]}},{"type":"Feature","properties":{"rang":"nationale"},"geometry":{"type":"LineString","coordinates":[[1.5036,45.1593],[1.5033,45.1606]]}},{"type":"Feature","properties":{"rang":"nationale"},"geometry":{"type":"LineString","coordinates":[[1.4898,45.1482],[1.4899,45.1484],[1.4897,45.1485],[1.4894,45.1484],[1.4895,45.1482],[1.4898,45.1482]]}},{"type":"Feature","properties":{"rang":"nationale"},"geometry":{"type":"LineString","coordinates":[[1.4941,45.1494],[1.494,45.1496],[1.4938,45.1494],[1.4941,45.1494]]}},{"type":"Feature","properties":{"rang":"nationale"},"geometry":{"type":"LineString","coordinates":[[1.4701,45.1432],[1.4694,45.1429],[1.464,45.1415],[1.4622,45.141],[1.4589,45.1401],[1.4583,45.14]]}},{"type":"Feature","properties":{"rang":"nationale"},"geometry":{"type":"LineString","coordinates":[[1.4706,45.1434],[1.4702,45.1433],[1.4702,45.1431],[1.4706,45.143],[1.4707,45.1432],[1.4706,45.1434]]}},{"type":"Feature","properties":{"rang":"nationale"},"geometry":{"type":"LineString","coordinates":[[1.4938,45.1495],[1.4935,45.1494],[1.4903,45.1485],[1.4898,45.1484]]}},{"type":"Feature","properties":{"rang":"nationale"},"geometry":{"type":"LineString","coordinates":[[1.5057,45.1526],[1.5052,45.1527],[1.5049,45.1529],[1.5045,45.1549]]}},{"type":"Feature","properties":{"rang":"nationale"},"geometry":{"type":"LineString","coordinates":[[1.4707,45.1432],[1.4723,45.1436],[1.4738,45.144],[1.4747,45.1442],[1.4755,45.1442]]}},{"type":"Feature","properties":{"rang":"nationale"},"geometry":{"type":"LineString","coordinates":[[1.484,45.1468],[1.4836,45.1468],[1.4832,45.1469],[1.4828,45.1472]]}},{"type":"Feature","properties":{"rang":"nationale"},"geometry":{"type":"LineString","coordinates":[[1.5318,45.1652],[1.5321,45.165],[1.532,45.1653],[1.5316,45.1652]]}},{"type":"Feature","properties":{"rang":"nationale"},"geometry":{"type":"LineString","coordinates":[[1.5324,45.1651],[1.5322,45.1652]]}},{"type":"Feature","properties":{"rang":"nationale"},"geometry":{"type":"LineString","coordinates":[[1.4354,45.1279],[1.4301,45.127]]}},{"type":"Feature","properties":{"rang":"nationale"},"geometry":{"type":"LineString","coordinates":[[1.4376,45.1283],[1.4354,45.1279]]}},{"type":"Feature","properties":{"rang":"nationale"},"geometry":{"type":"LineString","coordinates":[[1.5602,45.169],[1.5602,45.1688],[1.5605,45.1688],[1.5609,45.1692],[1.5618,45.1697],[1.5625,45.1703],[1.5625,45.1704],[1.5618,45.1698],[1.5606,45.1691],[1.5596,45.1689],[1.5601,45.1689]]}},{"type":"Feature","properties":{"rang":"nationale"},"geometry":{"type":"LineString","coordinates":[[1.5792,45.1614],[1.5805,45.1618],[1.581,45.162],[1.5812,45.162]]}},{"type":"Feature","properties":{"rang":"nationale"},"geometry":{"type":"LineString","coordinates":[[1.6142,45.154],[1.6166,45.1538],[1.6189,45.1537],[1.62,45.1536],[1.6218,45.1531],[1.6225,45.153],[1.6229,45.153],[1.6238,45.1531],[1.6263,45.1536],[1.6276,45.1538],[1.6282,45.1538],[1.6293,45.1537],[1.6303,45.1535],[1.631,45.1534],[1.6328,45.153],[1.6334,45.1528],[1.6344,45.1525],[1.6347,45.1523],[1.6353,45.1519],[1.6357,45.1513],[1.6361,45.1503],[1.6362,45.1499],[1.6361,45.1495],[1.6356,45.1482],[1.6355,45.1474],[1.6356,45.1463],[1.6357,45.1458],[1.6363,45.1439],[1.6363,45.1432],[1.6367,45.1426],[1.6371,45.1422],[1.6376,45.1418],[1.6382,45.1413],[1.6385,45.1409],[1.6389,45.1406],[1.6397,45.1403],[1.6404,45.1402],[1.642,45.1402],[1.6425,45.14],[1.6429,45.1398],[1.6434,45.1395],[1.6447,45.1385],[1.645,45.1383],[1.6452,45.138],[1.6456,45.1371],[1.646,45.1366],[1.6479,45.1353],[1.6485,45.135],[1.6489,45.1349],[1.6494,45.1349],[1.6503,45.1351],[1.6517,45.1352],[1.6527,45.1353],[1.6532,45.1353],[1.6538,45.1352],[1.6541,45.135],[1.6551,45.1341],[1.6554,45.1338],[1.6558,45.1328],[1.6569,45.1315]]}},{"type":"Feature","properties":{"rang":"nationale"},"geometry":{"type":"LineString","coordinates":[[1.5972,45.1601],[1.5978,45.16],[1.5981,45.1598],[1.5985,45.1595],[1.599,45.1589],[1.5994,45.1586],[1.6001,45.1582],[1.6018,45.1575],[1.6023,45.1573],[1.603,45.1571],[1.6039,45.1571],[1.605,45.1571],[1.6056,45.1571],[1.6065,45.1569],[1.6101,45.1557],[1.6117,45.1553],[1.6122,45.1551],[1.6131,45.1544],[1.6137,45.1541],[1.6142,45.154]]}},{"type":"Feature","properties":{"rang":"nationale"},"geometry":{"type":"LineString","coordinates":[[1.5049,45.1525],[1.5048,45.1524],[1.5033,45.152],[1.5031,45.1519]]}},{"type":"Feature","properties":{"rang":"nationale"},"geometry":{"type":"LineString","coordinates":[[1.4575,45.1398],[1.4554,45.1393],[1.4545,45.1391],[1.4525,45.1389],[1.4516,45.1387],[1.4505,45.1384],[1.4486,45.1377],[1.4477,45.1372],[1.4474,45.1369],[1.4468,45.1364],[1.4455,45.1352],[1.445,45.1346],[1.4447,45.1343],[1.4446,45.1339],[1.4445,45.1332],[1.4445,45.1323],[1.4444,45.1316],[1.4441,45.131],[1.4435,45.1305],[1.4415,45.1295],[1.4408,45.1292],[1.4388,45.1286],[1.4384,45.1285]]}},{"type":"Feature","properties":{"rang":"nationale"},"geometry":{"type":"LineString","coordinates":[[1.5562,45.158],[1.5574,45.158]]}},{"type":"Feature","properties":{"rang":"nationale"},"geometry":{"type":"LineString","coordinates":[[1.5374,45.1655],[1.5409,45.166],[1.5415,45.166]]}},{"type":"Feature","properties":{"rang":"nationale"},"geometry":{"type":"LineString","coordinates":[[1.5331,45.1651],[1.5353,45.1653],[1.5374,45.1655]]}},{"type":"Feature","properties":{"rang":"nationale"},"geometry":{"type":"LineString","coordinates":[[1.5465,45.1669],[1.5479,45.1671],[1.5486,45.1672],[1.5497,45.1674],[1.5488,45.1673],[1.5479,45.1671]]}},{"type":"Feature","properties":{"rang":"nationale"},"geometry":{"type":"LineString","coordinates":[[1.4826,45.1472],[1.4827,45.1467]]}},{"type":"Feature","properties":{"rang":"nationale"},"geometry":{"type":"LineString","coordinates":[[1.5328,45.1534],[1.5316,45.1535]]}},{"type":"Feature","properties":{"rang":"nationale"},"geometry":{"type":"LineString","coordinates":[[1.5344,45.1532],[1.5353,45.153],[1.5356,45.153],[1.536,45.1532],[1.5384,45.1543]]}},{"type":"Feature","properties":{"rang":"nationale"},"geometry":{"type":"LineString","coordinates":[[1.4954,45.1499],[1.4978,45.1505],[1.5018,45.1515]]}},{"type":"Feature","properties":{"rang":"nationale"},"geometry":{"type":"LineString","coordinates":[[1.5027,45.1634],[1.5026,45.1642],[1.5028,45.1645],[1.5032,45.1646]]}},{"type":"Feature","properties":{"rang":"nationale"},"geometry":{"type":"LineString","coordinates":[[1.6581,45.1303],[1.6585,45.1302],[1.6594,45.1297],[1.6605,45.129],[1.6623,45.1282],[1.6631,45.128],[1.6641,45.1278],[1.6648,45.1277],[1.6651,45.1278],[1.6656,45.128],[1.667,45.1284],[1.6683,45.1289],[1.6698,45.1291],[1.6702,45.1294],[1.6705,45.1297],[1.6713,45.1305],[1.6716,45.1308],[1.6721,45.131],[1.6727,45.1314],[1.6735,45.1322],[1.6741,45.1327],[1.6745,45.1328],[1.6753,45.1327],[1.6758,45.1324],[1.6772,45.1313],[1.6783,45.1309],[1.6791,45.1306],[1.6802,45.1306],[1.6807,45.1305],[1.6816,45.1301],[1.6822,45.1297],[1.6826,45.1294],[1.6836,45.1288],[1.6839,45.1285],[1.6854,45.127],[1.6859,45.1267],[1.6868,45.1263],[1.6873,45.1259],[1.6881,45.1255],[1.6887,45.1251],[1.6896,45.1243],[1.69,45.1242],[1.6909,45.1239],[1.6915,45.1238],[1.6925,45.1238],[1.6938,45.1236],[1.6947,45.1236],[1.6953,45.1234],[1.6969,45.1227],[1.6984,45.122],[1.7002,45.1212],[1.7011,45.1208],[1.7029,45.12],[1.7034,45.1199],[1.7039,45.1199],[1.705,45.12],[1.7057,45.12],[1.7064,45.1198],[1.7067,45.1195],[1.7073,45.1189],[1.7077,45.1187],[1.708,45.1188],[1.7082,45.1189],[1.7084,45.1193],[1.7082,45.1195],[1.7073,45.1201],[1.707,45.1204],[1.7068,45.121],[1.7067,45.1214],[1.707,45.1218],[1.7081,45.1231],[1.7085,45.1234],[1.709,45.1237],[1.7096,45.1239],[1.7102,45.1239],[1.7134,45.1234],[1.7142,45.1232],[1.7154,45.1232],[1.7173,45.1231],[1.7177,45.1232],[1.7179,45.1233],[1.718,45.1235],[1.718,45.1236],[1.7176,45.1238],[1.7167,45.124],[1.7164,45.1241],[1.7162,45.1244],[1.7163,45.1249],[1.716,45.1251],[1.7157,45.1252],[1.715,45.1251],[1.7147,45.1252],[1.7143,45.1254],[1.7142,45.1256],[1.7142,45.1259],[1.7143,45.1261],[1.7147,45.1264],[1.7151,45.1264],[1.7154,45.1266],[1.7157,45.1269],[1.7162,45.1269]]}},{"type":"Feature","properties":{"rang":"nationale"},"geometry":{"type":"LineString","coordinates":[[1.553,45.1679],[1.5572,45.1685],[1.5596,45.1689]]}},{"type":"Feature","properties":{"rang":"nationale"},"geometry":{"type":"LineString","coordinates":[[1.505,45.1528],[1.5049,45.1529]]}},{"type":"Feature","properties":{"rang":"nationale"},"geometry":{"type":"LineString","coordinates":[[1.5049,45.1524],[1.5051,45.1523],[1.5054,45.1524],[1.5053,45.1526],[1.505,45.1526],[1.5049,45.1524]]}},{"type":"Feature","properties":{"rang":"nationale"},"geometry":{"type":"LineString","coordinates":[[1.5071,45.153],[1.5122,45.1543]]}},{"type":"Feature","properties":{"rang":"nationale"},"geometry":{"type":"LineString","coordinates":[[1.5054,45.1524],[1.5055,45.1525],[1.507,45.1529],[1.507,45.153],[1.5057,45.1526],[1.5053,45.1526]]}},{"type":"Feature","properties":{"rang":"nationale"},"geometry":{"type":"LineString","coordinates":[[1.5597,45.1583],[1.5595,45.1582]]}},{"type":"Feature","properties":{"rang":"nationale"},"geometry":{"type":"LineString","coordinates":[[1.6602,45.2003],[1.6604,45.2009],[1.6606,45.2013],[1.6613,45.2021],[1.6617,45.2025],[1.6622,45.2029],[1.6632,45.2036],[1.6649,45.2052],[1.6656,45.2057],[1.6666,45.206],[1.6672,45.2061],[1.6687,45.2062],[1.6698,45.2063],[1.671,45.2062]]}},{"type":"Feature","properties":{"rang":"nationale"},"geometry":{"type":"LineString","coordinates":[[1.6595,45.1983],[1.6593,45.1979],[1.6589,45.1973],[1.6571,45.1956],[1.6564,45.1949],[1.6564,45.1948],[1.6572,45.1956],[1.6581,45.1965],[1.6589,45.1973],[1.6593,45.1977],[1.6595,45.1981],[1.6599,45.199],[1.6602,45.2002],[1.6602,45.2002],[1.6598,45.199],[1.6595,45.1983]]}},{"type":"Feature","properties":{"rang":"nationale"},"geometry":{"type":"LineString","coordinates":[[1.6411,45.182],[1.6408,45.182],[1.6401,45.1818]]}},{"type":"Feature","properties":{"rang":"nationale"},"geometry":{"type":"LineString","coordinates":[[1.5026,45.1644],[1.5025,45.1646]]}},{"type":"Feature","properties":{"rang":"nationale"},"geometry":{"type":"LineString","coordinates":[[1.7575,45.1312],[1.7569,45.131],[1.7561,45.1309],[1.7555,45.1309],[1.7544,45.131],[1.7538,45.131],[1.7533,45.1309],[1.7531,45.1307],[1.7528,45.1303],[1.7526,45.1298],[1.7523,45.1294],[1.752,45.1292],[1.7516,45.1292],[1.7512,45.1293],[1.7507,45.1295],[1.7496,45.1302],[1.749,45.1305],[1.7486,45.1307],[1.7479,45.1308],[1.7466,45.1307],[1.746,45.1306],[1.745,45.1303],[1.7447,45.1301],[1.7444,45.1298],[1.7441,45.129],[1.7437,45.1286],[1.7434,45.1285],[1.7429,45.1283],[1.7424,45.1283],[1.7417,45.1284],[1.7409,45.1288],[1.7402,45.1288],[1.7394,45.1289],[1.7386,45.1288],[1.738,45.1286],[1.7376,45.1282],[1.7372,45.1275],[1.7371,45.127],[1.7371,45.1264],[1.7371,45.1261],[1.7366,45.1258],[1.7363,45.1258],[1.7357,45.1261],[1.7351,45.1264],[1.7348,45.1266],[1.7344,45.1266],[1.734,45.1266],[1.7335,45.1264],[1.7328,45.1258],[1.7326,45.1257],[1.7317,45.1257],[1.7313,45.1257],[1.731,45.1256],[1.7308,45.1253],[1.7307,45.1246],[1.7305,45.1243],[1.7302,45.1242],[1.7297,45.1242],[1.7284,45.1242],[1.7277,45.1244],[1.7271,45.1249],[1.7266,45.1252],[1.7257,45.1254],[1.7249,45.1252],[1.7245,45.1252],[1.7225,45.1251],[1.7222,45.1251],[1.7217,45.1253],[1.7214,45.1254],[1.721,45.1259],[1.7208,45.1261],[1.7202,45.1263],[1.7195,45.1263],[1.7179,45.1264],[1.7174,45.1266],[1.717,45.1268],[1.7165,45.127]]}},{"type":"Feature","properties":{"rang":"nationale"},"geometry":{"type":"LineString","coordinates":[[1.6576,45.1305],[1.6581,45.1303]]}},{"type":"Feature","properties":{"rang":"nationale"},"geometry":{"type":"LineString","coordinates":[[1.504,45.1573],[1.5036,45.1593]]}},{"type":"Feature","properties":{"rang":"nationale"},"geometry":{"type":"LineString","coordinates":[[1.5043,45.1565],[1.5041,45.1566],[1.5041,45.1564],[1.5043,45.1565]]}},{"type":"Feature","properties":{"rang":"nationale"},"geometry":{"type":"LineString","coordinates":[[1.5627,45.1705],[1.563,45.1705],[1.5637,45.1705]]}},{"type":"Feature","properties":{"rang":"nationale"},"geometry":{"type":"LineString","coordinates":[[1.4376,45.1283],[1.4381,45.1283]]}},{"type":"Feature","properties":{"rang":"nationale"},"geometry":{"type":"LineString","coordinates":[[1.4384,45.1284],[1.4388,45.1286]]}},{"type":"Feature","properties":{"rang":"nationale"},"geometry":{"type":"LineString","coordinates":[[1.438,45.1284],[1.4376,45.1283]]}},{"type":"Feature","properties":{"rang":"nationale"},"geometry":{"type":"LineString","coordinates":[[1.4575,45.1398],[1.4579,45.1398]]}},{"type":"Feature","properties":{"rang":"nationale"},"geometry":{"type":"LineString","coordinates":[[1.4578,45.14],[1.4575,45.1398]]}},{"type":"Feature","properties":{"rang":"nationale"},"geometry":{"type":"LineString","coordinates":[[1.4945,45.1496],[1.4954,45.1499]]}},{"type":"Feature","properties":{"rang":"nationale"},"geometry":{"type":"LineString","coordinates":[[1.5929,45.1737],[1.5913,45.1736],[1.5904,45.1735],[1.5895,45.1732],[1.589,45.173],[1.5884,45.1726],[1.588,45.1723],[1.5875,45.1717],[1.5872,45.171],[1.5871,45.1705],[1.5871,45.1702],[1.5873,45.1694],[1.5875,45.1689],[1.5887,45.1671],[1.5888,45.1668],[1.589,45.1663],[1.589,45.1659],[1.5889,45.1655],[1.5886,45.165],[1.5883,45.1646]]}},{"type":"Feature","properties":{"rang":"nationale"},"geometry":{"type":"LineString","coordinates":[[1.5329,45.1534],[1.533,45.1533]]}},{"type":"Feature","properties":{"rang":"nationale"},"geometry":{"type":"LineString","coordinates":[[1.5328,45.1534],[1.5329,45.1534]]}},{"type":"Feature","properties":{"rang":"nationale"},"geometry":{"type":"LineString","coordinates":[[1.5297,45.1542],[1.5299,45.1541]]}},{"type":"Feature","properties":{"rang":"nationale"},"geometry":{"type":"LineString","coordinates":[[1.5932,45.1781],[1.5933,45.1781]]}},{"type":"Feature","properties":{"rang":"nationale"},"geometry":{"type":"LineString","coordinates":[[1.5606,45.1689],[1.5603,45.1691]]}},{"type":"Feature","properties":{"rang":"nationale"},"geometry":{"type":"LineString","coordinates":[[1.5454,45.1667],[1.5436,45.1664]]}},{"type":"Feature","properties":{"rang":"nationale"},"geometry":{"type":"LineString","coordinates":[[1.5438,45.1664],[1.5456,45.1667],[1.5464,45.1668],[1.5462,45.1668],[1.5454,45.1667]]}},{"type":"Feature","properties":{"rang":"nationale"},"geometry":{"type":"LineString","coordinates":[[1.6574,45.1309],[1.6569,45.1315]]}},{"type":"Feature","properties":{"rang":"nationale"},"geometry":{"type":"LineString","coordinates":[[1.6574,45.1309],[1.6576,45.1305]]}},{"type":"Feature","properties":{"rang":"nationale"},"geometry":{"type":"LineString","coordinates":[[1.5824,45.1625],[1.5835,45.163],[1.5839,45.1632],[1.5861,45.1637],[1.5873,45.164],[1.588,45.1643],[1.5883,45.1644]]}},{"type":"Feature","properties":{"rang":"nationale"},"geometry":{"type":"LineString","coordinates":[[1.5885,45.1645],[1.5884,45.1646],[1.5881,45.1644],[1.5883,45.1643],[1.5885,45.1645]]}},{"type":"Feature","properties":{"rang":"nationale"},"geometry":{"type":"LineString","coordinates":[[1.5941,45.1777],[1.5941,45.1774],[1.5945,45.1749],[1.5944,45.1744],[1.5942,45.1742],[1.5939,45.1739],[1.5934,45.1738],[1.5929,45.1737]]}},{"type":"Feature","properties":{"rang":"nationale"},"geometry":{"type":"LineString","coordinates":[[1.5941,45.1777],[1.5942,45.178]]}},{"type":"Feature","properties":{"rang":"nationale"},"geometry":{"type":"LineString","coordinates":[[1.594,45.178],[1.5941,45.1777]]}},{"type":"Feature","properties":{"rang":"nationale"},"geometry":{"type":"LineString","coordinates":[[1.5818,45.1622],[1.5819,45.1623],[1.5824,45.1625],[1.5817,45.1623]]}},{"type":"Feature","properties":{"rang":"nationale"},"geometry":{"type":"LineString","coordinates":[[1.4941,45.1494],[1.4945,45.1496]]}},{"type":"Feature","properties":{"rang":"nationale"},"geometry":{"type":"LineString","coordinates":[[1.5811,45.1622],[1.5807,45.1619]]}},{"type":"Feature","properties":{"rang":"nationale"},"geometry":{"type":"LineString","coordinates":[[1.6563,45.1948],[1.6551,45.1935]]}},{"type":"Feature","properties":{"rang":"nationale"},"geometry":{"type":"LineString","coordinates":[[1.5614,45.1587],[1.5597,45.1583]]}},{"type":"Feature","properties":{"rang":"nationale"},"geometry":{"type":"LineString","coordinates":[[1.5623,45.1589],[1.5614,45.1587]]}},{"type":"Feature","properties":{"rang":"nationale"},"geometry":{"type":"LineString","coordinates":[[1.5932,45.1781],[1.5927,45.178]]}},{"type":"Feature","properties":{"rang":"nationale"},"geometry":{"type":"LineString","coordinates":[[1.5642,45.1703],[1.5659,45.1707],[1.5665,45.1709],[1.5688,45.1725],[1.5692,45.1727]]}},{"type":"Feature","properties":{"rang":"nationale"},"geometry":{"type":"LineString","coordinates":[[1.6556,45.1864],[1.6556,45.1863],[1.6566,45.1847],[1.6569,45.1841],[1.657,45.1832]]}},{"type":"Feature","properties":{"rang":"nationale"},"geometry":{"type":"LineString","coordinates":[[1.6867,45.2125],[1.6859,45.2121]]}},{"type":"Feature","properties":{"rang":"nationale"},"geometry":{"type":"LineString","coordinates":[[1.5497,45.1674],[1.553,45.1679]]}},{"type":"Feature","properties":{"rang":"nationale"},"geometry":{"type":"LineString","coordinates":[[1.5416,45.166],[1.5414,45.1655]]}},{"type":"Feature","properties":{"rang":"nationale"},"geometry":{"type":"LineString","coordinates":[[1.5415,45.1661],[1.5409,45.166]]}},{"type":"Feature","properties":{"rang":"nationale"},"geometry":{"type":"LineString","coordinates":[[1.5028,45.1628],[1.5029,45.1627]]}},{"type":"Feature","properties":{"rang":"nationale"},"geometry":{"type":"LineString","coordinates":[[1.5027,45.163],[1.5028,45.1628]]}},{"type":"Feature","properties":{"rang":"nationale"},"geometry":{"type":"LineString","coordinates":[[1.5027,45.1633],[1.5027,45.1634]]}},{"type":"Feature","properties":{"rang":"nationale"},"geometry":{"type":"LineString","coordinates":[[1.5029,45.1628],[1.503,45.1629]]}},{"type":"Feature","properties":{"rang":"nationale"},"geometry":{"type":"LineString","coordinates":[[1.5321,45.165],[1.5325,45.165],[1.5331,45.1651],[1.5324,45.1651]]}},{"type":"Feature","properties":{"rang":"nationale"},"geometry":{"type":"LineString","coordinates":[[1.6224,45.1752],[1.6219,45.1748],[1.6213,45.174],[1.621,45.1736],[1.6205,45.1731]]}},{"type":"Feature","properties":{"rang":"nationale"},"geometry":{"type":"LineString","coordinates":[[1.6597,45.1989],[1.6596,45.1982]]}},{"type":"Feature","properties":{"rang":"nationale"},"geometry":{"type":"LineString","coordinates":[[1.558,45.158],[1.5585,45.1581]]}},{"type":"Feature","properties":{"rang":"nationale"},"geometry":{"type":"LineString","coordinates":[[1.5548,45.158],[1.5539,45.1579]]}},{"type":"Feature","properties":{"rang":"nationale"},"geometry":{"type":"LineString","coordinates":[[1.5592,45.1581],[1.5592,45.1581]]}},{"type":"Feature","properties":{"rang":"nationale"},"geometry":{"type":"LineString","coordinates":[[1.4468,45.1364],[1.4477,45.137],[1.4481,45.1373],[1.4487,45.1376],[1.4506,45.1384]]}},{"type":"Feature","properties":{"rang":"nationale"},"geometry":{"type":"LineString","coordinates":[[1.4489,45.1378],[1.4484,45.1375]]}},{"type":"Feature","properties":{"rang":"nationale"},"geometry":{"type":"LineString","coordinates":[[1.4478,45.1371],[1.4484,45.1376]]}},{"type":"Feature","properties":{"rang":"nationale"},"geometry":{"type":"LineString","coordinates":[[1.542,45.1661],[1.5423,45.1662],[1.5438,45.1664]]}},{"type":"Feature","properties":{"rang":"nationale"},"geometry":{"type":"LineString","coordinates":[[1.5041,45.1566],[1.504,45.1573]]}},{"type":"Feature","properties":{"rang":"nationale"},"geometry":{"type":"LineString","coordinates":[[1.5884,45.1644],[1.5891,45.1641]]}},{"type":"Feature","properties":{"rang":"nationale"},"geometry":{"type":"LineString","coordinates":[[1.5885,45.1646],[1.5886,45.165]]}},{"type":"Feature","properties":{"rang":"nationale"},"geometry":{"type":"LineString","coordinates":[[1.5626,45.1704],[1.5627,45.1705]]}},{"type":"Feature","properties":{"rang":"nationale"},"geometry":{"type":"LineString","coordinates":[[1.5626,45.1704],[1.5626,45.1704]]}},{"type":"Feature","properties":{"rang":"nationale"},"geometry":{"type":"LineString","coordinates":[[1.5989,45.1771],[1.5999,45.1768],[1.6014,45.1762],[1.6043,45.1755],[1.6049,45.1752],[1.6054,45.1749],[1.6077,45.1733],[1.6082,45.1731],[1.6092,45.1727]]}},{"type":"Feature","properties":{"rang":"nationale"},"geometry":{"type":"LineString","coordinates":[[1.4819,45.1489],[1.4823,45.1489]]}},{"type":"Feature","properties":{"rang":"nationale"},"geometry":{"type":"LineString","coordinates":[[1.5772,45.1608],[1.5772,45.1608]]}},{"type":"Feature","properties":{"rang":"nationale"},"geometry":{"type":"LineString","coordinates":[[1.7162,45.1271],[1.7157,45.1269],[1.7156,45.1267]]}},{"type":"Feature","properties":{"rang":"nationale"},"geometry":{"type":"LineString","coordinates":[[1.5881,45.1645],[1.5877,45.1642]]}},{"type":"Feature","properties":{"rang":"nationale"},"geometry":{"type":"LineString","coordinates":[[1.4862,45.1475],[1.4863,45.1473]]}},{"type":"Feature","properties":{"rang":"nationale"},"geometry":{"type":"LineString","coordinates":[[1.4866,45.1474],[1.4865,45.1475]]}},{"type":"Feature","properties":{"rang":"nationale"},"geometry":{"type":"LineString","coordinates":[[1.4832,45.1463],[1.4833,45.1465],[1.4832,45.1467]]}},{"type":"Feature","properties":{"rang":"nationale"},"geometry":{"type":"LineString","coordinates":[[1.4826,45.1466],[1.4826,45.1465],[1.4828,45.1463],[1.4832,45.1463]]}},{"type":"Feature","properties":{"rang":"nationale"},"geometry":{"type":"LineString","coordinates":[[1.5558,45.158],[1.5562,45.158]]}},{"type":"Feature","properties":{"rang":"nationale"},"geometry":{"type":"LineString","coordinates":[[1.5554,45.158],[1.5548,45.158]]}},{"type":"Feature","properties":{"rang":"nationale"},"geometry":{"type":"LineString","coordinates":[[1.5773,45.1609],[1.5792,45.1614]]}},{"type":"Feature","properties":{"rang":"nationale"},"geometry":{"type":"LineString","coordinates":[[1.9309,45.0934],[1.9316,45.0925],[1.9316,45.0923]]}},{"type":"Feature","properties":{"rang":"nationale"},"geometry":{"type":"LineString","coordinates":[[2.049,45.0047],[2.0459,45.0063],[2.0455,45.0066],[2.0443,45.0081],[2.0439,45.0086],[2.0437,45.009],[2.0433,45.01],[2.0428,45.0118],[2.0424,45.0129],[2.0417,45.0152],[2.0415,45.0158],[2.0412,45.0163],[2.0408,45.0168],[2.04,45.0173],[2.0391,45.0177],[2.0387,45.0179],[2.0384,45.0181],[2.038,45.0185],[2.0379,45.0188],[2.0374,45.0198],[2.0367,45.0211],[2.0364,45.0215],[2.0359,45.022],[2.0352,45.0225],[2.0325,45.0245],[2.0321,45.0248],[2.0313,45.0252],[2.0307,45.0254],[2.0289,45.026],[2.0281,45.0264],[2.0275,45.0268],[2.0249,45.0291],[2.0243,45.0297],[2.024,45.0302],[2.0232,45.0324],[2.0229,45.0329],[2.0225,45.0333],[2.0213,45.0341],[2.0207,45.0346],[2.0202,45.0353],[2.0183,45.0385],[2.0179,45.0393],[2.0175,45.0404],[2.0173,45.0407],[2.017,45.0411],[2.0166,45.0413],[2.0162,45.0415],[2.0132,45.0427],[2.0124,45.0431],[2.0121,45.0433],[2.0112,45.0441],[2.0106,45.0444],[2.0097,45.0446],[2.0092,45.0446],[2.0086,45.0445],[2.0082,45.0443],[2.0077,45.0439],[2.0076,45.0436],[2.0073,45.0427],[2.0074,45.0421],[2.0073,45.0417],[2.0069,45.0413],[2.0057,45.0407],[2.0054,45.0406],[2.0049,45.0405],[2.0042,45.0405],[2.0028,45.0409],[2.0016,45.0412],[2.0008,45.0414],[1.9996,45.0416],[1.9986,45.0419],[1.998,45.0422],[1.997,45.0426],[1.9965,45.0426],[1.9949,45.0424],[1.9943,45.0425],[1.9936,45.0429],[1.9935,45.0431],[1.993,45.044],[1.9921,45.0449],[1.9915,45.0453],[1.9907,45.0455],[1.9903,45.0458],[1.9899,45.0464],[1.9895,45.0468],[1.9888,45.0475],[1.9884,45.0481],[1.9884,45.0484],[1.9888,45.0486],[1.9895,45.0489],[1.9898,45.0491],[1.99,45.0495],[1.9904,45.0505],[1.9907,45.0508],[1.991,45.0509],[1.9916,45.051],[1.9921,45.051],[1.9922,45.0512],[1.992,45.0513],[1.9911,45.0516],[1.9904,45.0518],[1.9902,45.0521],[1.9901,45.053],[1.9898,45.0534],[1.9898,45.0538],[1.9901,45.054],[1.9901,45.0543],[1.9898,45.0549],[1.9898,45.0558],[1.9896,45.0563],[1.9888,45.0571],[1.9888,45.0574],[1.9892,45.0581],[1.9892,45.0584],[1.989,45.0586],[1.9885,45.0589],[1.9878,45.0591],[1.9866,45.0597],[1.9842,45.0612],[1.9821,45.0625],[1.9816,45.0627],[1.9807,45.0631],[1.9801,45.0634],[1.9798,45.0638],[1.9794,45.0645],[1.9789,45.0657],[1.977,45.0696],[1.9768,45.0699],[1.976,45.0705],[1.9757,45.071],[1.9757,45.0716],[1.9756,45.072],[1.9744,45.0733],[1.9738,45.074],[1.9728,45.0754],[1.9719,45.0767],[1.9715,45.0772],[1.9705,45.078],[1.9702,45.0783],[1.9695,45.0793],[1.9691,45.0796],[1.9685,45.0799],[1.9671,45.0804],[1.9663,45.0806],[1.965,45.0807],[1.9646,45.0808],[1.964,45.081],[1.9635,45.0812],[1.9624,45.0819],[1.9616,45.0822],[1.9613,45.0823],[1.9605,45.0823],[1.9598,45.0823],[1.9592,45.0822],[1.9587,45.082],[1.9566,45.0811],[1.956,45.0808],[1.9555,45.0807],[1.9548,45.0807],[1.9538,45.0808],[1.9532,45.081],[1.9522,45.0814],[1.9487,45.0829],[1.9454,45.0843],[1.9442,45.0847]]}},{"type":"Feature","properties":{"rang":"nationale"},"geometry":{"type":"LineString","coordinates":[[1.8413,44.9775],[1.84,44.9776],[1.8392,44.9779],[1.8383,44.9783]]}},{"type":"Feature","properties":{"rang":"nationale"},"geometry":{"type":"LineString","coordinates":[[1.8376,44.9787],[1.837,44.9791],[1.8369,44.9795],[1.836,44.9809],[1.8358,44.9811],[1.8352,44.9814],[1.8345,44.9815],[1.8339,44.9818],[1.8319,44.9826],[1.8314,44.9828],[1.8296,44.9831],[1.8287,44.9833],[1.8281,44.9835],[1.8267,44.9843],[1.8263,44.9845],[1.8253,44.9855],[1.8248,44.9862],[1.8242,44.9867],[1.8235,44.9871],[1.8233,44.9874],[1.8231,44.9882],[1.8229,44.9898],[1.8229,44.9903],[1.8231,44.9907],[1.824,44.9921],[1.8242,44.9929],[1.8242,44.9935],[1.824,44.9939],[1.8233,44.9956],[1.8229,44.9963],[1.8226,44.9967],[1.8219,44.9974],[1.8212,44.9979],[1.8196,44.9984],[1.819,44.9988],[1.8178,44.9995],[1.817,45.0],[1.8157,45.0007],[1.8154,45.001],[1.815,45.0016],[1.8149,45.002],[1.8146,45.0024],[1.8138,45.0034],[1.8136,45.0041],[1.8135,45.0045],[1.8135,45.0056],[1.8134,45.0061],[1.8129,45.007],[1.8119,45.0082],[1.8114,45.009],[1.8111,45.0095],[1.8091,45.0156],[1.8091,45.0157],[1.8084,45.0176],[1.8072,45.0214],[1.807,45.0219],[1.8069,45.0222],[1.8057,45.0258],[1.8055,45.0264],[1.8052,45.0273],[1.8049,45.028],[1.8037,45.0317],[1.8032,45.0329],[1.8029,45.0334],[1.8026,45.0338],[1.8021,45.0342],[1.8007,45.0351],[1.7998,45.0359],[1.7987,45.037],[1.7992,45.0364],[1.7996,45.0359],[1.8,45.0356],[1.8007,45.0351]]}},{"type":"Feature","properties":{"rang":"nationale"},"geometry":{"type":"LineString","coordinates":[[1.844,44.9773],[1.8413,44.9775]]}},{"type":"Feature","properties":{"rang":"nationale"},"geometry":{"type":"LineString","coordinates":[[1.8245,45.2136],[1.825,45.2147],[1.8251,45.2151],[1.8249,45.2161],[1.8251,45.2165],[1.8256,45.2172],[1.8258,45.2175],[1.8258,45.2179],[1.8256,45.2184],[1.8252,45.2187],[1.8248,45.2189],[1.8239,45.2192],[1.8231,45.2194],[1.8225,45.2195],[1.8211,45.2196],[1.8207,45.2197],[1.8201,45.22],[1.8196,45.2204],[1.8187,45.2214],[1.8183,45.2218],[1.8177,45.2222],[1.8166,45.2226],[1.8156,45.2232],[1.8152,45.2235],[1.8129,45.2255],[1.8123,45.226],[1.8117,45.2267],[1.8113,45.2275],[1.8112,45.2279],[1.8108,45.2292],[1.8106,45.2297],[1.8103,45.2302],[1.8099,45.2306],[1.8094,45.2308],[1.8089,45.2311],[1.808,45.2315],[1.8071,45.2319],[1.8061,45.2327],[1.8056,45.2331],[1.8053,45.2337],[1.8049,45.2343],[1.8047,45.2351],[1.8044,45.2356],[1.804,45.2359],[1.8032,45.2363],[1.8026,45.2366],[1.802,45.2369],[1.8013,45.2372],[1.8005,45.2374],[1.8002,45.2375],[1.7995,45.238],[1.7987,45.2385],[1.7985,45.2387],[1.7978,45.2393],[1.7973,45.2397],[1.7969,45.2398],[1.7961,45.2399],[1.7956,45.2399],[1.7944,45.2403],[1.7941,45.2403],[1.7927,45.2403],[1.792,45.2404],[1.7911,45.2405],[1.7901,45.2406],[1.7897,45.2407],[1.7889,45.2406],[1.7881,45.2406],[1.7875,45.2407],[1.7869,45.2407],[1.7854,45.2406],[1.7848,45.2406],[1.7836,45.2411],[1.7824,45.242],[1.7809,45.2427],[1.7798,45.2433],[1.7794,45.2435],[1.7787,45.2443],[1.7776,45.2453],[1.7768,45.2459],[1.7766,45.246],[1.7759,45.2462],[1.7752,45.2463],[1.7748,45.2462],[1.7742,45.2461],[1.7737,45.2461],[1.773,45.2465],[1.7732,45.2463],[1.7737,45.2461]]}},{"type":"Feature","properties":{"rang":"nationale"},"geometry":{"type":"LineString","coordinates":[[1.7581,45.1586],[1.7586,45.1582],[1.759,45.1579],[1.7595,45.1577],[1.7606,45.1574],[1.7624,45.1569],[1.7643,45.1565],[1.766,45.1562],[1.7667,45.1561],[1.7678,45.1558],[1.7686,45.1554],[1.7695,45.1548],[1.77,45.1542],[1.7707,45.1532],[1.771,45.1525],[1.7712,45.1518],[1.7713,45.1512],[1.7712,45.1503],[1.7713,45.1497],[1.7716,45.1487],[1.7721,45.1476],[1.7725,45.1469],[1.7729,45.1464],[1.7737,45.1456],[1.774,45.1452],[1.7744,45.1445],[1.7754,45.1426],[1.7765,45.1401],[1.7771,45.1394],[1.7783,45.1383],[1.7792,45.1375],[1.7796,45.1373],[1.7801,45.1371],[1.7812,45.1367],[1.7819,45.1363],[1.782,45.1361]]}},{"type":"Feature","properties":{"rang":"nationale"},"geometry":{"type":"LineString","coordinates":[[2.1053,44.9971],[2.1042,44.9969],[2.0989,44.9961],[2.0982,44.9961],[2.0955,44.9964],[2.0949,44.9964],[2.0899,44.9957],[2.089,44.9956],[2.0882,44.9956],[2.0875,44.9958],[2.086,44.9963],[2.0852,44.9964],[2.0847,44.9964],[2.0839,44.9963],[2.0807,44.9954],[2.08,44.9952],[2.0792,44.995],[2.0789,44.995],[2.0782,44.9951],[2.0775,44.9953],[2.0769,44.9955],[2.0722,44.9973],[2.0716,44.9975],[2.0687,44.9981],[2.0644,44.999],[2.0574,45.0004],[2.0569,45.0005],[2.0563,45.0008],[2.0509,45.0036],[2.0501,45.0041],[2.049,45.0047]]}},{"type":"Feature","properties":{"rang":"nationale"},"geometry":{"type":"LineString","coordinates":[[1.8844,45.1326],[1.885,45.1327],[1.885,45.1328]]}},{"type":"Feature","properties":{"rang":"nationale"},"geometry":{"type":"LineString","coordinates":[[1.8376,44.9787],[1.8383,44.9783]]}},{"type":"Feature","properties":{"rang":"nationale"},"geometry":{"type":"LineString","coordinates":[[1.7713,45.2142],[1.7723,45.2126],[1.7724,45.2124],[1.7724,45.2117],[1.7722,45.211],[1.7713,45.2084],[1.7708,45.2071],[1.7708,45.2067],[1.7708,45.2055],[1.7709,45.2051],[1.7711,45.2043],[1.7712,45.2038],[1.771,45.2031],[1.7712,45.2034],[1.7712,45.204],[1.7711,45.2043]]}},{"type":"Feature","properties":{"rang":"nationale"},"geometry":{"type":"LineString","coordinates":[[1.9438,45.0848],[1.9434,45.0848],[1.9424,45.0849],[1.9407,45.0851],[1.94,45.0853],[1.9385,45.0857],[1.9379,45.0859],[1.9372,45.0862],[1.9365,45.0866],[1.936,45.087],[1.9353,45.0875],[1.9345,45.0883],[1.9339,45.089],[1.933,45.0904],[1.932,45.0919],[1.9321,45.0921]]}},{"type":"Feature","properties":{"rang":"nationale"},"geometry":{"type":"LineString","coordinates":[[1.9437,45.0846],[1.944,45.0845],[1.9442,45.0847],[1.9441,45.0848],[1.9438,45.0848],[1.9437,45.0846]]}},{"type":"Feature","properties":{"rang":"nationale"},"geometry":{"type":"LineString","coordinates":[[1.8844,45.1326],[1.8828,45.1322],[1.882,45.1321],[1.8815,45.1322],[1.8809,45.1324],[1.8808,45.1327],[1.8808,45.1332],[1.8806,45.1334],[1.8803,45.1336],[1.8795,45.1338],[1.8786,45.1338],[1.8782,45.1341],[1.8778,45.1344],[1.8771,45.1345],[1.8769,45.1346],[1.8768,45.1349],[1.877,45.1354],[1.8767,45.1358],[1.8761,45.1363],[1.8753,45.1365],[1.8752,45.1366],[1.8751,45.1371],[1.8747,45.1374],[1.8743,45.1376],[1.8741,45.1378],[1.874,45.1381],[1.8736,45.1384],[1.8732,45.1386],[1.8728,45.1389],[1.8724,45.1391],[1.8717,45.1392],[1.8713,45.1394],[1.8709,45.14],[1.8705,45.1401],[1.8696,45.1399],[1.8693,45.1399],[1.8691,45.14],[1.869,45.1403],[1.8694,45.141],[1.8692,45.1415],[1.8688,45.1415],[1.8686,45.1415],[1.868,45.1411],[1.8675,45.1407],[1.8671,45.1405],[1.8664,45.1402],[1.8657,45.1397],[1.8655,45.1395],[1.8652,45.1385],[1.8651,45.1383],[1.8646,45.1382],[1.8639,45.1385],[1.8634,45.1385],[1.8626,45.1382],[1.8624,45.1382],[1.862,45.1382],[1.8615,45.1382],[1.8614,45.138],[1.8613,45.1375],[1.8608,45.1375],[1.8602,45.1376],[1.8599,45.1375],[1.8588,45.1365],[1.8586,45.1361],[1.8583,45.1359],[1.8576,45.1358],[1.8572,45.1358],[1.8565,45.1354],[1.8556,45.1348],[1.8552,45.1347],[1.8549,45.1345],[1.8542,45.1339],[1.8539,45.1335],[1.8538,45.1334],[1.853,45.1334],[1.8528,45.1333],[1.8515,45.1326],[1.8511,45.1326],[1.8507,45.1326],[1.8503,45.1327],[1.8494,45.1327],[1.8483,45.133],[1.848,45.133],[1.8473,45.133],[1.8464,45.1333],[1.846,45.1333],[1.8456,45.1332],[1.8441,45.1325],[1.8437,45.1324],[1.8427,45.1321],[1.842,45.1318],[1.841,45.131],[1.8403,45.1307],[1.8396,45.1306],[1.8391,45.1304],[1.8384,45.1303],[1.838,45.13],[1.8378,45.1296],[1.8376,45.1293],[1.8363,45.1287],[1.8361,45.1285],[1.8358,45.128],[1.8352,45.1275],[1.8348,45.1272],[1.8342,45.1271],[1.8335,45.1271],[1.833,45.127],[1.8326,45.1269],[1.832,45.1266],[1.8316,45.1265],[1.831,45.1264],[1.8306,45.1263],[1.8302,45.126],[1.8301,45.1256],[1.8301,45.1253],[1.8299,45.1249],[1.8296,45.1246],[1.8293,45.1245],[1.8288,45.1245],[1.8278,45.1248],[1.8267,45.125],[1.8261,45.1251],[1.8252,45.125],[1.8245,45.1249],[1.8237,45.1247],[1.8228,45.1243],[1.8223,45.1239],[1.8215,45.1232],[1.821,45.1229],[1.8206,45.1227],[1.8201,45.1227],[1.8187,45.1229],[1.8182,45.123],[1.8177,45.1232],[1.8174,45.1234],[1.8172,45.1237],[1.8169,45.1243],[1.8167,45.1246],[1.8162,45.1249],[1.8146,45.1254],[1.814,45.1255],[1.8133,45.1254],[1.8128,45.1254],[1.8124,45.1256],[1.8122,45.1258],[1.8117,45.1265],[1.8114,45.1267],[1.8107,45.127],[1.8099,45.1271],[1.8085,45.127],[1.8078,45.1271],[1.8074,45.1274],[1.8072,45.1276],[1.8063,45.1288],[1.806,45.1292],[1.8055,45.1295],[1.8051,45.1296],[1.8045,45.1296],[1.8042,45.1296],[1.8037,45.1294],[1.8034,45.1292],[1.8008,45.1271],[1.8003,45.1268],[1.7998,45.1266],[1.7992,45.1264],[1.7987,45.1264],[1.798,45.1264],[1.7974,45.1265],[1.7966,45.1268],[1.796,45.1272],[1.7955,45.1279],[1.7952,45.1282],[1.7942,45.1286],[1.7936,45.1291],[1.7905,45.1317],[1.79,45.1323],[1.7897,45.1327],[1.7892,45.1336],[1.7889,45.1339],[1.7883,45.1341],[1.7866,45.1346],[1.7859,45.1349],[1.7853,45.1351],[1.7845,45.1351],[1.7842,45.1352],[1.782,45.1361],[1.7808,45.1365],[1.7801,45.1366],[1.7793,45.1365],[1.7782,45.1367],[1.7778,45.1367],[1.776,45.1364],[1.7752,45.1365],[1.7733,45.137],[1.7726,45.1372],[1.7723,45.1372],[1.7716,45.1371],[1.7711,45.1369],[1.7709,45.1367],[1.7701,45.1358],[1.7698,45.1356],[1.7691,45.1353],[1.7671,45.1346],[1.7662,45.1343],[1.7649,45.1339],[1.7635,45.1337],[1.7617,45.1333],[1.761,45.1331],[1.7595,45.1322],[1.7596,45.1321],[1.7613,45.1331],[1.7616,45.1333],[1.7622,45.1334]]}},{"type":"Feature","properties":{"rang":"nationale"},"geometry":{"type":"LineString","coordinates":[[1.8848,45.1328],[1.8844,45.1326]]}},{"type":"Feature","properties":{"rang":"nationale"},"geometry":{"type":"LineString","coordinates":[[1.8721,45.1529],[1.8719,45.1534],[1.8715,45.1542],[1.8712,45.1551],[1.8709,45.1553],[1.8701,45.1557],[1.8698,45.1561],[1.869,45.1576],[1.8687,45.1581],[1.8679,45.1591],[1.8678,45.1595],[1.8677,45.16],[1.8674,45.1616],[1.8674,45.1623],[1.8673,45.1627],[1.867,45.163],[1.8666,45.1635],[1.8663,45.1639],[1.866,45.1647],[1.8656,45.1655],[1.8656,45.1658],[1.8658,45.1665],[1.8658,45.1672],[1.8656,45.1679],[1.8655,45.1684],[1.8653,45.169],[1.865,45.1693],[1.8637,45.1704],[1.8634,45.1706],[1.8623,45.171],[1.862,45.1712],[1.8616,45.1715],[1.8609,45.1721],[1.8587,45.1737],[1.8577,45.1742],[1.8573,45.1745],[1.8572,45.1747],[1.857,45.1754],[1.8569,45.1756],[1.856,45.1763],[1.8558,45.1765],[1.8556,45.177],[1.8554,45.1773],[1.8549,45.1776],[1.8543,45.1778],[1.854,45.178],[1.8534,45.1785],[1.8531,45.1787],[1.8515,45.1794],[1.8511,45.1797],[1.85,45.1806],[1.8492,45.1814],[1.8484,45.1824],[1.8482,45.1829],[1.8481,45.1833],[1.8479,45.1837],[1.8474,45.184],[1.8465,45.1844],[1.846,45.1848],[1.846,45.1853],[1.8462,45.1862],[1.8467,45.1878],[1.8469,45.1882],[1.8473,45.1887],[1.8485,45.1896],[1.8489,45.19],[1.849,45.1904],[1.8487,45.1907],[1.8483,45.1907],[1.848,45.1905],[1.8471,45.1895],[1.8459,45.189],[1.8457,45.1888],[1.8454,45.1883],[1.8451,45.1881],[1.8445,45.188],[1.8441,45.1882],[1.843,45.1889],[1.8426,45.1893],[1.8427,45.1896],[1.8438,45.1912],[1.844,45.1918],[1.844,45.1921],[1.8439,45.1924],[1.8437,45.1926],[1.8433,45.1928],[1.8427,45.1928],[1.8414,45.1925],[1.8408,45.1925],[1.8405,45.1926],[1.8401,45.1928],[1.8398,45.1933],[1.8397,45.1939],[1.8395,45.1943],[1.839,45.1945],[1.8387,45.1946],[1.8377,45.1948],[1.8371,45.1951],[1.8365,45.196],[1.8362,45.1963],[1.8358,45.1967],[1.8351,45.1971],[1.8349,45.1974],[1.8346,45.1979],[1.8342,45.1983],[1.8323,45.1996],[1.8318,45.2],[1.8313,45.2005],[1.8303,45.2017],[1.8298,45.2024],[1.8274,45.2058],[1.8269,45.2065],[1.8264,45.2076],[1.8253,45.2103],[1.8245,45.2123],[1.8244,45.2131],[1.8245,45.2136]]}},{"type":"Feature","properties":{"rang":"nationale"},"geometry":{"type":"LineString","coordinates":[[1.7919,45.0533],[1.7917,45.0538],[1.7917,45.0543],[1.7916,45.0548],[1.7918,45.0561],[1.7917,45.0564],[1.7915,45.0566],[1.7912,45.0569],[1.7907,45.057],[1.7903,45.057],[1.7893,45.057],[1.7888,45.0571],[1.7882,45.0573],[1.7875,45.0576],[1.7871,45.0579],[1.7867,45.0583],[1.7865,45.0586],[1.7865,45.0591],[1.7867,45.0594],[1.7872,45.0598],[1.7875,45.0599],[1.7889,45.0603],[1.7893,45.0605],[1.7898,45.0609],[1.7899,45.0612],[1.7899,45.0619]]}},{"type":"Feature","properties":{"rang":"nationale"},"geometry":{"type":"LineString","coordinates":[[1.9307,45.0935],[1.9309,45.0934]]}},{"type":"Feature","properties":{"rang":"nationale"},"geometry":{"type":"LineString","coordinates":[[1.9374,45.0857],[1.9373,45.0858],[1.9374,45.086],[1.9376,45.0861]]}},{"type":"Feature","properties":{"rang":"nationale"},"geometry":{"type":"LineString","coordinates":[[1.9368,45.0865],[1.9371,45.0862],[1.9372,45.0858],[1.9373,45.0856],[1.9379,45.0855],[1.9381,45.0854]]}},{"type":"Feature","properties":{"rang":"nationale"},"geometry":{"type":"LineString","coordinates":[[1.9207,45.0976],[1.9203,45.0978],[1.9197,45.0983],[1.9184,45.0996],[1.9169,45.1013],[1.9164,45.1017],[1.915,45.1025],[1.9148,45.1027],[1.9146,45.1031],[1.914,45.1056],[1.914,45.1059],[1.9141,45.1064],[1.9145,45.1069],[1.9154,45.1076],[1.9156,45.1079],[1.9158,45.1084],[1.9158,45.1086],[1.9155,45.1091],[1.914,45.1111],[1.9137,45.1115],[1.9126,45.1124],[1.9105,45.1143],[1.9092,45.1154],[1.9088,45.1159],[1.9088,45.1163],[1.909,45.1166],[1.9098,45.1174],[1.91,45.1176],[1.9101,45.118],[1.91,45.1185],[1.9095,45.1191],[1.9087,45.1198],[1.9083,45.12],[1.9077,45.1201],[1.9059,45.1204],[1.905,45.1206],[1.9034,45.1213],[1.903,45.1216],[1.9011,45.1228],[1.9006,45.1232],[1.8997,45.1244],[1.8994,45.1247],[1.898,45.1253],[1.8969,45.1257],[1.8951,45.1263],[1.8946,45.1264],[1.8938,45.1267],[1.8932,45.1271],[1.8923,45.1279],[1.8919,45.1283],[1.8915,45.1285],[1.89,45.1291],[1.8894,45.1294],[1.8886,45.13],[1.8878,45.1305],[1.8866,45.1311],[1.8874,45.1306],[1.8878,45.1305]]}},{"type":"Feature","properties":{"rang":"nationale"},"geometry":{"type":"LineString","coordinates":[[1.926,45.0955],[1.9265,45.0951],[1.9273,45.0948],[1.9288,45.0943],[1.9302,45.0938],[1.9307,45.0935]]}},{"type":"Feature","properties":{"rang":"nationale"},"geometry":{"type":"LineString","coordinates":[[1.9318,45.092],[1.932,45.0919]]}},{"type":"Feature","properties":{"rang":"nationale"},"geometry":{"type":"LineString","coordinates":[[1.8444,44.9772],[1.844,44.9773]]}},{"type":"Feature","properties":{"rang":"nationale"},"geometry":{"type":"LineString","coordinates":[[1.8798,45.1428],[1.8799,45.1438],[1.8798,45.1442],[1.8791,45.1457],[1.8787,45.146],[1.8778,45.1466],[1.877,45.147],[1.8756,45.1477],[1.8746,45.1482],[1.8735,45.1489],[1.873,45.1493],[1.8727,45.1497],[1.8726,45.15],[1.8723,45.1521],[1.8721,45.1529]]}},{"type":"Feature","properties":{"rang":"nationale"},"geometry":{"type":"LineString","coordinates":[[1.8399,45.1929],[1.8403,45.1926],[1.8406,45.1925],[1.8411,45.1924],[1.8418,45.1925],[1.8426,45.1928],[1.843,45.1928],[1.8434,45.1927],[1.8438,45.1924],[1.844,45.1919],[1.8439,45.1916],[1.8437,45.1913],[1.843,45.1902]]}},{"type":"Feature","properties":{"rang":"nationale"},"geometry":{"type":"LineString","coordinates":[[1.9242,45.0967],[1.9235,45.0969],[1.9212,45.0974],[1.9207,45.0976]]}},{"type":"Feature","properties":{"rang":"nationale"},"geometry":{"type":"LineString","coordinates":[[1.886,45.1315],[1.8856,45.1319],[1.8852,45.1324],[1.8848,45.1334],[1.8846,45.1343],[1.8844,45.1347],[1.8838,45.1358],[1.8834,45.1363],[1.883,45.1367],[1.8821,45.1373],[1.8816,45.1377],[1.8814,45.1383],[1.8814,45.1391],[1.8813,45.1395],[1.8808,45.1403],[1.8801,45.1418],[1.8799,45.1423],[1.8798,45.1428]]}},{"type":"Feature","properties":{"rang":"nationale"},"geometry":{"type":"LineString","coordinates":[[1.7858,45.1206],[1.7854,45.1201],[1.7853,45.1197],[1.7851,45.1178],[1.7851,45.1175],[1.7852,45.1172],[1.7856,45.1166],[1.7857,45.1162],[1.7856,45.1159],[1.7852,45.1151],[1.7847,45.1147],[1.7842,45.1145],[1.7824,45.1138],[1.782,45.1135],[1.7818,45.1131],[1.7818,45.1129],[1.7821,45.1123],[1.7821,45.112],[1.7819,45.1116],[1.7812,45.1107],[1.7811,45.1103],[1.7811,45.1099],[1.7813,45.1086],[1.7812,45.1081],[1.7809,45.1079],[1.7796,45.107],[1.7786,45.1063],[1.7784,45.1061],[1.7775,45.1049],[1.7767,45.1038],[1.7759,45.1026],[1.7758,45.1019],[1.7762,45.1005],[1.7763,45.0995],[1.7763,45.0989],[1.7761,45.0957],[1.7761,45.0953],[1.7763,45.0949],[1.7773,45.0923],[1.7781,45.0903],[1.7786,45.0893],[1.7843,45.0756],[1.7854,45.0731],[1.7856,45.0727],[1.7859,45.0724],[1.7865,45.0719],[1.7869,45.0715],[1.7872,45.0709],[1.7875,45.0697],[1.7879,45.0686],[1.7886,45.0676],[1.789,45.0669],[1.7893,45.0661],[1.7895,45.0653],[1.7896,45.0648],[1.7897,45.0639],[1.7899,45.0619]]}},{"type":"Feature","properties":{"rang":"nationale"},"geometry":{"type":"LineString","coordinates":[[1.7826,45.1357],[1.7829,45.1354],[1.7831,45.135],[1.7832,45.1344],[1.7839,45.1335],[1.7838,45.133],[1.7832,45.1318],[1.7831,45.1315],[1.7832,45.1311],[1.7836,45.1295],[1.7837,45.1292],[1.7843,45.1282],[1.7851,45.1273],[1.7854,45.127],[1.7864,45.1265],[1.7866,45.1261],[1.7867,45.1255],[1.7868,45.125],[1.787,45.1247],[1.7878,45.1233],[1.7879,45.1231],[1.7878,45.1227],[1.7869,45.122],[1.7858,45.1206]]}},{"type":"Feature","properties":{"rang":"nationale"},"geometry":{"type":"LineString","coordinates":[[1.7736,45.1947],[1.7734,45.1942],[1.7732,45.1932],[1.7731,45.1928],[1.7728,45.1923],[1.7723,45.1917],[1.772,45.1914],[1.7716,45.1911],[1.7678,45.1891],[1.7664,45.1883],[1.764,45.1865],[1.763,45.1858],[1.7624,45.1853],[1.7608,45.1834],[1.7606,45.1832],[1.7604,45.1827],[1.7605,45.1821],[1.7609,45.1809],[1.761,45.1805],[1.7608,45.18],[1.7604,45.1796],[1.7579,45.177],[1.7568,45.1759],[1.7556,45.1748],[1.7554,45.1744],[1.7554,45.1741],[1.7553,45.1729],[1.7554,45.172],[1.7555,45.1717],[1.7569,45.1688],[1.7576,45.1676],[1.7578,45.1672],[1.7579,45.1665],[1.7578,45.164],[1.7576,45.1608],[1.7576,45.1595],[1.7577,45.1593],[1.7581,45.1586]]}},{"type":"Feature","properties":{"rang":"nationale"},"geometry":{"type":"LineString","coordinates":[[1.8396,45.1941],[1.8397,45.1937],[1.8397,45.1932],[1.8399,45.1929]]}},{"type":"Feature","properties":{"rang":"nationale"},"geometry":{"type":"LineString","coordinates":[[1.8571,44.9621],[1.8575,44.9632],[1.8576,44.9634],[1.8576,44.9639],[1.8573,44.9647],[1.8564,44.967],[1.8562,44.9674],[1.8558,44.9679],[1.8548,44.9687],[1.8522,44.971],[1.8506,44.9724],[1.8499,44.9732],[1.8489,44.974],[1.8472,44.9754],[1.8468,44.9756],[1.8487,44.9741],[1.8503,44.9727],[1.8504,44.9727]]}},{"type":"Feature","properties":{"rang":"nationale"},"geometry":{"type":"LineString","coordinates":[[1.8567,44.9609],[1.8567,44.961],[1.8571,44.9621]]}},{"type":"Feature","properties":{"rang":"nationale"},"geometry":{"type":"LineString","coordinates":[[1.8553,44.9568],[1.8563,44.9597],[1.8567,44.9609]]}},{"type":"Feature","properties":{"rang":"nationale"},"geometry":{"type":"LineString","coordinates":[[1.8552,44.9566],[1.8553,44.9568]]}},{"type":"Feature","properties":{"rang":"nationale"},"geometry":{"type":"LineString","coordinates":[[1.8536,44.9477],[1.8533,44.9488],[1.8533,44.9496],[1.8535,44.9512],[1.8537,44.9519],[1.8552,44.9566]]}},{"type":"Feature","properties":{"rang":"nationale"},"geometry":{"type":"LineString","coordinates":[[1.9434,45.0848],[1.9437,45.0846]]}},{"type":"Feature","properties":{"rang":"nationale"},"geometry":{"type":"LineString","coordinates":[[1.9441,45.0845],[1.9446,45.0845]]}},{"type":"Feature","properties":{"rang":"nationale"},"geometry":{"type":"LineString","coordinates":[[1.9308,45.0936],[1.9301,45.094],[1.9271,45.0949],[1.9267,45.0951],[1.926,45.0955],[1.9248,45.0963],[1.9242,45.0967]]}},{"type":"Feature","properties":{"rang":"nationale"},"geometry":{"type":"LineString","coordinates":[[1.9319,45.0924],[1.9316,45.0923],[1.9317,45.092],[1.9321,45.0921],[1.9321,45.0923],[1.9319,45.0924]]}},{"type":"Feature","properties":{"rang":"nationale"},"geometry":{"type":"LineString","coordinates":[[1.7977,45.038],[1.7972,45.0387],[1.7968,45.0394],[1.7967,45.0398],[1.7967,45.0405],[1.7968,45.0409],[1.7972,45.0421],[1.7972,45.0424],[1.7971,45.043],[1.7969,45.0433],[1.7967,45.0437],[1.7958,45.0444],[1.7955,45.0448],[1.7952,45.0453],[1.7951,45.0459],[1.7952,45.0464],[1.7958,45.0478],[1.7959,45.0481],[1.7959,45.0485],[1.7958,45.0488],[1.7955,45.0492],[1.795,45.0495],[1.7942,45.05],[1.7939,45.0504],[1.7938,45.0509],[1.7936,45.0511],[1.7931,45.0514],[1.7927,45.0518],[1.7923,45.0525],[1.7919,45.0533]]}},{"type":"Feature","properties":{"rang":"nationale"},"geometry":{"type":"LineString","coordinates":[[1.7987,45.037],[1.7977,45.038]]}},{"type":"Feature","properties":{"rang":"nationale"},"geometry":{"type":"LineString","coordinates":[[1.7823,45.1359],[1.7819,45.1363]]}},{"type":"Feature","properties":{"rang":"nationale"},"geometry":{"type":"LineString","coordinates":[[1.7826,45.1357],[1.7825,45.1358]]}},{"type":"Feature","properties":{"rang":"nationale"},"geometry":{"type":"LineString","coordinates":[[1.7823,45.1359],[1.7826,45.1357]]}},{"type":"Feature","properties":{"rang":"nationale"},"geometry":{"type":"LineString","coordinates":[[1.8853,45.1321],[1.8855,45.1318],[1.886,45.1315]]}},{"type":"Feature","properties":{"rang":"nationale"},"geometry":{"type":"LineString","coordinates":[[1.8848,45.1334],[1.8849,45.133],[1.885,45.1326],[1.8853,45.1321]]}},{"type":"Feature","properties":{"rang":"nationale"},"geometry":{"type":"LineString","coordinates":[[1.8851,45.1327],[1.8848,45.1328]]}},{"type":"Feature","properties":{"rang":"nationale"},"geometry":{"type":"LineString","coordinates":[[1.8849,45.1329],[1.8848,45.1328]]}},{"type":"Feature","properties":{"rang":"nationale"},"geometry":{"type":"LineString","coordinates":[[1.8874,45.1307],[1.8874,45.1307]]}},{"type":"Feature","properties":{"rang":"nationale"},"geometry":{"type":"LineString","coordinates":[[1.8865,45.1312],[1.886,45.1315]]}},{"type":"Feature","properties":{"rang":"nationale"},"geometry":{"type":"LineString","coordinates":[[1.8871,45.1309],[1.887,45.1308]]}},{"type":"Feature","properties":{"rang":"nationale"},"geometry":{"type":"LineString","coordinates":[[1.8886,45.1301],[1.8891,45.1297],[1.8894,45.1294]]}},{"type":"Feature","properties":{"rang":"nationale"},"geometry":{"type":"LineString","coordinates":[[1.805,45.0277],[1.8056,45.026],[1.8057,45.0258]]}},{"type":"Feature","properties":{"rang":"nationale"},"geometry":{"type":"LineString","coordinates":[[1.8051,45.0273],[1.8053,45.027]]}},{"type":"Feature","properties":{"rang":"nationale"},"geometry":{"type":"LineString","coordinates":[[1.8069,45.0222],[1.8072,45.0214]]}},{"type":"Feature","properties":{"rang":"nationale"},"geometry":{"type":"LineString","coordinates":[[1.8673,45.1623],[1.8674,45.162]]}},{"type":"Feature","properties":{"rang":"nationale"},"geometry":{"type":"LineString","coordinates":[[1.8299,45.2022],[1.8307,45.2012],[1.8306,45.2012]]}},{"type":"Feature","properties":{"rang":"nationale"},"geometry":{"type":"LineString","coordinates":[[1.8312,45.2006],[1.8308,45.2011],[1.8307,45.2012],[1.831,45.2007],[1.8315,45.2001],[1.8319,45.1998],[1.8323,45.1996]]}},{"type":"Feature","properties":{"rang":"nationale"},"geometry":{"type":"LineString","coordinates":[[1.8304,45.2016],[1.8309,45.201]]}},{"type":"Feature","properties":{"rang":"nationale"},"geometry":{"type":"LineString","coordinates":[[1.8377,45.1948],[1.838,45.1947],[1.8388,45.1945],[1.8391,45.1944],[1.8396,45.1941]]}},{"type":"Feature","properties":{"rang":"nationale"},"geometry":{"type":"LineString","coordinates":[[1.8669,45.1631],[1.8671,45.1628],[1.8673,45.1623]]}},{"type":"Feature","properties":{"rang":"nationale"},"geometry":{"type":"LineString","coordinates":[[1.8672,45.1626],[1.8674,45.1623]]}},{"type":"Feature","properties":{"rang":"nationale"},"geometry":{"type":"LineString","coordinates":[[1.7609,45.133],[1.7601,45.1324]]}},{"type":"Feature","properties":{"rang":"nationale"},"geometry":{"type":"LineString","coordinates":[[1.7593,45.132],[1.758,45.1314],[1.7575,45.1312]]}},{"type":"Feature","properties":{"rang":"nationale"},"geometry":{"type":"LineString","coordinates":[[1.9301,45.0939],[1.9308,45.0936]]}},{"type":"Feature","properties":{"rang":"nationale"},"geometry":{"type":"LineString","coordinates":[[1.9312,45.0932],[1.9308,45.0936],[1.9306,45.0936]]}},{"type":"Feature","properties":{"rang":"nationale"},"geometry":{"type":"LineString","coordinates":[[1.9318,45.0924],[1.931,45.0934],[1.9308,45.0936]]}},{"type":"Feature","properties":{"rang":"nationale"},"geometry":{"type":"LineString","coordinates":[[1.8085,45.0171],[1.8089,45.0161],[1.8091,45.0156]]}},{"type":"Feature","properties":{"rang":"nationale"},"geometry":{"type":"LineString","coordinates":[[1.8085,45.0175],[1.8085,45.0171]]}},{"type":"Feature","properties":{"rang":"nationale"},"geometry":{"type":"LineString","coordinates":[[1.8088,45.0164],[1.8086,45.0168]]}},{"type":"Feature","properties":{"rang":"nationale"},"geometry":{"type":"LineString","coordinates":[[1.8467,44.9757],[1.845,44.977],[1.8444,44.9772]]}},{"type":"Feature","properties":{"rang":"nationale"},"geometry":{"type":"LineString","coordinates":[[1.8489,44.9739],[1.8493,44.9736]]}},{"type":"Feature","properties":{"rang":"nationale"},"geometry":{"type":"LineString","coordinates":[[1.8574,44.9641],[1.8575,44.9635],[1.8573,44.9628],[1.8567,44.961],[1.8567,44.9609]]}},{"type":"Feature","properties":{"rang":"nationale"},"geometry":{"type":"LineString","coordinates":[[1.8568,44.9613],[1.8568,44.9613]]}},{"type":"Feature","properties":{"rang":"nationale"},"geometry":{"type":"LineString","coordinates":[[1.8575,44.9639],[1.8575,44.9638]]}},{"type":"Feature","properties":{"rang":"nationale"},"geometry":{"type":"LineString","coordinates":[[1.8575,44.9642],[1.8574,44.9641]]}},{"type":"Feature","properties":{"rang":"nationale"},"geometry":{"type":"LineString","coordinates":[[1.8573,44.9647],[1.8574,44.9641]]}},{"type":"Feature","properties":{"rang":"nationale"},"geometry":{"type":"LineString","coordinates":[[1.8492,44.9737],[1.8492,44.9738]]}},{"type":"Feature","properties":{"rang":"nationale"},"geometry":{"type":"LineString","coordinates":[[1.8494,44.9736],[1.8494,44.9737]]}},{"type":"Feature","properties":{"rang":"nationale"},"geometry":{"type":"LineString","coordinates":[[2.0456,45.0065],[2.0459,45.0063],[2.0506,45.0038],[2.0509,45.0036]]}},{"type":"Feature","properties":{"rang":"nationale"},"geometry":{"type":"LineString","coordinates":[[2.0467,45.0058],[2.0471,45.0057]]}},{"type":"Feature","properties":{"rang":"nationale"},"geometry":{"type":"LineString","coordinates":[[2.0498,45.0043],[2.0491,45.0046],[2.0489,45.0045]]}},{"type":"Feature","properties":{"rang":"nationale"},"geometry":{"type":"LineString","coordinates":[[2.1292,44.9971],[2.1266,44.9975],[2.1258,44.9976],[2.125,44.9976],[2.1243,44.9976],[2.122,44.9974],[2.1214,44.9973],[2.1201,44.9973],[2.1166,44.9974],[2.1161,44.9974],[2.1147,44.9973],[2.1136,44.9972],[2.1126,44.9973],[2.108,44.9976],[2.1072,44.9976],[2.1068,44.9975],[2.1054,44.9971],[2.1054,44.9971],[2.107,44.9975],[2.1078,44.9976],[2.1084,44.9976]]}},{"type":"Feature","properties":{"rang":"nationale"},"geometry":{"type":"LineString","coordinates":[[2.1061,44.9973],[2.1066,44.9975]]}},{"type":"Feature","properties":{"rang":"nationale"},"geometry":{"type":"LineString","coordinates":[[1.8502,45.1806],[1.85,45.1806]]}},{"type":"Feature","properties":{"rang":"nationale"},"geometry":{"type":"LineString","coordinates":[[1.8509,45.1799],[1.8509,45.18]]}},{"type":"Feature","properties":{"rang":"nationale"},"geometry":{"type":"LineString","coordinates":[[1.8536,44.9477],[1.8539,44.9468],[1.854,44.9463]]}},{"type":"Feature","properties":{"rang":"nationale"},"geometry":{"type":"LineString","coordinates":[[1.8539,44.9467],[1.8541,44.9463],[1.854,44.9468],[1.8536,44.9477]]}},{"type":"Feature","properties":{"rang":"nationale"},"geometry":{"type":"LineString","coordinates":[[1.8049,45.028],[1.805,45.0277]]}},{"type":"Feature","properties":{"rang":"nationale"},"geometry":{"type":"LineString","coordinates":[[1.7738,45.1972],[1.774,45.1968],[1.7741,45.1963],[1.7741,45.1958],[1.774,45.1954],[1.7736,45.1947]]}},{"type":"Feature","properties":{"rang":"nationale"},"geometry":{"type":"LineString","coordinates":[[1.7714,45.2016],[1.7718,45.2011],[1.7723,45.2005],[1.7729,45.1998],[1.7731,45.1993],[1.7732,45.1985],[1.7735,45.1979],[1.7738,45.1972]]}},{"type":"Feature","properties":{"rang":"nationale"},"geometry":{"type":"LineString","coordinates":[[1.7706,45.2152],[1.7713,45.2142]]}},{"type":"Feature","properties":{"rang":"nationale"},"geometry":{"type":"LineString","coordinates":[[1.7702,45.2158],[1.7706,45.2152]]}},{"type":"Feature","properties":{"rang":"nationale"},"geometry":{"type":"LineString","coordinates":[[1.771,45.203],[1.7708,45.2027],[1.7708,45.2024],[1.7709,45.2021],[1.7714,45.2016]]}},{"type":"Feature","properties":{"rang":"nationale"},"geometry":{"type":"LineString","coordinates":[[1.9381,45.0855],[1.9374,45.0857]]}},{"type":"Feature","properties":{"rang":"nationale"},"geometry":{"type":"LineString","coordinates":[[1.7665,45.2243],[1.7669,45.2228],[1.7674,45.2206],[1.7676,45.22],[1.7682,45.219],[1.7702,45.2158]]}},{"type":"Feature","properties":{"rang":"nationale"},"geometry":{"type":"LineString","coordinates":[[2.3411,45.2162],[2.344,45.2148],[2.346,45.2138],[2.3462,45.2135]]}},{"type":"Feature","properties":{"rang":"nationale"},"geometry":{"type":"LineString","coordinates":[[2.3405,45.2166],[2.3404,45.2164],[2.3406,45.2163],[2.3408,45.2165],[2.3405,45.2166]]}},{"type":"Feature","properties":{"rang":"nationale"},"geometry":{"type":"LineString","coordinates":[[2.1541,44.9941],[2.1534,44.9939],[2.1527,44.9937],[2.1517,44.9933],[2.1512,44.9931],[2.1505,44.993],[2.1498,44.993],[2.1493,44.9931],[2.1472,44.9935],[2.1463,44.9937],[2.1453,44.9942],[2.1429,44.9957],[2.1421,44.9961],[2.1414,44.9964],[2.1392,44.9969],[2.1385,44.997],[2.1346,44.9967],[2.1331,44.9966],[2.1318,44.9967],[2.1292,44.9971]]}},{"type":"Feature","properties":{"rang":"nationale"},"geometry":{"type":"LineString","coordinates":[[2.3499,45.2126],[2.3494,45.2125],[2.3499,45.2124]]}},{"type":"Feature","properties":{"rang":"nationale"},"geometry":{"type":"LineString","coordinates":[[2.3501,45.2123],[2.3503,45.2125],[2.35,45.2126],[2.3499,45.2125],[2.3501,45.2123]]}},{"type":"Feature","properties":{"rang":"nationale"},"geometry":{"type":"LineString","coordinates":[[2.3506,45.2126],[2.3509,45.2127],[2.3535,45.2137],[2.3541,45.2139],[2.3545,45.214],[2.3551,45.2139],[2.3559,45.2138],[2.3573,45.2131],[2.3606,45.2121],[2.3618,45.2117],[2.3652,45.2112],[2.3665,45.2109],[2.3672,45.2106],[2.3678,45.2102],[2.3697,45.2082],[2.37,45.2077],[2.3704,45.2067],[2.3707,45.2061],[2.3711,45.2057],[2.3719,45.205],[2.3736,45.2035],[2.3763,45.2013],[2.377,45.2007],[2.3775,45.2005],[2.3788,45.1999],[2.3797,45.1996],[2.3803,45.1995],[2.3811,45.1995],[2.3824,45.1996],[2.3857,45.2],[2.3866,45.2001],[2.3874,45.1999],[2.3881,45.1996],[2.392,45.1983],[2.393,45.1978],[2.3935,45.1975],[2.3938,45.1971],[2.394,45.1967],[2.3941,45.1964],[2.3941,45.196],[2.3941,45.1953],[2.3941,45.1948],[2.3944,45.1944],[2.3951,45.1938],[2.3951,45.1934],[2.3946,45.193],[2.3943,45.1927],[2.394,45.1922],[2.3941,45.1918],[2.3948,45.1913],[2.395,45.1912],[2.3954,45.1906],[2.3959,45.1897],[2.3961,45.1895],[2.3966,45.189],[2.397,45.1887],[2.3977,45.1884],[2.3982,45.1883],[2.3992,45.1883],[2.3996,45.1885],[2.4002,45.1888],[2.4007,45.1889],[2.402,45.1888],[2.4024,45.1887],[2.4028,45.1885],[2.4033,45.1879],[2.4033,45.1876],[2.4029,45.1853],[2.4029,45.1851],[2.4026,45.1847],[2.4019,45.1843],[2.4013,45.1843],[2.4007,45.1844],[2.3995,45.185],[2.399,45.1851],[2.3983,45.1851],[2.3966,45.1848],[2.3961,45.1846],[2.3958,45.1842],[2.3957,45.1834],[2.3955,45.1831],[2.3945,45.1821],[2.3943,45.1819],[2.3941,45.1815],[2.3936,45.1791],[2.3935,45.1783],[2.3935,45.1775],[2.3937,45.1763],[2.3938,45.1757],[2.394,45.1753],[2.3942,45.175],[2.3945,45.1748],[2.3951,45.1745],[2.3956,45.1743],[2.3961,45.1743],[2.3969,45.1743],[2.3993,45.174],[2.3997,45.1739],[2.3999,45.1735],[2.3999,45.1733],[2.3997,45.173],[2.3988,45.1727],[2.3968,45.172],[2.3965,45.1719],[2.3962,45.1715],[2.3962,45.1711],[2.3965,45.1704],[2.3966,45.17],[2.3964,45.1698],[2.396,45.1696],[2.3956,45.1695],[2.3942,45.1694],[2.3934,45.1692],[2.393,45.1689],[2.3927,45.1685],[2.3924,45.1673],[2.3924,45.167],[2.3927,45.1666],[2.3929,45.1663],[2.3939,45.1654],[2.3942,45.1649],[2.3944,45.1643],[2.3944,45.1637],[2.3942,45.1634],[2.3939,45.1629],[2.3928,45.1616],[2.3898,45.1579],[2.3892,45.1571],[2.3885,45.1556],[2.3882,45.1549],[2.3881,45.1543],[2.388,45.1524],[2.388,45.1515],[2.3882,45.15],[2.3884,45.1494],[2.3886,45.1489],[2.3891,45.1482],[2.3895,45.1479],[2.3902,45.1473],[2.391,45.1468],[2.3956,45.144],[2.3968,45.1433],[2.3976,45.1426],[2.3981,45.1421],[2.4002,45.1396],[2.4007,45.139],[2.4018,45.1382],[2.4049,45.1362],[2.4097,45.1331],[2.4136,45.1307],[2.4179,45.1279],[2.4188,45.1274],[2.419,45.1271],[2.4192,45.1265],[2.4191,45.126],[2.4188,45.1248],[2.4185,45.1242],[2.4178,45.1238],[2.4171,45.1236],[2.4166,45.1236],[2.4126,45.1236],[2.4122,45.1235],[2.4117,45.1234],[2.4112,45.123],[2.411,45.1228],[2.4109,45.1222],[2.4107,45.1219],[2.4105,45.1217],[2.41,45.1215],[2.4085,45.1211],[2.4082,45.121],[2.4078,45.1207],[2.4076,45.1204],[2.4076,45.1199],[2.4079,45.1195],[2.4086,45.1188],[2.4089,45.1187],[2.4094,45.1185],[2.4102,45.1185],[2.414,45.1188],[2.4145,45.1188],[2.4151,45.1186],[2.4159,45.1181],[2.4163,45.118],[2.417,45.1178],[2.4175,45.1179],[2.4198,45.1188],[2.4206,45.1189],[2.4239,45.119],[2.4242,45.1189],[2.4256,45.1175]]}},{"type":"Feature","properties":{"rang":"nationale"},"geometry":{"type":"LineString","coordinates":[[2.4193,45.1116],[2.4186,45.1116],[2.4148,45.1122],[2.414,45.1122],[2.4133,45.1121],[2.4129,45.1119],[2.4125,45.1116],[2.4122,45.1113],[2.412,45.111],[2.4119,45.1106],[2.4119,45.1094],[2.4118,45.1091],[2.4116,45.1087],[2.4113,45.1084],[2.4107,45.108],[2.4102,45.1079],[2.4095,45.1078],[2.4091,45.1079],[2.4085,45.1081],[2.4076,45.1085],[2.4071,45.1087],[2.4062,45.1087],[2.4056,45.1087],[2.4048,45.1084],[2.4041,45.1079],[2.4038,45.1072],[2.4032,45.1046],[2.4022,45.1004],[2.4021,45.1001],[2.4022,45.0996],[2.4023,45.0993],[2.4027,45.0988],[2.4033,45.0983],[2.4057,45.0969]]}},{"type":"Feature","properties":{"rang":"nationale"},"geometry":{"type":"LineString","coordinates":[[2.3506,45.2126],[2.3502,45.2126]]}},{"type":"Feature","properties":{"rang":"nationale"},"geometry":{"type":"LineString","coordinates":[[2.3503,45.2125],[2.3506,45.2126]]}},{"type":"Feature","properties":{"rang":"nationale"},"geometry":{"type":"LineString","coordinates":[[2.3464,45.2137],[2.3462,45.2135],[2.3465,45.2134],[2.3467,45.2136],[2.3464,45.2137]]}},{"type":"Feature","properties":{"rang":"nationale"},"geometry":{"type":"LineString","coordinates":[[2.1989,44.9885],[2.1958,44.9906],[2.1923,44.9928],[2.1892,44.9948],[2.1886,44.9951],[2.1877,44.9955],[2.1869,44.9958],[2.1857,44.9962],[2.1851,44.9963],[2.1839,44.9964],[2.1831,44.9965],[2.1816,44.9964],[2.1802,44.9962],[2.179,44.9959],[2.1765,44.995],[2.1757,44.9948],[2.1752,44.9947],[2.1741,44.9946],[2.1735,44.9947],[2.1728,44.9947],[2.1719,44.9949],[2.1679,44.9959],[2.167,44.996],[2.1665,44.996],[2.1639,44.9957],[2.1634,44.9955],[2.1626,44.9951],[2.1617,44.9945],[2.1613,44.9943],[2.1607,44.9942],[2.1601,44.9942],[2.1594,44.9941],[2.1581,44.994],[2.1575,44.994],[2.1548,44.9941],[2.1541,44.9941]]}},{"type":"Feature","properties":{"rang":"nationale"},"geometry":{"type":"LineString","coordinates":[[2.2058,44.985],[2.2113,44.9831]]}},{"type":"Feature","properties":{"rang":"nationale"},"geometry":{"type":"LineString","coordinates":[[2.2033,44.9858],[2.2021,44.9865],[2.201,44.9872],[2.1989,44.9885]]}},{"type":"Feature","properties":{"rang":"nationale"},"geometry":{"type":"LineString","coordinates":[[2.2058,44.985],[2.2039,44.9856],[2.2033,44.9858]]}},{"type":"Feature","properties":{"rang":"nationale"},"geometry":{"type":"LineString","coordinates":[[2.2126,44.9825],[2.2118,44.9829],[2.2113,44.9831]]}},{"type":"Feature","properties":{"rang":"nationale"},"geometry":{"type":"LineString","coordinates":[[2.3411,45.2162],[2.3408,45.2165]]}},{"type":"Feature","properties":{"rang":"nationale"},"geometry":{"type":"LineString","coordinates":[[2.3407,45.2164],[2.3411,45.2162]]}},{"type":"Feature","properties":{"rang":"nationale"},"geometry":{"type":"LineString","coordinates":[[2.347,45.2133],[2.3467,45.2135]]}},{"type":"Feature","properties":{"rang":"nationale"},"geometry":{"type":"LineString","coordinates":[[2.3464,45.2137],[2.346,45.2138]]}},{"type":"Feature","properties":{"rang":"nationale"},"geometry":{"type":"LineString","coordinates":[[2.3466,45.2134],[2.347,45.2133],[2.3485,45.2127],[2.3494,45.2125]]}},{"type":"Feature","properties":{"rang":"nationale"},"geometry":{"type":"LineString","coordinates":[[1.7284,45.4638],[1.7289,45.4641],[1.7295,45.4647],[1.7304,45.4654],[1.7309,45.4656],[1.7318,45.4658],[1.7322,45.4659],[1.7335,45.4662],[1.7339,45.4662],[1.7359,45.4666],[1.7362,45.4667],[1.7378,45.467],[1.7383,45.467],[1.7408,45.4672],[1.7427,45.467],[1.7433,45.4669],[1.7437,45.4665],[1.7442,45.4664],[1.7453,45.4663],[1.7459,45.4664],[1.7465,45.4666],[1.7473,45.4675],[1.7477,45.4678],[1.7481,45.468],[1.7488,45.4682],[1.7491,45.4683],[1.7499,45.4689],[1.7504,45.4691],[1.7509,45.4692],[1.7516,45.4692],[1.7519,45.4693],[1.755,45.4702],[1.7558,45.4707],[1.7562,45.471],[1.757,45.4712],[1.7575,45.4714],[1.761,45.4733],[1.7613,45.4734],[1.7619,45.4736],[1.7624,45.4736],[1.7666,45.4739],[1.7675,45.4741],[1.7682,45.4744],[1.7685,45.4746],[1.7688,45.4749],[1.769,45.4753],[1.7698,45.4769],[1.7702,45.4774],[1.7715,45.4785],[1.7721,45.479],[1.7728,45.4792],[1.7747,45.4797],[1.7754,45.48],[1.7758,45.4803],[1.7769,45.4812],[1.7774,45.4815],[1.7781,45.4818],[1.7803,45.4825],[1.7829,45.4836],[1.784,45.484],[1.7846,45.4844],[1.7849,45.4847],[1.7856,45.4856],[1.786,45.4863],[1.7863,45.4873],[1.7865,45.4877],[1.7873,45.4888],[1.7875,45.4896],[1.7876,45.4906],[1.7876,45.4919],[1.7876,45.4924],[1.7873,45.4941],[1.7873,45.4944],[1.7875,45.4951],[1.7876,45.4955],[1.7873,45.4971],[1.787,45.4982],[1.7868,45.4985],[1.7866,45.4988],[1.7842,45.5007],[1.784,45.5009],[1.7839,45.5013],[1.7836,45.5032],[1.7835,45.5036],[1.7836,45.5039],[1.7839,45.5044],[1.7847,45.5054],[1.7848,45.5057],[1.7849,45.5063],[1.7844,45.5119],[1.7844,45.5123],[1.7846,45.5127],[1.7871,45.5157],[1.7876,45.5164],[1.7877,45.5168],[1.7878,45.5173],[1.7877,45.52],[1.7876,45.521],[1.7874,45.5216],[1.7869,45.5223],[1.7865,45.5227],[1.7849,45.5239],[1.7846,45.5242],[1.7843,45.5248],[1.7843,45.5253],[1.7842,45.5264],[1.7842,45.5269],[1.7844,45.5277],[1.7844,45.528],[1.7841,45.5292],[1.7841,45.5296],[1.7843,45.5299],[1.7849,45.5304],[1.7859,45.531],[1.7862,45.5313],[1.7866,45.5321],[1.787,45.5328],[1.7903,45.5346],[1.7913,45.5354],[1.7929,45.5365],[1.7946,45.5376],[1.7971,45.538],[1.7976,45.538],[1.7979,45.5379],[1.8001,45.5366],[1.8007,45.5364],[1.8012,45.5365],[1.8016,45.5367],[1.8018,45.5369],[1.8018,45.5373],[1.8014,45.5381],[1.801,45.5385],[1.8007,45.5387],[1.8005,45.5393],[1.8004,45.5396],[1.8007,45.5404],[1.8008,45.5407],[1.8007,45.5411],[1.8003,45.5416],[1.7985,45.5428],[1.7982,45.5433],[1.7982,45.5436],[1.7984,45.5438],[1.7999,45.5452],[1.8003,45.5455]]}},{"type":"Feature","properties":{"rang":"nationale"},"geometry":{"type":"LineString","coordinates":[[1.6969,45.3722],[1.697,45.3719],[1.6971,45.3722]]}},{"type":"Feature","properties":{"rang":"nationale"},"geometry":{"type":"LineString","coordinates":[[1.6966,45.3727],[1.6968,45.3724]]}},{"type":"Feature","properties":{"rang":"nationale"},"geometry":{"type":"LineString","coordinates":[[1.7312,45.3555],[1.731,45.3554],[1.7313,45.3552],[1.7314,45.3555],[1.7312,45.3555]]}},{"type":"Feature","properties":{"rang":"nationale"},"geometry":{"type":"LineString","coordinates":[[1.7306,45.3555],[1.731,45.3554]]}},{"type":"Feature","properties":{"rang":"nationale"},"geometry":{"type":"LineString","coordinates":[[1.7314,45.3553],[1.7318,45.3552],[1.7315,45.3554]]}},{"type":"Feature","properties":{"rang":"nationale"},"geometry":{"type":"LineString","coordinates":[[1.7314,45.3555],[1.7315,45.3558],[1.7312,45.3555]]}},{"type":"Feature","properties":{"rang":"nationale"},"geometry":{"type":"LineString","coordinates":[[1.7252,45.3723],[1.7247,45.3752],[1.7246,45.3757],[1.7234,45.3783],[1.7227,45.3798],[1.7225,45.3801],[1.7219,45.3807],[1.7216,45.3812],[1.7215,45.3816],[1.7216,45.3835],[1.7219,45.3872],[1.7221,45.3882],[1.722,45.3887],[1.7219,45.389],[1.7217,45.3894],[1.7212,45.3899],[1.7196,45.3913],[1.7191,45.3918],[1.7183,45.3928],[1.7178,45.3935],[1.7176,45.394],[1.7175,45.3945],[1.7173,45.3957],[1.7172,45.3963],[1.7167,45.3975],[1.7167,45.3979],[1.7169,45.3985],[1.7174,45.3991],[1.7177,45.3993],[1.7198,45.4009],[1.7201,45.4013],[1.7205,45.4019],[1.721,45.4031],[1.7212,45.4039],[1.7212,45.4045],[1.721,45.4051],[1.7208,45.4054],[1.7195,45.4073],[1.7193,45.4076],[1.7188,45.4082],[1.7179,45.4089],[1.7174,45.4094],[1.7171,45.41],[1.7166,45.4116],[1.7164,45.4122],[1.7161,45.4126],[1.7148,45.4141],[1.7146,45.4144],[1.7135,45.4164],[1.7134,45.4172],[1.7136,45.4178],[1.7145,45.4189],[1.7146,45.4191],[1.7147,45.4195],[1.7147,45.42],[1.7147,45.4203],[1.7144,45.4208],[1.7132,45.4224],[1.7128,45.4228],[1.7124,45.423],[1.7113,45.4236],[1.7107,45.4241],[1.7105,45.4246],[1.7104,45.4254],[1.7105,45.4259],[1.7105,45.4261],[1.7099,45.4267],[1.7086,45.428],[1.7068,45.4297],[1.7058,45.4308],[1.7048,45.4318],[1.7042,45.4323]]}},{"type":"Feature","properties":{"rang":"nationale"},"geometry":{"type":"LineString","coordinates":[[1.7315,45.3558],[1.7316,45.3561],[1.7314,45.3566],[1.7305,45.3575],[1.7302,45.3576],[1.7281,45.3587],[1.7272,45.3593],[1.7267,45.3599],[1.7263,45.3607],[1.725,45.3626]]}},{"type":"Feature","properties":{"rang":"nationale"},"geometry":{"type":"LineString","coordinates":[[1.7228,45.3566],[1.7211,45.3568],[1.72,45.3571],[1.7192,45.3573],[1.7184,45.3576],[1.7155,45.3586],[1.7139,45.3592],[1.7111,45.3603],[1.7102,45.3606],[1.7089,45.3613],[1.7083,45.3616],[1.7033,45.365],[1.7008,45.3666],[1.7003,45.367],[1.6993,45.3679],[1.6989,45.3684],[1.6979,45.3696],[1.6975,45.3702],[1.6972,45.3709],[1.6971,45.3714],[1.697,45.3719]]}},{"type":"Feature","properties":{"rang":"nationale"},"geometry":{"type":"LineString","coordinates":[[1.7129,45.229],[1.7145,45.2304],[1.7153,45.2314],[1.7152,45.2314],[1.7147,45.2308],[1.7143,45.2303],[1.7137,45.2298],[1.7103,45.2269],[1.7097,45.2264],[1.7091,45.2261],[1.7081,45.2257],[1.7088,45.2259],[1.7094,45.2262],[1.71,45.2265],[1.7129,45.229]]}},{"type":"Feature","properties":{"rang":"nationale"},"geometry":{"type":"LineString","coordinates":[[1.6955,45.2165],[1.6964,45.2168],[1.6975,45.2168],[1.6992,45.2168],[1.6996,45.2168],[1.6998,45.217],[1.7005,45.2176],[1.7009,45.2178]]}},{"type":"Feature","properties":{"rang":"nationale"},"geometry":{"type":"LineString","coordinates":[[1.702,45.2196],[1.7015,45.2193],[1.7012,45.2192],[1.7005,45.2191],[1.7002,45.2187]]}},{"type":"Feature","properties":{"rang":"nationale"},"geometry":{"type":"LineString","coordinates":[[1.7006,45.2186],[1.7005,45.2189],[1.7007,45.219],[1.7009,45.2189],[1.701,45.2187],[1.7031,45.2207],[1.7035,45.2215],[1.7037,45.2219],[1.7038,45.2231],[1.704,45.2238],[1.7045,45.2244],[1.7052,45.2248],[1.7061,45.2252],[1.7081,45.2257]]}},{"type":"Feature","properties":{"rang":"nationale"},"geometry":{"type":"LineString","coordinates":[[1.7008,45.2184],[1.701,45.2187]]}},{"type":"Feature","properties":{"rang":"nationale"},"geometry":{"type":"LineString","coordinates":[[1.7012,45.2184],[1.7013,45.2186],[1.702,45.2194],[1.7031,45.2207]]}},{"type":"Feature","properties":{"rang":"nationale"},"geometry":{"type":"LineString","coordinates":[[1.711,45.3602],[1.7114,45.36],[1.7116,45.3598],[1.7118,45.3593],[1.7122,45.3589],[1.7124,45.3587]]}},{"type":"Feature","properties":{"rang":"nationale"},"geometry":{"type":"LineString","coordinates":[[1.7149,45.3589],[1.7145,45.3591],[1.7143,45.3596],[1.714,45.3598],[1.7137,45.3601]]}},{"type":"Feature","properties":{"rang":"nationale"},"geometry":{"type":"LineString","coordinates":[[1.7118,45.3594],[1.7119,45.3597],[1.7122,45.3598]]}},{"type":"Feature","properties":{"rang":"nationale"},"geometry":{"type":"LineString","coordinates":[[1.7142,45.3597],[1.7142,45.3594],[1.7139,45.3592]]}},{"type":"Feature","properties":{"rang":"nationale"},"geometry":{"type":"LineString","coordinates":[[1.7311,45.3555],[1.7306,45.3555],[1.7294,45.3557],[1.7243,45.3564],[1.7228,45.3566]]}},{"type":"Feature","properties":{"rang":"nationale"},"geometry":{"type":"LineString","coordinates":[[1.6969,45.3725],[1.6962,45.373],[1.6944,45.374],[1.6914,45.3756],[1.6882,45.3775],[1.6832,45.3802],[1.6823,45.3806],[1.6815,45.381],[1.6808,45.3812],[1.6798,45.3814],[1.6788,45.3816],[1.6772,45.3817],[1.6742,45.3817],[1.6689,45.3814],[1.6684,45.3814],[1.6676,45.3815],[1.6656,45.3817],[1.6579,45.3827],[1.655,45.383],[1.6523,45.3833],[1.6441,45.3843],[1.6425,45.3845],[1.6352,45.3853],[1.6314,45.3858],[1.6278,45.3861],[1.6268,45.3862],[1.6237,45.3862],[1.6144,45.386],[1.6129,45.386],[1.6121,45.386],[1.607,45.3863],[1.6041,45.3864],[1.6031,45.3866],[1.5924,45.3879],[1.5915,45.388],[1.5903,45.3883],[1.5887,45.3887],[1.5872,45.3893],[1.5865,45.3895],[1.5854,45.3901],[1.5844,45.3907],[1.582,45.3923],[1.5809,45.393],[1.5799,45.3936],[1.5793,45.3939],[1.5781,45.3944],[1.5775,45.3945],[1.5763,45.3949],[1.5756,45.3951],[1.575,45.3954]]}},{"type":"Feature","properties":{"rang":"nationale"},"geometry":{"type":"LineString","coordinates":[[1.5749,45.3951],[1.5753,45.3951],[1.5763,45.3949]]}},{"type":"Feature","properties":{"rang":"nationale"},"geometry":{"type":"LineString","coordinates":[[1.7318,45.3552],[1.7324,45.355],[1.7329,45.3548],[1.7333,45.3545],[1.7337,45.3542],[1.7377,45.3501],[1.739,45.3488],[1.7395,45.3483],[1.7403,45.3473],[1.7419,45.3458],[1.7423,45.3455],[1.7428,45.3452],[1.7434,45.345],[1.7444,45.3448],[1.7452,45.3445],[1.746,45.344],[1.7464,45.3436],[1.7467,45.343],[1.7481,45.3397],[1.7489,45.3379],[1.7492,45.3375],[1.7494,45.3373],[1.7506,45.3364],[1.7519,45.3351],[1.7525,45.3347],[1.753,45.3345],[1.7539,45.3342],[1.7549,45.334],[1.7557,45.3341],[1.7567,45.3342],[1.7575,45.3342],[1.7579,45.3341],[1.7594,45.3339],[1.7602,45.3337],[1.7604,45.3335],[1.761,45.3332],[1.7612,45.3329],[1.7623,45.3317],[1.7626,45.3314],[1.7634,45.3307],[1.7642,45.3303],[1.7679,45.3283],[1.7682,45.3282],[1.7685,45.3278]]}},{"type":"Feature","properties":{"rang":"nationale"},"geometry":{"type":"LineString","coordinates":[[1.6968,45.3723],[1.6969,45.3722],[1.6972,45.3722],[1.6971,45.3725],[1.6968,45.3723]]}},{"type":"Feature","properties":{"rang":"nationale"},"geometry":{"type":"LineString","coordinates":[[1.7551,45.2528],[1.7545,45.2528],[1.7538,45.2526],[1.7534,45.2524],[1.7529,45.2521],[1.7525,45.2518],[1.7519,45.251],[1.7516,45.2507],[1.7511,45.2504],[1.7501,45.2501],[1.7497,45.2498],[1.7475,45.2484],[1.747,45.2479],[1.7466,45.2475],[1.7461,45.2466],[1.7445,45.2438],[1.7437,45.2425],[1.7434,45.2421],[1.7428,45.2416],[1.7419,45.2412],[1.7387,45.2402],[1.7354,45.2394],[1.7345,45.2391],[1.734,45.2388],[1.7341,45.2388],[1.7346,45.239],[1.7355,45.2393],[1.7386,45.2401],[1.7418,45.2411],[1.7424,45.2413],[1.7432,45.2418],[1.7438,45.2424],[1.745,45.2444],[1.7462,45.2467],[1.7466,45.2473],[1.7469,45.2477],[1.7476,45.2483],[1.7482,45.2487],[1.7499,45.2499],[1.7503,45.2501],[1.7512,45.2503],[1.7518,45.2507],[1.7525,45.2516],[1.7528,45.2519],[1.7532,45.2522],[1.7536,45.2524],[1.7545,45.2527],[1.7553,45.2528],[1.7558,45.2527],[1.7571,45.2525],[1.758,45.2524],[1.7594,45.252],[1.7614,45.2513],[1.7618,45.2511],[1.7642,45.2506],[1.7652,45.2502],[1.7656,45.2499],[1.7661,45.2491],[1.7664,45.2489],[1.7671,45.2484],[1.7683,45.2479],[1.7692,45.2478],[1.7701,45.2478],[1.7708,45.2477],[1.771,45.2478],[1.7717,45.2473],[1.7711,45.2478],[1.7711,45.248],[1.7735,45.2493],[1.7746,45.2499],[1.7747,45.2501],[1.7753,45.2506],[1.7756,45.251],[1.776,45.2515],[1.7762,45.2521],[1.7765,45.2535],[1.7766,45.2536],[1.7767,45.2543],[1.777,45.2552],[1.7773,45.2557],[1.7776,45.2561],[1.7783,45.2567],[1.7788,45.257],[1.7794,45.2573],[1.7803,45.2576],[1.781,45.2577],[1.7824,45.2579],[1.7835,45.2582],[1.7842,45.2584],[1.7848,45.2587],[1.7869,45.2599],[1.7876,45.2604],[1.7879,45.2606],[1.7884,45.2612],[1.7886,45.2618],[1.7891,45.2632],[1.7893,45.2636],[1.7896,45.264],[1.7908,45.2652],[1.791,45.2655],[1.7913,45.266],[1.7914,45.2666],[1.7912,45.2674],[1.7905,45.2691],[1.79,45.2701],[1.7894,45.2712],[1.7891,45.2719],[1.789,45.2726],[1.7889,45.2742],[1.7888,45.2748],[1.7889,45.2754],[1.7892,45.2764],[1.7894,45.2768],[1.7898,45.2775],[1.7903,45.278],[1.7907,45.2784],[1.7912,45.2788],[1.7919,45.2793],[1.7923,45.2795],[1.7932,45.2799],[1.7955,45.2808],[1.796,45.281],[1.7965,45.2813],[1.797,45.2817],[1.7974,45.2823],[1.7976,45.2827],[1.7979,45.2835],[1.7982,45.2838],[1.7981,45.2841],[1.7985,45.2849],[1.7989,45.2854],[1.7995,45.286],[1.8003,45.2866],[1.8026,45.2881],[1.8037,45.2887],[1.8043,45.289],[1.8062,45.2898],[1.8068,45.2901],[1.8071,45.2905],[1.8073,45.2907],[1.8075,45.2912],[1.8076,45.2915],[1.8077,45.2936],[1.8078,45.2944],[1.808,45.2948],[1.8082,45.2953],[1.8086,45.2956],[1.8092,45.296],[1.8099,45.2962],[1.8108,45.2964],[1.8121,45.2966],[1.812,45.2966],[1.8108,45.2965],[1.8101,45.2963],[1.8095,45.2962],[1.8088,45.2958],[1.8082,45.2953],[1.8079,45.2949],[1.8077,45.2944],[1.8076,45.2939],[1.8075,45.2925],[1.8075,45.2918],[1.8075,45.2913],[1.8072,45.2907],[1.807,45.2904],[1.8066,45.2901],[1.806,45.2897]]}},{"type":"Feature","properties":{"rang":"nationale"},"geometry":{"type":"LineString","coordinates":[[1.7155,45.2317],[1.716,45.2322],[1.7165,45.2324],[1.7174,45.2327],[1.7179,45.2327],[1.7186,45.2327],[1.7195,45.2327],[1.7201,45.2327],[1.7222,45.2329],[1.7227,45.2328],[1.7233,45.2327],[1.7244,45.2325],[1.7252,45.2324],[1.7261,45.2324],[1.7269,45.2326],[1.7273,45.2328],[1.728,45.2334],[1.7284,45.234],[1.7284,45.2344],[1.7285,45.2353],[1.7287,45.236],[1.7292,45.2365],[1.7297,45.2369],[1.7305,45.2372],[1.7325,45.2378],[1.7332,45.2382],[1.734,45.2388]]}},{"type":"Feature","properties":{"rang":"nationale"},"geometry":{"type":"LineString","coordinates":[[1.7229,45.4556],[1.723,45.4551],[1.7231,45.4547],[1.7234,45.4544],[1.7239,45.4539],[1.7267,45.4521],[1.7273,45.4515],[1.7276,45.4512],[1.7278,45.4505],[1.7278,45.4499],[1.7275,45.4492],[1.7271,45.4487],[1.7268,45.4484],[1.7251,45.4472],[1.7247,45.4468],[1.7244,45.4462],[1.7243,45.4457],[1.7242,45.4451],[1.7244,45.4444],[1.7246,45.444],[1.7252,45.443],[1.7254,45.4425],[1.7254,45.442],[1.7252,45.4416],[1.7248,45.4413],[1.7245,45.4411],[1.7239,45.4409],[1.723,45.4409],[1.7218,45.441],[1.7212,45.4409],[1.7201,45.4407],[1.7193,45.4407],[1.7183,45.4408],[1.7177,45.4408],[1.7173,45.4407],[1.7165,45.4404],[1.7156,45.4398],[1.715,45.4395],[1.7143,45.4395],[1.7129,45.4395],[1.7121,45.4396],[1.7118,45.4397],[1.7099,45.4404],[1.709,45.4407],[1.7081,45.4409],[1.7072,45.441],[1.7067,45.4409],[1.7062,45.4407],[1.7058,45.4405],[1.7055,45.4399],[1.7055,45.4395],[1.7059,45.4385],[1.706,45.438],[1.7061,45.437],[1.7059,45.4365],[1.7051,45.4359],[1.705,45.4355],[1.7051,45.4349],[1.705,45.4344],[1.7047,45.4337],[1.704,45.433],[1.7039,45.4327],[1.7042,45.4323]]}},{"type":"Feature","properties":{"rang":"nationale"},"geometry":{"type":"LineString","coordinates":[[1.7353,45.2392],[1.7352,45.2393]]}},{"type":"Feature","properties":{"rang":"nationale"},"geometry":{"type":"LineString","coordinates":[[1.7284,45.4634],[1.7286,45.4628],[1.729,45.4624],[1.7295,45.4614],[1.7295,45.4611],[1.7291,45.4607],[1.7291,45.4604],[1.7294,45.4599],[1.7295,45.4593],[1.7293,45.459],[1.7288,45.4587],[1.7248,45.4572],[1.7239,45.4568],[1.7235,45.4565],[1.7232,45.4562],[1.7229,45.4556]]}},{"type":"Feature","properties":{"rang":"nationale"},"geometry":{"type":"LineString","coordinates":[[1.7252,45.3628],[1.725,45.3642],[1.7251,45.3648],[1.7257,45.367],[1.7261,45.3683],[1.7261,45.3689],[1.7254,45.3712],[1.7252,45.3723]]}},{"type":"Feature","properties":{"rang":"nationale"},"geometry":{"type":"LineString","coordinates":[[1.6964,45.2168],[1.6969,45.2168],[1.6985,45.217],[1.6992,45.2172],[1.6999,45.2176],[1.7002,45.2178],[1.7008,45.2184]]}},{"type":"Feature","properties":{"rang":"nationale"},"geometry":{"type":"LineString","coordinates":[[1.7003,45.2187],[1.7005,45.2188]]}},{"type":"Feature","properties":{"rang":"nationale"},"geometry":{"type":"LineString","coordinates":[[1.7007,45.2177],[1.7008,45.2176]]}},{"type":"Feature","properties":{"rang":"nationale"},"geometry":{"type":"LineString","coordinates":[[1.7153,45.2315],[1.7155,45.2317]]}},{"type":"Feature","properties":{"rang":"nationale"},"geometry":{"type":"LineString","coordinates":[[1.736,45.2395],[1.7352,45.2393]]}},{"type":"Feature","properties":{"rang":"nationale"},"geometry":{"type":"LineString","coordinates":[[1.7344,45.2389],[1.735,45.2393]]}},{"type":"Feature","properties":{"rang":"nationale"},"geometry":{"type":"LineString","coordinates":[[1.7346,45.239],[1.7353,45.2392]]}},{"type":"Feature","properties":{"rang":"nationale"},"geometry":{"type":"LineString","coordinates":[[1.7251,45.3625],[1.725,45.3626]]}},{"type":"Feature","properties":{"rang":"nationale"},"geometry":{"type":"LineString","coordinates":[[1.7375,45.2399],[1.7375,45.2399]]}},{"type":"Feature","properties":{"rang":"nationale"},"geometry":{"type":"LineString","coordinates":[[1.7364,45.2396],[1.7364,45.2396]]}},{"type":"Feature","properties":{"rang":"nationale"},"geometry":{"type":"LineString","coordinates":[[1.7284,45.4638],[1.7284,45.4634]]}},{"type":"Feature","properties":{"rang":"nationale"},"geometry":{"type":"LineString","coordinates":[[1.7155,45.3586],[1.7149,45.3589]]}},{"type":"Feature","properties":{"rang":"nationale"},"geometry":{"type":"LineString","coordinates":[[1.7102,45.3606],[1.711,45.3602]]}},{"type":"Feature","properties":{"rang":"nationale"},"geometry":{"type":"LineString","coordinates":[[1.7892,45.272],[1.7892,45.2726],[1.7893,45.2733],[1.7891,45.274],[1.789,45.2751],[1.789,45.2759]]}},{"type":"Feature","properties":{"rang":"nationale"},"geometry":{"type":"LineString","coordinates":[[1.8195,45.3062],[1.8236,45.3088],[1.8244,45.3095],[1.8252,45.3104],[1.8257,45.3109],[1.8252,45.3105],[1.8241,45.3093],[1.823,45.3085]]}},{"type":"Feature","properties":{"rang":"nationale"},"geometry":{"type":"LineString","coordinates":[[1.8376,45.3172],[1.839,45.3176],[1.8418,45.3185],[1.8441,45.3193],[1.846,45.3201],[1.8488,45.3212],[1.8495,45.3214],[1.8498,45.3214],[1.8501,45.3217],[1.8507,45.322],[1.8589,45.3253],[1.8608,45.3261],[1.8622,45.3266],[1.865,45.3278],[1.869,45.3296],[1.8699,45.3299],[1.8708,45.3303],[1.8715,45.3305],[1.8727,45.3307],[1.8736,45.3309],[1.8774,45.3315],[1.8793,45.3318]]}},{"type":"Feature","properties":{"rang":"nationale"},"geometry":{"type":"LineString","coordinates":[[1.7688,45.3275],[1.769,45.3278],[1.7688,45.3279],[1.7686,45.3278],[1.7685,45.3277],[1.7688,45.3275]]}},{"type":"Feature","properties":{"rang":"nationale"},"geometry":{"type":"LineString","coordinates":[[1.7855,45.2732],[1.7849,45.2732],[1.7841,45.273],[1.7839,45.2731],[1.7839,45.2733],[1.7851,45.2735],[1.7854,45.2737],[1.7859,45.2737],[1.7866,45.2737],[1.7868,45.2738],[1.7869,45.2741],[1.7866,45.2743],[1.7862,45.2743],[1.7867,45.2742],[1.7869,45.2741],[1.7867,45.2738],[1.7863,45.2737]]}},{"type":"Feature","properties":{"rang":"nationale"},"geometry":{"type":"LineString","coordinates":[[1.7738,45.2698],[1.7738,45.2698]]}},{"type":"Feature","properties":{"rang":"nationale"},"geometry":{"type":"LineString","coordinates":[[1.7686,45.3275],[1.7688,45.3272],[1.7689,45.3275]]}},{"type":"Feature","properties":{"rang":"nationale"},"geometry":{"type":"LineString","coordinates":[[1.7688,45.3271],[1.7688,45.3272]]}},{"type":"Feature","properties":{"rang":"nationale"},"geometry":{"type":"LineString","coordinates":[[1.7688,45.3266],[1.7688,45.3271]]}},{"type":"Feature","properties":{"rang":"nationale"},"geometry":{"type":"LineString","coordinates":[[1.7691,45.3233],[1.7689,45.3237],[1.7688,45.3233]]}},{"type":"Feature","properties":{"rang":"nationale"},"geometry":{"type":"LineString","coordinates":[[1.7688,45.323],[1.7692,45.323],[1.7692,45.3233],[1.7689,45.3233],[1.7687,45.3232],[1.7687,45.323],[1.7689,45.3228],[1.769,45.3226],[1.7691,45.3229]]}},{"type":"Feature","properties":{"rang":"nationale"},"geometry":{"type":"LineString","coordinates":[[1.7708,45.248],[1.7711,45.248]]}},{"type":"Feature","properties":{"rang":"nationale"},"geometry":{"type":"LineString","coordinates":[[1.7697,45.2488],[1.7703,45.2483],[1.7698,45.248],[1.7691,45.2479],[1.7683,45.2479]]}},{"type":"Feature","properties":{"rang":"nationale"},"geometry":{"type":"LineString","coordinates":[[1.7692,45.249],[1.7697,45.2488]]}},{"type":"Feature","properties":{"rang":"nationale"},"geometry":{"type":"LineString","coordinates":[[1.7742,45.2696],[1.7739,45.2698]]}},{"type":"Feature","properties":{"rang":"nationale"},"geometry":{"type":"LineString","coordinates":[[1.7747,45.2705],[1.7754,45.2712],[1.7755,45.2717],[1.7753,45.2721],[1.7752,45.2723],[1.7745,45.2727],[1.7734,45.2735],[1.7729,45.274],[1.772,45.2744],[1.7717,45.2747],[1.7715,45.275],[1.7712,45.2757],[1.7711,45.2761],[1.7708,45.2768],[1.7705,45.2772],[1.7698,45.2783],[1.7695,45.279],[1.7689,45.2796],[1.7689,45.2799],[1.769,45.2803],[1.769,45.2809],[1.7691,45.2814],[1.7691,45.282],[1.7692,45.2824],[1.7695,45.2828],[1.7703,45.2832],[1.7712,45.2837],[1.7715,45.284],[1.7716,45.2844],[1.7712,45.2851],[1.7712,45.2854],[1.7712,45.2858],[1.7717,45.2867],[1.7718,45.2871],[1.772,45.2876],[1.772,45.2885],[1.7722,45.289],[1.7724,45.2894],[1.773,45.2899],[1.774,45.2905],[1.7743,45.2907],[1.7746,45.291],[1.7748,45.2915],[1.7748,45.2918],[1.7747,45.2929],[1.7747,45.2933],[1.7751,45.2939],[1.776,45.2947],[1.7762,45.2951],[1.7764,45.2955],[1.777,45.2972],[1.7771,45.298],[1.7772,45.2984],[1.7772,45.2992],[1.777,45.2999],[1.777,45.3003],[1.7771,45.3008],[1.7774,45.3012],[1.7783,45.302],[1.7786,45.3023],[1.7788,45.3027],[1.7792,45.304],[1.7793,45.3045],[1.7792,45.3052],[1.779,45.3055],[1.7787,45.3058],[1.7774,45.3066],[1.7765,45.3076],[1.7761,45.3079],[1.7758,45.308],[1.7741,45.3087],[1.7738,45.3089],[1.7732,45.3093],[1.7728,45.3097],[1.7727,45.3098],[1.7731,45.3094],[1.7736,45.3089],[1.7738,45.3089]]}},{"type":"Feature","properties":{"rang":"nationale"},"geometry":{"type":"LineString","coordinates":[[1.7687,45.3279],[1.7682,45.3282]]}},{"type":"Feature","properties":{"rang":"nationale"},"geometry":{"type":"LineString","coordinates":[[1.8859,45.333],[1.8911,45.3339],[1.8981,45.335],[1.8994,45.3353],[1.8999,45.3354]]}},{"type":"Feature","properties":{"rang":"nationale"},"geometry":{"type":"LineString","coordinates":[[1.8796,45.332],[1.8794,45.332],[1.8793,45.3318],[1.8795,45.3318],[1.8796,45.332]]}},{"type":"Feature","properties":{"rang":"nationale"},"geometry":{"type":"LineString","coordinates":[[1.7655,45.25],[1.7652,45.2503],[1.7649,45.2504],[1.7642,45.2506],[1.7616,45.2512],[1.7608,45.2515],[1.7601,45.2518],[1.759,45.2522],[1.7576,45.2525],[1.7558,45.2528],[1.7551,45.2528]]}},{"type":"Feature","properties":{"rang":"nationale"},"geometry":{"type":"LineString","coordinates":[[1.7761,45.2706],[1.7758,45.2703],[1.7748,45.2699],[1.7743,45.2696],[1.7742,45.2696]]}},{"type":"Feature","properties":{"rang":"nationale"},"geometry":{"type":"LineString","coordinates":[[1.7689,45.3237],[1.7688,45.3266]]}},{"type":"Feature","properties":{"rang":"nationale"},"geometry":{"type":"LineString","coordinates":[[1.7884,45.2733],[1.7886,45.2732],[1.7891,45.2717],[1.7893,45.2717],[1.7892,45.272]]}},{"type":"Feature","properties":{"rang":"nationale"},"geometry":{"type":"LineString","coordinates":[[1.7666,45.2487],[1.7662,45.2491],[1.7658,45.2497],[1.7655,45.25]]}},{"type":"Feature","properties":{"rang":"nationale"},"geometry":{"type":"LineString","coordinates":[[1.7652,45.2504],[1.7652,45.2506],[1.765,45.2504]]}},{"type":"Feature","properties":{"rang":"nationale"},"geometry":{"type":"LineString","coordinates":[[1.7656,45.2508],[1.7652,45.2506]]}},{"type":"Feature","properties":{"rang":"nationale"},"geometry":{"type":"LineString","coordinates":[[2.0858,45.4314],[2.0862,45.4318],[2.0864,45.4322],[2.0863,45.433],[2.0865,45.4336],[2.0867,45.4339],[2.0871,45.4342],[2.0875,45.4343],[2.0888,45.4346],[2.0893,45.4347],[2.0899,45.4352],[2.0905,45.4358],[2.0911,45.4363],[2.0918,45.4368],[2.0929,45.4376],[2.0935,45.4381],[2.0951,45.4392],[2.096,45.4399],[2.097,45.4403],[2.0975,45.4406],[2.0998,45.4414],[2.1005,45.4417],[2.1011,45.4421],[2.1022,45.4428],[2.103,45.4432],[2.1039,45.4436],[2.1067,45.4447],[2.1072,45.4449],[2.108,45.4454],[2.1084,45.4458],[2.1088,45.4463],[2.1095,45.4475],[2.1101,45.4483],[2.1112,45.4501],[2.1127,45.4536],[2.1131,45.4542],[2.1156,45.4564],[2.1162,45.4568],[2.1169,45.457],[2.1192,45.4575],[2.1218,45.4582],[2.1226,45.4583],[2.1237,45.4583],[2.1245,45.4584],[2.1253,45.4586],[2.1264,45.4587],[2.1273,45.4589],[2.1285,45.459],[2.1296,45.4592],[2.1303,45.4595],[2.132,45.4604],[2.1343,45.4615],[2.135,45.4617],[2.1364,45.4619],[2.1369,45.4621],[2.1378,45.4624],[2.1384,45.4628],[2.1396,45.4639],[2.1416,45.4656],[2.1423,45.4662],[2.1434,45.4671],[2.1443,45.4677],[2.1448,45.468],[2.1457,45.4683],[2.1454,45.4682],[2.1447,45.468],[2.1435,45.4673],[2.1437,45.4673]]}},{"type":"Feature","properties":{"rang":"nationale"},"geometry":{"type":"LineString","coordinates":[[2.0809,45.4288],[2.0813,45.4293],[2.082,45.4298],[2.083,45.4303],[2.0855,45.4313],[2.0858,45.4314]]}},{"type":"Feature","properties":{"rang":"nationale"},"geometry":{"type":"LineString","coordinates":[[2.0514,45.4092],[2.0513,45.4097],[2.0514,45.41],[2.0517,45.4105],[2.0522,45.4108],[2.054,45.4115],[2.0545,45.4118],[2.0548,45.4121],[2.0552,45.4126],[2.0564,45.415],[2.0566,45.4153],[2.0571,45.4158],[2.0585,45.4168],[2.0596,45.4176],[2.0604,45.418],[2.0612,45.4182],[2.062,45.4184],[2.0626,45.4185],[2.0687,45.4193],[2.0701,45.4196],[2.0713,45.4198],[2.0721,45.4201],[2.0729,45.4205],[2.0733,45.4208],[2.0741,45.4214],[2.0754,45.4227],[2.0777,45.4248],[2.0781,45.4252],[2.0794,45.4269],[2.0809,45.4288]]}},{"type":"Feature","properties":{"rang":"nationale"},"geometry":{"type":"LineString","coordinates":[[2.0393,45.401],[2.04,45.4016],[2.0415,45.4021],[2.0421,45.4021],[2.0434,45.4018],[2.0439,45.4018],[2.0449,45.4019],[2.0455,45.4021],[2.0463,45.4025],[2.0465,45.4027],[2.0459,45.4046],[2.046,45.405],[2.0466,45.4055],[2.0468,45.4057],[2.0489,45.4065],[2.0501,45.407],[2.0512,45.4074],[2.0515,45.4076],[2.0516,45.408],[2.0514,45.4092]]}},{"type":"Feature","properties":{"rang":"nationale"},"geometry":{"type":"LineString","coordinates":[[2.0229,45.4017],[2.0225,45.4018],[2.0224,45.4016],[2.0225,45.4015],[2.0228,45.4016],[2.0229,45.4017]]}},{"type":"Feature","properties":{"rang":"nationale"},"geometry":{"type":"LineString","coordinates":[[2.0226,45.4012],[2.0227,45.4015]]}},{"type":"Feature","properties":{"rang":"nationale"},"geometry":{"type":"LineString","coordinates":[[2.0314,45.3932],[2.0314,45.3928],[2.0313,45.3926],[2.0314,45.3925],[2.0317,45.3924],[2.032,45.3927],[2.0317,45.3929],[2.0314,45.3928]]}},{"type":"Feature","properties":{"rang":"nationale"},"geometry":{"type":"LineString","coordinates":[[2.0314,45.3925],[2.0314,45.3921],[2.0316,45.3924]]}},{"type":"Feature","properties":{"rang":"nationale"},"geometry":{"type":"LineString","coordinates":[[2.0313,45.3928],[2.0308,45.3927],[2.0313,45.3926]]}},{"type":"Feature","properties":{"rang":"nationale"},"geometry":{"type":"LineString","coordinates":[[2.0393,45.401],[2.0393,45.401]]}},{"type":"Feature","properties":{"rang":"nationale"},"geometry":{"type":"LineString","coordinates":[[2.0314,45.3932],[2.0313,45.3939],[2.0314,45.3943],[2.0316,45.3949],[2.0319,45.3952],[2.0325,45.3957],[2.0333,45.3962],[2.034,45.3968],[2.0378,45.3998],[2.0389,45.4007],[2.0392,45.4008]]}},{"type":"Feature","properties":{"rang":"nationale"},"geometry":{"type":"LineString","coordinates":[[2.0461,45.4025],[2.0459,45.4023]]}},{"type":"Feature","properties":{"rang":"nationale"},"geometry":{"type":"LineString","coordinates":[[2.0463,45.403],[2.046,45.4027],[2.0462,45.4025]]}},{"type":"Feature","properties":{"rang":"nationale"},"geometry":{"type":"LineString","coordinates":[[2.0317,45.3929],[2.0314,45.3932]]}},{"type":"Feature","properties":{"rang":"nationale"},"geometry":{"type":"LineString","coordinates":[[1.7705,45.248],[1.7712,45.2483],[1.7733,45.2493],[1.774,45.2497],[1.7747,45.2501]]}},{"type":"Feature","properties":{"rang":"nationale"},"geometry":{"type":"LineString","coordinates":[[1.7691,45.2478],[1.7697,45.2478],[1.7705,45.248]]}},{"type":"Feature","properties":{"rang":"nationale"},"geometry":{"type":"LineString","coordinates":[[1.7749,45.2502],[1.7743,45.2499],[1.7738,45.2498],[1.7726,45.2495],[1.7715,45.2492],[1.7706,45.2492],[1.7699,45.249],[1.7697,45.2489],[1.7692,45.249],[1.7685,45.2491],[1.7678,45.2493],[1.7666,45.2498],[1.7663,45.25],[1.7658,45.2508]]}},{"type":"Feature","properties":{"rang":"nationale"},"geometry":{"type":"LineString","coordinates":[[1.9004,45.3354],[1.9003,45.3356],[1.9,45.3356],[1.8999,45.3354],[1.9,45.3353],[1.9004,45.3354]]}},{"type":"Feature","properties":{"rang":"nationale"},"geometry":{"type":"LineString","coordinates":[[1.9196,45.335],[1.9203,45.3354],[1.9209,45.3357],[1.9256,45.3391],[1.9268,45.3399],[1.9274,45.3402],[1.9305,45.3413],[1.9327,45.342],[1.9366,45.3432],[1.9373,45.3435],[1.9379,45.3439],[1.9389,45.3447],[1.9396,45.345],[1.9404,45.3452],[1.9422,45.3454],[1.9435,45.3456],[1.9441,45.3456],[1.9456,45.3454],[1.9461,45.3454],[1.9467,45.3455],[1.9475,45.3457],[1.9506,45.3471],[1.9516,45.3476],[1.9528,45.3482],[1.9537,45.3487],[1.9544,45.3489],[1.9555,45.3493],[1.9603,45.3508],[1.9626,45.3515],[1.9643,45.3521],[1.9666,45.3528],[1.9683,45.3534],[1.9688,45.3537],[1.9691,45.3539],[1.9703,45.3556],[1.9706,45.3558],[1.9711,45.3561],[1.9718,45.3562],[1.9725,45.3562],[1.9739,45.356],[1.9747,45.3559],[1.9753,45.356],[1.9759,45.3562],[1.9768,45.3565],[1.9824,45.3588],[1.984,45.3595],[1.9851,45.3599],[1.986,45.3604],[1.9869,45.361],[1.9905,45.3635],[1.9914,45.3641],[1.9922,45.3649],[1.994,45.3669],[1.9947,45.3676],[1.9956,45.3681],[1.9964,45.3685],[1.9989,45.3694],[2.0,45.3699],[2.0005,45.3703],[2.0014,45.371],[2.0026,45.3719],[2.0061,45.3747],[2.011,45.3786],[2.0148,45.3816],[2.0154,45.3821],[2.0167,45.383],[2.0177,45.3835],[2.0185,45.3839],[2.0198,45.3844],[2.0205,45.3846],[2.0224,45.385],[2.0231,45.3852],[2.0237,45.3855],[2.0272,45.3873],[2.0283,45.3879],[2.0289,45.3884],[2.0294,45.389],[2.0301,45.3898],[2.0305,45.3904],[2.0314,45.3921]]}},{"type":"Feature","properties":{"rang":"nationale"},"geometry":{"type":"LineString","coordinates":[[1.7696,45.2344],[1.7677,45.2329],[1.7681,45.2331],[1.7694,45.2341],[1.7694,45.2343]]}},{"type":"Feature","properties":{"rang":"nationale"},"geometry":{"type":"LineString","coordinates":[[1.7681,45.2476],[1.7692,45.2466],[1.7698,45.2462],[1.7703,45.2457],[1.7709,45.2449],[1.7715,45.2445],[1.7724,45.2436],[1.7729,45.243],[1.7732,45.2427],[1.7732,45.2424],[1.773,45.2423],[1.7721,45.2421],[1.772,45.2417],[1.7724,45.2413],[1.7725,45.2407],[1.7726,45.2405],[1.773,45.2403],[1.7736,45.2402],[1.7738,45.2401],[1.7741,45.2397],[1.7743,45.2392],[1.7743,45.2386],[1.7741,45.2377],[1.774,45.2372],[1.7736,45.2366],[1.7732,45.2363],[1.7728,45.2361],[1.7717,45.2357],[1.7706,45.2352],[1.7696,45.2344]]}},{"type":"Feature","properties":{"rang":"nationale"},"geometry":{"type":"LineString","coordinates":[[1.7913,45.279],[1.7901,45.2783],[1.7898,45.2782],[1.7898,45.2785]]}},{"type":"Feature","properties":{"rang":"nationale"},"geometry":{"type":"LineString","coordinates":[[1.7885,45.2738],[1.7886,45.2739],[1.7885,45.2746],[1.7887,45.2759],[1.7891,45.2768],[1.7897,45.2777],[1.7898,45.2782]]}},{"type":"Feature","properties":{"rang":"nationale"},"geometry":{"type":"LineString","coordinates":[[1.7688,45.3191],[1.7688,45.3195],[1.769,45.3202],[1.7691,45.3205],[1.769,45.3226]]}},{"type":"Feature","properties":{"rang":"nationale"},"geometry":{"type":"LineString","coordinates":[[1.8078,45.2944],[1.8079,45.2948]]}},{"type":"Feature","properties":{"rang":"nationale"},"geometry":{"type":"LineString","coordinates":[[1.8103,45.2963],[1.8109,45.2965]]}},{"type":"Feature","properties":{"rang":"nationale"},"geometry":{"type":"LineString","coordinates":[[1.8122,45.2966],[1.8131,45.2968],[1.8135,45.2969],[1.814,45.2973],[1.8145,45.2976],[1.8149,45.2982],[1.815,45.2987],[1.815,45.2993],[1.8148,45.3003],[1.8148,45.301],[1.8149,45.3017],[1.8151,45.3022],[1.8155,45.3028],[1.8159,45.3033],[1.8172,45.3044],[1.8187,45.3056],[1.8195,45.3062]]}},{"type":"Feature","properties":{"rang":"nationale"},"geometry":{"type":"LineString","coordinates":[[2.0226,45.4012],[2.0229,45.3981],[2.023,45.3974],[2.0233,45.3969],[2.0237,45.3964],[2.0256,45.3944],[2.0264,45.3936],[2.0269,45.3932],[2.0274,45.393],[2.0278,45.3929],[2.0288,45.3928],[2.0308,45.3927]]}},{"type":"Feature","properties":{"rang":"nationale"},"geometry":{"type":"LineString","coordinates":[[2.0225,45.4015],[2.0226,45.4012]]}},{"type":"Feature","properties":{"rang":"nationale"},"geometry":{"type":"LineString","coordinates":[[1.7708,45.3144],[1.7707,45.3149],[1.7698,45.317],[1.7696,45.3173],[1.7691,45.318],[1.7689,45.3184],[1.7688,45.3191]]}},{"type":"Feature","properties":{"rang":"nationale"},"geometry":{"type":"LineString","coordinates":[[1.7709,45.2479],[1.7697,45.2489],[1.7697,45.2488]]}},{"type":"Feature","properties":{"rang":"nationale"},"geometry":{"type":"LineString","coordinates":[[1.7703,45.2483],[1.7708,45.248],[1.7709,45.2479]]}},{"type":"Feature","properties":{"rang":"nationale"},"geometry":{"type":"LineString","coordinates":[[1.7689,45.249],[1.7692,45.249]]}},{"type":"Feature","properties":{"rang":"nationale"},"geometry":{"type":"LineString","coordinates":[[1.7999,45.2863],[1.7991,45.2858],[1.7987,45.2853],[1.7983,45.2847],[1.7981,45.2841],[1.7978,45.2838],[1.7978,45.2835],[1.7974,45.2824],[1.7972,45.282],[1.7968,45.2816]]}},{"type":"Feature","properties":{"rang":"nationale"},"geometry":{"type":"LineString","coordinates":[[1.8796,45.3319],[1.8834,45.3325],[1.8859,45.333]]}},{"type":"Feature","properties":{"rang":"nationale"},"geometry":{"type":"LineString","coordinates":[[1.8495,45.3216],[1.8488,45.3212]]}},{"type":"Feature","properties":{"rang":"nationale"},"geometry":{"type":"LineString","coordinates":[[1.8507,45.322],[1.8502,45.3218],[1.8496,45.3217],[1.8495,45.3216],[1.8496,45.3214]]}},{"type":"Feature","properties":{"rang":"nationale"},"geometry":{"type":"LineString","coordinates":[[1.7903,45.2784],[1.7898,45.2785]]}},{"type":"Feature","properties":{"rang":"nationale"},"geometry":{"type":"LineString","coordinates":[[1.7766,45.271],[1.7768,45.2711],[1.7773,45.2722],[1.7771,45.2719],[1.7766,45.271],[1.7761,45.2706]]}},{"type":"Feature","properties":{"rang":"nationale"},"geometry":{"type":"LineString","coordinates":[[1.7689,45.2478],[1.7691,45.2478]]}},{"type":"Feature","properties":{"rang":"nationale"},"geometry":{"type":"LineString","coordinates":[[1.7711,45.2478],[1.771,45.2479]]}},{"type":"Feature","properties":{"rang":"nationale"},"geometry":{"type":"LineString","coordinates":[[1.7855,45.2743],[1.7849,45.2743],[1.783,45.274],[1.7825,45.2741],[1.7817,45.2746],[1.7814,45.2747],[1.7808,45.2746],[1.7799,45.2742],[1.7796,45.2742],[1.7787,45.2742],[1.7778,45.2743],[1.7772,45.2745],[1.7768,45.2744],[1.7767,45.2742],[1.7767,45.2734],[1.7768,45.2729],[1.7773,45.2724],[1.7773,45.2722]]}},{"type":"Feature","properties":{"rang":"nationale"},"geometry":{"type":"LineString","coordinates":[[2.0464,45.4028],[2.0462,45.4028]]}},{"type":"Feature","properties":{"rang":"nationale"},"geometry":{"type":"LineString","coordinates":[[1.7881,45.2734],[1.7878,45.2734],[1.7869,45.2732],[1.7864,45.2732],[1.7862,45.2731]]}},{"type":"Feature","properties":{"rang":"nationale"},"geometry":{"type":"LineString","coordinates":[[1.7893,45.2734],[1.7887,45.2733],[1.7886,45.2732]]}},{"type":"Feature","properties":{"rang":"nationale"},"geometry":{"type":"LineString","coordinates":[[1.7438,45.2425],[1.744,45.243]]}},{"type":"Feature","properties":{"rang":"nationale"},"geometry":{"type":"LineString","coordinates":[[1.7672,45.2484],[1.7666,45.2487]]}},{"type":"Feature","properties":{"rang":"nationale"},"geometry":{"type":"LineString","coordinates":[[1.7706,45.2482],[1.7703,45.2483]]}},{"type":"Feature","properties":{"rang":"nationale"},"geometry":{"type":"LineString","coordinates":[[1.773,45.2465],[1.7717,45.2473]]}},{"type":"Feature","properties":{"rang":"nationale"},"geometry":{"type":"LineString","coordinates":[[1.8065,45.2323],[1.8066,45.2322],[1.8072,45.2319],[1.8078,45.2315],[1.809,45.231],[1.8096,45.2307],[1.8103,45.2301],[1.8107,45.2296]]}},{"type":"Feature","properties":{"rang":"nationale"},"geometry":{"type":"LineString","coordinates":[[1.7722,45.3106],[1.772,45.3111],[1.772,45.3108],[1.7722,45.3106]]}},{"type":"Feature","properties":{"rang":"nationale"},"geometry":{"type":"LineString","coordinates":[[1.7727,45.3099],[1.7722,45.3106]]}},{"type":"Feature","properties":{"rang":"nationale"},"geometry":{"type":"LineString","coordinates":[[1.7786,45.3059],[1.7789,45.3055],[1.7791,45.3052],[1.7792,45.3047],[1.7792,45.3043],[1.7791,45.3037]]}},{"type":"Feature","properties":{"rang":"nationale"},"geometry":{"type":"LineString","coordinates":[[1.7791,45.3053],[1.7793,45.3049]]}},{"type":"Feature","properties":{"rang":"nationale"},"geometry":{"type":"LineString","coordinates":[[1.777,45.2974],[1.7766,45.2965],[1.7763,45.2954],[1.7761,45.2951],[1.7758,45.2947],[1.7751,45.294],[1.7751,45.2939]]}},{"type":"Feature","properties":{"rang":"nationale"},"geometry":{"type":"LineString","coordinates":[[1.7763,45.2953],[1.7765,45.2961]]}},{"type":"Feature","properties":{"rang":"nationale"},"geometry":{"type":"LineString","coordinates":[[1.7762,45.2951],[1.7761,45.2949]]}},{"type":"Feature","properties":{"rang":"nationale"},"geometry":{"type":"LineString","coordinates":[[1.7739,45.2699],[1.7746,45.2704],[1.7747,45.2705],[1.774,45.2701],[1.7738,45.2699]]}},{"type":"Feature","properties":{"rang":"nationale"},"geometry":{"type":"LineString","coordinates":[[1.7741,45.27],[1.7743,45.2703]]}},{"type":"Feature","properties":{"rang":"nationale"},"geometry":{"type":"LineString","coordinates":[[1.7739,45.2697],[1.7741,45.2696],[1.7743,45.2696]]}},{"type":"Feature","properties":{"rang":"nationale"},"geometry":{"type":"LineString","coordinates":[[1.7739,45.2698],[1.7739,45.2697]]}},{"type":"Feature","properties":{"rang":"nationale"},"geometry":{"type":"LineString","coordinates":[[1.7771,45.2717],[1.7771,45.2719]]}},{"type":"Feature","properties":{"rang":"nationale"},"geometry":{"type":"LineString","coordinates":[[1.7864,45.2743],[1.7867,45.2743]]}},{"type":"Feature","properties":{"rang":"nationale"},"geometry":{"type":"LineString","coordinates":[[1.7886,45.2734],[1.7882,45.2733]]}},{"type":"Feature","properties":{"rang":"nationale"},"geometry":{"type":"LineString","coordinates":[[1.7855,45.2732],[1.7862,45.2731],[1.7868,45.2732],[1.7877,45.2733],[1.7886,45.2734]]}},{"type":"Feature","properties":{"rang":"nationale"},"geometry":{"type":"LineString","coordinates":[[1.7872,45.2733],[1.7869,45.2732],[1.7855,45.2732]]}},{"type":"Feature","properties":{"rang":"nationale"},"geometry":{"type":"LineString","coordinates":[[1.7885,45.2738],[1.7883,45.2736],[1.7881,45.2734]]}},{"type":"Feature","properties":{"rang":"nationale"},"geometry":{"type":"LineString","coordinates":[[1.7885,45.2734],[1.7884,45.2735],[1.7885,45.2738]]}},{"type":"Feature","properties":{"rang":"nationale"},"geometry":{"type":"LineString","coordinates":[[1.7872,45.2732],[1.7875,45.2733],[1.7882,45.2734],[1.7884,45.2735]]}},{"type":"Feature","properties":{"rang":"nationale"},"geometry":{"type":"LineString","coordinates":[[1.777,45.2552],[1.7767,45.2547],[1.7766,45.2543],[1.7765,45.2535]]}},{"type":"Feature","properties":{"rang":"nationale"},"geometry":{"type":"LineString","coordinates":[[1.7492,45.3375],[1.7494,45.3371]]}},{"type":"Feature","properties":{"rang":"nationale"},"geometry":{"type":"LineString","coordinates":[[1.7652,45.2503],[1.7652,45.2503]]}},{"type":"Feature","properties":{"rang":"nationale"},"geometry":{"type":"LineString","coordinates":[[1.7657,45.2509],[1.7657,45.2509]]}},{"type":"Feature","properties":{"rang":"nationale"},"geometry":{"type":"LineString","coordinates":[[1.7651,45.2503],[1.7652,45.2503]]}},{"type":"Feature","properties":{"rang":"nationale"},"geometry":{"type":"LineString","coordinates":[[1.8003,45.2866],[1.7999,45.2863]]}},{"type":"Feature","properties":{"rang":"nationale"},"geometry":{"type":"LineString","coordinates":[[1.8237,45.3089],[1.8241,45.3093]]}},{"type":"Feature","properties":{"rang":"nationale"},"geometry":{"type":"LineString","coordinates":[[1.8245,45.3097],[1.8241,45.3093]]}},{"type":"Feature","properties":{"rang":"nationale"},"geometry":{"type":"LineString","coordinates":[[1.8266,45.3115],[1.8273,45.3117],[1.8286,45.3121],[1.8291,45.3123],[1.8277,45.312],[1.8271,45.3117],[1.8266,45.3115]]}},{"type":"Feature","properties":{"rang":"nationale"},"geometry":{"type":"LineString","coordinates":[[1.8277,45.3119],[1.8282,45.312]]}},{"type":"Feature","properties":{"rang":"nationale"},"geometry":{"type":"LineString","coordinates":[[1.8257,45.3109],[1.8262,45.3112],[1.8266,45.3115]]}},{"type":"Feature","properties":{"rang":"nationale"},"geometry":{"type":"LineString","coordinates":[[1.8292,45.3124],[1.8296,45.3126],[1.8302,45.313],[1.8306,45.3133],[1.8309,45.3137],[1.8316,45.3145],[1.8321,45.3149],[1.833,45.3155],[1.8341,45.3159],[1.8351,45.3164],[1.8347,45.3162],[1.833,45.3156],[1.8324,45.3152],[1.8321,45.3149]]}},{"type":"Feature","properties":{"rang":"nationale"},"geometry":{"type":"LineString","coordinates":[[1.833,45.3155],[1.8335,45.3157]]}},{"type":"Feature","properties":{"rang":"nationale"},"geometry":{"type":"LineString","coordinates":[[1.8339,45.3159],[1.8335,45.3157]]}},{"type":"Feature","properties":{"rang":"nationale"},"geometry":{"type":"LineString","coordinates":[[1.9196,45.335],[1.9191,45.3349],[1.9181,45.3347],[1.9155,45.3345],[1.9143,45.3344],[1.913,45.3343],[1.913,45.3343],[1.9139,45.3343],[1.9151,45.3344],[1.9183,45.3347],[1.9191,45.3348],[1.9196,45.335]]}},{"type":"Feature","properties":{"rang":"nationale"},"geometry":{"type":"LineString","coordinates":[[1.9004,45.3355],[1.9011,45.3355],[1.904,45.336],[1.9046,45.3361],[1.9052,45.336],[1.9087,45.335],[1.9109,45.3345],[1.9116,45.3344],[1.9123,45.3343],[1.9129,45.3343]]}},{"type":"Feature","properties":{"rang":"nationale"},"geometry":{"type":"LineString","coordinates":[[1.9139,45.3343],[1.9149,45.3344]]}},{"type":"Feature","properties":{"rang":"nationale"},"geometry":{"type":"LineString","coordinates":[[1.9155,45.3345],[1.9148,45.3343]]}},{"type":"Feature","properties":{"rang":"nationale"},"geometry":{"type":"LineString","coordinates":[[1.9158,45.3345],[1.915,45.3345],[1.9149,45.3345]]}},{"type":"Feature","properties":{"rang":"nationale"},"geometry":{"type":"LineString","coordinates":[[2.0372,45.3994],[2.0344,45.3972],[2.0326,45.3958],[2.0325,45.3957]]}},{"type":"Feature","properties":{"rang":"nationale"},"geometry":{"type":"LineString","coordinates":[[2.0342,45.3971],[2.0341,45.397],[2.0335,45.3964],[2.0335,45.3964]]}},{"type":"Feature","properties":{"rang":"nationale"},"geometry":{"type":"LineString","coordinates":[[2.0345,45.3972],[2.0346,45.3973],[2.0353,45.3979],[2.0354,45.398]]}},{"type":"Feature","properties":{"rang":"nationale"},"geometry":{"type":"LineString","coordinates":[[2.0365,45.3989],[2.0364,45.3988],[2.0355,45.3981],[2.0355,45.398]]}},{"type":"Feature","properties":{"rang":"nationale"},"geometry":{"type":"LineString","coordinates":[[2.037,45.3991],[2.0372,45.3994],[2.0374,45.3995]]}},{"type":"Feature","properties":{"rang":"nationale"},"geometry":{"type":"LineString","coordinates":[[2.039,45.4009],[2.0389,45.4007],[2.0383,45.4003],[2.0372,45.3994]]}},{"type":"Feature","properties":{"rang":"nationale"},"geometry":{"type":"LineString","coordinates":[[2.0378,45.3999],[2.0374,45.3995]]}},{"type":"Feature","properties":{"rang":"nationale"},"geometry":{"type":"LineString","coordinates":[[1.7719,45.3111],[1.7719,45.3115],[1.7719,45.3121],[1.7718,45.3127],[1.771,45.3138],[1.7708,45.3141],[1.7708,45.3144]]}},{"type":"Feature","properties":{"rang":"nationale"},"geometry":{"type":"LineString","coordinates":[[1.7978,45.2837],[1.7981,45.2836]]}},{"type":"Feature","properties":{"rang":"nationale"},"geometry":{"type":"LineString","coordinates":[[1.7982,45.2839],[1.7979,45.2839]]}},{"type":"Feature","properties":{"rang":"nationale"},"geometry":{"type":"LineString","coordinates":[[1.85,45.3216],[1.8498,45.3217]]}},{"type":"Feature","properties":{"rang":"nationale"},"geometry":{"type":"LineString","coordinates":[[1.7652,45.2502],[1.7656,45.2496],[1.7661,45.2489],[1.7665,45.2485],[1.7677,45.2479],[1.7681,45.2476]]}},{"type":"Feature","properties":{"rang":"nationale"},"geometry":{"type":"LineString","coordinates":[[1.7919,45.2793],[1.7913,45.279]]}},{"type":"Feature","properties":{"rang":"nationale"},"geometry":{"type":"LineString","coordinates":[[1.8351,45.3164],[1.8376,45.3172]]}},{"type":"Feature","properties":{"rang":"nationale"},"geometry":{"type":"LineString","coordinates":[[1.7676,45.2328],[1.7651,45.2312],[1.7645,45.2307],[1.7642,45.2304],[1.7642,45.2298],[1.7644,45.2294],[1.7651,45.2289],[1.7659,45.2284],[1.7663,45.228],[1.7664,45.2275],[1.7664,45.2273],[1.7661,45.2268],[1.766,45.2263],[1.766,45.2261],[1.7665,45.2243]]}},{"type":"Feature","properties":{"rang":"nationale"},"geometry":{"type":"LineString","coordinates":[[1.7862,45.2743],[1.7855,45.2743]]}},{"type":"Feature","properties":{"rang":"nationale"},"geometry":{"type":"LineString","coordinates":[[1.843,45.319],[1.8408,45.3183],[1.8382,45.3174],[1.8376,45.3172]]}},{"type":"Feature","properties":{"rang":"nationale"},"geometry":{"type":"LineString","coordinates":[[1.8395,45.3178],[1.8387,45.3175]]}},{"type":"Feature","properties":{"rang":"nationale"},"geometry":{"type":"LineString","coordinates":[[2.4766,45.375],[2.4761,45.3744],[2.4759,45.374],[2.4759,45.3734],[2.4759,45.3726],[2.4759,45.3714],[2.4758,45.371],[2.4755,45.3704],[2.4744,45.3686],[2.4742,45.3682],[2.4736,45.3677],[2.4727,45.3671],[2.4721,45.3665],[2.4719,45.3662],[2.4717,45.3655],[2.4714,45.3629],[2.4713,45.3624],[2.471,45.3617],[2.4707,45.3613]]}},{"type":"Feature","properties":{"rang":"nationale"},"geometry":{"type":"LineString","coordinates":[[2.4903,45.3869],[2.49,45.3865],[2.4894,45.3859],[2.4891,45.3856],[2.4886,45.3847],[2.4878,45.3834],[2.4868,45.382],[2.4867,45.3816],[2.4868,45.3805],[2.4866,45.3802],[2.4851,45.3794],[2.4839,45.3789],[2.4803,45.3774],[2.4783,45.3767],[2.4779,45.3764],[2.4774,45.376],[2.4766,45.375]]}},{"type":"Feature","properties":{"rang":"nationale"},"geometry":{"type":"LineString","coordinates":[[2.492,45.3881],[2.4922,45.3882],[2.4921,45.3883],[2.492,45.3881]]}},{"type":"Feature","properties":{"rang":"nationale"},"geometry":{"type":"LineString","coordinates":[[2.4959,45.3925],[2.496,45.3927],[2.4956,45.3927],[2.4957,45.3925],[2.4959,45.3925]]}},{"type":"Feature","properties":{"rang":"nationale"},"geometry":{"type":"LineString","coordinates":[[2.4954,45.3928],[2.4956,45.3926]]}},{"type":"Feature","properties":{"rang":"nationale"},"geometry":{"type":"LineString","coordinates":[[2.4981,45.4116],[2.4981,45.4116]]}},{"type":"Feature","properties":{"rang":"nationale"},"geometry":{"type":"LineString","coordinates":[[2.498,45.4116],[2.4978,45.4118],[2.4979,45.4116]]}},{"type":"Feature","properties":{"rang":"nationale"},"geometry":{"type":"LineString","coordinates":[[2.3435,45.2222],[2.3435,45.2218],[2.3434,45.2215]]}},{"type":"Feature","properties":{"rang":"nationale"},"geometry":{"type":"LineString","coordinates":[[2.3408,45.2165],[2.3409,45.2168],[2.3417,45.2176],[2.3419,45.218],[2.3421,45.2201],[2.3422,45.2203],[2.3434,45.2215]]}},{"type":"Feature","properties":{"rang":"nationale"},"geometry":{"type":"LineString","coordinates":[[2.1741,45.4755],[2.1739,45.4755],[2.1735,45.4754],[2.1721,45.4749],[2.1717,45.4746],[2.1708,45.4735],[2.1705,45.4731],[2.1703,45.4728],[2.1714,45.4736],[2.1727,45.4746],[2.1735,45.4751],[2.1741,45.4755],[2.1753,45.476],[2.1775,45.4768],[2.1787,45.4771],[2.1795,45.4772],[2.1816,45.4774],[2.1885,45.478],[2.1894,45.4781],[2.1905,45.4783],[2.1912,45.4785],[2.1923,45.479],[2.1931,45.4795],[2.1934,45.4797],[2.1941,45.4804],[2.1943,45.4808],[2.1947,45.4817],[2.1954,45.4837],[2.1959,45.485],[2.1961,45.4856],[2.1964,45.486],[2.1968,45.4865],[2.1975,45.4871],[2.1982,45.4876],[2.1995,45.4881],[2.2016,45.4889],[2.2037,45.4896],[2.2048,45.4899],[2.2096,45.4916],[2.2103,45.4918],[2.211,45.4922],[2.2241,45.4988],[2.2254,45.4995],[2.2278,45.5007],[2.2304,45.502],[2.2316,45.5027],[2.2318,45.503],[2.2319,45.5035],[2.2321,45.5037],[2.2327,45.5039],[2.2349,45.5048],[2.238,45.506],[2.2384,45.5061],[2.2391,45.506],[2.2401,45.5057],[2.2408,45.5056],[2.2412,45.5057],[2.2417,45.5058],[2.2426,45.5063],[2.2468,45.5092],[2.2477,45.5097],[2.2482,45.51],[2.2491,45.5103],[2.2518,45.5111],[2.2536,45.5119],[2.2541,45.512],[2.2547,45.512],[2.2549,45.512]]}},{"type":"Feature","properties":{"rang":"nationale"},"geometry":{"type":"LineString","coordinates":[[2.3816,45.4622],[2.3828,45.4609],[2.3831,45.4607],[2.3836,45.4604],[2.3843,45.4602],[2.3853,45.4601],[2.386,45.4601],[2.3873,45.4603],[2.3877,45.4604],[2.3882,45.4603],[2.3896,45.4601],[2.3903,45.4599],[2.3909,45.4597],[2.3912,45.4595],[2.3918,45.4589],[2.3923,45.4586],[2.3931,45.4584],[2.3935,45.4584],[2.3945,45.4585],[2.3951,45.4585],[2.3957,45.4584],[2.3966,45.458],[2.3971,45.4578],[2.3978,45.4578],[2.3983,45.4579],[2.4005,45.4583],[2.4009,45.4583],[2.4016,45.4582],[2.4019,45.458],[2.4026,45.4575],[2.4037,45.4568],[2.4043,45.4563],[2.405,45.4553]]}},{"type":"Feature","properties":{"rang":"nationale"},"geometry":{"type":"LineString","coordinates":[[2.4323,45.4413],[2.4354,45.44],[2.4359,45.4399],[2.4362,45.4398],[2.4368,45.4398],[2.439,45.4399],[2.4398,45.4399],[2.4411,45.4397],[2.4419,45.4396],[2.4424,45.4395],[2.4429,45.4393],[2.4458,45.4377],[2.4481,45.4365],[2.4507,45.4351],[2.4513,45.4346],[2.4518,45.4341],[2.4522,45.4335],[2.453,45.4326],[2.4582,45.4261],[2.4588,45.4253],[2.4591,45.4249],[2.4592,45.4243],[2.4591,45.4239],[2.4589,45.4235],[2.4585,45.423],[2.4572,45.422],[2.4568,45.4216],[2.4566,45.4211],[2.4566,45.4207],[2.4568,45.4203],[2.4572,45.4199],[2.4596,45.418],[2.46,45.4176],[2.4621,45.4159],[2.4645,45.414],[2.4648,45.4138],[2.4652,45.4136],[2.4677,45.4127],[2.4683,45.4125],[2.4688,45.4124],[2.4695,45.4124],[2.4701,45.4126],[2.471,45.413],[2.4719,45.4132],[2.4748,45.4139],[2.4756,45.4141],[2.4764,45.4141],[2.4774,45.4138],[2.4785,45.4134],[2.4807,45.4121],[2.4819,45.4114],[2.4829,45.411],[2.4848,45.4103],[2.4856,45.4101],[2.487,45.4097],[2.4875,45.4096],[2.4879,45.4097],[2.489,45.41],[2.49,45.4102],[2.4905,45.4102],[2.4909,45.4102],[2.4917,45.4099],[2.4922,45.41],[2.4926,45.41],[2.4936,45.4104],[2.4943,45.4107],[2.495,45.4112],[2.4955,45.4114],[2.4964,45.4114],[2.4972,45.4115],[2.4979,45.4115]]}},{"type":"Feature","properties":{"rang":"nationale"},"geometry":{"type":"LineString","coordinates":[[2.4971,45.4053],[2.4975,45.4058],[2.4984,45.4071],[2.4985,45.4075],[2.4988,45.4087],[2.4989,45.4091],[2.4994,45.4098],[2.4995,45.4102],[2.4994,45.4106],[2.4992,45.4109],[2.4981,45.4115]]}},{"type":"Feature","properties":{"rang":"nationale"},"geometry":{"type":"LineString","coordinates":[[2.3509,45.2275],[2.3507,45.2275],[2.3505,45.2274],[2.3507,45.2273],[2.3512,45.2277],[2.3508,45.2275]]}},{"type":"Feature","properties":{"rang":"nationale"},"geometry":{"type":"LineString","coordinates":[[2.3503,45.2271],[2.3507,45.2273]]}},{"type":"Feature","properties":{"rang":"nationale"},"geometry":{"type":"LineString","coordinates":[[2.34,45.4836],[2.3414,45.4831],[2.3425,45.4828],[2.3432,45.4825],[2.3435,45.4821],[2.3441,45.4811],[2.3444,45.4808],[2.3448,45.4805],[2.3458,45.4798],[2.3465,45.4794],[2.3474,45.4787],[2.3479,45.4781],[2.3487,45.4768],[2.3494,45.4756],[2.35,45.4748],[2.3503,45.474],[2.3506,45.4737],[2.3513,45.4733],[2.3523,45.473],[2.3548,45.4719],[2.3553,45.4717],[2.3563,45.4715],[2.3578,45.4714],[2.3585,45.4712],[2.3608,45.4703],[2.3613,45.47],[2.3622,45.4693],[2.3628,45.469],[2.3635,45.469],[2.3639,45.469],[2.3649,45.4694],[2.3659,45.4699],[2.3678,45.4711],[2.3683,45.4713],[2.3686,45.4713],[2.3704,45.4715],[2.3717,45.4716],[2.3733,45.4717],[2.3743,45.4716],[2.3749,45.4715],[2.3754,45.4713],[2.3761,45.471],[2.3768,45.4704],[2.377,45.4701],[2.3772,45.4696],[2.3773,45.4691],[2.3774,45.4681],[2.3776,45.4675],[2.3778,45.4672],[2.3784,45.4665],[2.379,45.4656],[2.3794,45.4647],[2.3796,45.4643],[2.3803,45.4636],[2.3816,45.4622]]}},{"type":"Feature","properties":{"rang":"nationale"},"geometry":{"type":"LineString","coordinates":[[2.4941,45.3931],[2.4937,45.3932],[2.4931,45.3935],[2.4927,45.3937],[2.4923,45.3941],[2.4919,45.3947],[2.4918,45.3957],[2.4917,45.3962],[2.4919,45.397],[2.4932,45.3995],[2.4934,45.4],[2.4937,45.4017],[2.494,45.4023],[2.4945,45.4027],[2.4959,45.4035],[2.4964,45.4039],[2.4967,45.4049],[2.4971,45.4053]]}},{"type":"Feature","properties":{"rang":"nationale"},"geometry":{"type":"LineString","coordinates":[[2.495,45.3929],[2.4941,45.3931]]}},{"type":"Feature","properties":{"rang":"nationale"},"geometry":{"type":"LineString","coordinates":[[2.505,45.4248],[2.5055,45.4252],[2.5066,45.426],[2.5083,45.4272],[2.5087,45.4275],[2.5089,45.4281]]}},{"type":"Feature","properties":{"rang":"nationale"},"geometry":{"type":"LineString","coordinates":[[2.4083,45.3189],[2.4096,45.3195],[2.41,45.3197],[2.4107,45.3203],[2.4131,45.3226],[2.4138,45.3232],[2.4144,45.3235],[2.4149,45.3238],[2.4155,45.324],[2.4169,45.3244],[2.4179,45.3248],[2.4191,45.3253],[2.4201,45.3258],[2.4214,45.3266],[2.4225,45.3271],[2.4244,45.3277],[2.4249,45.3279],[2.4258,45.3285],[2.4272,45.3297],[2.4277,45.3301],[2.4282,45.3307],[2.4285,45.3314],[2.429,45.3323],[2.4295,45.3332],[2.4322,45.3372],[2.4326,45.3378],[2.433,45.3386],[2.4331,45.3393],[2.4333,45.3396]]}},{"type":"Feature","properties":{"rang":"nationale"},"geometry":{"type":"LineString","coordinates":[[2.4335,45.3401],[2.4332,45.3402],[2.4331,45.34],[2.433,45.3397],[2.4332,45.3396],[2.4334,45.3397],[2.4335,45.3401]]}},{"type":"Feature","properties":{"rang":"nationale"},"geometry":{"type":"LineString","coordinates":[[2.4336,45.3405],[2.434,45.3412],[2.4353,45.3428],[2.4368,45.3447],[2.4367,45.3447],[2.4338,45.3411],[2.4332,45.3402]]}},{"type":"Feature","properties":{"rang":"nationale"},"geometry":{"type":"LineString","coordinates":[[2.4517,45.3506],[2.4505,45.3506],[2.4501,45.3507]]}},{"type":"Feature","properties":{"rang":"nationale"},"geometry":{"type":"LineString","coordinates":[[2.4486,45.3507],[2.4468,45.3507],[2.446,45.3507],[2.4449,45.3504],[2.4446,45.3503],[2.4438,45.3498],[2.4433,45.3494],[2.4435,45.3495],[2.4447,45.3503],[2.4452,45.3505]]}},{"type":"Feature","properties":{"rang":"nationale"},"geometry":{"type":"LineString","coordinates":[[2.4499,45.3507],[2.4498,45.3506],[2.45,45.3505],[2.4499,45.3507]]}},{"type":"Feature","properties":{"rang":"nationale"},"geometry":{"type":"LineString","coordinates":[[2.4706,45.3612],[2.4704,45.3611],[2.4704,45.3609],[2.4708,45.3608],[2.471,45.3609],[2.471,45.3611],[2.4706,45.3612]]}},{"type":"Feature","properties":{"rang":"nationale"},"geometry":{"type":"LineString","coordinates":[[2.4954,45.3928],[2.495,45.3929]]}},{"type":"Feature","properties":{"rang":"nationale"},"geometry":{"type":"LineString","coordinates":[[2.4958,45.3927],[2.4954,45.3928]]}},{"type":"Feature","properties":{"rang":"nationale"},"geometry":{"type":"LineString","coordinates":[[2.4958,45.3921],[2.4954,45.3911],[2.4947,45.3904],[2.4941,45.3895],[2.4938,45.3893],[2.4925,45.3884],[2.4921,45.3883]]}},{"type":"Feature","properties":{"rang":"nationale"},"geometry":{"type":"LineString","coordinates":[[2.4917,45.3879],[2.4921,45.3881]]}},{"type":"Feature","properties":{"rang":"nationale"},"geometry":{"type":"LineString","coordinates":[[2.4919,45.3882],[2.4917,45.3879],[2.4911,45.3878],[2.4908,45.3876],[2.4905,45.3872],[2.4903,45.3869]]}},{"type":"Feature","properties":{"rang":"nationale"},"geometry":{"type":"LineString","coordinates":[[2.4923,45.3882],[2.4925,45.3884]]}},{"type":"Feature","properties":{"rang":"nationale"},"geometry":{"type":"LineString","coordinates":[[2.4957,45.3925],[2.4958,45.3921],[2.4959,45.3925]]}},{"type":"Feature","properties":{"rang":"nationale"},"geometry":{"type":"LineString","coordinates":[[2.4709,45.3608],[2.4714,45.3606],[2.471,45.361]]}},{"type":"Feature","properties":{"rang":"nationale"},"geometry":{"type":"LineString","coordinates":[[2.4703,45.3603],[2.4699,45.3594],[2.4698,45.3592],[2.4694,45.3588],[2.468,45.358],[2.4671,45.3575],[2.4662,45.3572],[2.4656,45.357],[2.4652,45.3567],[2.4648,45.3562],[2.4643,45.355],[2.4638,45.3542],[2.4635,45.354]]}},{"type":"Feature","properties":{"rang":"nationale"},"geometry":{"type":"LineString","coordinates":[[2.4709,45.3612],[2.471,45.3617]]}},{"type":"Feature","properties":{"rang":"nationale"},"geometry":{"type":"LineString","coordinates":[[2.4705,45.3609],[2.4703,45.3603],[2.4707,45.3608]]}},{"type":"Feature","properties":{"rang":"nationale"},"geometry":{"type":"LineString","coordinates":[[2.1388,45.4633],[2.1385,45.4629]]}},{"type":"Feature","properties":{"rang":"nationale"},"geometry":{"type":"LineString","coordinates":[[2.1515,45.4687],[2.1503,45.4685],[2.1495,45.4684],[2.147,45.4685],[2.1457,45.4683]]}},{"type":"Feature","properties":{"rang":"nationale"},"geometry":{"type":"LineString","coordinates":[[2.4433,45.3494],[2.4408,45.3479],[2.4404,45.3478],[2.4397,45.3477],[2.4394,45.3476],[2.4388,45.3473],[2.4368,45.3447]]}},{"type":"Feature","properties":{"rang":"nationale"},"geometry":{"type":"LineString","coordinates":[[2.4498,45.3507],[2.4495,45.3506],[2.4486,45.3507]]}},{"type":"Feature","properties":{"rang":"nationale"},"geometry":{"type":"LineString","coordinates":[[2.4501,45.3506],[2.4505,45.3506]]}},{"type":"Feature","properties":{"rang":"nationale"},"geometry":{"type":"LineString","coordinates":[[2.3409,45.2168],[2.3406,45.2166]]}},{"type":"Feature","properties":{"rang":"nationale"},"geometry":{"type":"LineString","coordinates":[[2.1515,45.4687],[2.1532,45.4691],[2.1555,45.4695],[2.1568,45.4699],[2.1587,45.4704],[2.1594,45.4705],[2.1622,45.4708],[2.1633,45.4709],[2.165,45.4712],[2.1667,45.4715],[2.1677,45.4717],[2.1687,45.472],[2.1696,45.4724],[2.1703,45.4728]]}},{"type":"Feature","properties":{"rang":"nationale"},"geometry":{"type":"LineString","coordinates":[[2.3503,45.2271],[2.3498,45.2267],[2.3436,45.2223],[2.3435,45.2222]]}},{"type":"Feature","properties":{"rang":"nationale"},"geometry":{"type":"LineString","coordinates":[[2.3506,45.2273],[2.3503,45.2271]]}},{"type":"Feature","properties":{"rang":"nationale"},"geometry":{"type":"LineString","coordinates":[[2.3657,45.2749],[2.3651,45.2738],[2.3634,45.2706],[2.3625,45.2689],[2.3623,45.2684],[2.3621,45.2676],[2.3619,45.2667],[2.3617,45.2663],[2.3613,45.2658],[2.3606,45.2653],[2.3586,45.2639],[2.3581,45.2634],[2.3578,45.2628],[2.3577,45.2624],[2.3577,45.2614],[2.3576,45.2611],[2.3572,45.2602],[2.3552,45.2568],[2.3548,45.2561],[2.3544,45.2552],[2.3542,45.2543],[2.3542,45.2538],[2.3538,45.2487],[2.3534,45.2431],[2.3533,45.2418],[2.3533,45.2412],[2.3535,45.2407],[2.3538,45.2401],[2.3548,45.2388],[2.3559,45.2372],[2.3562,45.2367],[2.3563,45.2364],[2.3564,45.2359],[2.3562,45.2352],[2.3546,45.2307],[2.3542,45.2301],[2.3538,45.2297],[2.3534,45.2293],[2.3512,45.2277]]}},{"type":"Feature","properties":{"rang":"nationale"},"geometry":{"type":"LineString","coordinates":[[2.4083,45.3189],[2.4077,45.3185],[2.4073,45.318],[2.407,45.3174],[2.4056,45.3139],[2.4056,45.3135],[2.4056,45.313],[2.4057,45.3126],[2.406,45.312],[2.4065,45.3115],[2.4076,45.3104],[2.4078,45.3101],[2.408,45.3094],[2.4079,45.3091],[2.4076,45.3083],[2.4075,45.3079],[2.4076,45.3076],[2.4079,45.3073],[2.4088,45.3065],[2.409,45.3063],[2.4091,45.3058],[2.4089,45.3054],[2.4084,45.3045],[2.4082,45.3042],[2.408,45.3033],[2.408,45.3024],[2.4079,45.3017],[2.4077,45.3012],[2.4074,45.3008],[2.4066,45.3002],[2.4059,45.2998],[2.4054,45.2996],[2.4002,45.2983],[2.3994,45.298],[2.399,45.2978],[2.3985,45.2975],[2.398,45.2971],[2.3973,45.2961],[2.3969,45.2957],[2.3964,45.2954],[2.396,45.2954],[2.3952,45.2954],[2.3948,45.2955],[2.3915,45.2968],[2.3907,45.2971],[2.3899,45.2971],[2.3894,45.297],[2.3888,45.2967],[2.3885,45.2965],[2.3881,45.2961],[2.3878,45.2956],[2.3877,45.2952],[2.3877,45.2949],[2.3879,45.2946],[2.3882,45.2944],[2.3893,45.2938],[2.3899,45.2934],[2.3912,45.2922],[2.3916,45.2917],[2.3918,45.2911],[2.392,45.2902],[2.3922,45.2886],[2.3923,45.2881],[2.3922,45.2878],[2.3917,45.2866],[2.3911,45.2857],[2.3898,45.284],[2.3893,45.2833],[2.3891,45.283],[2.3887,45.2827],[2.3879,45.2824],[2.3875,45.282],[2.3872,45.2819],[2.3866,45.2817],[2.386,45.2814],[2.3856,45.281],[2.3843,45.2798],[2.3838,45.2794],[2.3831,45.2789],[2.3826,45.2787],[2.3817,45.2785],[2.3809,45.2785],[2.3799,45.2786],[2.3793,45.2787],[2.3785,45.2791],[2.3776,45.2796],[2.3771,45.2803],[2.3762,45.2816],[2.3757,45.2824],[2.3756,45.2827],[2.3755,45.2832],[2.3756,45.2837],[2.3759,45.2841],[2.3761,45.2843],[2.3766,45.2846],[2.3773,45.2847],[2.3785,45.2846],[2.3789,45.2846],[2.3796,45.2849],[2.3799,45.2851],[2.3805,45.286],[2.3805,45.2864],[2.3802,45.2867],[2.38,45.2867],[2.3795,45.2867],[2.3785,45.2863],[2.3778,45.2861],[2.3767,45.286],[2.3758,45.2858],[2.3746,45.2855],[2.3729,45.2848],[2.372,45.2844],[2.3712,45.284],[2.3705,45.2834],[2.3698,45.2826],[2.3695,45.282],[2.3684,45.28],[2.368,45.2793],[2.3669,45.2772],[2.3657,45.2749]]}},{"type":"Feature","properties":{"rang":"nationale"},"geometry":{"type":"LineString","coordinates":[[2.4634,45.3537],[2.4637,45.3537],[2.4637,45.3539],[2.4635,45.3539],[2.4633,45.3538],[2.4634,45.3537]]}},{"type":"Feature","properties":{"rang":"nationale"},"geometry":{"type":"LineString","coordinates":[[2.4335,45.3401],[2.4336,45.3405]]}},{"type":"Feature","properties":{"rang":"nationale"},"geometry":{"type":"LineString","coordinates":[[2.4331,45.3397],[2.4331,45.3393]]}},{"type":"Feature","properties":{"rang":"nationale"},"geometry":{"type":"LineString","coordinates":[[2.508,45.357],[2.5027,45.3568],[2.5009,45.3568],[2.4999,45.3569],[2.4928,45.3575],[2.4916,45.3576],[2.4901,45.3576],[2.487,45.3577],[2.4858,45.3576],[2.485,45.3576],[2.4844,45.3574],[2.483,45.3571],[2.4822,45.3569],[2.4813,45.3569],[2.4805,45.3569],[2.4783,45.3572],[2.4771,45.3573],[2.476,45.3576],[2.4753,45.3578],[2.4741,45.3583],[2.4732,45.3588],[2.4725,45.3592],[2.4718,45.3598],[2.4714,45.3606]]}},{"type":"Feature","properties":{"rang":"nationale"},"geometry":{"type":"LineString","coordinates":[[2.5009,45.4185],[2.5006,45.419],[2.5007,45.4193],[2.5012,45.4197],[2.5022,45.4199],[2.5026,45.4201],[2.5031,45.4205],[2.5035,45.4209],[2.5037,45.4214],[2.5037,45.4231],[2.5039,45.4237],[2.505,45.4248]]}},{"type":"Feature","properties":{"rang":"nationale"},"geometry":{"type":"LineString","coordinates":[[2.5016,45.4177],[2.5011,45.4181],[2.5012,45.4174],[2.5017,45.4175],[2.5016,45.4177],[2.5012,45.4175]]}},{"type":"Feature","properties":{"rang":"nationale"},"geometry":{"type":"LineString","coordinates":[[2.4989,45.4143],[2.4998,45.4145],[2.5004,45.4147],[2.5006,45.4149],[2.5011,45.4161],[2.5014,45.4166],[2.5014,45.4169],[2.5013,45.4172]]}},{"type":"Feature","properties":{"rang":"nationale"},"geometry":{"type":"LineString","coordinates":[[2.4989,45.4143],[2.4982,45.4141],[2.4979,45.4138],[2.4976,45.4134],[2.4974,45.4131],[2.4974,45.4128],[2.4975,45.4124],[2.4976,45.4121],[2.4978,45.4118]]}},{"type":"Feature","properties":{"rang":"nationale"},"geometry":{"type":"LineString","coordinates":[[2.1435,45.4673],[2.1423,45.4663],[2.1387,45.4632],[2.1382,45.4628],[2.1375,45.4623]]}},{"type":"Feature","properties":{"rang":"nationale"},"geometry":{"type":"LineString","coordinates":[[2.5011,45.4181],[2.5009,45.4185]]}},{"type":"Feature","properties":{"rang":"nationale"},"geometry":{"type":"LineString","coordinates":[[2.3355,45.4864],[2.3374,45.4854],[2.338,45.485],[2.3385,45.4844],[2.3388,45.4842],[2.3394,45.4838],[2.34,45.4836]]}},{"type":"Feature","properties":{"rang":"nationale"},"geometry":{"type":"LineString","coordinates":[[2.4495,45.3506],[2.4498,45.3506]]}},{"type":"Feature","properties":{"rang":"nationale"},"geometry":{"type":"LineString","coordinates":[[2.4633,45.3535],[2.4635,45.3537]]}},{"type":"Feature","properties":{"rang":"nationale"},"geometry":{"type":"LineString","coordinates":[[2.4633,45.3537],[2.4633,45.3535],[2.4627,45.3526],[2.4623,45.3521],[2.4618,45.3516],[2.4612,45.3513],[2.4607,45.351],[2.4601,45.3508],[2.4593,45.3506],[2.4584,45.3504],[2.4568,45.3502],[2.4561,45.3501],[2.4553,45.3501],[2.4545,45.3502],[2.4524,45.3505],[2.4517,45.3506]]}},{"type":"Feature","properties":{"rang":"nationale"},"geometry":{"type":"LineString","coordinates":[[2.4637,45.3539],[2.4638,45.3542]]}},{"type":"Feature","properties":{"rang":"nationale"},"geometry":{"type":"LineString","coordinates":[[2.4978,45.4116],[2.4976,45.4115]]}},{"type":"Feature","properties":{"rang":"nationale"},"geometry":{"type":"LineString","coordinates":[[2.405,45.4553],[2.405,45.4553]]}},{"type":"Feature","properties":{"rang":"nationale"},"geometry":{"type":"LineString","coordinates":[[2.4092,45.4517],[2.4098,45.4512],[2.4104,45.4508],[2.4117,45.4503],[2.4151,45.4491],[2.4191,45.4476],[2.4195,45.4474],[2.4202,45.4469],[2.422,45.445],[2.4226,45.4445],[2.4234,45.444],[2.4246,45.4434],[2.4253,45.4432],[2.4303,45.4419],[2.4311,45.4417],[2.4323,45.4413]]}},{"type":"Feature","properties":{"rang":"nationale"},"geometry":{"type":"LineString","coordinates":[[2.3917,45.2866],[2.3919,45.2868]]}},{"type":"Feature","properties":{"rang":"nationale"},"geometry":{"type":"LineString","coordinates":[[2.3922,45.2875],[2.3922,45.2878]]}},{"type":"Feature","properties":{"rang":"nationale"},"geometry":{"type":"LineString","coordinates":[[2.4052,45.4552],[2.4059,45.4544],[2.4073,45.4533],[2.4092,45.4517]]}},{"type":"Feature","properties":{"rang":"nationale"},"geometry":{"type":"LineString","coordinates":[[1.7396,45.7385],[1.7431,45.7389],[1.7434,45.7388],[1.745,45.7378],[1.747,45.7365],[1.7474,45.7362],[1.7481,45.7352],[1.7481,45.735],[1.7481,45.7343],[1.7482,45.7339],[1.7486,45.7328]]}},{"type":"Feature","properties":{"rang":"nationale"},"geometry":{"type":"LineString","coordinates":[[1.7396,45.7385],[1.7393,45.7387],[1.7394,45.7385],[1.7396,45.7385]]}},{"type":"Feature","properties":{"rang":"nationale"},"geometry":{"type":"LineString","coordinates":[[1.7389,45.739],[1.7384,45.7393],[1.7377,45.7399],[1.737,45.7406],[1.7364,45.7411],[1.7363,45.7414],[1.7361,45.7428],[1.7362,45.7432],[1.7364,45.7434],[1.7369,45.7436],[1.7384,45.7441],[1.7388,45.7443],[1.7389,45.7446],[1.7389,45.7452],[1.739,45.7454],[1.7394,45.7456],[1.7402,45.7458],[1.7406,45.746],[1.7408,45.7463],[1.741,45.7468],[1.7412,45.7474],[1.7414,45.7477]]}},{"type":"Feature","properties":{"rang":"nationale"},"geometry":{"type":"LineString","coordinates":[[1.7013,45.7373],[1.7019,45.7369],[1.7022,45.7367],[1.7037,45.7361],[1.7051,45.7356],[1.7059,45.7354],[1.7065,45.7353],[1.707,45.7353],[1.7078,45.7354],[1.7087,45.7358],[1.7124,45.7373],[1.7131,45.7377],[1.7135,45.7379],[1.7149,45.739],[1.7156,45.7395],[1.7159,45.7397],[1.7166,45.74],[1.7173,45.7401],[1.7177,45.7401],[1.7191,45.7402],[1.7222,45.7403],[1.7227,45.7403],[1.7234,45.7401],[1.7245,45.7396],[1.725,45.7394],[1.7257,45.7393],[1.7266,45.7393],[1.7277,45.7393],[1.7283,45.7393],[1.7298,45.7392],[1.731,45.739],[1.7317,45.7388],[1.7327,45.7385],[1.7334,45.7383],[1.7339,45.7383],[1.7353,45.7386],[1.736,45.7386],[1.737,45.7384],[1.7376,45.7383],[1.7394,45.7385]]}},{"type":"Feature","properties":{"rang":"nationale"},"geometry":{"type":"LineString","coordinates":[[1.7391,45.7389],[1.7389,45.739]]}},{"type":"Feature","properties":{"rang":"nationale"},"geometry":{"type":"LineString","coordinates":[[1.7393,45.7387],[1.7391,45.7389]]}},{"type":"Feature","properties":{"rang":"nationale"},"geometry":{"type":"LineString","coordinates":[[1.8522,45.625],[1.8526,45.625],[1.8537,45.6252],[1.8547,45.6253],[1.8554,45.6251],[1.8559,45.6249],[1.8563,45.6247],[1.8578,45.6235],[1.8582,45.6231],[1.8586,45.6224],[1.8597,45.6196],[1.86,45.6191],[1.8605,45.6186],[1.8611,45.6183],[1.8619,45.618],[1.8629,45.618],[1.8666,45.6183],[1.8673,45.6184],[1.8718,45.6199],[1.8721,45.62],[1.8729,45.6201],[1.8733,45.6202],[1.8743,45.62],[1.8777,45.6193],[1.8784,45.6191],[1.8787,45.6189],[1.8793,45.6186],[1.881,45.6172],[1.8818,45.6164],[1.8822,45.6158],[1.8826,45.6148],[1.8828,45.6142],[1.8832,45.6129],[1.8836,45.6123],[1.8841,45.6119],[1.8856,45.6112],[1.8861,45.6111],[1.8868,45.611],[1.8873,45.611],[1.8877,45.6112],[1.8883,45.6114],[1.8892,45.612],[1.8899,45.6123],[1.8906,45.6124],[1.8913,45.6125],[1.8918,45.6124],[1.8924,45.6123],[1.8946,45.6116],[1.8952,45.6114],[1.8957,45.6114],[1.8964,45.6114],[1.8972,45.6114],[1.8978,45.6115],[1.9002,45.6121],[1.9006,45.6121],[1.9014,45.6121],[1.9021,45.612],[1.9025,45.6119],[1.9033,45.6114],[1.9053,45.6098],[1.9065,45.6088],[1.9074,45.608],[1.9081,45.6076],[1.9092,45.6071],[1.9104,45.6066],[1.9113,45.6062],[1.9121,45.6057],[1.9132,45.6047],[1.9139,45.6042],[1.9146,45.6036],[1.9154,45.603],[1.916,45.6027],[1.9166,45.6024],[1.9174,45.6022],[1.9183,45.6019],[1.9194,45.6018],[1.9198,45.6017],[1.9232,45.6005],[1.9237,45.6003],[1.924,45.6001],[1.9248,45.5994],[1.9256,45.5986],[1.9286,45.5971],[1.9287,45.5971],[1.9317,45.5965],[1.9337,45.5964],[1.9348,45.5962],[1.9354,45.5962],[1.937,45.5961],[1.9376,45.5961],[1.9381,45.5963],[1.9382,45.5964],[1.9376,45.5962],[1.9373,45.5961],[1.9365,45.5961]]}},{"type":"Feature","properties":{"rang":"nationale"},"geometry":{"type":"LineString","coordinates":[[1.8501,45.6253],[1.8504,45.6253],[1.8515,45.6251],[1.8522,45.625],[1.852,45.6251],[1.8513,45.6251],[1.8501,45.6253],[1.8495,45.6255],[1.8491,45.6257],[1.8485,45.6261],[1.8475,45.6271],[1.8471,45.6276],[1.8469,45.6281],[1.8469,45.6284],[1.8469,45.6294],[1.8468,45.6299],[1.8465,45.6305],[1.8463,45.6308],[1.843,45.6349],[1.8427,45.6352],[1.8422,45.6355],[1.8417,45.6357],[1.8409,45.636],[1.8404,45.6361],[1.8395,45.6362],[1.8382,45.6362],[1.8368,45.636],[1.8338,45.6357],[1.833,45.6357],[1.8325,45.6358],[1.8321,45.6359],[1.8316,45.6363],[1.8308,45.6365],[1.8305,45.6366],[1.829,45.6367],[1.8285,45.637],[1.8284,45.6373],[1.8284,45.6375],[1.8287,45.638],[1.8288,45.6383],[1.8288,45.6387],[1.829,45.6393],[1.829,45.6397],[1.8288,45.6402],[1.8283,45.6405],[1.8276,45.6407],[1.8267,45.6406],[1.8262,45.6407],[1.8254,45.6409],[1.825,45.6412],[1.8248,45.6415],[1.8245,45.6425],[1.8239,45.6438],[1.8236,45.6444],[1.8225,45.645],[1.8221,45.6456],[1.822,45.6459],[1.822,45.6462],[1.8223,45.6465],[1.823,45.6471],[1.8236,45.6479],[1.8236,45.6482],[1.8236,45.6484],[1.8229,45.6487],[1.8225,45.6492],[1.822,45.65],[1.8217,45.6507],[1.8217,45.6512],[1.8224,45.654],[1.8225,45.6543],[1.8223,45.6561],[1.8222,45.6572],[1.822,45.6588],[1.822,45.659],[1.8213,45.6602],[1.8205,45.6616],[1.8199,45.6621],[1.8194,45.6624],[1.8188,45.6626],[1.8179,45.6628],[1.8171,45.6627],[1.8163,45.6625],[1.8157,45.6623],[1.8149,45.6618],[1.8139,45.6614],[1.813,45.6611],[1.8106,45.6605],[1.8101,45.6604],[1.8096,45.6604],[1.8091,45.6605],[1.8084,45.6608],[1.8079,45.661],[1.8076,45.6614],[1.8073,45.6619],[1.8073,45.6623],[1.8072,45.6646],[1.8071,45.6649],[1.8067,45.6657],[1.8065,45.6659],[1.8056,45.6667],[1.8051,45.6669],[1.8039,45.6672],[1.8033,45.6673],[1.8029,45.6676],[1.8028,45.6681],[1.8029,45.6687],[1.8029,45.6691],[1.8028,45.6698],[1.8025,45.6703],[1.802,45.6714],[1.8016,45.6722],[1.8012,45.6728],[1.7979,45.6759],[1.7973,45.6766],[1.7971,45.6771],[1.7965,45.6788],[1.795,45.6818],[1.7949,45.6821],[1.795,45.6825],[1.7952,45.6829],[1.7952,45.6831],[1.795,45.6834],[1.7942,45.6843],[1.7938,45.6845],[1.7933,45.6847],[1.7929,45.685],[1.7927,45.6854],[1.7926,45.6861],[1.7925,45.6862],[1.7921,45.6865],[1.7918,45.6866],[1.791,45.6866],[1.7906,45.6867],[1.7903,45.6868],[1.7878,45.6888],[1.7874,45.6892],[1.7872,45.6895],[1.7871,45.691],[1.787,45.6914],[1.7867,45.6917],[1.7866,45.6921],[1.7863,45.6934],[1.7861,45.6938],[1.7858,45.6942],[1.7813,45.6976],[1.7805,45.6982],[1.7803,45.6987],[1.7798,45.6998],[1.7797,45.7002],[1.78,45.7018],[1.7799,45.7023],[1.7796,45.7028],[1.779,45.7031],[1.7754,45.7044],[1.7737,45.705],[1.7732,45.7054],[1.7729,45.7058],[1.771,45.7108],[1.7706,45.7114],[1.7696,45.7124],[1.7693,45.7127],[1.7692,45.713],[1.7683,45.7153],[1.768,45.7157],[1.7676,45.716],[1.7672,45.7161],[1.7663,45.7162],[1.7659,45.7163],[1.7655,45.7167],[1.765,45.717],[1.7635,45.7175],[1.7629,45.7177],[1.7625,45.718],[1.7619,45.7187],[1.7616,45.7189],[1.7607,45.7191],[1.7603,45.7194],[1.7603,45.72],[1.7602,45.7203],[1.7598,45.7208],[1.7593,45.7212],[1.7575,45.7229],[1.7572,45.7233],[1.7567,45.7239],[1.7565,45.7244],[1.7564,45.7253],[1.7563,45.7258],[1.7561,45.7261],[1.7557,45.7264],[1.755,45.7268],[1.754,45.7275],[1.7533,45.7279],[1.7529,45.7282],[1.7525,45.7288],[1.7522,45.7291],[1.7511,45.7299],[1.7508,45.7302],[1.7504,45.7309],[1.75,45.7314],[1.7491,45.7322],[1.7486,45.7328]]}},{"type":"Feature","properties":{"rang":"nationale"},"geometry":{"type":"LineString","coordinates":[[1.9867,45.5863],[1.988,45.5855],[1.9893,45.5849],[1.9904,45.5844],[1.9927,45.5836],[1.9934,45.5833],[1.9945,45.5828],[1.996,45.5821],[1.9967,45.5818],[1.9973,45.5816],[1.9985,45.5813],[1.9992,45.5812],[2.0003,45.5812],[2.0028,45.5811],[2.0042,45.5811],[2.0053,45.581],[2.0061,45.5809],[2.0074,45.5805],[2.0087,45.58],[2.01,45.5797],[2.0108,45.5796],[2.0118,45.5795],[2.0135,45.5792],[2.0148,45.5789],[2.0163,45.5784],[2.0172,45.578],[2.0176,45.5778],[2.0186,45.5772],[2.0216,45.5753],[2.0223,45.5747],[2.0227,45.5742],[2.023,45.5737],[2.0231,45.5733],[2.0236,45.5716],[2.0237,45.5712],[2.024,45.5707],[2.0245,45.5702],[2.025,45.5698],[2.0253,45.5695],[2.0261,45.5692],[2.0265,45.569],[2.0275,45.5688],[2.0299,45.5683],[2.0315,45.568],[2.0322,45.5679],[2.0334,45.5678],[2.0343,45.5678],[2.0351,45.5679],[2.0359,45.5681],[2.0384,45.5688],[2.0402,45.5693],[2.042,45.5696],[2.0516,45.5708],[2.0601,45.5719],[2.0639,45.5723],[2.065,45.5724],[2.0663,45.5725],[2.0679,45.5724],[2.0691,45.5725],[2.0699,45.5726],[2.0707,45.5728],[2.0714,45.5731],[2.0725,45.5735],[2.0734,45.5737],[2.0739,45.5737],[2.0745,45.5736],[2.075,45.5735],[2.0756,45.5733],[2.0764,45.5729],[2.0773,45.5727],[2.0781,45.5727],[2.0786,45.5728],[2.0792,45.5729],[2.0807,45.5734],[2.0816,45.5735],[2.0821,45.5735],[2.0836,45.5734],[2.0846,45.5734],[2.0855,45.5734],[2.0892,45.5738],[2.0905,45.5741],[2.0918,45.5745],[2.0928,45.575],[2.0936,45.5755],[2.0945,45.576],[2.0956,45.5764],[2.0965,45.5766],[2.0974,45.5768],[2.0985,45.5768],[2.0997,45.5768],[2.1008,45.5769],[2.1017,45.5771],[2.1042,45.5778],[2.105,45.5779],[2.1062,45.578],[2.1066,45.5779],[2.1085,45.5777],[2.1096,45.5777],[2.1106,45.5779],[2.1116,45.5782],[2.1141,45.5792],[2.1146,45.5794],[2.1155,45.5796],[2.1165,45.5797],[2.1177,45.5797],[2.1188,45.5795],[2.1206,45.5792],[2.1212,45.5791],[2.1219,45.5791],[2.1223,45.5792],[2.1229,45.5793],[2.1234,45.5795],[2.1246,45.5802],[2.1249,45.5804],[2.1256,45.5807],[2.1265,45.5808],[2.128,45.581],[2.1284,45.5811],[2.1288,45.5808],[2.1293,45.5805],[2.1298,45.5804],[2.1319,45.5797],[2.1328,45.5794],[2.1339,45.5788],[2.1346,45.5783],[2.1352,45.5777],[2.1356,45.5773],[2.1361,45.5765],[2.1363,45.5759],[2.1363,45.5755],[2.1363,45.5747],[2.136,45.5735],[2.136,45.573],[2.1361,45.5724],[2.1361,45.5718],[2.1359,45.571],[2.136,45.5703],[2.1365,45.5691],[2.1367,45.5689],[2.1372,45.5682],[2.1384,45.5675],[2.1427,45.5652],[2.1434,45.5647],[2.1453,45.5633],[2.1457,45.5628],[2.146,45.5623],[2.1461,45.562],[2.1463,45.5595],[2.1466,45.559],[2.1471,45.5583],[2.1473,45.5577],[2.1474,45.5575],[2.1474,45.5566],[2.1475,45.5562],[2.1479,45.5555],[2.148,45.5549],[2.1478,45.5543],[2.1475,45.5537],[2.1459,45.5508],[2.1457,45.5501],[2.1456,45.5498],[2.1456,45.549],[2.146,45.5473],[2.146,45.5467],[2.1459,45.5457],[2.1458,45.5453],[2.1455,45.5451],[2.1458,45.5451]]}},{"type":"Feature","properties":{"rang":"nationale"},"geometry":{"type":"LineString","coordinates":[[1.8001,45.5458],[1.8001,45.5455],[1.8004,45.5456],[1.8004,45.5457],[1.8001,45.5458]]}},{"type":"Feature","properties":{"rang":"nationale"},"geometry":{"type":"LineString","coordinates":[[1.8332,45.6049],[1.8333,45.6057],[1.8335,45.6061],[1.834,45.6067],[1.8349,45.6074],[1.8352,45.6077],[1.8353,45.6081],[1.8354,45.6085],[1.8352,45.6094],[1.8353,45.6099],[1.8357,45.6105],[1.8362,45.6109],[1.837,45.6115],[1.8376,45.6119],[1.8389,45.6132],[1.8393,45.6135],[1.8399,45.6138],[1.8406,45.6142],[1.841,45.6143],[1.8419,45.6146],[1.8432,45.6149],[1.8438,45.6151],[1.8444,45.6154],[1.8453,45.6159],[1.8467,45.6168],[1.8473,45.6174],[1.8475,45.6177],[1.8494,45.6215],[1.8497,45.6219],[1.8503,45.6225],[1.851,45.6229],[1.8516,45.6233],[1.8518,45.6236],[1.8521,45.6241],[1.8522,45.625]]}},{"type":"Feature","properties":{"rang":"nationale"},"geometry":{"type":"LineString","coordinates":[[1.828,45.595],[1.829,45.5956],[1.8297,45.5961],[1.8299,45.5966],[1.8301,45.597],[1.8306,45.5998],[1.8307,45.6002],[1.8311,45.6008],[1.8315,45.6011],[1.8321,45.6016],[1.8326,45.602],[1.8329,45.6024],[1.833,45.6031],[1.8332,45.6049]]}},{"type":"Feature","properties":{"rang":"nationale"},"geometry":{"type":"LineString","coordinates":[[1.8521,45.625],[1.8521,45.6245]]}},{"type":"Feature","properties":{"rang":"nationale"},"geometry":{"type":"LineString","coordinates":[[1.8004,45.5456],[1.8008,45.546],[1.8003,45.5458]]}},{"type":"Feature","properties":{"rang":"nationale"},"geometry":{"type":"LineString","coordinates":[[1.8249,45.5931],[1.828,45.595]]}},{"type":"Feature","properties":{"rang":"nationale"},"geometry":{"type":"LineString","coordinates":[[1.8001,45.5456],[1.8001,45.5454],[1.7999,45.5452]]}},{"type":"Feature","properties":{"rang":"nationale"},"geometry":{"type":"LineString","coordinates":[[1.8514,45.6251],[1.8519,45.625],[1.8521,45.6249]]}},{"type":"Feature","properties":{"rang":"nationale"},"geometry":{"type":"LineString","coordinates":[[1.8522,45.625],[1.8521,45.625]]}},{"type":"Feature","properties":{"rang":"nationale"},"geometry":{"type":"LineString","coordinates":[[1.853,45.6251],[1.8522,45.625]]}},{"type":"Feature","properties":{"rang":"nationale"},"geometry":{"type":"LineString","coordinates":[[1.8537,45.6252],[1.8523,45.6251],[1.852,45.6251]]}},{"type":"Feature","properties":{"rang":"nationale"},"geometry":{"type":"LineString","coordinates":[[1.8009,45.546],[1.8018,45.5468],[1.8033,45.548],[1.8039,45.5485],[1.8049,45.5491],[1.8055,45.5495],[1.8062,45.5502],[1.8079,45.5524],[1.8084,45.5527],[1.8095,45.5532],[1.8099,45.5535],[1.8103,45.554],[1.8104,45.5544],[1.8107,45.5557],[1.811,45.5562],[1.8112,45.5565],[1.8125,45.5578],[1.813,45.5583],[1.8133,45.5589],[1.8135,45.5596],[1.8136,45.5598],[1.8141,45.5601],[1.8155,45.5607],[1.816,45.5609],[1.8163,45.5615],[1.8163,45.5618],[1.8161,45.5629],[1.8161,45.5637],[1.8161,45.564],[1.8164,45.5647],[1.817,45.5657],[1.8172,45.5661],[1.8173,45.5667],[1.8172,45.5671],[1.8171,45.5675],[1.8168,45.5683],[1.8167,45.5686],[1.8169,45.5691],[1.8176,45.5697],[1.818,45.5701],[1.8188,45.5712],[1.8191,45.5715],[1.8195,45.5718],[1.82,45.5717],[1.8203,45.5715],[1.8203,45.5712],[1.8201,45.5704],[1.8202,45.57],[1.8205,45.5696],[1.8211,45.5694],[1.8216,45.5693],[1.822,45.5693],[1.8225,45.5694],[1.8232,45.5698],[1.8235,45.57],[1.8239,45.5704],[1.8244,45.5712],[1.8248,45.5716],[1.8254,45.5722],[1.8259,45.5725],[1.8264,45.5726],[1.827,45.5727],[1.8277,45.5726],[1.8283,45.5726],[1.8287,45.5727],[1.829,45.5729],[1.8293,45.5732],[1.8298,45.5739],[1.8305,45.5751],[1.831,45.5757],[1.8314,45.5761],[1.8323,45.5767],[1.8325,45.5772],[1.8328,45.5782],[1.8328,45.5785],[1.8325,45.579],[1.8318,45.5797],[1.8315,45.5801],[1.8313,45.5806],[1.8312,45.5811],[1.8312,45.5815],[1.8312,45.5823],[1.8312,45.5826],[1.831,45.5833],[1.8303,45.5848],[1.83,45.5853],[1.8295,45.5858],[1.8276,45.5874],[1.827,45.588],[1.8268,45.589],[1.8264,45.5896],[1.8256,45.5904],[1.8247,45.5912],[1.8243,45.5917],[1.8243,45.5923],[1.8245,45.5927],[1.8249,45.5931]]}},{"type":"Feature","properties":{"rang":"nationale"},"geometry":{"type":"LineString","coordinates":[[1.9384,45.5965],[1.9393,45.5971],[1.9402,45.5975],[1.941,45.5978],[1.942,45.5979],[1.9424,45.5978],[1.9433,45.5976],[1.9437,45.5975],[1.9442,45.5972],[1.9452,45.5964],[1.9461,45.5957],[1.9477,45.5944],[1.9481,45.5941],[1.949,45.5936],[1.9501,45.5932],[1.9513,45.5929],[1.9523,45.5927],[1.9537,45.5927],[1.955,45.5925],[1.9559,45.5923],[1.9565,45.5921],[1.9572,45.5918],[1.9596,45.5907],[1.9607,45.5902],[1.9615,45.5899],[1.9623,45.5896],[1.9634,45.5893],[1.9656,45.5888],[1.9692,45.5879],[1.9699,45.5878],[1.9721,45.5875],[1.9725,45.5875],[1.9735,45.5875],[1.9742,45.5876],[1.9752,45.5879],[1.9757,45.5881],[1.9771,45.5889],[1.978,45.5892],[1.9788,45.5893],[1.9797,45.5893],[1.9804,45.5892],[1.9813,45.5889],[1.9829,45.5883],[1.9838,45.588],[1.9849,45.5874],[1.9858,45.5869],[1.9867,45.5863]]}},{"type":"Feature","properties":{"rang":"nationale"},"geometry":{"type":"LineString","coordinates":[[2.2995,45.5409],[2.3,45.5413],[2.3035,45.5449],[2.3043,45.5457],[2.3048,45.5459],[2.3082,45.5463],[2.3086,45.5464],[2.3092,45.5463],[2.3097,45.5463],[2.3099,45.5464],[2.3108,45.5478],[2.3103,45.5483],[2.31,45.5484],[2.3094,45.5485],[2.3085,45.5483],[2.3084,45.5484],[2.3083,45.5479],[2.3081,45.5473],[2.3081,45.5469],[2.3082,45.5467],[2.3084,45.5464]]}},{"type":"Feature","properties":{"rang":"nationale"},"geometry":{"type":"LineString","coordinates":[[2.2992,45.5407],[2.2994,45.5405],[2.2995,45.5407],[2.2992,45.5407]]}},{"type":"Feature","properties":{"rang":"nationale"},"geometry":{"type":"LineString","coordinates":[[2.1439,45.5363],[2.1444,45.5363],[2.1448,45.5361],[2.147,45.5349],[2.1476,45.5346],[2.148,45.5346],[2.1533,45.534],[2.1537,45.5339],[2.1539,45.5336],[2.154,45.5332],[2.1542,45.5329],[2.1545,45.5326],[2.1553,45.5321],[2.1556,45.5319],[2.1559,45.5311],[2.1558,45.5308],[2.1553,45.5305],[2.1552,45.5301],[2.1554,45.5298],[2.1557,45.5296],[2.156,45.5295],[2.1563,45.5296],[2.1566,45.5299],[2.1571,45.53],[2.1574,45.5299],[2.1581,45.5293],[2.1588,45.5285],[2.1592,45.5281],[2.1595,45.5275],[2.161,45.5248],[2.1615,45.5242],[2.1618,45.524],[2.1639,45.5232],[2.1646,45.5228],[2.1649,45.5226],[2.1654,45.5221],[2.166,45.5217],[2.1667,45.5213],[2.1679,45.521],[2.1687,45.5207],[2.1737,45.5178],[2.1747,45.5173],[2.176,45.5163],[2.177,45.5158],[2.1776,45.5155],[2.1782,45.5153],[2.1828,45.5139],[2.1849,45.5133],[2.1857,45.513],[2.1865,45.5125],[2.1876,45.5121],[2.1884,45.5119],[2.1896,45.5117],[2.1902,45.5115],[2.1944,45.5103],[2.1959,45.5098],[2.2031,45.5077],[2.2105,45.5054],[2.2114,45.5052],[2.2177,45.5033],[2.219,45.5031],[2.2197,45.503],[2.2208,45.503],[2.2222,45.5031],[2.2263,45.5034],[2.2271,45.5034],[2.2303,45.5041],[2.2307,45.5042],[2.231,45.5041],[2.2317,45.5039],[2.2319,45.5036]]}},{"type":"Feature","properties":{"rang":"nationale"},"geometry":{"type":"LineString","coordinates":[[2.2921,45.5972],[2.292,45.5968],[2.2915,45.596],[2.2906,45.5943],[2.2902,45.5935],[2.2901,45.5927],[2.2903,45.5921],[2.2906,45.5916],[2.2916,45.59],[2.292,45.5891],[2.2921,45.5886],[2.2919,45.588],[2.2913,45.5865],[2.2909,45.5858],[2.2904,45.5852],[2.2902,45.5848],[2.2902,45.5845],[2.2902,45.5837],[2.2905,45.5832],[2.2919,45.5817],[2.2921,45.5814],[2.2923,45.581],[2.2924,45.58],[2.2925,45.5795],[2.2929,45.5789],[2.2943,45.5772],[2.2947,45.5765],[2.2952,45.5754],[2.2957,45.5744],[2.2957,45.574],[2.2956,45.5736],[2.2953,45.573],[2.2952,45.5728],[2.2953,45.5724],[2.2958,45.5715],[2.2959,45.5713],[2.2958,45.5709],[2.2961,45.5708],[2.2962,45.5705],[2.2962,45.5709],[2.2963,45.5711],[2.2959,45.5713],[2.2958,45.5715]]}},{"type":"Feature","properties":{"rang":"nationale"},"geometry":{"type":"LineString","coordinates":[[2.2655,45.6595],[2.2657,45.6603],[2.2657,45.6608],[2.2654,45.6619],[2.2654,45.6625],[2.2657,45.6634],[2.2658,45.6641],[2.2658,45.6661],[2.2658,45.6666],[2.2662,45.6698],[2.2663,45.6703],[2.2665,45.6708],[2.2668,45.6713],[2.2679,45.6732],[2.2682,45.6738],[2.2684,45.6744],[2.2685,45.6751],[2.2686,45.6772],[2.2688,45.6789],[2.269,45.6796],[2.2693,45.68],[2.27,45.6806],[2.2702,45.681],[2.2705,45.6816],[2.2706,45.683],[2.2707,45.6838],[2.2708,45.6847],[2.2709,45.6852],[2.2711,45.6854],[2.2716,45.686],[2.2725,45.6867],[2.2728,45.6873],[2.2729,45.6877],[2.2729,45.6883],[2.2727,45.6888],[2.2719,45.6896],[2.2716,45.69],[2.2711,45.6911],[2.271,45.6914],[2.2709,45.6923],[2.2708,45.6929],[2.2706,45.6933],[2.2704,45.6937],[2.2696,45.6949],[2.2694,45.6952],[2.2686,45.696],[2.2684,45.6962],[2.2684,45.6966],[2.2685,45.6969]]}},{"type":"Feature","properties":{"rang":"nationale"},"geometry":{"type":"LineString","coordinates":[[2.2618,45.7002],[2.2599,45.7005],[2.2593,45.7005],[2.2588,45.7008],[2.2587,45.701],[2.2587,45.7012],[2.2589,45.7023]]}},{"type":"Feature","properties":{"rang":"nationale"},"geometry":{"type":"LineString","coordinates":[[2.1944,45.7277],[2.1935,45.7273],[2.1925,45.7271],[2.1919,45.7271],[2.1911,45.7272],[2.1901,45.7274],[2.1895,45.7277],[2.189,45.7281],[2.1878,45.7292],[2.1871,45.7298]]}},{"type":"Feature","properties":{"rang":"nationale"},"geometry":{"type":"LineString","coordinates":[[2.1394,45.5443],[2.1399,45.5446],[2.1402,45.5446],[2.1406,45.5446],[2.1418,45.5444],[2.1425,45.5444],[2.1443,45.5449],[2.1455,45.5451]]}},{"type":"Feature","properties":{"rang":"nationale"},"geometry":{"type":"LineString","coordinates":[[2.1439,45.5363],[2.1427,45.5364],[2.1422,45.5365]]}},{"type":"Feature","properties":{"rang":"nationale"},"geometry":{"type":"LineString","coordinates":[[2.2556,45.5123],[2.2554,45.5124],[2.2549,45.5124],[2.2548,45.5121],[2.255,45.5119],[2.2553,45.5119],[2.2556,45.512],[2.2556,45.5123]]}},{"type":"Feature","properties":{"rang":"nationale"},"geometry":{"type":"LineString","coordinates":[[2.2556,45.5128],[2.2552,45.5125]]}},{"type":"Feature","properties":{"rang":"nationale"},"geometry":{"type":"LineString","coordinates":[[2.3169,45.5576],[2.3172,45.5582],[2.3174,45.5585],[2.3183,45.5593],[2.3204,45.5611],[2.3208,45.5614],[2.3218,45.5617],[2.3221,45.5619],[2.3217,45.5617],[2.3208,45.5615],[2.3204,45.5612],[2.3199,45.5607]]}},{"type":"Feature","properties":{"rang":"nationale"},"geometry":{"type":"LineString","coordinates":[[2.4131,45.59],[2.4145,45.5889]]}},{"type":"Feature","properties":{"rang":"nationale"},"geometry":{"type":"LineString","coordinates":[[2.4114,45.5914],[2.4096,45.5928],[2.4079,45.5942],[2.4071,45.5948],[2.4062,45.5956],[2.4056,45.5962],[2.4049,45.5972],[2.4043,45.5981],[2.4034,45.5994],[2.4029,45.6002]]}},{"type":"Feature","properties":{"rang":"nationale"},"geometry":{"type":"LineString","coordinates":[[2.3153,45.5542],[2.3161,45.5553],[2.3168,45.5563],[2.3169,45.5566],[2.3167,45.557],[2.3167,45.5573],[2.3169,45.5576]]}},{"type":"Feature","properties":{"rang":"nationale"},"geometry":{"type":"LineString","coordinates":[[2.3072,45.5498],[2.3074,45.5497],[2.3081,45.5488],[2.3084,45.5484]]}},{"type":"Feature","properties":{"rang":"nationale"},"geometry":{"type":"LineString","coordinates":[[2.3036,45.5517],[2.3039,45.5513],[2.3046,45.5509],[2.3053,45.5504],[2.3057,45.5502],[2.3072,45.5498]]}},{"type":"Feature","properties":{"rang":"nationale"},"geometry":{"type":"LineString","coordinates":[[2.3004,45.5623],[2.3009,45.5607],[2.302,45.5568],[2.303,45.5533],[2.3034,45.552],[2.3036,45.5517]]}},{"type":"Feature","properties":{"rang":"nationale"},"geometry":{"type":"LineString","coordinates":[[2.3074,45.4941],[2.3114,45.4917],[2.3124,45.4911],[2.3137,45.4905],[2.3142,45.4904],[2.3156,45.49],[2.3162,45.4897],[2.317,45.4894],[2.3177,45.489],[2.3184,45.4888],[2.3189,45.4887],[2.3196,45.4886],[2.3203,45.4887],[2.3209,45.4888],[2.3214,45.489],[2.3243,45.4906],[2.3263,45.4916],[2.327,45.4919],[2.3277,45.492],[2.3286,45.4921],[2.3289,45.4921],[2.3304,45.4919],[2.3314,45.4916],[2.332,45.4914],[2.3325,45.491],[2.3328,45.4908],[2.3331,45.4903],[2.3333,45.4899],[2.3339,45.4882],[2.3341,45.4875],[2.3345,45.4871],[2.3349,45.4867],[2.3355,45.4864]]}},{"type":"Feature","properties":{"rang":"nationale"},"geometry":{"type":"LineString","coordinates":[[2.3052,45.4958],[2.3048,45.4958],[2.3051,45.4956]]}},{"type":"Feature","properties":{"rang":"nationale"},"geometry":{"type":"LineString","coordinates":[[2.2704,45.5196],[2.2703,45.5199],[2.2701,45.52],[2.2697,45.5199],[2.2696,45.5197],[2.2697,45.5195],[2.2702,45.5194],[2.2704,45.5196]]}},{"type":"Feature","properties":{"rang":"nationale"},"geometry":{"type":"LineString","coordinates":[[2.2696,45.5197],[2.2695,45.5196],[2.2687,45.519],[2.2698,45.5194]]}},{"type":"Feature","properties":{"rang":"nationale"},"geometry":{"type":"LineString","coordinates":[[2.2716,45.5199],[2.2707,45.5198],[2.2703,45.5199]]}},{"type":"Feature","properties":{"rang":"nationale"},"geometry":{"type":"LineString","coordinates":[[2.1283,45.5812],[2.1284,45.5811]]}},{"type":"Feature","properties":{"rang":"nationale"},"geometry":{"type":"LineString","coordinates":[[2.2704,45.5195],[2.2706,45.5197],[2.2716,45.5199],[2.2728,45.5201],[2.2762,45.5206],[2.2777,45.5209],[2.2805,45.5214],[2.2818,45.5216],[2.2825,45.5216],[2.2834,45.5216],[2.2845,45.5215],[2.2861,45.5212],[2.2871,45.5211],[2.2881,45.5211],[2.2885,45.5212],[2.2893,45.5215],[2.2897,45.5216],[2.2904,45.522],[2.291,45.5225],[2.2914,45.5232],[2.2924,45.5248],[2.2934,45.5262],[2.2941,45.5272],[2.2948,45.528],[2.2957,45.5287],[2.2962,45.5291],[2.2984,45.5307],[2.2989,45.5312],[2.2993,45.5316],[2.2994,45.5319],[2.2996,45.5325],[2.2997,45.5331],[2.2999,45.5348],[2.2999,45.5354],[2.2998,45.5362],[2.2997,45.5368],[2.2999,45.5374],[2.3002,45.5383],[2.3002,45.5387],[2.3001,45.5392],[2.2995,45.5406]]}},{"type":"Feature","properties":{"rang":"nationale"},"geometry":{"type":"LineString","coordinates":[[2.2548,45.5123],[2.2545,45.5121],[2.2541,45.512]]}},{"type":"Feature","properties":{"rang":"nationale"},"geometry":{"type":"LineString","coordinates":[[2.4027,45.6],[2.403,45.5998],[2.4034,45.5994]]}},{"type":"Feature","properties":{"rang":"nationale"},"geometry":{"type":"LineString","coordinates":[[2.2556,45.5128],[2.2562,45.5134],[2.2613,45.5168],[2.2618,45.5171],[2.2626,45.5175],[2.2633,45.5177],[2.2642,45.5178],[2.2658,45.5179],[2.2662,45.518],[2.267,45.5182],[2.2678,45.5185],[2.2687,45.519]]}},{"type":"Feature","properties":{"rang":"nationale"},"geometry":{"type":"LineString","coordinates":[[2.3053,45.4955],[2.3055,45.4953],[2.3055,45.4956]]}},{"type":"Feature","properties":{"rang":"nationale"},"geometry":{"type":"LineString","coordinates":[[2.3048,45.4958],[2.3045,45.496],[2.3035,45.4969],[2.3015,45.4986],[2.3008,45.499],[2.3,45.4992],[2.2994,45.4992],[2.2979,45.4992],[2.2969,45.4993],[2.2947,45.4999],[2.2932,45.5003],[2.2922,45.5007],[2.2913,45.5012],[2.2905,45.5019],[2.2873,45.5054],[2.287,45.5057],[2.2865,45.506],[2.2851,45.5068],[2.2842,45.5072],[2.2835,45.5075],[2.2793,45.5089],[2.2766,45.5099],[2.2757,45.5101],[2.2744,45.5105],[2.2737,45.5105],[2.2732,45.5104],[2.2729,45.5103],[2.2724,45.51],[2.2721,45.5096],[2.2716,45.5089],[2.2714,45.5084],[2.2707,45.508],[2.27,45.5077],[2.2673,45.5069],[2.2666,45.5068],[2.266,45.5067],[2.2649,45.5068],[2.2628,45.5069],[2.2618,45.5071],[2.2614,45.5073],[2.2608,45.5076],[2.2605,45.508],[2.2595,45.509],[2.2589,45.5095],[2.2583,45.5098],[2.257,45.51],[2.2563,45.5104],[2.2558,45.511],[2.2555,45.5114],[2.2554,45.5119]]}},{"type":"Feature","properties":{"rang":"nationale"},"geometry":{"type":"LineString","coordinates":[[2.3053,45.4958],[2.3052,45.4956],[2.3055,45.4955],[2.3055,45.4958],[2.3053,45.4958]]}},{"type":"Feature","properties":{"rang":"nationale"},"geometry":{"type":"LineString","coordinates":[[2.1539,45.5339],[2.1537,45.5341],[2.1533,45.534]]}},{"type":"Feature","properties":{"rang":"nationale"},"geometry":{"type":"LineString","coordinates":[[2.1394,45.5443],[2.1395,45.5441],[2.1415,45.5416],[2.1416,45.5412],[2.1415,45.5403],[2.1417,45.5398],[2.1416,45.5394]]}},{"type":"Feature","properties":{"rang":"nationale"},"geometry":{"type":"LineString","coordinates":[[2.1418,45.5367],[2.1411,45.5376],[2.141,45.5378],[2.1411,45.5384],[2.1412,45.5387],[2.1416,45.5394]]}},{"type":"Feature","properties":{"rang":"nationale"},"geometry":{"type":"LineString","coordinates":[[2.1422,45.5365],[2.1422,45.5365]]}},{"type":"Feature","properties":{"rang":"nationale"},"geometry":{"type":"LineString","coordinates":[[2.2555,45.5123],[2.2555,45.5125],[2.2556,45.5128]]}},{"type":"Feature","properties":{"rang":"nationale"},"geometry":{"type":"LineString","coordinates":[[2.1421,45.5365],[2.1418,45.5367],[2.142,45.5364]]}},{"type":"Feature","properties":{"rang":"nationale"},"geometry":{"type":"LineString","coordinates":[[2.1422,45.5364],[2.1426,45.5364]]}},{"type":"Feature","properties":{"rang":"nationale"},"geometry":{"type":"LineString","coordinates":[[2.3135,45.5516],[2.3153,45.5542]]}},{"type":"Feature","properties":{"rang":"nationale"},"geometry":{"type":"LineString","coordinates":[[2.3071,45.5662],[2.3065,45.5663],[2.3061,45.5666],[2.3051,45.5683],[2.3049,45.569],[2.3047,45.5693],[2.3041,45.5698],[2.302,45.5709],[2.3011,45.5712],[2.3007,45.5713],[2.2998,45.5714],[2.2991,45.5713],[2.2969,45.5711],[2.2963,45.5711]]}},{"type":"Feature","properties":{"rang":"nationale"},"geometry":{"type":"LineString","coordinates":[[2.3073,45.5663],[2.3071,45.5662]]}},{"type":"Feature","properties":{"rang":"nationale"},"geometry":{"type":"LineString","coordinates":[[2.4053,45.6017],[2.4069,45.6027],[2.4073,45.6029],[2.4083,45.6032],[2.4096,45.6034]]}},{"type":"Feature","properties":{"rang":"nationale"},"geometry":{"type":"LineString","coordinates":[[2.1875,45.7294],[2.1884,45.7287]]}},{"type":"Feature","properties":{"rang":"nationale"},"geometry":{"type":"LineString","coordinates":[[2.4141,45.5893],[2.4131,45.59],[2.4114,45.5914]]}},{"type":"Feature","properties":{"rang":"nationale"},"geometry":{"type":"LineString","coordinates":[[2.3108,45.5478],[2.3115,45.5487],[2.3127,45.5505],[2.3135,45.5516]]}},{"type":"Feature","properties":{"rang":"nationale"},"geometry":{"type":"LineString","coordinates":[[2.3154,45.565],[2.3139,45.5647],[2.3134,45.5648],[2.3125,45.5653],[2.3122,45.5655],[2.3117,45.5659],[2.3102,45.5665],[2.3097,45.5666],[2.309,45.5665],[2.3085,45.5666],[2.308,45.5665],[2.3073,45.5663]]}},{"type":"Feature","properties":{"rang":"nationale"},"geometry":{"type":"LineString","coordinates":[[2.2995,45.5654],[2.2993,45.5662],[2.2992,45.5666],[2.2989,45.5668],[2.2978,45.5674],[2.2974,45.5676],[2.2971,45.5681],[2.2962,45.5705]]}},{"type":"Feature","properties":{"rang":"nationale"},"geometry":{"type":"LineString","coordinates":[[2.4146,45.589],[2.4141,45.5893]]}},{"type":"Feature","properties":{"rang":"nationale"},"geometry":{"type":"LineString","coordinates":[[2.2995,45.5407],[2.2995,45.5409],[2.2993,45.5407]]}},{"type":"Feature","properties":{"rang":"nationale"},"geometry":{"type":"LineString","coordinates":[[2.128,45.581],[2.1289,45.5807]]}},{"type":"Feature","properties":{"rang":"nationale"},"geometry":{"type":"LineString","coordinates":[[2.1281,45.5816],[2.1281,45.5813],[2.128,45.5811]]}},{"type":"Feature","properties":{"rang":"nationale"},"geometry":{"type":"LineString","coordinates":[[2.255,45.5119],[2.2555,45.5114]]}},{"type":"Feature","properties":{"rang":"nationale"},"geometry":{"type":"LineString","coordinates":[[2.3422,45.5737],[2.3461,45.5743],[2.3467,45.5743],[2.347,45.5742],[2.3477,45.5739],[2.3481,45.5738],[2.3487,45.5738],[2.3508,45.5739],[2.3511,45.574],[2.3516,45.5742],[2.3541,45.5761],[2.3606,45.5807],[2.3615,45.5813],[2.3618,45.5815],[2.3625,45.5815],[2.3641,45.5811],[2.3648,45.5812],[2.3658,45.5816],[2.3663,45.5817],[2.3673,45.5819],[2.3676,45.582],[2.3678,45.5827],[2.368,45.5831],[2.3688,45.5836],[2.3692,45.5838],[2.3699,45.5838],[2.3707,45.5839],[2.3712,45.5841],[2.3716,45.5843],[2.3721,45.5847],[2.3732,45.5854],[2.3745,45.5859],[2.3754,45.586],[2.3765,45.5861],[2.3769,45.5863],[2.3773,45.5866],[2.3776,45.5867],[2.3785,45.5868],[2.3788,45.5869],[2.3795,45.5873],[2.3801,45.5877],[2.3805,45.5882],[2.3812,45.5885],[2.3825,45.589],[2.3869,45.5906],[2.3879,45.5908],[2.3885,45.5911],[2.3888,45.5913],[2.3988,45.5976],[2.4018,45.5995],[2.4027,45.6],[2.4039,45.6008],[2.4044,45.6012],[2.4053,45.6017]]}},{"type":"Feature","properties":{"rang":"nationale"},"geometry":{"type":"LineString","coordinates":[[2.3244,45.5637],[2.3246,45.5637],[2.3247,45.564],[2.3279,45.5668],[2.3285,45.5672],[2.3312,45.5695],[2.3325,45.5707],[2.3327,45.5709],[2.3315,45.5699],[2.3311,45.5696],[2.3247,45.5641],[2.3242,45.564],[2.3237,45.564],[2.3242,45.5638],[2.3239,45.5634],[2.3244,45.5637]]}},{"type":"Feature","properties":{"rang":"nationale"},"geometry":{"type":"LineString","coordinates":[[2.1459,45.5457],[2.1458,45.5451]]}},{"type":"Feature","properties":{"rang":"nationale"},"geometry":{"type":"LineString","coordinates":[[2.3085,45.5483],[2.3083,45.5479]]}},{"type":"Feature","properties":{"rang":"nationale"},"geometry":{"type":"LineString","coordinates":[[2.3004,45.5623],[2.3002,45.5633],[2.2997,45.565],[2.2996,45.5653],[2.2996,45.565],[2.3003,45.5626],[2.3004,45.5623]]}},{"type":"Feature","properties":{"rang":"nationale"},"geometry":{"type":"LineString","coordinates":[[2.2323,45.5038],[2.2319,45.5039]]}},{"type":"Feature","properties":{"rang":"nationale"},"geometry":{"type":"LineString","coordinates":[[2.294,45.61],[2.2937,45.6091],[2.293,45.6079],[2.2928,45.6075],[2.2927,45.6059],[2.2923,45.6045],[2.2922,45.604],[2.2921,45.6032],[2.2921,45.6025],[2.2923,45.6013],[2.2926,45.6004],[2.2927,45.6],[2.2921,45.5987],[2.292,45.5983],[2.2921,45.5975],[2.2921,45.5972]]}},{"type":"Feature","properties":{"rang":"nationale"},"geometry":{"type":"LineString","coordinates":[[2.2753,45.6396],[2.2757,45.6387],[2.2758,45.638],[2.276,45.6372],[2.2761,45.6367],[2.2764,45.636],[2.2767,45.6354],[2.277,45.6349],[2.2771,45.6344],[2.2772,45.6337],[2.2772,45.6332],[2.2768,45.6304],[2.2766,45.6299],[2.2761,45.6288],[2.2759,45.6283],[2.2759,45.6279],[2.2759,45.6276],[2.2761,45.6271],[2.2764,45.6268],[2.2774,45.6258],[2.2777,45.6255],[2.2785,45.6252],[2.279,45.6251],[2.2797,45.625],[2.2804,45.625],[2.2814,45.6251],[2.2825,45.6251],[2.2833,45.6249],[2.2838,45.6246],[2.2843,45.6243],[2.2881,45.621],[2.2886,45.6205],[2.2889,45.6199],[2.2889,45.6196],[2.2888,45.6187],[2.289,45.618],[2.2895,45.6174],[2.2913,45.6159],[2.2921,45.6151],[2.2932,45.6134],[2.2936,45.6128],[2.2938,45.6124],[2.294,45.6116],[2.2941,45.6107],[2.294,45.61]]}},{"type":"Feature","properties":{"rang":"nationale"},"geometry":{"type":"LineString","coordinates":[[2.2661,45.6506],[2.2659,45.651],[2.2656,45.6522],[2.2654,45.6529],[2.2649,45.6567],[2.2649,45.6573],[2.265,45.6579],[2.2655,45.6595]]}},{"type":"Feature","properties":{"rang":"nationale"},"geometry":{"type":"LineString","coordinates":[[2.2993,45.5405],[2.2996,45.5403]]}},{"type":"Feature","properties":{"rang":"nationale"},"geometry":{"type":"LineString","coordinates":[[2.2318,45.5039],[2.2319,45.5039]]}},{"type":"Feature","properties":{"rang":"nationale"},"geometry":{"type":"LineString","coordinates":[[2.3224,45.5621],[2.3239,45.5634]]}},{"type":"Feature","properties":{"rang":"nationale"},"geometry":{"type":"LineString","coordinates":[[2.2963,45.571],[2.2969,45.5711]]}},{"type":"Feature","properties":{"rang":"nationale"},"geometry":{"type":"LineString","coordinates":[[2.3056,45.4953],[2.3059,45.495],[2.3074,45.4941]]}},{"type":"Feature","properties":{"rang":"nationale"},"geometry":{"type":"LineString","coordinates":[[2.3055,45.4953],[2.3056,45.4953]]}},{"type":"Feature","properties":{"rang":"nationale"},"geometry":{"type":"LineString","coordinates":[[2.2752,45.6399],[2.2753,45.6396]]}},{"type":"Feature","properties":{"rang":"nationale"},"geometry":{"type":"LineString","coordinates":[[2.2664,45.6502],[2.2669,45.6495],[2.2676,45.6487],[2.2684,45.648],[2.2695,45.6472],[2.2704,45.6464],[2.2729,45.6432],[2.2738,45.6423],[2.2743,45.6418],[2.2747,45.641],[2.2752,45.6399]]}},{"type":"Feature","properties":{"rang":"nationale"},"geometry":{"type":"LineString","coordinates":[[2.2661,45.6506],[2.2664,45.6502]]}},{"type":"Feature","properties":{"rang":"nationale"},"geometry":{"type":"LineString","coordinates":[[2.1283,45.5812],[2.1277,45.581]]}},{"type":"Feature","properties":{"rang":"nationale"},"geometry":{"type":"LineString","coordinates":[[2.3002,45.5388],[2.3,45.5381],[2.2997,45.5373],[2.2997,45.5366],[2.2997,45.5362],[2.2998,45.5352],[2.2999,45.5344]]}},{"type":"Feature","properties":{"rang":"nationale"},"geometry":{"type":"LineString","coordinates":[[2.2997,45.5365],[2.2998,45.5359],[2.2999,45.5358]]}},{"type":"Feature","properties":{"rang":"nationale"},"geometry":{"type":"LineString","coordinates":[[2.2999,45.5373],[2.2999,45.5377],[2.2997,45.5378]]}},{"type":"Feature","properties":{"rang":"nationale"},"geometry":{"type":"LineString","coordinates":[[2.3203,45.561],[2.3208,45.5614],[2.3208,45.5615]]}},{"type":"Feature","properties":{"rang":"nationale"},"geometry":{"type":"LineString","coordinates":[[2.3213,45.5616],[2.3209,45.5614]]}},{"type":"Feature","properties":{"rang":"nationale"},"geometry":{"type":"LineString","coordinates":[[2.2996,45.5653],[2.2995,45.5654]]}},{"type":"Feature","properties":{"rang":"nationale"},"geometry":{"type":"LineString","coordinates":[[2.3237,45.564],[2.322,45.5644],[2.3204,45.5649],[2.3191,45.5651],[2.3185,45.5652],[2.3178,45.5652],[2.3166,45.5652],[2.3154,45.565]]}},{"type":"Feature","properties":{"rang":"nationale"},"geometry":{"type":"LineString","coordinates":[[2.3221,45.5619],[2.3224,45.5621]]}},{"type":"Feature","properties":{"rang":"nationale"},"geometry":{"type":"LineString","coordinates":[[2.3328,45.571],[2.3336,45.5716],[2.3339,45.5719],[2.3344,45.5721],[2.3405,45.5735],[2.3422,45.5737]]}},{"type":"Feature","properties":{"rang":"nationale"},"geometry":{"type":"LineString","coordinates":[[2.1539,45.5336],[2.1539,45.5339]]}},{"type":"Feature","properties":{"rang":"nationale"},"geometry":{"type":"LineString","coordinates":[[2.3247,45.5639],[2.3245,45.564]]}},{"type":"Feature","properties":{"rang":"nationale"},"geometry":{"type":"LineString","coordinates":[[2.3242,45.564],[2.3242,45.5638]]}},{"type":"Feature","properties":{"rang":"nationale"},"geometry":{"type":"LineString","coordinates":[[2.3242,45.5638],[2.3244,45.5637]]}},{"type":"Feature","properties":{"rang":"nationale"},"geometry":{"type":"LineString","coordinates":[[2.1536,45.534],[2.1536,45.5339]]}},{"type":"Feature","properties":{"rang":"nationale"},"geometry":{"type":"LineString","coordinates":[[2.1537,45.5339],[2.1539,45.5339]]}},{"type":"Feature","properties":{"rang":"nationale"},"geometry":{"type":"LineString","coordinates":[[2.2961,45.5712],[2.2959,45.5712]]}},{"type":"Feature","properties":{"rang":"nationale"},"geometry":{"type":"LineString","coordinates":[[2.296,45.5708],[2.2962,45.5709]]}},{"type":"Feature","properties":{"rang":"autoroute"},"geometry":{"type":"LineString","coordinates":[[1.493,45.1893],[1.4924,45.1884],[1.4919,45.1881],[1.4914,45.188],[1.4909,45.188],[1.4906,45.1881],[1.4901,45.1884],[1.4883,45.1898],[1.4875,45.1904],[1.4868,45.1908],[1.486,45.1909],[1.4854,45.1908],[1.485,45.1906],[1.4847,45.1903],[1.4845,45.1899],[1.4843,45.189],[1.484,45.1886],[1.4832,45.188],[1.481,45.1866],[1.48,45.186],[1.4791,45.1853],[1.4779,45.1843],[1.4772,45.1837],[1.4762,45.1825],[1.4753,45.1815],[1.4749,45.1808],[1.4737,45.1791],[1.4718,45.1759],[1.4707,45.1741],[1.4702,45.1734],[1.4696,45.1726],[1.4691,45.1719],[1.4681,45.1708],[1.4671,45.1699],[1.4659,45.169],[1.4648,45.1683],[1.4638,45.1677],[1.4628,45.1671],[1.4617,45.1665],[1.4607,45.1661],[1.46,45.1659],[1.4587,45.1654],[1.458,45.1652],[1.4566,45.1648],[1.4553,45.1646],[1.4542,45.1644],[1.453,45.1642],[1.4514,45.1641],[1.4499,45.164],[1.4471,45.1638],[1.4457,45.1637],[1.4441,45.1635],[1.4423,45.1631],[1.4381,45.162],[1.437,45.1618],[1.4354,45.1615],[1.4347,45.1614],[1.4336,45.1614],[1.432,45.1614],[1.4306,45.1615],[1.4296,45.1616],[1.4281,45.1619],[1.4273,45.1621],[1.4259,45.1625],[1.4234,45.1633],[1.4218,45.1638],[1.421,45.164],[1.4196,45.1643],[1.4179,45.1647],[1.4161,45.1649],[1.4148,45.165],[1.413,45.165],[1.412,45.165],[1.4109,45.165],[1.4096,45.1649],[1.4083,45.1647],[1.4067,45.1644],[1.4055,45.1641],[1.4044,45.1638],[1.4029,45.1634],[1.4014,45.1628]]}},{"type":"Feature","properties":{"rang":"autoroute"},"geometry":{"type":"LineString","coordinates":[[1.4927,45.1856],[1.4933,45.186],[1.4935,45.1862],[1.4936,45.1864],[1.4933,45.1867],[1.4921,45.1872],[1.4911,45.1876],[1.4907,45.1879],[1.4901,45.1884]]}},{"type":"Feature","properties":{"rang":"autoroute"},"geometry":{"type":"LineString","coordinates":[[1.49,45.1883],[1.4908,45.1877],[1.4916,45.1873],[1.4921,45.1871],[1.4931,45.1867],[1.4934,45.1865],[1.4934,45.1862],[1.4931,45.186],[1.4926,45.1861],[1.4924,45.1864],[1.4924,45.187],[1.4924,45.1874],[1.4927,45.1882],[1.493,45.189],[1.4933,45.1895],[1.4938,45.1903],[1.4943,45.1909],[1.4949,45.1915],[1.4954,45.1919],[1.4967,45.1928],[1.4996,45.1949],[1.5045,45.1982],[1.5062,45.1993],[1.5069,45.1996],[1.5082,45.2003],[1.5091,45.2006],[1.5109,45.201],[1.5115,45.2011]]}},{"type":"Feature","properties":{"rang":"autoroute"},"geometry":{"type":"LineString","coordinates":[[1.49,45.1883],[1.4914,45.187],[1.4918,45.1867],[1.492,45.1862],[1.4919,45.1849],[1.491,45.1797],[1.4908,45.1786],[1.4906,45.178],[1.4901,45.1769],[1.4894,45.1757],[1.489,45.1751],[1.4884,45.1744],[1.4881,45.174],[1.4846,45.1704],[1.4828,45.1685],[1.4815,45.1672],[1.4802,45.1658],[1.4797,45.1651],[1.4794,45.1646],[1.4792,45.164],[1.4791,45.1633],[1.479,45.1627],[1.4792,45.162],[1.4793,45.1616],[1.4796,45.1608],[1.4802,45.16],[1.482,45.1576],[1.4825,45.1568],[1.4829,45.156],[1.4833,45.1547],[1.4842,45.1509],[1.4843,45.1502],[1.4842,45.1499],[1.484,45.1497],[1.4836,45.1495],[1.4825,45.1493],[1.4822,45.1493]]}},{"type":"Feature","properties":{"rang":"autoroute"},"geometry":{"type":"LineString","coordinates":[[1.4785,45.1642],[1.4787,45.1643],[1.4785,45.1646],[1.4781,45.1646],[1.4781,45.1643],[1.4784,45.1641],[1.4785,45.1642]]}},{"type":"Feature","properties":{"rang":"autoroute"},"geometry":{"type":"LineString","coordinates":[[1.4801,45.166],[1.4792,45.1659],[1.4787,45.1656],[1.4785,45.1655],[1.4783,45.1652],[1.4782,45.1646]]}},{"type":"Feature","properties":{"rang":"autoroute"},"geometry":{"type":"LineString","coordinates":[[1.4015,45.1627],[1.4029,45.1633],[1.4039,45.1636],[1.405,45.1639],[1.4061,45.1642],[1.4073,45.1644],[1.4083,45.1646],[1.4096,45.1648],[1.4115,45.1649],[1.4125,45.1649],[1.4135,45.1649],[1.4148,45.1649],[1.4161,45.1648],[1.4178,45.1646],[1.419,45.1644],[1.4202,45.1641],[1.421,45.1639],[1.4226,45.1635],[1.4259,45.1624],[1.4272,45.162],[1.4281,45.1618],[1.429,45.1616],[1.4304,45.1614],[1.4319,45.1613],[1.433,45.1613],[1.4343,45.1613],[1.4354,45.1614],[1.4368,45.1616],[1.438,45.1619],[1.439,45.1621],[1.4419,45.1629],[1.4434,45.1633],[1.4441,45.1634],[1.4457,45.1636],[1.4471,45.1637],[1.4499,45.1639],[1.4514,45.164],[1.453,45.1641],[1.4547,45.1644],[1.4566,45.1648],[1.4579,45.1651],[1.4593,45.1655],[1.4604,45.1659],[1.4617,45.1665],[1.4628,45.167],[1.4639,45.1676],[1.4649,45.1682],[1.4661,45.169],[1.4672,45.1698],[1.4681,45.1706],[1.469,45.1716],[1.4698,45.1726],[1.4704,45.1734],[1.4709,45.1741],[1.472,45.1759],[1.4733,45.1782],[1.4744,45.1799],[1.475,45.1808],[1.4756,45.1816],[1.4763,45.1825],[1.4768,45.1831],[1.478,45.1842],[1.4792,45.1852],[1.4801,45.1859],[1.481,45.1865],[1.4833,45.1879],[1.4863,45.1896],[1.4868,45.1898],[1.4873,45.1899],[1.4878,45.1898],[1.4881,45.1897],[1.4888,45.1893],[1.49,45.1883]]}},{"type":"Feature","properties":{"rang":"autoroute"},"geometry":{"type":"LineString","coordinates":[[1.5065,45.0658],[1.5066,45.0664],[1.5069,45.0673],[1.5071,45.0678],[1.5078,45.0691],[1.5085,45.0704],[1.5092,45.0714],[1.5097,45.072],[1.5104,45.0727],[1.511,45.0734],[1.5116,45.0743],[1.5118,45.0746],[1.5127,45.0766],[1.5135,45.0783],[1.5139,45.0793],[1.514,45.08],[1.514,45.0806],[1.5139,45.0818],[1.514,45.0823],[1.5141,45.0828],[1.5146,45.0837],[1.5149,45.0841],[1.5157,45.0848],[1.517,45.0856],[1.5176,45.086],[1.5181,45.0864],[1.5186,45.087],[1.519,45.0876],[1.5192,45.088],[1.5194,45.0889],[1.5197,45.0918],[1.5201,45.0968],[1.5204,45.0975],[1.5206,45.0977],[1.5213,45.0979],[1.5216,45.0979]]}},{"type":"Feature","properties":{"rang":"autoroute"},"geometry":{"type":"LineString","coordinates":[[1.5061,45.064],[1.5061,45.0635],[1.5061,45.0627],[1.5063,45.0614],[1.5066,45.0605],[1.5068,45.0597]]}},{"type":"Feature","properties":{"rang":"autoroute"},"geometry":{"type":"LineString","coordinates":[[1.5062,45.0635],[1.5063,45.0645],[1.5063,45.0651],[1.5065,45.0658]]}},{"type":"Feature","properties":{"rang":"autoroute"},"geometry":{"type":"LineString","coordinates":[[1.4861,45.1446],[1.486,45.1455],[1.4861,45.1461],[1.4864,45.1466],[1.4866,45.1471],[1.4865,45.1473]]}},{"type":"Feature","properties":{"rang":"autoroute"},"geometry":{"type":"LineString","coordinates":[[1.5134,45.2039],[1.5127,45.2033],[1.5123,45.2031],[1.5119,45.203],[1.511,45.2028],[1.5102,45.2026]]}},{"type":"Feature","properties":{"rang":"autoroute"},"geometry":{"type":"LineString","coordinates":[[1.5098,45.2023],[1.5097,45.2022],[1.5092,45.2016],[1.5088,45.2011],[1.5086,45.2008],[1.5079,45.2004],[1.5061,45.1993],[1.5051,45.1987],[1.5044,45.1982],[1.4995,45.1949],[1.4961,45.1926],[1.4953,45.192],[1.4944,45.1912],[1.4938,45.1905],[1.4934,45.19],[1.493,45.1893],[1.4927,45.1885],[1.4924,45.1879],[1.4923,45.1873],[1.4919,45.1849]]}},{"type":"Feature","properties":{"rang":"autoroute"},"geometry":{"type":"LineString","coordinates":[[1.5188,45.0988],[1.5188,45.0989],[1.519,45.0992],[1.5192,45.0992],[1.5195,45.0991],[1.5199,45.0985],[1.52,45.098],[1.52,45.0972],[1.5199,45.0964],[1.5197,45.0936],[1.5192,45.0889],[1.5191,45.088],[1.5188,45.0876],[1.5185,45.087],[1.518,45.0865],[1.5175,45.086],[1.5169,45.0856],[1.5156,45.0849],[1.5148,45.0842],[1.5144,45.0837],[1.5142,45.0833],[1.514,45.0828],[1.5138,45.0823],[1.5138,45.0816],[1.5139,45.0803],[1.5139,45.0796],[1.5137,45.0789],[1.5134,45.0784],[1.5125,45.0766],[1.5117,45.0747],[1.5113,45.0739],[1.5106,45.0731],[1.5095,45.072],[1.509,45.0714],[1.5084,45.0704],[1.5074,45.0686],[1.5068,45.0673],[1.5064,45.0661],[1.5063,45.066],[1.506,45.0651],[1.5057,45.0645],[1.5055,45.0642],[1.5047,45.0635],[1.5036,45.0623],[1.5034,45.062]]}},{"type":"Feature","properties":{"rang":"autoroute"},"geometry":{"type":"LineString","coordinates":[[1.4848,45.1704],[1.4877,45.1734],[1.4885,45.1743],[1.4891,45.175],[1.4898,45.1761],[1.4902,45.1768],[1.4907,45.178],[1.4911,45.1794],[1.4912,45.1799],[1.4922,45.1863],[1.4924,45.187]]}},{"type":"Feature","properties":{"rang":"autoroute"},"geometry":{"type":"LineString","coordinates":[[1.519,45.1004],[1.5191,45.0997],[1.5187,45.099],[1.519,45.0987],[1.5193,45.0986],[1.5212,45.0985],[1.5215,45.0984],[1.5214,45.098],[1.5209,45.0978],[1.5206,45.0979],[1.5203,45.0981],[1.5201,45.0986],[1.52,45.0987]]}},{"type":"Feature","properties":{"rang":"autoroute"},"geometry":{"type":"LineString","coordinates":[[1.4344,45.1613],[1.4355,45.1613],[1.4363,45.1612],[1.4391,45.1601]]}},{"type":"Feature","properties":{"rang":"autoroute"},"geometry":{"type":"LineString","coordinates":[[1.5067,45.0609],[1.5066,45.0613],[1.5068,45.0618],[1.5071,45.0621],[1.5078,45.0626],[1.5079,45.063],[1.5078,45.0633],[1.5074,45.0635],[1.507,45.0636],[1.5063,45.0637],[1.5055,45.0636],[1.5048,45.0633],[1.5044,45.0631],[1.5039,45.0626],[1.5034,45.062]]}},{"type":"Feature","properties":{"rang":"autoroute"},"geometry":{"type":"LineString","coordinates":[[1.4823,45.1491],[1.4826,45.1492],[1.4836,45.1495],[1.4842,45.1495],[1.4846,45.1492],[1.4848,45.1487],[1.4852,45.1472],[1.4854,45.1465],[1.4862,45.1435],[1.4866,45.1424],[1.487,45.1417],[1.4874,45.1412],[1.4878,45.1407],[1.4902,45.1386],[1.491,45.1378],[1.4916,45.1368],[1.4918,45.1361],[1.492,45.1354],[1.492,45.1345],[1.4918,45.132],[1.4917,45.131],[1.4918,45.1301],[1.492,45.1294],[1.4922,45.1287],[1.4925,45.1283],[1.493,45.1275],[1.4937,45.1266],[1.4941,45.1262],[1.4949,45.1255],[1.4961,45.1246],[1.4973,45.1237],[1.4984,45.1229],[1.4992,45.1222],[1.5,45.1214],[1.5003,45.121],[1.5007,45.1203],[1.5008,45.1199],[1.501,45.1193],[1.5009,45.1184],[1.5008,45.1179],[1.5003,45.1161],[1.4998,45.1145],[1.4997,45.1141],[1.4998,45.1135],[1.4999,45.1129],[1.5001,45.1126],[1.5004,45.1121],[1.501,45.1116],[1.5014,45.1113],[1.502,45.111],[1.5027,45.1108],[1.5048,45.1102],[1.5055,45.1098],[1.5061,45.1095],[1.5072,45.1085],[1.5079,45.1081],[1.5088,45.1077],[1.5093,45.1075],[1.5101,45.1074],[1.5106,45.1073],[1.5123,45.1074],[1.5129,45.1073],[1.5141,45.1072],[1.5148,45.1069],[1.5154,45.1066],[1.516,45.1062],[1.5164,45.1057],[1.5168,45.1052],[1.5188,45.1007],[1.5198,45.0989],[1.5199,45.0985]]}},{"type":"Feature","properties":{"rang":"autoroute"},"geometry":{"type":"LineString","coordinates":[[1.4869,45.1476],[1.4866,45.1476],[1.4856,45.1484],[1.4854,45.1487],[1.4848,45.1496],[1.4845,45.1503],[1.4841,45.1521],[1.4831,45.1557],[1.4828,45.1566],[1.4825,45.1572],[1.4819,45.158],[1.4804,45.16],[1.4797,45.161],[1.4795,45.1615],[1.4793,45.1621],[1.4792,45.1627],[1.4792,45.1632],[1.4793,45.164],[1.4795,45.1646],[1.4798,45.1651],[1.4802,45.1656],[1.4806,45.1661],[1.4848,45.1704]]}},{"type":"Feature","properties":{"rang":"autoroute"},"geometry":{"type":"LineString","coordinates":[[1.4863,45.1473],[1.4864,45.147],[1.4862,45.1466],[1.486,45.1464],[1.4857,45.1465],[1.4854,45.147],[1.4845,45.1503]]}},{"type":"Feature","properties":{"rang":"autoroute"},"geometry":{"type":"LineString","coordinates":[[1.4784,45.1652],[1.4786,45.1655],[1.4789,45.1656],[1.4793,45.1656],[1.4795,45.1654],[1.4796,45.1651],[1.4795,45.1648]]}},{"type":"Feature","properties":{"rang":"autoroute"},"geometry":{"type":"LineString","coordinates":[[1.4808,45.1646],[1.4808,45.1648],[1.4805,45.1648],[1.4804,45.1647],[1.4805,45.1645],[1.4808,45.1646]]}},{"type":"Feature","properties":{"rang":"autoroute"},"geometry":{"type":"LineString","coordinates":[[1.4807,45.1648],[1.4807,45.1653],[1.4806,45.1657],[1.4807,45.1661],[1.4809,45.1664]]}},{"type":"Feature","properties":{"rang":"autoroute"},"geometry":{"type":"LineString","coordinates":[[1.4787,45.1643],[1.4791,45.1645],[1.48,45.1646],[1.4804,45.1646]]}},{"type":"Feature","properties":{"rang":"autoroute"},"geometry":{"type":"LineString","coordinates":[[1.4629,45.1895],[1.4629,45.1891],[1.463,45.1887],[1.4632,45.1884],[1.4637,45.1878],[1.464,45.1875],[1.4652,45.1867],[1.4664,45.1858],[1.4668,45.1854],[1.4672,45.1848],[1.4675,45.1843],[1.4677,45.1836],[1.4679,45.1816],[1.4681,45.1808],[1.4685,45.1801],[1.4693,45.179],[1.4696,45.1785],[1.4698,45.178],[1.4699,45.1776],[1.4699,45.1769],[1.4699,45.1765],[1.4697,45.1759],[1.4683,45.1725],[1.4681,45.1719],[1.4679,45.1714],[1.4678,45.1709],[1.4677,45.1696],[1.4678,45.1694]]}},{"type":"Feature","properties":{"rang":"autoroute"},"geometry":{"type":"LineString","coordinates":[[1.4805,45.1648],[1.479,45.1646],[1.4786,45.1646]]}},{"type":"Feature","properties":{"rang":"autoroute"},"geometry":{"type":"LineString","coordinates":[[1.4808,45.1646],[1.4813,45.1646],[1.4819,45.1645],[1.4859,45.1639],[1.4868,45.1637],[1.4884,45.1632],[1.4889,45.1631],[1.4895,45.1631],[1.4904,45.1631],[1.4919,45.1634],[1.4924,45.1635],[1.4931,45.1635],[1.4936,45.1635],[1.4943,45.1634],[1.4948,45.1633],[1.4966,45.1627],[1.4972,45.1626],[1.4981,45.1624],[1.499,45.1624],[1.4994,45.1625],[1.5015,45.1628],[1.5024,45.163],[1.5028,45.1628]]}},{"type":"Feature","properties":{"rang":"autoroute"},"geometry":{"type":"LineString","coordinates":[[1.5189,45.1013],[1.5177,45.1039],[1.5172,45.1048],[1.5169,45.1054],[1.5164,45.106],[1.5161,45.1063],[1.5154,45.1067],[1.5148,45.107],[1.5141,45.1073],[1.513,45.1074],[1.5126,45.1074],[1.5113,45.1074],[1.5101,45.1075],[1.5094,45.1076],[1.5086,45.1078],[1.508,45.1082],[1.5073,45.1086],[1.5064,45.1094],[1.5061,45.1096],[1.5052,45.1101],[1.5046,45.1103],[1.5027,45.1109],[1.5021,45.1111],[1.5011,45.1117],[1.5006,45.1121],[1.5001,45.1128],[1.4999,45.1132],[1.4999,45.1137],[1.4999,45.1145],[1.5009,45.1178],[1.5011,45.1187],[1.5011,45.1193],[1.5009,45.1201],[1.5006,45.1208],[1.5001,45.1215],[1.4996,45.1221],[1.4985,45.123],[1.495,45.1256],[1.4944,45.126],[1.494,45.1265],[1.4935,45.127],[1.493,45.1276],[1.4925,45.1285],[1.4921,45.1295],[1.492,45.1302],[1.4919,45.131],[1.4919,45.1317],[1.4921,45.1339],[1.4922,45.135],[1.492,45.136],[1.4916,45.1371],[1.4911,45.1378],[1.4908,45.1382],[1.4903,45.1387],[1.488,45.1407],[1.4875,45.1412],[1.4871,45.1417],[1.4867,45.1424],[1.4865,45.143],[1.4854,45.147]]}},{"type":"Feature","properties":{"rang":"autoroute"},"geometry":{"type":"LineString","coordinates":[[1.4715,45.1755],[1.4709,45.1754],[1.4705,45.1753],[1.4701,45.1751],[1.4698,45.1748],[1.4696,45.1745],[1.4696,45.174],[1.4697,45.1733],[1.4695,45.1727],[1.4691,45.1719]]}},{"type":"Feature","properties":{"rang":"autoroute"},"geometry":{"type":"LineString","coordinates":[[1.4718,45.1754],[1.4715,45.1755]]}},{"type":"Feature","properties":{"rang":"autoroute"},"geometry":{"type":"LineString","coordinates":[[1.4701,45.1662],[1.4695,45.167],[1.4693,45.1674],[1.4688,45.1689]]}},{"type":"Feature","properties":{"rang":"autoroute"},"geometry":{"type":"LineString","coordinates":[[1.468,45.1687],[1.4682,45.1682],[1.4685,45.1677],[1.4692,45.1671],[1.4698,45.1664],[1.4706,45.1656],[1.4712,45.1653],[1.4719,45.1649],[1.4726,45.1646],[1.4737,45.1644],[1.4765,45.1641],[1.477,45.1641],[1.4781,45.1642]]}},{"type":"Feature","properties":{"rang":"autoroute"},"geometry":{"type":"LineString","coordinates":[[1.5941,45.1785],[1.5939,45.179],[1.5938,45.1793],[1.5939,45.1798],[1.5941,45.1803],[1.5946,45.1811],[1.5947,45.1814],[1.5948,45.182],[1.5948,45.1827],[1.5946,45.1833],[1.5943,45.1838],[1.5938,45.1844],[1.5934,45.1847],[1.5927,45.1852],[1.5919,45.1855],[1.5906,45.186],[1.5894,45.1865],[1.5867,45.1875],[1.5857,45.1878],[1.5847,45.1879],[1.5842,45.188],[1.5813,45.1881],[1.5806,45.1883]]}},{"type":"Feature","properties":{"rang":"autoroute"},"geometry":{"type":"LineString","coordinates":[[1.4857,45.164],[1.4833,45.1644],[1.4808,45.1648]]}},{"type":"Feature","properties":{"rang":"autoroute"},"geometry":{"type":"LineString","coordinates":[[1.4719,45.1696],[1.4719,45.17],[1.4731,45.1737],[1.4731,45.1743],[1.4731,45.1746],[1.4726,45.1751],[1.4723,45.1753],[1.4718,45.1754]]}},{"type":"Feature","properties":{"rang":"autoroute"},"geometry":{"type":"LineString","coordinates":[[1.4704,45.1734],[1.4711,45.1742],[1.4714,45.1745],[1.4718,45.1747],[1.4721,45.1747],[1.4725,45.1746],[1.4728,45.1745],[1.473,45.1742],[1.473,45.1739],[1.4728,45.1727]]}},{"type":"Feature","properties":{"rang":"autoroute"},"geometry":{"type":"LineString","coordinates":[[1.4687,45.1695],[1.4686,45.1696],[1.4684,45.1708],[1.4683,45.1712],[1.4684,45.1722],[1.4685,45.1726],[1.4695,45.175],[1.4699,45.1759],[1.47,45.1765],[1.4701,45.177],[1.47,45.1775],[1.4699,45.178],[1.4696,45.1789],[1.4687,45.1801],[1.4682,45.1811],[1.468,45.1817],[1.4679,45.1836],[1.4677,45.1842],[1.4673,45.1849],[1.467,45.1854],[1.4664,45.186],[1.4654,45.1867],[1.4641,45.1876],[1.4638,45.1879],[1.4633,45.1884],[1.4631,45.1891],[1.4631,45.1897],[1.4632,45.1902]]}},{"type":"Feature","properties":{"rang":"autoroute"},"geometry":{"type":"LineString","coordinates":[[1.4719,45.17],[1.4717,45.1696]]}},{"type":"Feature","properties":{"rang":"autoroute"},"geometry":{"type":"LineString","coordinates":[[1.511,45.2018],[1.5106,45.2021],[1.5104,45.2023]]}},{"type":"Feature","properties":{"rang":"autoroute"},"geometry":{"type":"LineString","coordinates":[[1.512,45.2016],[1.5118,45.2019],[1.512,45.2024],[1.5131,45.2033],[1.5143,45.2046],[1.5148,45.2052],[1.5152,45.2058],[1.5155,45.2064],[1.5159,45.2073],[1.516,45.2079],[1.5161,45.2086],[1.5162,45.2092],[1.5162,45.2098],[1.5161,45.2103],[1.5159,45.2111],[1.5154,45.2126],[1.5143,45.2152],[1.5137,45.2168],[1.5125,45.2198],[1.5114,45.2223],[1.5112,45.2233],[1.511,45.2244],[1.5111,45.2252],[1.5112,45.2259],[1.5114,45.2266],[1.512,45.2286],[1.5129,45.2312],[1.5134,45.2327],[1.5135,45.2336],[1.5135,45.2345],[1.5134,45.2355],[1.513,45.2366],[1.5129,45.2372],[1.5128,45.2383],[1.5128,45.24],[1.5128,45.2418],[1.5129,45.2427],[1.5132,45.2433],[1.5134,45.2436],[1.5139,45.2444],[1.5145,45.2449],[1.5151,45.2453],[1.516,45.2458],[1.5167,45.246],[1.5178,45.2463],[1.5191,45.2465],[1.5201,45.2465],[1.5229,45.2464],[1.5239,45.2464],[1.5248,45.2464],[1.5262,45.2466],[1.5271,45.2469],[1.5285,45.2474],[1.5313,45.2484],[1.5378,45.2508],[1.5387,45.2511],[1.5393,45.2514],[1.5401,45.2519],[1.541,45.2527],[1.5414,45.2532],[1.5419,45.2539],[1.5421,45.2544],[1.5438,45.2585],[1.5447,45.2606],[1.5452,45.2614],[1.5458,45.2622],[1.5465,45.2629],[1.5469,45.2632],[1.5478,45.2639],[1.5507,45.2661],[1.5518,45.267],[1.5523,45.2675],[1.5532,45.2685],[1.5541,45.2695],[1.5577,45.2743],[1.559,45.2758],[1.5603,45.2772],[1.5613,45.2782],[1.563,45.2796],[1.5642,45.2806],[1.5666,45.2823],[1.5679,45.2833],[1.5691,45.2844],[1.5699,45.285],[1.5706,45.2858],[1.571,45.2863],[1.5716,45.2871],[1.5721,45.2879],[1.5725,45.2885],[1.5728,45.2891],[1.5732,45.29],[1.5735,45.2907],[1.5737,45.2916],[1.5739,45.2925],[1.574,45.2932],[1.5741,45.2945],[1.574,45.2954],[1.5739,45.2965],[1.5736,45.298],[1.5735,45.2993],[1.5735,45.2999],[1.5736,45.3011],[1.5737,45.3019],[1.574,45.3032],[1.5743,45.304],[1.575,45.3059],[1.5753,45.3067],[1.5756,45.3078],[1.5757,45.3087],[1.5758,45.3093],[1.5758,45.3106],[1.5758,45.3112],[1.5756,45.3126],[1.5754,45.3132],[1.5739,45.3184],[1.5736,45.3195],[1.5733,45.3206],[1.5728,45.3222],[1.5726,45.323],[1.5724,45.3242],[1.5722,45.3253],[1.5721,45.3266],[1.572,45.3278],[1.572,45.3288],[1.5721,45.3309],[1.5722,45.333],[1.5723,45.3353],[1.5724,45.3368],[1.5723,45.3381],[1.5722,45.3396],[1.5721,45.3408],[1.5718,45.342],[1.5716,45.3432],[1.5702,45.3482],[1.5698,45.3498],[1.5697,45.3504],[1.5695,45.3523],[1.5694,45.3534],[1.5694,45.3541],[1.5695,45.3553],[1.5696,45.3568],[1.57,45.3591],[1.5703,45.3606],[1.5703,45.3613],[1.5707,45.3635],[1.5709,45.3646],[1.5712,45.3656],[1.5717,45.3668],[1.5721,45.3679],[1.5729,45.3695],[1.5731,45.3701],[1.5734,45.3708],[1.5735,45.3713],[1.5736,45.3726],[1.5739,45.3758],[1.574,45.3766],[1.5742,45.3784],[1.5744,45.3798],[1.575,45.3828],[1.5752,45.3838],[1.5752,45.385],[1.5752,45.3855],[1.5751,45.3862],[1.5749,45.3868],[1.5744,45.3881],[1.5741,45.3888],[1.5736,45.3896],[1.5729,45.3904],[1.5683,45.3954],[1.5657,45.3983],[1.5615,45.4029],[1.5608,45.4036],[1.5599,45.4043],[1.5588,45.405],[1.5579,45.4055],[1.557,45.4059],[1.5562,45.4062],[1.5551,45.4065],[1.5541,45.4067],[1.5532,45.4069],[1.5521,45.407],[1.551,45.4071],[1.55,45.4071],[1.5456,45.4069],[1.544,45.4069],[1.542,45.407],[1.5409,45.4071],[1.5396,45.4072],[1.5376,45.4075],[1.5363,45.4078],[1.535,45.4081],[1.5331,45.4086],[1.5316,45.4092],[1.5307,45.4095],[1.5291,45.4102],[1.5279,45.4107],[1.5267,45.4114],[1.5258,45.4119],[1.5243,45.413],[1.5233,45.4138],[1.5224,45.4145],[1.5216,45.4153],[1.5208,45.4162],[1.5198,45.4173],[1.5194,45.4179],[1.5185,45.4194],[1.5173,45.4214],[1.5165,45.4227],[1.5158,45.424],[1.5147,45.4259],[1.5137,45.4276],[1.5133,45.4285],[1.513,45.4296],[1.5126,45.431],[1.5102,45.4432],[1.5095,45.4468],[1.5092,45.4481],[1.5088,45.4504],[1.5087,45.4513],[1.5087,45.4521],[1.5087,45.4528],[1.5088,45.4536],[1.5091,45.4548],[1.5094,45.4557],[1.5099,45.4569],[1.5103,45.4578],[1.5124,45.461],[1.5126,45.4613],[1.5142,45.4637],[1.515,45.465],[1.5159,45.4664],[1.5167,45.4674],[1.5171,45.468],[1.5181,45.469],[1.5186,45.4695],[1.5213,45.4719],[1.522,45.4725],[1.5226,45.4732],[1.5232,45.4739],[1.5237,45.4746],[1.5257,45.4775],[1.5266,45.4788],[1.5267,45.4789],[1.5273,45.4798],[1.528,45.4805],[1.5286,45.4811],[1.5288,45.4834],[1.529,45.4848],[1.529,45.4867],[1.5289,45.4877],[1.5287,45.4889],[1.5282,45.4903],[1.5276,45.4917],[1.5273,45.4922],[1.5266,45.4934],[1.5257,45.4946],[1.5249,45.4954],[1.524,45.4962],[1.5223,45.4976],[1.5211,45.4984],[1.5184,45.5],[1.5177,45.5004],[1.5164,45.5015],[1.5158,45.5021],[1.5152,45.5028],[1.5147,45.5036],[1.5144,45.5043],[1.5141,45.5049],[1.5138,45.5063],[1.5137,45.507],[1.5137,45.5077],[1.5139,45.5088],[1.5144,45.5103],[1.5152,45.5117],[1.516,45.5134],[1.5165,45.5148],[1.5168,45.5161],[1.517,45.5177],[1.517,45.519],[1.5167,45.5205],[1.5164,45.5219],[1.516,45.5228],[1.5156,45.5236],[1.515,45.5247],[1.515,45.5248],[1.5147,45.5254],[1.5145,45.5261],[1.5144,45.5271],[1.5143,45.5274],[1.5137,45.528],[1.5133,45.5284],[1.5129,45.5292],[1.5126,45.53]]}},{"type":"Feature","properties":{"rang":"autoroute"},"geometry":{"type":"LineString","coordinates":[[1.5102,45.2022],[1.5106,45.2021]]}},{"type":"Feature","properties":{"rang":"autoroute"},"geometry":{"type":"LineString","coordinates":[[1.4392,45.1627],[1.4382,45.163],[1.4377,45.163],[1.4375,45.1628],[1.4374,45.1626],[1.4376,45.1621],[1.4382,45.1607],[1.4385,45.1605],[1.4387,45.1604],[1.4391,45.1605],[1.4394,45.1608],[1.44,45.1611]]}},{"type":"Feature","properties":{"rang":"autoroute"},"geometry":{"type":"LineString","coordinates":[[1.5123,45.2011],[1.5127,45.201],[1.5156,45.2002],[1.5194,45.1991],[1.5208,45.1986],[1.5267,45.1964],[1.5283,45.1958],[1.5296,45.1954],[1.5303,45.1952],[1.5315,45.195],[1.533,45.195],[1.5339,45.195],[1.5373,45.1953],[1.5403,45.1954],[1.5407,45.1954],[1.5411,45.1954]]}},{"type":"Feature","properties":{"rang":"autoroute"},"geometry":{"type":"LineString","coordinates":[[1.5026,45.1634],[1.5023,45.1635],[1.5016,45.1634],[1.5008,45.1632],[1.4989,45.1628],[1.4984,45.1627],[1.4977,45.1627],[1.4972,45.1627],[1.4963,45.1629],[1.495,45.1633],[1.4943,45.1635],[1.4936,45.1636],[1.4928,45.1636],[1.4918,45.1635],[1.4904,45.1632],[1.4899,45.1631],[1.4892,45.1632],[1.4884,45.1633],[1.4868,45.1638],[1.4857,45.164]]}},{"type":"Feature","properties":{"rang":"autoroute"},"geometry":{"type":"LineString","coordinates":[[1.5101,45.2026],[1.5099,45.2025],[1.5098,45.2024],[1.5099,45.2022],[1.5103,45.2023],[1.5103,45.2025],[1.5101,45.2026]]}},{"type":"Feature","properties":{"rang":"autoroute"},"geometry":{"type":"LineString","coordinates":[[1.5415,45.1954],[1.5417,45.1955],[1.5416,45.1957],[1.5414,45.1958],[1.5412,45.1957],[1.5411,45.1955],[1.5413,45.1953],[1.5415,45.1954]]}},{"type":"Feature","properties":{"rang":"autoroute"},"geometry":{"type":"LineString","coordinates":[[1.5802,45.1884],[1.58,45.1882],[1.5801,45.188],[1.5804,45.188],[1.5806,45.1881],[1.5806,45.1883],[1.5802,45.1884]]}},{"type":"Feature","properties":{"rang":"autoroute"},"geometry":{"type":"LineString","coordinates":[[1.512,45.2016],[1.5118,45.2016],[1.5115,45.2014],[1.5115,45.2012],[1.5116,45.201],[1.5121,45.201],[1.5124,45.2012],[1.5123,45.2014],[1.512,45.2016]]}},{"type":"Feature","properties":{"rang":"autoroute"},"geometry":{"type":"LineString","coordinates":[[1.5071,45.0593],[1.5067,45.0604],[1.5067,45.0609]]}},{"type":"Feature","properties":{"rang":"autoroute"},"geometry":{"type":"LineString","coordinates":[[1.5214,45.0987],[1.5211,45.0987]]}},{"type":"Feature","properties":{"rang":"autoroute"},"geometry":{"type":"LineString","coordinates":[[1.5216,45.098],[1.5214,45.098]]}},{"type":"Feature","properties":{"rang":"autoroute"},"geometry":{"type":"LineString","coordinates":[[1.5212,45.0985],[1.5214,45.0987]]}},{"type":"Feature","properties":{"rang":"autoroute"},"geometry":{"type":"LineString","coordinates":[[1.5212,45.0979],[1.5215,45.0977]]}},{"type":"Feature","properties":{"rang":"autoroute"},"geometry":{"type":"LineString","coordinates":[[1.5212,45.099],[1.521,45.0986],[1.5207,45.0985]]}},{"type":"Feature","properties":{"rang":"autoroute"},"geometry":{"type":"LineString","coordinates":[[1.5702,45.1888],[1.5686,45.189],[1.5677,45.1892],[1.5665,45.1894],[1.5656,45.1896],[1.5644,45.1899],[1.5634,45.1903],[1.5626,45.1906],[1.5609,45.1914],[1.5591,45.1923],[1.5545,45.1946],[1.5538,45.1949],[1.5531,45.1952],[1.5524,45.1954],[1.5516,45.1956],[1.5508,45.1957],[1.5492,45.1959],[1.5483,45.1959],[1.5474,45.1959],[1.5438,45.1957],[1.5421,45.1956],[1.5417,45.1957]]}},{"type":"Feature","properties":{"rang":"autoroute"},"geometry":{"type":"LineString","coordinates":[[1.4377,45.1621],[1.4375,45.1625],[1.4376,45.1628],[1.4379,45.163],[1.4385,45.1629],[1.4387,45.1627],[1.4386,45.1623],[1.4382,45.1621],[1.4376,45.1619],[1.4363,45.1616]]}},{"type":"Feature","properties":{"rang":"autoroute"},"geometry":{"type":"LineString","coordinates":[[1.4379,45.1617],[1.4377,45.1621]]}},{"type":"Feature","properties":{"rang":"autoroute"},"geometry":{"type":"LineString","coordinates":[[1.4423,45.162],[1.4426,45.1623],[1.4423,45.1625],[1.4419,45.1625],[1.4404,45.1619],[1.44,45.1616],[1.4393,45.1609],[1.4389,45.1608],[1.4385,45.1608],[1.4381,45.1611],[1.4379,45.1617]]}},{"type":"Feature","properties":{"rang":"autoroute"},"geometry":{"type":"LineString","coordinates":[[1.5057,45.0636],[1.5065,45.0636],[1.507,45.0636],[1.5076,45.0633],[1.5078,45.063],[1.5077,45.0627],[1.5075,45.0625],[1.5072,45.0624],[1.5069,45.0625],[1.5065,45.0627],[1.5063,45.0629],[1.5062,45.0635]]}},{"type":"Feature","properties":{"rang":"autoroute"},"geometry":{"type":"LineString","coordinates":[[1.5035,45.062],[1.5039,45.0623],[1.5042,45.0626],[1.5046,45.0628],[1.5051,45.0628],[1.5055,45.0627],[1.5059,45.0624],[1.506,45.0622],[1.5062,45.0616],[1.5063,45.0614]]}},{"type":"Feature","properties":{"rang":"autoroute"},"geometry":{"type":"LineString","coordinates":[[1.5411,45.1956],[1.5405,45.1955],[1.5372,45.1953],[1.5338,45.1951],[1.5329,45.1951],[1.5315,45.1951],[1.5303,45.1953],[1.5291,45.1956],[1.5283,45.1959],[1.5209,45.1987],[1.5194,45.1992],[1.5158,45.2002],[1.5128,45.2011],[1.5124,45.2013]]}},{"type":"Feature","properties":{"rang":"autoroute"},"geometry":{"type":"LineString","coordinates":[[1.5145,45.205],[1.5137,45.2041],[1.5131,45.2036],[1.5126,45.2032],[1.5115,45.2024],[1.5079,45.2004]]}},{"type":"Feature","properties":{"rang":"autoroute"},"geometry":{"type":"LineString","coordinates":[[1.5146,45.2052],[1.5145,45.205]]}},{"type":"Feature","properties":{"rang":"autoroute"},"geometry":{"type":"LineString","coordinates":[[1.5111,45.2018],[1.511,45.2018]]}},{"type":"Feature","properties":{"rang":"autoroute"},"geometry":{"type":"LineString","coordinates":[[1.5117,45.2016],[1.5111,45.2018],[1.5115,45.2014]]}},{"type":"Feature","properties":{"rang":"autoroute"},"geometry":{"type":"LineString","coordinates":[[1.5417,45.1955],[1.5421,45.1956],[1.5438,45.1957]]}},{"type":"Feature","properties":{"rang":"autoroute"},"geometry":{"type":"LineString","coordinates":[[1.5791,45.1883],[1.5759,45.1885],[1.5744,45.1886],[1.5702,45.1888]]}},{"type":"Feature","properties":{"rang":"autoroute"},"geometry":{"type":"LineString","coordinates":[[1.58,45.1883],[1.5797,45.1883],[1.5791,45.1883],[1.5796,45.1882],[1.58,45.1881]]}},{"type":"Feature","properties":{"rang":"autoroute"},"geometry":{"type":"LineString","coordinates":[[1.5806,45.1881],[1.5813,45.1881]]}},{"type":"Feature","properties":{"rang":"autoroute"},"geometry":{"type":"LineString","coordinates":[[1.5939,45.179],[1.5939,45.1784]]}},{"type":"Feature","properties":{"rang":"autoroute"},"geometry":{"type":"LineString","coordinates":[[1.4792,45.1631],[1.4793,45.1636],[1.4795,45.1639],[1.4799,45.1641],[1.4805,45.1643],[1.4807,45.1645]]}},{"type":"Feature","properties":{"rang":"autoroute"},"geometry":{"type":"LineString","coordinates":[[1.4683,45.1725],[1.468,45.1715],[1.4679,45.1708],[1.468,45.1699],[1.4681,45.1694],[1.4686,45.1682],[1.4688,45.1676],[1.4692,45.1671]]}},{"type":"Feature","properties":{"rang":"autoroute"},"geometry":{"type":"LineString","coordinates":[[1.4701,45.1662],[1.4696,45.1667],[1.469,45.1676],[1.4686,45.1684],[1.4684,45.1691],[1.4682,45.1699],[1.4681,45.1704],[1.4682,45.1715],[1.4684,45.1722]]}},{"type":"Feature","properties":{"rang":"autoroute"},"geometry":{"type":"LineString","coordinates":[[1.5154,45.2121],[1.5158,45.2109],[1.516,45.2098],[1.516,45.2086],[1.5159,45.208],[1.5157,45.2073],[1.5154,45.2065],[1.5151,45.2059],[1.5146,45.2052]]}},{"type":"Feature","properties":{"rang":"autoroute"},"geometry":{"type":"LineString","coordinates":[[1.443,45.1613],[1.443,45.1615],[1.443,45.1624],[1.4431,45.1626],[1.4434,45.163],[1.4437,45.1632],[1.4441,45.1633],[1.4449,45.1635],[1.4457,45.1636],[1.4482,45.1638]]}},{"type":"Feature","properties":{"rang":"autoroute"},"geometry":{"type":"LineString","coordinates":[[1.492,45.1846],[1.4923,45.1852],[1.4927,45.1856]]}},{"type":"Feature","properties":{"rang":"autoroute"},"geometry":{"type":"LineString","coordinates":[[1.4919,45.1842],[1.492,45.1846]]}},{"type":"Feature","properties":{"rang":"autoroute"},"geometry":{"type":"LineString","coordinates":[[1.4411,45.1628],[1.441,45.1628],[1.4401,45.1626],[1.4397,45.1626],[1.4392,45.1627]]}},{"type":"Feature","properties":{"rang":"autoroute"},"geometry":{"type":"LineString","coordinates":[[1.5201,45.0968],[1.5202,45.0977],[1.5202,45.0981],[1.52,45.0987],[1.5196,45.0998],[1.5189,45.1013]]}},{"type":"Feature","properties":{"rang":"autoroute"},"geometry":{"type":"LineString","coordinates":[[1.4698,45.1726],[1.4704,45.1734]]}},{"type":"Feature","properties":{"rang":"autoroute"},"geometry":{"type":"LineString","coordinates":[[1.5109,45.2239],[1.511,45.2234],[1.5113,45.2223],[1.5135,45.2167],[1.5141,45.2155],[1.5154,45.2121]]}},{"type":"Feature","properties":{"rang":"autoroute"},"geometry":{"type":"LineString","coordinates":[[1.4842,45.1509],[1.4848,45.1487]]}},{"type":"Feature","properties":{"rang":"autoroute"},"geometry":{"type":"LineString","coordinates":[[1.5064,45.0661],[1.5062,45.0648],[1.5061,45.064]]}},{"type":"Feature","properties":{"rang":"autoroute"},"geometry":{"type":"LineString","coordinates":[[1.5034,45.0619],[1.5044,45.063],[1.5048,45.0633],[1.5057,45.0636]]}},{"type":"Feature","properties":{"rang":"autoroute"},"geometry":{"type":"LineString","coordinates":[[1.4343,45.1613],[1.4344,45.1613]]}},{"type":"Feature","properties":{"rang":"autoroute"},"geometry":{"type":"LineString","coordinates":[[1.4792,45.163],[1.4792,45.1631]]}},{"type":"Feature","properties":{"rang":"autoroute"},"geometry":{"type":"LineString","coordinates":[[1.478,45.1644],[1.4776,45.1643],[1.4767,45.1642],[1.4762,45.1642],[1.4738,45.1645],[1.4727,45.1647],[1.4723,45.1649],[1.4717,45.1651],[1.471,45.1655],[1.4701,45.1662]]}},{"type":"Feature","properties":{"rang":"autoroute"},"geometry":{"type":"LineString","coordinates":[[1.5067,45.0604],[1.5065,45.0614],[1.5063,45.0626],[1.5062,45.0635]]}},{"type":"Feature","properties":{"rang":"autoroute"},"geometry":{"type":"LineString","coordinates":[[1.463,45.1903],[1.4629,45.1895]]}},{"type":"Feature","properties":{"rang":"autoroute"},"geometry":{"type":"LineString","coordinates":[[1.5024,45.163],[1.5027,45.163]]}},{"type":"Feature","properties":{"rang":"autoroute"},"geometry":{"type":"LineString","coordinates":[[1.5026,45.1637],[1.5023,45.1635]]}},{"type":"Feature","properties":{"rang":"autoroute"},"geometry":{"type":"LineString","coordinates":[[1.5062,45.1993],[1.5116,45.2024],[1.5127,45.2031],[1.5133,45.2036]]}},{"type":"Feature","properties":{"rang":"autoroute"},"geometry":{"type":"LineString","coordinates":[[1.481,45.1667],[1.4804,45.1662],[1.4801,45.166]]}},{"type":"Feature","properties":{"rang":"autoroute"},"geometry":{"type":"LineString","coordinates":[[1.4784,45.1646],[1.4784,45.1647],[1.4784,45.1652]]}},{"type":"Feature","properties":{"rang":"autoroute"},"geometry":{"type":"LineString","coordinates":[[1.6174,45.2838],[1.6183,45.2849],[1.619,45.2855],[1.6195,45.286],[1.6208,45.2868],[1.6217,45.2873],[1.6223,45.2877],[1.6232,45.2881],[1.6246,45.2886],[1.6257,45.289],[1.627,45.2893],[1.628,45.2895],[1.6326,45.2904],[1.634,45.2907],[1.6349,45.2909],[1.6358,45.2912],[1.6369,45.2915],[1.6383,45.2921],[1.6395,45.2926],[1.6407,45.2932],[1.6417,45.2937],[1.6427,45.2943],[1.6443,45.2955],[1.6449,45.2959],[1.6459,45.2969],[1.647,45.2978],[1.6489,45.2994],[1.6497,45.2999],[1.6514,45.3011],[1.6531,45.3021],[1.6549,45.303],[1.6567,45.3039],[1.6585,45.3046],[1.6598,45.3051],[1.6611,45.3055],[1.6632,45.3062],[1.6654,45.3067],[1.667,45.307],[1.6683,45.3072],[1.6696,45.3074],[1.6714,45.3075],[1.6727,45.3075],[1.674,45.3075],[1.6762,45.3074],[1.68,45.307],[1.6816,45.3069],[1.683,45.3068],[1.6843,45.3068],[1.6858,45.3069],[1.6872,45.3071],[1.6893,45.3074],[1.6901,45.3076],[1.6937,45.3084],[1.6949,45.3087],[1.6965,45.309],[1.6981,45.3091],[1.7004,45.3093],[1.7027,45.3095],[1.7047,45.3097],[1.7067,45.3101],[1.7078,45.3103],[1.7089,45.3106],[1.7097,45.3108],[1.711,45.3113],[1.712,45.3117],[1.713,45.3121],[1.7143,45.3127],[1.7187,45.3149],[1.7197,45.3153],[1.7207,45.3156],[1.7217,45.3159],[1.7224,45.316],[1.7236,45.3162],[1.7244,45.3163],[1.7255,45.3164],[1.7268,45.3165],[1.7274,45.3164],[1.7287,45.3164],[1.7325,45.316],[1.7335,45.3159],[1.7347,45.3158],[1.7359,45.3159],[1.7365,45.3159],[1.7376,45.316],[1.7388,45.3163],[1.74,45.3166],[1.7412,45.317],[1.7421,45.3174],[1.7431,45.318],[1.744,45.3186],[1.7448,45.3192],[1.7455,45.3198],[1.7474,45.3216],[1.7488,45.3228],[1.7504,45.324],[1.7515,45.3248],[1.7522,45.3252],[1.7531,45.3257],[1.7541,45.3262],[1.7548,45.3265],[1.756,45.3269],[1.7566,45.3271],[1.7578,45.3274],[1.7586,45.3276],[1.7602,45.3278],[1.7614,45.3278],[1.7623,45.3279],[1.7636,45.3278],[1.7645,45.3278],[1.7656,45.3276],[1.7667,45.3274],[1.7678,45.3271],[1.7692,45.3267],[1.77,45.3264],[1.7715,45.3257],[1.7732,45.3248],[1.7738,45.3246],[1.7751,45.3241],[1.7759,45.3239],[1.7766,45.3238],[1.7785,45.3235],[1.7796,45.3233],[1.7805,45.323],[1.7816,45.3227],[1.7828,45.3221],[1.7838,45.3215],[1.7847,45.3208],[1.7852,45.3204],[1.7856,45.3199],[1.7871,45.3183],[1.7878,45.3176],[1.7885,45.3169],[1.7895,45.3162],[1.7902,45.3158],[1.7909,45.3154],[1.7921,45.3148],[1.7929,45.3145],[1.7939,45.3141],[1.7949,45.3138],[1.7966,45.3134],[1.7979,45.3132],[1.7987,45.313],[1.8001,45.3129],[1.8011,45.3129],[1.8022,45.3129],[1.8044,45.313],[1.8052,45.313],[1.8064,45.3129],[1.8075,45.3128],[1.8086,45.3126],[1.8099,45.3122],[1.8106,45.312],[1.8117,45.3115],[1.8127,45.3109],[1.8132,45.3106],[1.8139,45.31],[1.8148,45.3093],[1.8156,45.3086],[1.8162,45.3082],[1.8169,45.3077],[1.818,45.3071],[1.8188,45.3068],[1.8197,45.3065],[1.8211,45.3061],[1.8218,45.306],[1.8232,45.3058],[1.8248,45.3057],[1.8259,45.3058],[1.8271,45.3058],[1.8277,45.3059],[1.829,45.3062],[1.8301,45.3065],[1.8313,45.3069],[1.8322,45.3073],[1.8331,45.3078],[1.8348,45.3087],[1.8364,45.3095],[1.8375,45.3099],[1.8386,45.3103],[1.8398,45.3107],[1.8413,45.311],[1.8427,45.3112],[1.8438,45.3114],[1.845,45.3115],[1.8478,45.3117],[1.8481,45.3117],[1.8493,45.3117],[1.85,45.3116],[1.8508,45.3112],[1.8512,45.311],[1.8515,45.311],[1.8519,45.3112],[1.8521,45.3114],[1.8521,45.3119],[1.8513,45.3139],[1.851,45.3149],[1.8507,45.3162],[1.8506,45.3176],[1.8503,45.319],[1.8501,45.3196],[1.8502,45.3182],[1.8506,45.3165],[1.8508,45.3153],[1.8509,45.3148],[1.8521,45.3118],[1.8521,45.3115],[1.8518,45.3111],[1.8515,45.311],[1.8512,45.3111],[1.8509,45.3112],[1.8507,45.3115],[1.8509,45.3118],[1.8514,45.312],[1.8526,45.3123],[1.8527,45.3124],[1.8539,45.3127],[1.8553,45.3131],[1.8574,45.3137],[1.8594,45.3143],[1.8606,45.3146],[1.862,45.3149],[1.8632,45.3151],[1.8647,45.3153],[1.8663,45.3155],[1.8706,45.3157],[1.8728,45.3159],[1.8741,45.3161],[1.8758,45.3164],[1.877,45.3167],[1.8782,45.3171],[1.8792,45.3174],[1.8805,45.3179],[1.8817,45.3185],[1.8829,45.319],[1.884,45.3197],[1.8852,45.3205],[1.8863,45.3214],[1.8872,45.3221],[1.888,45.3229],[1.8886,45.3235],[1.8894,45.3245],[1.89,45.3255],[1.8907,45.3266],[1.8917,45.3288],[1.8922,45.3299],[1.8929,45.3311],[1.8936,45.3321],[1.894,45.3327],[1.8945,45.3333],[1.8957,45.3345],[1.8966,45.3353],[1.8973,45.3359],[1.9008,45.3384],[1.9016,45.339],[1.9026,45.3399],[1.9042,45.3415],[1.9069,45.3448],[1.9076,45.3455],[1.9081,45.3461],[1.909,45.3468],[1.9098,45.3473],[1.9106,45.3478],[1.9114,45.3483],[1.9124,45.3488],[1.9131,45.3491],[1.9145,45.3495],[1.9163,45.3501],[1.9181,45.3506],[1.9196,45.3511],[1.9204,45.3514],[1.9218,45.3519],[1.923,45.3525],[1.9236,45.3528],[1.9246,45.3533],[1.9256,45.3539],[1.927,45.355],[1.9277,45.3555],[1.9295,45.357],[1.93,45.3575],[1.9308,45.3582],[1.9316,45.3588],[1.9324,45.3594],[1.9333,45.3599],[1.9348,45.3607],[1.9363,45.3613],[1.9373,45.3616],[1.9383,45.3619],[1.94,45.3622],[1.9421,45.3624],[1.9457,45.3627],[1.9471,45.3628],[1.9483,45.363],[1.9496,45.3633],[1.9505,45.3636],[1.9519,45.3642],[1.9526,45.3646],[1.9538,45.3653],[1.9546,45.3659],[1.9552,45.3665],[1.957,45.3681],[1.9578,45.3688],[1.9587,45.3694],[1.9603,45.3703],[1.9619,45.3712],[1.9636,45.3721],[1.9645,45.3728],[1.9656,45.3736],[1.9666,45.3747],[1.9675,45.3757],[1.9689,45.3776],[1.9696,45.3786],[1.9706,45.3797],[1.9714,45.3805],[1.972,45.381],[1.9731,45.3818],[1.9754,45.3833],[1.9767,45.3841],[1.9776,45.3848],[1.9782,45.3854],[1.9788,45.3861],[1.9794,45.3869],[1.9798,45.3876],[1.9801,45.3883],[1.9804,45.3889],[1.9806,45.39],[1.981,45.3927],[1.9812,45.3935],[1.9815,45.3942],[1.9817,45.3946],[1.9821,45.3953],[1.9824,45.3957],[1.9832,45.3964],[1.9842,45.3972],[1.9849,45.3977],[1.9861,45.3982],[1.9871,45.3985],[1.9878,45.3988],[1.9887,45.3989],[1.9899,45.3991],[1.9921,45.3993],[1.9944,45.3995],[1.9956,45.3996],[1.9969,45.3998],[1.9981,45.4],[1.9991,45.4003],[2.0005,45.4007],[2.0017,45.4012],[2.0024,45.4015],[2.0031,45.4019],[2.0042,45.4026],[2.0058,45.4039],[2.0085,45.4062],[2.0094,45.4069],[2.0106,45.4079],[2.012,45.4087],[2.0132,45.4093],[2.0143,45.4099],[2.0154,45.4104],[2.0164,45.4107],[2.018,45.4113],[2.0192,45.4116],[2.0207,45.412],[2.0262,45.4134],[2.0275,45.4138],[2.0296,45.4145],[2.0308,45.4149],[2.032,45.4154],[2.0331,45.4159],[2.0341,45.4165],[2.0349,45.417],[2.0357,45.4175],[2.0361,45.4178],[2.0374,45.419],[2.0382,45.4199],[2.0388,45.4208],[2.0393,45.4216],[2.0397,45.4225],[2.04,45.4235],[2.0406,45.4258],[2.0409,45.4268],[2.0412,45.4275],[2.0417,45.4283],[2.0421,45.4289],[2.0425,45.4295],[2.0433,45.4305],[2.0436,45.4309],[2.0442,45.432],[2.0449,45.4339],[2.0452,45.4345],[2.0457,45.4353],[2.0461,45.4357],[2.0466,45.4362],[2.0472,45.4367],[2.048,45.4372],[2.0489,45.4377],[2.0499,45.438],[2.051,45.4384],[2.0516,45.4385],[2.0529,45.4387],[2.0551,45.4389],[2.0565,45.4391],[2.0577,45.4392],[2.0589,45.4395],[2.0602,45.4398],[2.0613,45.4402],[2.0621,45.4406],[2.0629,45.441],[2.0644,45.4419],[2.0653,45.4427],[2.0662,45.4435],[2.0668,45.4443],[2.0674,45.4451],[2.0679,45.4461],[2.0682,45.4471],[2.0684,45.4479],[2.0688,45.4502],[2.069,45.4512],[2.0694,45.452],[2.0699,45.4529],[2.0705,45.4536],[2.0709,45.4541],[2.0715,45.4546],[2.0726,45.4554],[2.0732,45.4557],[2.0744,45.4563],[2.0757,45.4568],[2.0763,45.4569],[2.0776,45.4572],[2.0794,45.4574],[2.0811,45.4577],[2.0817,45.4578],[2.0828,45.4582],[2.0833,45.4584],[2.0843,45.4589],[2.0853,45.4595],[2.0864,45.4602],[2.0875,45.4608],[2.0882,45.4612],[2.0893,45.4615],[2.0903,45.4618],[2.0916,45.4619],[2.0926,45.462],[2.094,45.4619],[2.0951,45.4618],[2.0963,45.4615],[2.0976,45.4612],[2.0987,45.461],[2.0996,45.4608],[2.1006,45.4608],[2.1016,45.4608],[2.1027,45.4609],[2.1037,45.4611],[2.1049,45.4615],[2.106,45.462],[2.1069,45.4625],[2.1081,45.4634],[2.1096,45.4646],[2.1105,45.4653],[2.1115,45.4659],[2.1125,45.4664],[2.1136,45.4668],[2.1165,45.4681],[2.1178,45.4688],[2.119,45.4695],[2.121,45.471],[2.123,45.4724],[2.124,45.4731],[2.1251,45.4737],[2.1262,45.4742],[2.1273,45.4747],[2.1284,45.4751],[2.1295,45.4755],[2.1307,45.4758],[2.1327,45.4763],[2.1343,45.4766],[2.1359,45.4768],[2.1381,45.4769],[2.1434,45.4771],[2.1448,45.4772],[2.1464,45.4774],[2.1478,45.4776],[2.1492,45.4779],[2.1506,45.4783],[2.152,45.4787],[2.1534,45.4792],[2.1549,45.4799],[2.1558,45.4803],[2.1576,45.4814],[2.1586,45.4821],[2.1599,45.483],[2.1622,45.4849],[2.1634,45.4858],[2.1647,45.4866],[2.1659,45.4873],[2.167,45.4878],[2.168,45.4882],[2.1693,45.4887],[2.1706,45.4891],[2.1721,45.4894],[2.1733,45.4896],[2.1764,45.49],[2.1781,45.4902],[2.1797,45.4905],[2.1808,45.4907],[2.182,45.491],[2.1835,45.4914],[2.1848,45.4918],[2.1866,45.4925],[2.1874,45.4929],[2.1883,45.4934],[2.1894,45.494],[2.191,45.4951],[2.1922,45.496],[2.1932,45.497],[2.1939,45.4978],[2.1944,45.4984],[2.1949,45.499],[2.196,45.5006],[2.197,45.5021],[2.1978,45.5033],[2.1988,45.5045],[2.1998,45.5055],[2.2009,45.5064],[2.2021,45.5073],[2.2034,45.508],[2.2047,45.5087],[2.206,45.5092],[2.2074,45.5097],[2.2086,45.5101],[2.2098,45.5104],[2.2113,45.5107],[2.2123,45.5108],[2.2132,45.5109],[2.2151,45.5111],[2.2174,45.5111],[2.2197,45.5112],[2.221,45.5113],[2.2219,45.5113],[2.2231,45.5115],[2.2242,45.5117],[2.2258,45.5121],[2.227,45.5124],[2.2281,45.5128],[2.2308,45.5138],[2.2318,45.5141],[2.2326,45.5143],[2.2345,45.5146],[2.2356,45.5148],[2.2384,45.515],[2.2395,45.5152],[2.2404,45.5153],[2.2416,45.5155],[2.2454,45.5164],[2.2472,45.5168],[2.2487,45.517],[2.2504,45.5172],[2.2517,45.5173],[2.2531,45.5173],[2.2549,45.5173],[2.2561,45.5172],[2.258,45.517],[2.2587,45.5169],[2.26,45.5167],[2.2612,45.5164],[2.2628,45.516],[2.2637,45.5158],[2.2663,45.515],[2.2681,45.5144],[2.27,45.5139],[2.271,45.5137],[2.2724,45.5134],[2.2737,45.5133],[2.2751,45.5132],[2.2766,45.5131],[2.278,45.5132],[2.2796,45.5133],[2.2811,45.5135],[2.2822,45.5137],[2.2833,45.5139],[2.2877,45.515],[2.2899,45.5155],[2.2915,45.5158],[2.2927,45.5158],[2.2937,45.5159],[2.2947,45.5159],[2.2959,45.5158],[2.297,45.5157],[2.2985,45.5154],[2.3,45.515],[2.3031,45.5141],[2.3044,45.5137],[2.3056,45.5135],[2.3068,45.5133],[2.3078,45.5132],[2.3089,45.5131],[2.3103,45.5131],[2.3116,45.5132],[2.3125,45.5133],[2.3135,45.5135],[2.3143,45.5136],[2.3154,45.5139],[2.3162,45.5142],[2.317,45.5145],[2.3181,45.515],[2.3188,45.5153],[2.3197,45.5159],[2.3206,45.5166],[2.3216,45.5174],[2.3223,45.5181],[2.3229,45.5188],[2.3247,45.521],[2.3256,45.522],[2.3262,45.5226],[2.3268,45.5231],[2.3279,45.5238],[2.3292,45.5245],[2.33,45.5249],[2.3308,45.5253],[2.3316,45.5256],[2.3325,45.5259],[2.3336,45.5262],[2.3348,45.5264],[2.3361,45.5267],[2.3383,45.527],[2.3398,45.5273],[2.3414,45.5276],[2.3424,45.5278],[2.3434,45.5281],[2.3444,45.5284],[2.3455,45.5289],[2.3466,45.5293],[2.348,45.53],[2.3493,45.5308],[2.3498,45.5312],[2.3509,45.532],[2.352,45.533],[2.3531,45.5341],[2.3541,45.5352],[2.3552,45.5366],[2.356,45.5379],[2.3568,45.5391],[2.3578,45.5407],[2.3587,45.5425],[2.3598,45.5442],[2.3609,45.5458],[2.3617,45.5468],[2.3625,45.5477],[2.3636,45.5488],[2.3669,45.5523],[2.3681,45.5535],[2.369,45.5547],[2.3697,45.5556],[2.3703,45.5566],[2.3709,45.5576],[2.3714,45.5586],[2.3719,45.5598],[2.3723,45.5611],[2.3727,45.5622],[2.3735,45.5651],[2.3739,45.5663],[2.3745,45.5677],[2.3749,45.5684],[2.3754,45.5692],[2.376,45.5701],[2.3767,45.5709],[2.3773,45.5716],[2.3784,45.5727],[2.3798,45.5738],[2.3805,45.5744],[2.3817,45.5751],[2.3829,45.5758],[2.3837,45.5762],[2.3853,45.577],[2.3863,45.5774],[2.3872,45.5777],[2.389,45.5783],[2.3898,45.5785],[2.3916,45.5789],[2.3935,45.5793],[2.3964,45.5798],[2.4019,45.5807],[2.406,45.5814],[2.4077,45.5818],[2.4093,45.5821],[2.4104,45.5824],[2.4115,45.5827],[2.4129,45.5832],[2.4141,45.5836],[2.4161,45.5844],[2.4177,45.5851],[2.4195,45.586],[2.4213,45.587],[2.4227,45.5879],[2.4244,45.5891]]}},{"type":"Feature","properties":{"rang":"autoroute"},"geometry":{"type":"LineString","coordinates":[[1.5749,45.3053],[1.5752,45.306],[1.5755,45.3064],[1.5758,45.3067],[1.5765,45.3071],[1.5772,45.3073],[1.578,45.3074],[1.5787,45.3074],[1.5795,45.3072],[1.5809,45.3066],[1.5827,45.3057],[1.584,45.305],[1.5849,45.3044],[1.5858,45.3038],[1.5865,45.3032],[1.5871,45.3027],[1.5881,45.3017],[1.5895,45.3003],[1.5954,45.2945],[1.5963,45.2937],[1.5972,45.2929],[1.598,45.2923],[1.5991,45.2914],[1.6037,45.2882],[1.6066,45.2862],[1.6088,45.2847],[1.61,45.2839],[1.6105,45.2834],[1.6107,45.283],[1.6108,45.2824],[1.6108,45.2815],[1.6108,45.2811],[1.6112,45.2806],[1.6115,45.2804],[1.6119,45.2802],[1.6124,45.2801],[1.6128,45.2801],[1.6133,45.2802],[1.614,45.2804],[1.6145,45.2808],[1.6152,45.2816],[1.6174,45.2838]]}},{"type":"Feature","properties":{"rang":"autoroute"},"geometry":{"type":"LineString","coordinates":[[1.5781,45.308],[1.5775,45.3083],[1.5769,45.3085],[1.5759,45.3086],[1.575,45.3085],[1.5745,45.3083],[1.5739,45.308],[1.5735,45.3078],[1.5731,45.3073],[1.5729,45.3069],[1.5728,45.3064],[1.5729,45.3059],[1.5732,45.3053],[1.5736,45.3047],[1.5738,45.3044],[1.5739,45.3039],[1.5739,45.3036],[1.5737,45.3029],[1.5738,45.3028],[1.5736,45.3019],[1.5735,45.3011],[1.5734,45.2999],[1.5734,45.2993],[1.5735,45.2983],[1.5738,45.2962],[1.5739,45.2951],[1.5739,45.2943],[1.5739,45.2932],[1.5737,45.292],[1.5733,45.2906],[1.5729,45.2895],[1.5725,45.2888],[1.572,45.288],[1.5716,45.2872],[1.5709,45.2863],[1.5705,45.2858],[1.5698,45.2851],[1.5687,45.2841],[1.5672,45.2829],[1.5641,45.2806],[1.5624,45.2793],[1.5612,45.2783],[1.5601,45.2772],[1.5594,45.2765],[1.5583,45.2752],[1.5576,45.2744],[1.557,45.2736],[1.5549,45.2708],[1.5536,45.2691],[1.5531,45.2685],[1.5522,45.2675],[1.5511,45.2666],[1.55,45.2658],[1.5468,45.2633],[1.546,45.2626],[1.5454,45.2619],[1.5449,45.2611],[1.5444,45.2602],[1.543,45.2569],[1.5418,45.2542],[1.5414,45.2533],[1.5406,45.2525],[1.5401,45.252],[1.5396,45.2517],[1.5389,45.2513],[1.5383,45.2511],[1.5356,45.2501],[1.5338,45.2494],[1.5317,45.2486],[1.5284,45.2474],[1.527,45.247],[1.5261,45.2467],[1.5252,45.2466],[1.5244,45.2465],[1.5234,45.2464],[1.5222,45.2465],[1.5204,45.2466],[1.5193,45.2466],[1.5187,45.2466],[1.5177,45.2464],[1.5167,45.2462],[1.516,45.2459],[1.5153,45.2456],[1.5147,45.2452],[1.5141,45.2447],[1.5135,45.2441],[1.5132,45.2437],[1.513,45.2433],[1.5127,45.2425],[1.5126,45.2419],[1.5126,45.2405],[1.5126,45.2378],[1.5128,45.2369],[1.5133,45.2351],[1.5134,45.2344],[1.5134,45.2335],[1.5133,45.233],[1.513,45.2319],[1.5123,45.2298],[1.5121,45.2296],[1.5114,45.2276],[1.511,45.2272],[1.5108,45.2272],[1.5104,45.2275],[1.5105,45.2278],[1.5107,45.2278]]}},{"type":"Feature","properties":{"rang":"autoroute"},"geometry":{"type":"LineString","coordinates":[[1.5781,45.308],[1.5769,45.3086],[1.5763,45.3091],[1.5761,45.3096],[1.5758,45.3111],[1.5758,45.3112]]}},{"type":"Feature","properties":{"rang":"autoroute"},"geometry":{"type":"LineString","coordinates":[[1.573,45.3069],[1.5732,45.3074],[1.5735,45.3077],[1.574,45.3081],[1.5744,45.3082],[1.575,45.3084],[1.5757,45.3085],[1.5763,45.3085],[1.577,45.3084],[1.578,45.308],[1.5809,45.3066]]}},{"type":"Feature","properties":{"rang":"autoroute"},"geometry":{"type":"LineString","coordinates":[[1.6109,45.2817],[1.6111,45.2819],[1.6114,45.2822],[1.6117,45.2823],[1.6123,45.2824],[1.6128,45.2823],[1.6157,45.2814],[1.6166,45.2811],[1.6189,45.28],[1.6192,45.2798],[1.6194,45.2795]]}},{"type":"Feature","properties":{"rang":"autoroute"},"geometry":{"type":"LineString","coordinates":[[1.617,45.284],[1.6167,45.2837],[1.6156,45.2822],[1.6148,45.2813],[1.6143,45.2807],[1.6138,45.2804],[1.6131,45.2802],[1.6123,45.2802],[1.6118,45.2803],[1.6113,45.2806],[1.6111,45.2808],[1.6109,45.2813],[1.6109,45.2817]]}},{"type":"Feature","properties":{"rang":"autoroute"},"geometry":{"type":"LineString","coordinates":[[1.6194,45.2794],[1.6189,45.2793],[1.6185,45.2792],[1.6171,45.2792],[1.6165,45.2793],[1.6161,45.2794],[1.6157,45.2796],[1.6153,45.2799],[1.6151,45.2803],[1.615,45.2807],[1.6154,45.2816],[1.6165,45.2829]]}},{"type":"Feature","properties":{"rang":"autoroute"},"geometry":{"type":"LineString","coordinates":[[1.6196,45.2796],[1.619,45.28],[1.6169,45.281],[1.6163,45.2813],[1.6157,45.2814],[1.6133,45.2822],[1.6127,45.2824],[1.612,45.2827],[1.6111,45.2832],[1.6103,45.2838],[1.6096,45.2843],[1.5992,45.2915],[1.5986,45.2919],[1.5973,45.2929],[1.5965,45.2937],[1.5956,45.2945],[1.5883,45.3017],[1.5874,45.3026],[1.5866,45.3032],[1.5859,45.3038],[1.585,45.3045],[1.5841,45.305],[1.5829,45.3057],[1.582,45.3062],[1.5799,45.3072],[1.5781,45.308]]}},{"type":"Feature","properties":{"rang":"autoroute"},"geometry":{"type":"LineString","coordinates":[[1.5729,45.3209],[1.5729,45.3206],[1.5728,45.3196],[1.573,45.3192],[1.5737,45.3181],[1.5741,45.3173],[1.5747,45.3152],[1.5752,45.3134],[1.5756,45.3119],[1.5757,45.3106],[1.5757,45.3093],[1.5756,45.3087],[1.5755,45.3078],[1.5751,45.3065],[1.5749,45.3058],[1.5742,45.3041],[1.5738,45.3028]]}},{"type":"Feature","properties":{"rang":"autoroute"},"geometry":{"type":"LineString","coordinates":[[1.5679,45.3943],[1.5678,45.3939],[1.568,45.3935],[1.5683,45.3934],[1.5686,45.3934],[1.5691,45.3934],[1.5709,45.3943],[1.5721,45.3948],[1.5729,45.395],[1.5734,45.3951],[1.574,45.3951]]}},{"type":"Feature","properties":{"rang":"autoroute"},"geometry":{"type":"LineString","coordinates":[[1.5273,45.4826],[1.5267,45.4823],[1.5265,45.4821],[1.5265,45.4818],[1.5267,45.4816],[1.527,45.4814],[1.5275,45.4813],[1.5292,45.4809],[1.5297,45.4807]]}},{"type":"Feature","properties":{"rang":"autoroute"},"geometry":{"type":"LineString","coordinates":[[1.5106,45.228],[1.5103,45.2276],[1.5103,45.2274],[1.5109,45.2269],[1.511,45.2266],[1.511,45.2257],[1.5109,45.225],[1.5109,45.2239]]}},{"type":"Feature","properties":{"rang":"autoroute"},"geometry":{"type":"LineString","coordinates":[[1.5739,45.3954],[1.5737,45.3952],[1.5726,45.395],[1.5714,45.3946],[1.5692,45.3936],[1.5688,45.3934],[1.5683,45.3935],[1.5679,45.3937],[1.5679,45.3941],[1.5682,45.3943],[1.5686,45.3944],[1.5689,45.3943],[1.5696,45.3938],[1.5728,45.3903],[1.5733,45.3897],[1.5737,45.3891],[1.5741,45.3884],[1.5746,45.3873],[1.5749,45.3862],[1.575,45.3855],[1.5751,45.3846],[1.5751,45.3838],[1.5749,45.3831],[1.5743,45.3798],[1.5742,45.3793],[1.574,45.3783],[1.5739,45.3769],[1.5738,45.3759],[1.5735,45.3727],[1.5734,45.3717],[1.5733,45.371],[1.573,45.3702],[1.5727,45.3695],[1.572,45.3679],[1.5715,45.3668],[1.5711,45.3656],[1.5708,45.3648],[1.5706,45.3635],[1.5695,45.3569],[1.5694,45.3558],[1.5693,45.3547],[1.5693,45.3534],[1.5694,45.3522],[1.5696,45.3504],[1.5699,45.3488],[1.5701,45.348],[1.5706,45.3461],[1.5714,45.3433],[1.5718,45.3416],[1.572,45.3402],[1.5721,45.3392],[1.5723,45.3376],[1.5723,45.3368],[1.5722,45.3352],[1.5721,45.3333],[1.5719,45.3294],[1.5719,45.3277],[1.572,45.3261],[1.5721,45.3254],[1.5724,45.3237],[1.5726,45.3225],[1.5729,45.3216],[1.5741,45.3173]]}},{"type":"Feature","properties":{"rang":"autoroute"},"geometry":{"type":"LineString","coordinates":[[1.5713,45.3925],[1.571,45.393],[1.5709,45.3935],[1.5708,45.3941],[1.5709,45.3943]]}},{"type":"Feature","properties":{"rang":"autoroute"},"geometry":{"type":"LineString","coordinates":[[1.5298,45.4809],[1.5292,45.4809]]}},{"type":"Feature","properties":{"rang":"autoroute"},"geometry":{"type":"LineString","coordinates":[[1.5273,45.4814],[1.5268,45.4816],[1.5266,45.4818],[1.5266,45.4821],[1.527,45.4824],[1.5273,45.4824],[1.5277,45.4823],[1.5279,45.4821],[1.5279,45.4819],[1.5274,45.4805],[1.5269,45.4795],[1.5262,45.4785],[1.5242,45.4756],[1.5236,45.4747],[1.5229,45.4737],[1.5219,45.4726],[1.5212,45.472],[1.52,45.4709],[1.5185,45.4695],[1.5175,45.4685],[1.5166,45.4675],[1.5158,45.4664],[1.5153,45.4657],[1.514,45.4637],[1.5124,45.4613],[1.5117,45.4601],[1.511,45.4591],[1.5102,45.4579],[1.5099,45.4572],[1.5096,45.4566],[1.5092,45.4557],[1.509,45.4548],[1.5088,45.4542],[1.5086,45.4528],[1.5086,45.4521],[1.5086,45.4513],[1.5087,45.4503],[1.5089,45.4493],[1.5091,45.4481],[1.5095,45.4461],[1.5101,45.4431],[1.5103,45.4421],[1.5108,45.4392],[1.511,45.4383],[1.5112,45.4375],[1.5124,45.431],[1.5128,45.4296],[1.5132,45.4285],[1.5136,45.4276],[1.5145,45.4259],[1.5156,45.424],[1.5164,45.4227],[1.5183,45.4194],[1.5193,45.4178],[1.5199,45.417],[1.521,45.4157],[1.5218,45.4149],[1.5232,45.4137],[1.5249,45.4124],[1.526,45.4117],[1.5266,45.4113],[1.5278,45.4107],[1.5291,45.4101],[1.5311,45.4092],[1.5324,45.4088],[1.5343,45.4082],[1.5362,45.4077],[1.5381,45.4073],[1.5396,45.4071],[1.5415,45.4069],[1.5433,45.4068],[1.5455,45.4068],[1.55,45.407],[1.5511,45.407],[1.5521,45.4069],[1.5536,45.4067],[1.555,45.4064],[1.5564,45.406],[1.5573,45.4056],[1.5583,45.4052],[1.5591,45.4047],[1.5602,45.4039],[1.561,45.4032],[1.5656,45.3982],[1.5696,45.3938]]}},{"type":"Feature","properties":{"rang":"autoroute"},"geometry":{"type":"LineString","coordinates":[[1.6114,45.2805],[1.6116,45.2803],[1.6124,45.2799],[1.613,45.2798],[1.6141,45.2797],[1.6144,45.2796],[1.6145,45.2795]]}},{"type":"Feature","properties":{"rang":"autoroute"},"geometry":{"type":"LineString","coordinates":[[1.5126,45.2287],[1.5125,45.229],[1.5129,45.2304],[1.5133,45.232],[1.5135,45.2328],[1.5136,45.2338],[1.5136,45.2341]]}},{"type":"Feature","properties":{"rang":"autoroute"},"geometry":{"type":"LineString","coordinates":[[1.5118,45.2274],[1.5119,45.2275],[1.5124,45.228],[1.5127,45.2284]]}},{"type":"Feature","properties":{"rang":"autoroute"},"geometry":{"type":"LineString","coordinates":[[1.5408,45.2528],[1.5402,45.2524],[1.5396,45.2521],[1.5392,45.2521],[1.5389,45.2522]]}},{"type":"Feature","properties":{"rang":"autoroute"},"geometry":{"type":"LineString","coordinates":[[1.5742,45.3177],[1.5742,45.3184],[1.5741,45.3194],[1.5735,45.3205],[1.5731,45.3213],[1.573,45.3214]]}},{"type":"Feature","properties":{"rang":"autoroute"},"geometry":{"type":"LineString","coordinates":[[1.5383,45.2519],[1.5378,45.2513],[1.5367,45.2506],[1.5362,45.2503],[1.5342,45.2496],[1.5338,45.2494]]}},{"type":"Feature","properties":{"rang":"autoroute"},"geometry":{"type":"LineString","coordinates":[[1.5381,45.2498],[1.5383,45.25],[1.5384,45.2503],[1.5386,45.2507],[1.5391,45.2512],[1.5402,45.2519],[1.5403,45.252]]}},{"type":"Feature","properties":{"rang":"autoroute"},"geometry":{"type":"LineString","coordinates":[[1.535,45.2497],[1.536,45.25],[1.5366,45.2501],[1.537,45.25],[1.5376,45.2497]]}},{"type":"Feature","properties":{"rang":"autoroute"},"geometry":{"type":"LineString","coordinates":[[1.5704,45.3632],[1.5703,45.3626],[1.5695,45.3611],[1.5694,45.3609]]}},{"type":"Feature","properties":{"rang":"autoroute"},"geometry":{"type":"LineString","coordinates":[[1.748,45.3222],[1.7474,45.3217],[1.7454,45.3198],[1.7447,45.3193],[1.7439,45.3186],[1.743,45.318],[1.742,45.3175],[1.7411,45.3171],[1.7405,45.3169],[1.7394,45.3165],[1.7388,45.3164],[1.7375,45.3161],[1.7364,45.316],[1.7353,45.3159],[1.734,45.316],[1.733,45.316],[1.7287,45.3165],[1.7274,45.3165],[1.7268,45.3165],[1.7255,45.3165],[1.7248,45.3165],[1.7232,45.3162],[1.7217,45.3159],[1.7207,45.3157],[1.7197,45.3154],[1.7187,45.315],[1.713,45.3122],[1.712,45.3118],[1.7109,45.3113],[1.7096,45.3109],[1.7089,45.3107],[1.7078,45.3104],[1.7066,45.3101],[1.7047,45.3098],[1.7027,45.3096],[1.6981,45.3092],[1.6964,45.309],[1.6949,45.3088],[1.6937,45.3085],[1.6901,45.3077],[1.6886,45.3074],[1.6872,45.3072],[1.6857,45.307],[1.6843,45.3069],[1.683,45.3069],[1.6816,45.307],[1.68,45.3071],[1.6762,45.3074],[1.6747,45.3076],[1.6727,45.3076],[1.6709,45.3076],[1.6696,45.3075],[1.6683,45.3073],[1.6669,45.3071],[1.6654,45.3068],[1.6632,45.3062],[1.6611,45.3056],[1.6597,45.3052],[1.6584,45.3047],[1.6566,45.304],[1.6548,45.3031],[1.6531,45.3022],[1.6513,45.3011],[1.6496,45.3],[1.6488,45.2994],[1.648,45.2988],[1.6469,45.2979],[1.6459,45.297],[1.6448,45.296],[1.6442,45.2955],[1.6426,45.2944],[1.6416,45.2938],[1.6406,45.2932],[1.6395,45.2927],[1.6383,45.2921],[1.6374,45.2918],[1.6358,45.2913],[1.6349,45.291],[1.6336,45.2907],[1.6326,45.2905],[1.6291,45.2898],[1.6269,45.2894],[1.6257,45.2891],[1.6246,45.2887],[1.6231,45.2881],[1.6223,45.2878],[1.6208,45.287],[1.6193,45.286],[1.6188,45.2856],[1.6179,45.2849],[1.6173,45.2844],[1.617,45.284]]}},{"type":"Feature","properties":{"rang":"autoroute"},"geometry":{"type":"LineString","coordinates":[[1.57,45.3583],[1.5702,45.359],[1.5705,45.3598],[1.5707,45.36]]}},{"type":"Feature","properties":{"rang":"autoroute"},"geometry":{"type":"LineString","coordinates":[[1.528,45.4813],[1.5282,45.4819],[1.5286,45.4831],[1.5288,45.4837],[1.529,45.4852]]}},{"type":"Feature","properties":{"rang":"autoroute"},"geometry":{"type":"LineString","coordinates":[[1.5276,45.4914],[1.5279,45.4907],[1.5282,45.4898],[1.5285,45.4891],[1.5286,45.4884],[1.5288,45.4871],[1.5289,45.486],[1.5288,45.4848],[1.5286,45.4837],[1.5283,45.4825],[1.5278,45.4812],[1.5274,45.4805]]}},{"type":"Feature","properties":{"rang":"autoroute"},"geometry":{"type":"LineString","coordinates":[[1.5687,45.3586],[1.5693,45.3582],[1.5695,45.3579],[1.5695,45.357],[1.5695,45.3569]]}},{"type":"Feature","properties":{"rang":"autoroute"},"geometry":{"type":"LineString","coordinates":[[1.5708,45.3611],[1.5707,45.3621],[1.5707,45.3635]]}},{"type":"Feature","properties":{"rang":"autoroute"},"geometry":{"type":"LineString","coordinates":[[1.5726,45.395],[1.5714,45.3946],[1.5707,45.3946],[1.5701,45.3947],[1.5691,45.3951],[1.5686,45.3954],[1.5679,45.396],[1.5675,45.3964]]}},{"type":"Feature","properties":{"rang":"autoroute"},"geometry":{"type":"LineString","coordinates":[[1.5719,45.3915],[1.5713,45.3925]]}},{"type":"Feature","properties":{"rang":"autoroute"},"geometry":{"type":"LineString","coordinates":[[1.5729,45.3216],[1.5729,45.3209]]}},{"type":"Feature","properties":{"rang":"autoroute"},"geometry":{"type":"LineString","coordinates":[[1.5743,45.3171],[1.5742,45.3177]]}},{"type":"Feature","properties":{"rang":"autoroute"},"geometry":{"type":"LineString","coordinates":[[1.5288,45.4848],[1.5286,45.484],[1.5283,45.4834],[1.5282,45.4832],[1.5277,45.4829],[1.5273,45.4826]]}},{"type":"Feature","properties":{"rang":"autoroute"},"geometry":{"type":"LineString","coordinates":[[1.5114,45.2266],[1.5116,45.2267],[1.5118,45.2274]]}},{"type":"Feature","properties":{"rang":"autoroute"},"geometry":{"type":"LineString","coordinates":[[1.5123,45.2298],[1.5115,45.2276],[1.5112,45.2267],[1.511,45.2257]]}},{"type":"Feature","properties":{"rang":"autoroute"},"geometry":{"type":"LineString","coordinates":[[1.5279,45.4812],[1.528,45.4813]]}},{"type":"Feature","properties":{"rang":"autoroute"},"geometry":{"type":"LineString","coordinates":[[1.5266,45.4788],[1.527,45.4795],[1.5275,45.4804],[1.5279,45.4812]]}},{"type":"Feature","properties":{"rang":"autoroute"},"geometry":{"type":"LineString","coordinates":[[1.6144,45.2797],[1.6149,45.2795]]}},{"type":"Feature","properties":{"rang":"autoroute"},"geometry":{"type":"LineString","coordinates":[[1.6109,45.2813],[1.6109,45.2825],[1.6108,45.283],[1.6106,45.2833],[1.6102,45.2838],[1.6096,45.2843]]}},{"type":"Feature","properties":{"rang":"autoroute"},"geometry":{"type":"LineString","coordinates":[[1.5747,45.305],[1.5749,45.3053]]}},{"type":"Feature","properties":{"rang":"autoroute"},"geometry":{"type":"LineString","coordinates":[[1.5347,45.2496],[1.535,45.2497]]}},{"type":"Feature","properties":{"rang":"autoroute"},"geometry":{"type":"LineString","coordinates":[[1.5417,45.2539],[1.5411,45.2532],[1.5408,45.2528]]}},{"type":"Feature","properties":{"rang":"autoroute"},"geometry":{"type":"LineString","coordinates":[[1.5706,45.3635],[1.5704,45.3632]]}},{"type":"Feature","properties":{"rang":"autoroute"},"geometry":{"type":"LineString","coordinates":[[1.5698,45.3578],[1.57,45.3583]]}},{"type":"Feature","properties":{"rang":"autoroute"},"geometry":{"type":"LineString","coordinates":[[1.5751,45.3065],[1.575,45.3064],[1.5746,45.3055],[1.5743,45.3052],[1.574,45.3052],[1.5736,45.3052],[1.5732,45.3055],[1.5729,45.3061],[1.5729,45.3064],[1.573,45.3069]]}},{"type":"Feature","properties":{"rang":"autoroute"},"geometry":{"type":"LineString","coordinates":[[1.568,45.3951],[1.568,45.3948],[1.5679,45.3943]]}},{"type":"Feature","properties":{"rang":"autoroute"},"geometry":{"type":"LineString","coordinates":[[1.5673,45.3963],[1.5674,45.3962],[1.5679,45.3955],[1.568,45.3951]]}},{"type":"Feature","properties":{"rang":"autoroute"},"geometry":{"type":"LineString","coordinates":[[1.929,45.3569],[1.928,45.3566],[1.9267,45.3562],[1.9254,45.3557],[1.9245,45.3553],[1.9235,45.3547],[1.922,45.3536],[1.9204,45.3524],[1.9192,45.3516],[1.918,45.351],[1.9162,45.3503],[1.9138,45.3494],[1.9131,45.3491],[1.9118,45.3486],[1.9105,45.3479],[1.9097,45.3474],[1.9089,45.3469],[1.908,45.3461],[1.9075,45.3456],[1.9067,45.3448],[1.9055,45.3433],[1.904,45.3415],[1.9032,45.3406],[1.9025,45.34],[1.9014,45.339],[1.9001,45.338],[1.898,45.3365],[1.8965,45.3353],[1.8955,45.3344],[1.8944,45.3333],[1.8939,45.3327],[1.8934,45.3321],[1.8928,45.3311],[1.8921,45.3299],[1.891,45.3277],[1.8905,45.3266],[1.8899,45.3255],[1.8892,45.3245],[1.8884,45.3235],[1.8879,45.3229],[1.8871,45.3221],[1.8862,45.3214],[1.8851,45.3205],[1.8839,45.3197],[1.8828,45.3191],[1.8817,45.3185],[1.8804,45.318],[1.8791,45.3175],[1.8781,45.3171],[1.877,45.3168],[1.8758,45.3165],[1.8744,45.3163],[1.8728,45.316],[1.8705,45.3158],[1.8663,45.3155],[1.8647,45.3154],[1.8632,45.3152],[1.862,45.315],[1.86,45.3145],[1.8579,45.314],[1.8552,45.3131],[1.8538,45.3128],[1.8527,45.3125],[1.8511,45.3122],[1.8497,45.312],[1.8485,45.3118],[1.8448,45.3116],[1.8427,45.3113],[1.8412,45.3111],[1.8398,45.3108],[1.8386,45.3104],[1.8375,45.31],[1.8363,45.3095],[1.8347,45.3087],[1.8332,45.3079],[1.8322,45.3074],[1.8313,45.307],[1.8305,45.3067],[1.8293,45.3064],[1.8287,45.3062],[1.8274,45.306],[1.8264,45.3059],[1.8248,45.3058],[1.8233,45.3059],[1.8218,45.3061],[1.8204,45.3064],[1.8193,45.3067],[1.8182,45.3072],[1.8174,45.3076],[1.8162,45.3082],[1.8157,45.3086],[1.814,45.3101],[1.8133,45.3107],[1.8123,45.3113],[1.8114,45.3118],[1.8107,45.312],[1.81,45.3123],[1.8086,45.3127],[1.8075,45.3129],[1.8064,45.313],[1.8053,45.3131],[1.8044,45.3131],[1.8022,45.313],[1.8011,45.313],[1.8001,45.313],[1.7987,45.3131],[1.7979,45.3132],[1.7966,45.3135],[1.7949,45.3139],[1.7939,45.3142],[1.793,45.3145],[1.7921,45.3149],[1.7909,45.3155],[1.7896,45.3163],[1.7886,45.317],[1.7879,45.3176],[1.7867,45.3189],[1.7857,45.32],[1.7853,45.3204],[1.7848,45.3209],[1.7839,45.3216],[1.7829,45.3221],[1.7822,45.3225],[1.7816,45.3227],[1.7806,45.3231],[1.7797,45.3234],[1.7785,45.3236],[1.7766,45.3239],[1.7752,45.3242],[1.7739,45.3246],[1.7732,45.3249],[1.7708,45.3261],[1.77,45.3265],[1.7685,45.327],[1.767,45.3274],[1.766,45.3276],[1.7642,45.3279],[1.7631,45.328],[1.7611,45.3281],[1.7607,45.3282],[1.7602,45.3283],[1.7598,45.3284],[1.7595,45.3288],[1.7594,45.329],[1.7594,45.3294],[1.7598,45.3299],[1.7595,45.3298],[1.7593,45.3295],[1.7589,45.3289],[1.7585,45.3284],[1.7582,45.3281],[1.7578,45.3278],[1.7573,45.3276],[1.7556,45.327],[1.7549,45.3267],[1.7533,45.326],[1.7521,45.3253],[1.7503,45.3241],[1.7494,45.3234],[1.748,45.3222]]}},{"type":"Feature","properties":{"rang":"autoroute"},"geometry":{"type":"LineString","coordinates":[[1.9481,45.3628],[1.947,45.3618],[1.9464,45.3613],[1.9456,45.3607],[1.9449,45.3602],[1.944,45.3598],[1.9429,45.3592],[1.9415,45.3586],[1.9403,45.3582],[1.9394,45.358],[1.9382,45.3577],[1.9366,45.3575],[1.9351,45.3574],[1.9321,45.3572],[1.9309,45.3571],[1.9298,45.357],[1.929,45.3569]]}},{"type":"Feature","properties":{"rang":"autoroute"},"geometry":{"type":"LineString","coordinates":[[1.9485,45.3632],[1.9481,45.3628]]}},{"type":"Feature","properties":{"rang":"autoroute"},"geometry":{"type":"LineString","coordinates":[[1.9439,45.3598],[1.9429,45.3593],[1.9424,45.3592],[1.9418,45.3592],[1.9414,45.3593],[1.9405,45.3597],[1.94,45.3598],[1.9396,45.3597]]}},{"type":"Feature","properties":{"rang":"autoroute"},"geometry":{"type":"LineString","coordinates":[[1.936,45.3586],[1.9358,45.3585],[1.9353,45.3578],[1.9347,45.3575],[1.9333,45.3573]]}},{"type":"Feature","properties":{"rang":"autoroute"},"geometry":{"type":"LineString","coordinates":[[1.939,45.3605],[1.9395,45.3608],[1.9398,45.3611],[1.9399,45.3615],[1.9402,45.3619],[1.9408,45.3622],[1.942,45.3624],[1.9421,45.3624]]}},{"type":"Feature","properties":{"rang":"autoroute"},"geometry":{"type":"LineString","coordinates":[[1.9307,45.358],[1.9318,45.3588],[1.9324,45.3591],[1.9332,45.3594],[1.9337,45.3595],[1.935,45.3593],[1.9355,45.3594]]}},{"type":"Feature","properties":{"rang":"autoroute"},"geometry":{"type":"LineString","coordinates":[[1.8561,45.3135],[1.8537,45.3129],[1.8533,45.3129],[1.8525,45.313],[1.8519,45.3133],[1.8515,45.3137],[1.8512,45.3143]]}},{"type":"Feature","properties":{"rang":"autoroute"},"geometry":{"type":"LineString","coordinates":[[1.8497,45.3214],[1.8499,45.3211],[1.8499,45.3215]]}},{"type":"Feature","properties":{"rang":"autoroute"},"geometry":{"type":"LineString","coordinates":[[1.8499,45.3211],[1.85,45.321],[1.8501,45.3196]]}},{"type":"Feature","properties":{"rang":"autoroute"},"geometry":{"type":"LineString","coordinates":[[1.8509,45.3145],[1.851,45.3138],[1.851,45.3133],[1.8506,45.3127],[1.8503,45.3124],[1.8498,45.3122],[1.8493,45.312],[1.8486,45.3119],[1.8475,45.3118],[1.8473,45.3117]]}},{"type":"Feature","properties":{"rang":"autoroute"},"geometry":{"type":"LineString","coordinates":[[1.7534,45.3257],[1.7548,45.3264],[1.7561,45.3268],[1.7567,45.3269],[1.7571,45.3269],[1.7574,45.3269],[1.7581,45.3266],[1.7584,45.3265],[1.7588,45.3266],[1.7592,45.3269],[1.7592,45.3273],[1.7591,45.3285],[1.7592,45.329],[1.7594,45.3296],[1.7599,45.33],[1.7604,45.3301],[1.761,45.3301],[1.7616,45.3299],[1.7661,45.3282],[1.7676,45.3276],[1.768,45.3276],[1.7685,45.3276]]}},{"type":"Feature","properties":{"rang":"autoroute"},"geometry":{"type":"LineString","coordinates":[[1.7685,45.3278],[1.7679,45.3276]]}},{"type":"Feature","properties":{"rang":"autoroute"},"geometry":{"type":"LineString","coordinates":[[1.7585,45.3265],[1.7581,45.3266],[1.7579,45.3268],[1.7579,45.3271],[1.7582,45.3273],[1.7586,45.3275],[1.7591,45.3276],[1.7614,45.3278]]}},{"type":"Feature","properties":{"rang":"autoroute"},"geometry":{"type":"LineString","coordinates":[[2.0951,45.4619],[2.0941,45.462],[2.0934,45.4621],[2.0925,45.4621],[2.0916,45.462],[2.0903,45.4619],[2.0892,45.4616],[2.0882,45.4612],[2.0875,45.4609],[2.0863,45.4602],[2.0852,45.4595],[2.0843,45.4589],[2.0833,45.4584],[2.0822,45.4581],[2.0811,45.4578],[2.0794,45.4575],[2.0776,45.4573],[2.0763,45.457],[2.0757,45.4568],[2.0744,45.4564],[2.0734,45.456],[2.0728,45.4556],[2.0722,45.4552],[2.0714,45.4546],[2.0708,45.4542],[2.0704,45.4537],[2.0697,45.4529],[2.0693,45.4521],[2.0689,45.4512],[2.0686,45.4502],[2.0684,45.4487],[2.0681,45.4471],[2.0678,45.4461],[2.0673,45.4452],[2.0667,45.4443],[2.0661,45.4435],[2.0652,45.4427],[2.0643,45.442],[2.0629,45.4411],[2.0621,45.4407],[2.0613,45.4403],[2.0602,45.4399],[2.0589,45.4396],[2.0577,45.4393],[2.0565,45.4391],[2.0529,45.4388],[2.0513,45.4385],[2.0506,45.4384],[2.0498,45.4381],[2.0488,45.4377],[2.0479,45.4373],[2.0472,45.4368],[2.0465,45.4362],[2.0459,45.4357],[2.0454,45.4351],[2.0451,45.4346],[2.0448,45.4339],[2.0441,45.432],[2.0438,45.4314],[2.0432,45.4305],[2.0424,45.4295],[2.0419,45.4289],[2.0415,45.4283],[2.0411,45.4275],[2.0407,45.4268],[2.0405,45.4259],[2.04,45.424],[2.0395,45.4225],[2.0392,45.4216],[2.0387,45.4208],[2.038,45.4199],[2.0373,45.419],[2.0364,45.4182],[2.0356,45.4175],[2.0348,45.417],[2.0341,45.4165],[2.033,45.416],[2.032,45.4155],[2.0308,45.415],[2.0295,45.4145],[2.0285,45.4142],[2.0275,45.4139],[2.0258,45.4134],[2.0236,45.4129],[2.0231,45.4129],[2.0222,45.413],[2.0214,45.4133],[2.0209,45.4133],[2.0207,45.4133],[2.0204,45.4131],[2.0202,45.4128],[2.0203,45.4125],[2.0212,45.4109],[2.0214,45.4102],[2.0215,45.4094],[2.0214,45.4089],[2.0212,45.4076],[2.0212,45.4074],[2.0213,45.4076],[2.0215,45.4089],[2.0216,45.4094],[2.0215,45.41],[2.0212,45.4109],[2.0204,45.4124],[2.0203,45.4128],[2.0204,45.4131],[2.0207,45.4132],[2.0212,45.4133],[2.0216,45.413],[2.0216,45.4127],[2.0213,45.4124],[2.0208,45.4122],[2.0187,45.4116],[2.018,45.4114],[2.0173,45.4111]]}},{"type":"Feature","properties":{"rang":"autoroute"},"geometry":{"type":"LineString","coordinates":[[2.0184,45.4113],[2.0188,45.4114],[2.0195,45.4115],[2.02,45.4114],[2.0205,45.4112],[2.0208,45.411],[2.0212,45.4105],[2.0214,45.4098]]}},{"type":"Feature","properties":{"rang":"autoroute"},"geometry":{"type":"LineString","coordinates":[[2.0215,45.41],[2.0214,45.4107],[2.0214,45.4113],[2.0216,45.4117],[2.0218,45.4119],[2.0223,45.4123],[2.0227,45.4124],[2.0236,45.4127],[2.0257,45.4132],[2.0262,45.4134]]}},{"type":"Feature","properties":{"rang":"autoroute"},"geometry":{"type":"LineString","coordinates":[[2.021,45.4057],[2.0211,45.4051],[2.0215,45.4043],[2.0224,45.4021],[2.0225,45.4018]]}},{"type":"Feature","properties":{"rang":"autoroute"},"geometry":{"type":"LineString","coordinates":[[1.9652,45.3734],[1.9644,45.3729],[1.9635,45.3722],[1.9626,45.3717],[1.9617,45.3713],[1.9601,45.3706],[1.9578,45.3696],[1.9565,45.369],[1.9555,45.3685],[1.9544,45.368],[1.9537,45.3675],[1.9527,45.3669],[1.952,45.3664],[1.9506,45.3652],[1.9495,45.3642],[1.9485,45.3632]]}},{"type":"Feature","properties":{"rang":"autoroute"},"geometry":{"type":"LineString","coordinates":[[1.9654,45.3736],[1.9652,45.3734]]}},{"type":"Feature","properties":{"rang":"autoroute"},"geometry":{"type":"LineString","coordinates":[[2.1455,45.4774],[2.1448,45.4773],[2.1434,45.4772],[2.1381,45.477],[2.1359,45.4768],[2.1351,45.4768],[2.1335,45.4765],[2.1318,45.4762],[2.1306,45.4759],[2.1295,45.4756],[2.1284,45.4752],[2.1273,45.4748],[2.1261,45.4743],[2.125,45.4737],[2.1239,45.4731],[2.1229,45.4725],[2.1189,45.4696],[2.1177,45.4689],[2.1164,45.4682],[2.1135,45.4669],[2.1125,45.4664],[2.1114,45.4659],[2.1104,45.4653],[2.1095,45.4647],[2.1079,45.4634],[2.1068,45.4626],[2.1059,45.462],[2.1048,45.4616],[2.1037,45.4612],[2.1026,45.461],[2.1016,45.4609],[2.1006,45.4609],[2.0996,45.4609],[2.0987,45.461],[2.0976,45.4613],[2.0951,45.4619]]}},{"type":"Feature","properties":{"rang":"autoroute"},"geometry":{"type":"LineString","coordinates":[[2.0226,45.4018],[2.0224,45.4021]]}},{"type":"Feature","properties":{"rang":"autoroute"},"geometry":{"type":"LineString","coordinates":[[1.944,45.3598],[1.9439,45.3598]]}},{"type":"Feature","properties":{"rang":"autoroute"},"geometry":{"type":"LineString","coordinates":[[1.7645,45.3278],[1.7631,45.3279],[1.7614,45.328],[1.7601,45.3278],[1.7591,45.3277],[1.7578,45.3275],[1.7571,45.3273],[1.7559,45.327],[1.7547,45.3265],[1.7534,45.3259],[1.7526,45.3256]]}},{"type":"Feature","properties":{"rang":"autoroute"},"geometry":{"type":"LineString","coordinates":[[2.0258,45.4134],[2.0239,45.4129],[2.0207,45.4121],[2.0191,45.4117],[2.0173,45.4111],[2.016,45.4107],[2.0143,45.41],[2.0131,45.4094],[2.012,45.4088],[2.0106,45.4079],[2.0093,45.407],[2.0084,45.4063],[2.0057,45.4039],[2.0041,45.4027],[2.0033,45.4021],[2.0023,45.4016],[2.0017,45.4013],[2.0004,45.4008],[1.9994,45.4005],[1.998,45.4001],[1.9968,45.3999],[1.9956,45.3997],[1.9944,45.3996],[1.9899,45.3992],[1.9886,45.399],[1.9877,45.3988],[1.987,45.3986],[1.9861,45.3983],[1.9848,45.3977],[1.9838,45.3971],[1.9831,45.3965],[1.9823,45.3957],[1.982,45.3953],[1.9815,45.3946],[1.9811,45.3935],[1.9809,45.3927],[1.9805,45.39],[1.9802,45.389],[1.98,45.3883],[1.9797,45.3876],[1.9793,45.3869],[1.979,45.3865],[1.9781,45.3855],[1.9775,45.3848],[1.9766,45.3841],[1.9753,45.3833],[1.973,45.3818],[1.9719,45.3811],[1.9713,45.3806],[1.9704,45.3797],[1.9695,45.3787],[1.9687,45.3776],[1.9674,45.3757],[1.9666,45.3747],[1.966,45.3741],[1.9654,45.3736]]}},{"type":"Feature","properties":{"rang":"autoroute"},"geometry":{"type":"LineString","coordinates":[[1.7495,45.3233],[1.7499,45.3236],[1.7505,45.324],[1.7521,45.325],[1.7534,45.3257]]}},{"type":"Feature","properties":{"rang":"autoroute"},"geometry":{"type":"LineString","coordinates":[[1.8478,45.3117],[1.8497,45.3119],[1.8512,45.3121],[1.8527,45.3124]]}},{"type":"Feature","properties":{"rang":"autoroute"},"geometry":{"type":"LineString","coordinates":[[1.8508,45.3153],[1.8509,45.3145]]}},{"type":"Feature","properties":{"rang":"autoroute"},"geometry":{"type":"LineString","coordinates":[[2.0167,45.4108],[2.0171,45.4109],[2.0184,45.4113]]}},{"type":"Feature","properties":{"rang":"autoroute"},"geometry":{"type":"LineString","coordinates":[[1.8579,45.314],[1.8578,45.314],[1.8561,45.3135]]}},{"type":"Feature","properties":{"rang":"autoroute"},"geometry":{"type":"LineString","coordinates":[[1.9295,45.357],[1.9296,45.357],[1.9301,45.3575],[1.9307,45.358]]}},{"type":"Feature","properties":{"rang":"autoroute"},"geometry":{"type":"LineString","coordinates":[[2.0212,45.4074],[2.021,45.4065],[2.021,45.4057]]}},{"type":"Feature","properties":{"rang":"autoroute"},"geometry":{"type":"LineString","coordinates":[[2.1893,45.4941],[2.1882,45.4934],[2.1865,45.4926],[2.1847,45.4919],[2.1835,45.4915],[2.182,45.4911],[2.1808,45.4908],[2.1796,45.4906],[2.178,45.4903],[2.1733,45.4897],[2.1721,45.4895],[2.1706,45.4891],[2.1693,45.4888],[2.168,45.4883],[2.1669,45.4879],[2.1658,45.4874],[2.1646,45.4867],[2.1633,45.4859],[2.1622,45.485],[2.1598,45.4831],[2.1585,45.4821],[2.1575,45.4814],[2.1557,45.4804],[2.1548,45.4799],[2.1534,45.4793],[2.1519,45.4788],[2.1506,45.4784],[2.1492,45.478],[2.1478,45.4777],[2.1463,45.4775],[2.1455,45.4774]]}},{"type":"Feature","properties":{"rang":"autoroute"},"geometry":{"type":"LineString","coordinates":[[1.4703,45.5865],[1.4715,45.5856],[1.4722,45.5849],[1.4726,45.5842],[1.4729,45.584],[1.4738,45.5837],[1.4745,45.5835],[1.475,45.5832],[1.4759,45.5826],[1.483,45.5777],[1.4839,45.5771],[1.485,45.5765],[1.4862,45.5759],[1.4895,45.5744],[1.4905,45.5739],[1.492,45.5731],[1.4928,45.5725],[1.4939,45.5717],[1.4946,45.571],[1.4955,45.5698],[1.4958,45.5694],[1.4962,45.5686],[1.4965,45.568],[1.4969,45.5669],[1.4972,45.5658],[1.4977,45.5646],[1.4983,45.5635],[1.4987,45.5628],[1.4992,45.5621],[1.4999,45.5612],[1.5005,45.5606],[1.5013,45.5598],[1.5034,45.5579],[1.5043,45.5569],[1.5052,45.5557],[1.5059,45.5547],[1.5064,45.5537],[1.507,45.5523],[1.5084,45.548],[1.51,45.5432],[1.51,45.5432],[1.5102,45.5426],[1.5102,45.5421],[1.5099,45.5418]]}},{"type":"Feature","properties":{"rang":"autoroute"},"geometry":{"type":"LineString","coordinates":[[1.5125,45.5297],[1.5126,45.5287],[1.5126,45.5276],[1.5127,45.527],[1.5141,45.5257],[1.5148,45.5249],[1.5154,45.5238],[1.5158,45.523],[1.5162,45.5219],[1.5164,45.5213],[1.5167,45.5203],[1.5168,45.5193],[1.5169,45.5181],[1.5168,45.517],[1.5166,45.5157],[1.5164,45.515],[1.516,45.5138],[1.5154,45.5124],[1.5144,45.5107],[1.5139,45.5095],[1.5136,45.5084],[1.5136,45.5075],[1.5136,45.5066],[1.5138,45.5057],[1.514,45.5048],[1.5142,45.5044],[1.5146,45.5036],[1.5151,45.5028],[1.5159,45.5018],[1.5165,45.5012],[1.5176,45.5003],[1.5183,45.4998],[1.5191,45.4994],[1.5209,45.4983],[1.522,45.4976],[1.5225,45.4972],[1.5237,45.4963],[1.5242,45.4958],[1.5251,45.495],[1.5258,45.4942],[1.5262,45.4936],[1.5269,45.4926],[1.5276,45.4914]]}},{"type":"Feature","properties":{"rang":"autoroute"},"geometry":{"type":"LineString","coordinates":[[1.4766,45.5823],[1.4753,45.5833],[1.4747,45.5838],[1.4744,45.5843],[1.4739,45.5849],[1.4724,45.5855],[1.4718,45.5858],[1.4708,45.5864]]}},{"type":"Feature","properties":{"rang":"autoroute"},"geometry":{"type":"LineString","coordinates":[[1.4496,45.5972],[1.4504,45.5963],[1.4514,45.5954],[1.452,45.595],[1.4531,45.5942],[1.4538,45.5938],[1.455,45.5932],[1.4558,45.5929],[1.4566,45.5925],[1.4575,45.5922],[1.4586,45.5919],[1.461,45.5912],[1.463,45.5906],[1.4642,45.5901],[1.4656,45.5895],[1.4669,45.5888],[1.468,45.5882],[1.4687,45.5877],[1.4759,45.5826]]}},{"type":"Feature","properties":{"rang":"autoroute"},"geometry":{"type":"LineString","coordinates":[[1.51,45.5415],[1.5103,45.5415],[1.5109,45.5403],[1.5112,45.5397],[1.5113,45.5396],[1.5116,45.5387],[1.5119,45.5376],[1.512,45.537],[1.5122,45.5359],[1.5122,45.5345],[1.5122,45.5332],[1.5122,45.532],[1.5122,45.5311],[1.5125,45.5297],[1.5128,45.5288],[1.5133,45.5276],[1.5139,45.5264],[1.5148,45.5249]]}},{"type":"Feature","properties":{"rang":"autoroute"},"geometry":{"type":"LineString","coordinates":[[1.5105,45.5431],[1.5098,45.5431]]}},{"type":"Feature","properties":{"rang":"autoroute"},"geometry":{"type":"LineString","coordinates":[[1.5105,45.5431],[1.5109,45.543],[1.5111,45.5428],[1.5113,45.5425],[1.5115,45.5419],[1.5114,45.5416],[1.5112,45.5415],[1.511,45.5416],[1.5104,45.5427],[1.5102,45.5431],[1.5099,45.5442],[1.5088,45.5471],[1.5076,45.5509],[1.5071,45.5523],[1.5066,45.5536],[1.506,45.5547],[1.5049,45.5564],[1.504,45.5574],[1.5031,45.5583],[1.5014,45.5598],[1.5006,45.5607],[1.4998,45.5615],[1.4989,45.5628],[1.4984,45.5636],[1.4977,45.565],[1.4973,45.5658],[1.4969,45.5673],[1.4961,45.569],[1.4956,45.5698],[1.4952,45.5705],[1.4944,45.5714],[1.4934,45.5723],[1.4921,45.5731],[1.4909,45.5738],[1.4898,45.5744],[1.4869,45.5757],[1.4851,45.5765],[1.4833,45.5776],[1.4751,45.5834],[1.4741,45.5841],[1.4733,45.5846],[1.4708,45.5864],[1.47,45.587],[1.4687,45.5878],[1.4672,45.5888],[1.4663,45.5893],[1.4644,45.5902],[1.4634,45.5906],[1.4613,45.5913],[1.4601,45.5916],[1.4576,45.5923],[1.4563,45.5928],[1.4546,45.5935],[1.4537,45.594],[1.4526,45.5947],[1.4516,45.5954],[1.4504,45.5965],[1.4495,45.5975]]}},{"type":"Feature","properties":{"rang":"autoroute"},"geometry":{"type":"LineString","coordinates":[[1.5114,45.5402],[1.5112,45.5409],[1.5112,45.5411],[1.5114,45.5414],[1.5115,45.5418]]}},{"type":"Feature","properties":{"rang":"autoroute"},"geometry":{"type":"LineString","coordinates":[[1.5121,45.537],[1.512,45.5377],[1.5117,45.5385],[1.5118,45.5386],[1.5114,45.5402]]}},{"type":"Feature","properties":{"rang":"autoroute"},"geometry":{"type":"LineString","coordinates":[[1.51,45.5432],[1.5113,45.5396]]}},{"type":"Feature","properties":{"rang":"autoroute"},"geometry":{"type":"LineString","coordinates":[[1.515,45.5247],[1.514,45.5264],[1.5136,45.5271],[1.5131,45.5283],[1.5128,45.5293],[1.5126,45.53],[1.5124,45.5311],[1.5123,45.532],[1.5123,45.5353],[1.5123,45.5362],[1.5121,45.537]]}},{"type":"Feature","properties":{"rang":"autoroute"},"geometry":{"type":"LineString","coordinates":[[1.5117,45.5385],[1.5113,45.5399],[1.5102,45.5431]]}},{"type":"Feature","properties":{"rang":"autoroute"},"geometry":{"type":"LineString","coordinates":[[2.4243,45.5892],[2.4226,45.588],[2.4208,45.5868],[2.4197,45.5862],[2.4177,45.5852],[2.4163,45.5846],[2.4143,45.5838],[2.4129,45.5833],[2.4115,45.5828],[2.4093,45.5822],[2.4076,45.5818],[2.406,45.5815],[2.4019,45.5808],[2.3959,45.5798],[2.3934,45.5794],[2.3916,45.579],[2.3898,45.5786],[2.388,45.5781],[2.3862,45.5775],[2.3853,45.5771],[2.3836,45.5763],[2.3828,45.5759],[2.3816,45.5752],[2.3804,45.5744],[2.3791,45.5734],[2.3784,45.5728],[2.3772,45.5716],[2.3766,45.5709],[2.3759,45.5701],[2.3753,45.5692],[2.3748,45.5685],[2.3744,45.5677],[2.3738,45.5663],[2.3734,45.5651],[2.3721,45.5607],[2.3716,45.5593],[2.371,45.5581],[2.3705,45.5571],[2.3696,45.5557],[2.3689,45.5547],[2.3679,45.5535],[2.3668,45.5523],[2.3646,45.55],[2.363,45.5483],[2.362,45.5473],[2.3612,45.5463],[2.3602,45.545],[2.3592,45.5436],[2.3586,45.5425],[2.3571,45.54],[2.3566,45.5391],[2.3559,45.5379],[2.3551,45.5367],[2.3541,45.5355],[2.353,45.5342],[2.3519,45.533],[2.3508,45.5321],[2.3497,45.5313],[2.3485,45.5305],[2.3472,45.5298],[2.3458,45.5291],[2.3443,45.5285],[2.3434,45.5282],[2.3424,45.5279],[2.3414,45.5277],[2.3403,45.5275],[2.3391,45.5273],[2.3361,45.5268],[2.3341,45.5264],[2.3325,45.526],[2.3311,45.5255],[2.3299,45.525],[2.3285,45.5243],[2.3273,45.5235],[2.3267,45.5231],[2.3255,45.5221],[2.3245,45.5211],[2.3238,45.5202],[2.3224,45.5185],[2.3218,45.5178],[2.3211,45.5171],[2.3201,45.5163],[2.3191,45.5156],[2.3184,45.5152],[2.3174,45.5148],[2.3165,45.5144],[2.3157,45.5141],[2.3147,45.5138],[2.3133,45.5135],[2.3125,45.5134],[2.3115,45.5133],[2.3102,45.5132],[2.309,45.5132],[2.3073,45.5133],[2.3063,45.5134],[2.305,45.5137],[2.3038,45.514],[2.3009,45.5149],[2.2994,45.5153],[2.2986,45.5155],[2.297,45.5157],[2.2959,45.5159],[2.2942,45.516],[2.2927,45.5159],[2.2916,45.5159],[2.2902,45.5157],[2.2887,45.5154],[2.2877,45.5151],[2.2855,45.5146],[2.2833,45.514],[2.2822,45.5138],[2.281,45.5136],[2.2796,45.5134],[2.278,45.5133],[2.2766,45.5132],[2.2751,45.5133],[2.2738,45.5134],[2.2724,45.5135],[2.2712,45.5137],[2.2701,45.514],[2.2698,45.5141],[2.2687,45.5145],[2.2681,45.5147],[2.2679,45.5149],[2.2675,45.5153],[2.2673,45.5158],[2.2669,45.5161],[2.2666,45.5162],[2.2662,45.5161],[2.266,45.516],[2.2656,45.5157],[2.2645,45.5139],[2.2641,45.5135],[2.2638,45.5133],[2.2633,45.513],[2.2627,45.5129],[2.2616,45.5128],[2.2596,45.5126],[2.2582,45.5124],[2.2568,45.5122],[2.2559,45.5122],[2.2556,45.5123]]}},{"type":"Feature","properties":{"rang":"autoroute"},"geometry":{"type":"LineString","coordinates":[[2.2613,45.5165],[2.2594,45.5169],[2.2581,45.5171],[2.2561,45.5173],[2.254,45.5174],[2.2531,45.5174],[2.2517,45.5173],[2.2504,45.5173],[2.2487,45.5171],[2.2472,45.5168],[2.2454,45.5165],[2.2436,45.5161],[2.2416,45.5156],[2.2403,45.5154],[2.2394,45.5152],[2.2383,45.5151],[2.2356,45.5148],[2.2345,45.5147],[2.2326,45.5144],[2.2317,45.5141],[2.2308,45.5139],[2.2296,45.5134],[2.228,45.5129],[2.2269,45.5125],[2.2257,45.5121],[2.2242,45.5118],[2.223,45.5116],[2.2218,45.5114],[2.221,45.5113],[2.2197,45.5113],[2.2151,45.5112],[2.2132,45.511],[2.2123,45.5109],[2.2112,45.5108],[2.2097,45.5105],[2.2086,45.5102],[2.2074,45.5098],[2.2059,45.5093],[2.2046,45.5087],[2.2033,45.5081],[2.202,45.5073],[2.2008,45.5065],[2.1997,45.5055],[2.1987,45.5045],[2.1977,45.5033],[2.1969,45.5021],[2.1959,45.5006],[2.1948,45.4991],[2.1938,45.4979],[2.1931,45.497],[2.1921,45.4961],[2.191,45.4952],[2.1893,45.4941]]}},{"type":"Feature","properties":{"rang":"autoroute"},"geometry":{"type":"LineString","coordinates":[[2.3143,45.5136],[2.3146,45.5136],[2.3155,45.5139],[2.3169,45.5143],[2.3176,45.5144],[2.3182,45.5143],[2.3191,45.5139],[2.3192,45.5138],[2.3192,45.5136],[2.3189,45.5136],[2.3185,45.5138]]}},{"type":"Feature","properties":{"rang":"autoroute"},"geometry":{"type":"LineString","coordinates":[[2.3151,45.514],[2.3143,45.5137]]}},{"type":"Feature","properties":{"rang":"autoroute"},"geometry":{"type":"LineString","coordinates":[[2.3173,45.5148],[2.3166,45.5146],[2.3162,45.5146],[2.3154,45.5148],[2.315,45.5149],[2.3146,45.5147],[2.3144,45.5145],[2.3145,45.5142],[2.3148,45.514],[2.3163,45.5135],[2.3167,45.5134]]}},{"type":"Feature","properties":{"rang":"autoroute"},"geometry":{"type":"LineString","coordinates":[[2.3157,45.5138],[2.3149,45.514],[2.3146,45.5142],[2.3145,45.5144],[2.3147,45.5147],[2.3151,45.5148],[2.3155,45.5147],[2.3156,45.5144],[2.3154,45.5141],[2.3151,45.514]]}},{"type":"Feature","properties":{"rang":"autoroute"},"geometry":{"type":"LineString","coordinates":[[2.2592,45.5124],[2.2628,45.5128],[2.2635,45.513],[2.264,45.5133],[2.2645,45.5138],[2.2657,45.5156],[2.2661,45.516],[2.2666,45.5161],[2.2669,45.516],[2.2671,45.5158],[2.2671,45.5154],[2.2667,45.5152],[2.2664,45.5152],[2.2658,45.5153],[2.2644,45.5157],[2.2638,45.5158],[2.2628,45.5161],[2.2613,45.5165]]}},{"type":"Feature","properties":{"rang":"autoroute"},"geometry":{"type":"LineString","coordinates":[[2.4151,45.584],[2.4161,45.5843],[2.4168,45.5844],[2.4172,45.5844],[2.4181,45.5842],[2.4187,45.5843],[2.419,45.5846],[2.419,45.585],[2.4187,45.5854],[2.4175,45.5865],[2.4168,45.5872],[2.4146,45.589]]}},{"type":"Feature","properties":{"rang":"autoroute"},"geometry":{"type":"LineString","coordinates":[[2.4166,45.5873],[2.4171,45.5867],[2.4174,45.5863],[2.4174,45.5859],[2.4173,45.5854],[2.4169,45.585],[2.4165,45.5847],[2.4153,45.5842]]}},{"type":"Feature","properties":{"rang":"autoroute"},"geometry":{"type":"LineString","coordinates":[[2.4186,45.5853],[2.4189,45.5849],[2.4189,45.5846],[2.4187,45.5843],[2.4181,45.5843],[2.4178,45.5845],[2.4176,45.5847],[2.4177,45.5849],[2.4181,45.5853],[2.4195,45.586]]}},{"type":"Feature","properties":{"rang":"autoroute"},"geometry":{"type":"LineString","coordinates":[[2.4183,45.5856],[2.4186,45.5853]]}},{"type":"Feature","properties":{"rang":"autoroute"},"geometry":{"type":"LineString","coordinates":[[2.2625,45.516],[2.2634,45.5157],[2.2638,45.5155],[2.2642,45.5152],[2.2645,45.5147],[2.2645,45.5141],[2.2643,45.5137]]}},{"type":"Feature","properties":{"rang":"autoroute"},"geometry":{"type":"LineString","coordinates":[[2.3197,45.5158],[2.3203,45.5163],[2.3206,45.5166]]}},{"type":"Feature","properties":{"rang":"autoroute"},"geometry":{"type":"LineString","coordinates":[[2.4166,45.5873],[2.4171,45.5868],[2.4183,45.5856]]}},{"type":"Feature","properties":{"rang":"autoroute"},"geometry":{"type":"LineString","coordinates":[[2.3184,45.5135],[2.3191,45.5135],[2.3194,45.5138],[2.3192,45.5139],[2.3186,45.5143],[2.3183,45.5146],[2.3184,45.5149],[2.3186,45.5151],[2.3197,45.5158]]}},{"type":"Feature","properties":{"rang":"autoroute"},"geometry":{"type":"LineString","coordinates":[[2.4145,45.5889],[2.4166,45.5873]]}},{"type":"Feature","properties":{"rang":"autoroute"},"geometry":{"type":"LineString","coordinates":[[2.2701,45.514],[2.2691,45.5142],[2.2663,45.5151],[2.2638,45.5158]]}},{"type":"Feature","properties":{"rang":"autoroute"},"geometry":{"type":"LineString","coordinates":[[2.4206,45.5868],[2.4199,45.5864],[2.4192,45.5862],[2.4188,45.5862],[2.4181,45.5864],[2.4176,45.5866],[2.4168,45.5872]]}},{"type":"Feature","properties":{"rang":"autoroute"},"geometry":{"type":"LineString","coordinates":[[2.264,45.5133],[2.2643,45.5135],[2.2649,45.5141],[2.2651,45.5143],[2.2655,45.5145],[2.2663,45.5147],[2.2667,45.5147],[2.2671,45.5146],[2.2685,45.5143],[2.2695,45.514],[2.2702,45.5138],[2.271,45.5137]]}},{"type":"Feature","properties":{"rang":"autoroute"},"geometry":{"type":"LineString","coordinates":[[2.2555,45.512],[2.2559,45.5121],[2.2566,45.5121],[2.2592,45.5124]]}},{"type":"Feature","properties":{"rang":"autoroute"},"geometry":{"type":"LineString","coordinates":[[2.3179,45.515],[2.3173,45.5148]]}},{"type":"Feature","properties":{"rang":"autoroute"},"geometry":{"type":"LineString","coordinates":[[2.2617,45.5163],[2.2625,45.516]]}},{"type":"Feature","properties":{"rang":"autoroute"},"geometry":{"type":"LineString","coordinates":[[2.4145,45.5838],[2.4151,45.584]]}},{"type":"Feature","properties":{"rang":"autoroute"},"geometry":{"type":"LineString","coordinates":[[2.4208,45.5868],[2.4206,45.5868]]}},{"type":"Feature","properties":{"rang":"autoroute"},"geometry":{"type":"LineString","coordinates":[[2.3166,45.5138],[2.3159,45.5137],[2.3157,45.5138]]}},{"type":"Feature","properties":{"rang":"departementale"},"geometry":{"type":"LineString","coordinates":[[1.5692,45.1727],[1.5699,45.1723],[1.5705,45.1721],[1.5712,45.1721],[1.5717,45.172],[1.5727,45.1714],[1.5729,45.1712]]}},{"type":"Feature","properties":{"rang":"departementale"},"geometry":{"type":"LineString","coordinates":[[1.5382,45.1575],[1.5404,45.1576]]}},{"type":"Feature","properties":{"rang":"departementale"},"geometry":{"type":"LineString","coordinates":[[1.5716,45.1009],[1.5722,45.1009]]}},{"type":"Feature","properties":{"rang":"departementale"},"geometry":{"type":"LineString","coordinates":[[1.5723,45.1008],[1.5727,45.1008],[1.5727,45.1011],[1.5724,45.1012],[1.5722,45.101],[1.5723,45.1008]]}},{"type":"Feature","properties":{"rang":"departementale"},"geometry":{"type":"LineString","coordinates":[[1.7237,45.0903],[1.723,45.089],[1.7228,45.0887],[1.723,45.0882],[1.7235,45.0877],[1.724,45.0873],[1.7249,45.0867],[1.7256,45.0861],[1.7263,45.0855],[1.7272,45.0848],[1.7279,45.0845],[1.7299,45.0837],[1.7304,45.0834],[1.7318,45.0826],[1.732,45.0823],[1.7323,45.0817],[1.7325,45.0814],[1.7337,45.0804],[1.734,45.08],[1.734,45.0797],[1.734,45.0793],[1.7342,45.0787],[1.7345,45.0779],[1.7348,45.0771],[1.7351,45.0769],[1.7358,45.0764],[1.736,45.0759],[1.7358,45.0751],[1.7359,45.0746],[1.7369,45.0734],[1.7373,45.073],[1.7374,45.0728],[1.7375,45.071],[1.7378,45.0706],[1.7394,45.0692],[1.7396,45.0691],[1.7396,45.0687],[1.7395,45.0682],[1.7386,45.067],[1.7383,45.0664],[1.7381,45.0655],[1.7377,45.063],[1.7376,45.0621],[1.7375,45.0616],[1.7376,45.0613],[1.738,45.0606],[1.7387,45.0589],[1.7414,45.0524],[1.7425,45.0497],[1.7428,45.0492],[1.7442,45.048],[1.7445,45.0475],[1.745,45.047],[1.7467,45.0454],[1.7471,45.0448],[1.7476,45.0433],[1.748,45.0425],[1.748,45.0417],[1.7481,45.0409],[1.7478,45.0405],[1.7477,45.04],[1.7478,45.0398]]}},{"type":"Feature","properties":{"rang":"departementale"},"geometry":{"type":"LineString","coordinates":[[1.5806,45.1853],[1.5803,45.184],[1.5801,45.1834],[1.5797,45.1831],[1.5788,45.1824],[1.5782,45.1821],[1.5774,45.1819],[1.5765,45.1818],[1.5761,45.1817],[1.5749,45.1814],[1.5744,45.1813],[1.5733,45.1811],[1.5725,45.181],[1.5719,45.1807],[1.5712,45.1802],[1.5708,45.1797],[1.5704,45.1788],[1.5701,45.1786],[1.5691,45.1782],[1.5688,45.178],[1.568,45.1773],[1.567,45.1766],[1.5664,45.1761],[1.566,45.1756],[1.5658,45.1754],[1.5655,45.1745],[1.5652,45.1739],[1.5648,45.1734],[1.5646,45.1731],[1.5644,45.1724],[1.564,45.1718],[1.564,45.1716],[1.5643,45.1712],[1.5641,45.1705]]}},{"type":"Feature","properties":{"rang":"departementale"},"geometry":{"type":"LineString","coordinates":[[1.5642,45.1705],[1.5641,45.1707]]}},{"type":"Feature","properties":{"rang":"departementale"},"geometry":{"type":"LineString","coordinates":[[1.7003,44.9655],[1.6987,44.9693],[1.6983,44.9705],[1.6978,44.9718],[1.6975,44.9723],[1.6973,44.9726],[1.6965,44.9732],[1.6962,44.9736],[1.6958,44.9746],[1.6955,44.975],[1.6951,44.9754],[1.6947,44.9756],[1.6939,44.9759],[1.6929,44.9761],[1.6922,44.9763],[1.6888,44.9776],[1.6886,44.9777]]}},{"type":"Feature","properties":{"rang":"departementale"},"geometry":{"type":"LineString","coordinates":[[1.6434,44.9982],[1.6432,44.9984],[1.6427,44.999],[1.6424,44.9991],[1.6414,44.999],[1.6409,44.9991],[1.6403,44.9994],[1.6401,44.9995]]}},{"type":"Feature","properties":{"rang":"departementale"},"geometry":{"type":"LineString","coordinates":[[1.6471,44.9967],[1.6437,44.998],[1.6434,44.9982]]}},{"type":"Feature","properties":{"rang":"departementale"},"geometry":{"type":"LineString","coordinates":[[1.6492,44.9959],[1.6471,44.9967],[1.6463,44.9961],[1.6437,44.994],[1.6433,44.9938],[1.6428,44.9936],[1.6405,44.9928],[1.6361,44.9912],[1.6356,44.9909],[1.6343,44.9889]]}},{"type":"Feature","properties":{"rang":"departementale"},"geometry":{"type":"LineString","coordinates":[[1.5817,45.0535],[1.5814,45.0535],[1.58,45.0535],[1.5787,45.0533],[1.5784,45.0535],[1.5777,45.0544],[1.5772,45.0548],[1.5757,45.0552],[1.5747,45.0554],[1.5741,45.0554],[1.5735,45.0552],[1.5729,45.055],[1.572,45.0545],[1.5716,45.0543],[1.5709,45.0543],[1.5706,45.0543],[1.5693,45.0549],[1.5675,45.0554],[1.5673,45.0555],[1.5672,45.0557],[1.5673,45.0559],[1.5677,45.0562],[1.5678,45.0564],[1.5677,45.0568],[1.5676,45.0571],[1.5672,45.0575],[1.567,45.0579],[1.5672,45.0582],[1.568,45.0591],[1.5683,45.0596],[1.5684,45.0601],[1.5683,45.0604],[1.5681,45.0609],[1.5677,45.0612],[1.5663,45.0619],[1.5658,45.0622],[1.5648,45.0624],[1.5643,45.0625],[1.564,45.0628],[1.5638,45.063],[1.5634,45.0645],[1.5628,45.0651],[1.5626,45.0656],[1.5628,45.066],[1.5632,45.0668],[1.5633,45.0673],[1.5637,45.0686],[1.5642,45.0702],[1.5641,45.0708],[1.5638,45.0714],[1.5625,45.0729],[1.5621,45.0734],[1.5605,45.0747],[1.56,45.0752],[1.5598,45.0757],[1.5599,45.0762],[1.5602,45.077],[1.5603,45.0773],[1.5604,45.0788],[1.5604,45.0801],[1.5605,45.0828],[1.5606,45.0832],[1.5609,45.0836],[1.5618,45.0845],[1.5628,45.0851],[1.563,45.0853],[1.5631,45.0865],[1.5635,45.0869],[1.564,45.0874],[1.5646,45.0878],[1.5652,45.0881],[1.5669,45.0888],[1.5674,45.089],[1.5678,45.0893],[1.5681,45.0897],[1.5683,45.09],[1.5696,45.0932],[1.5714,45.0975],[1.5717,45.0981],[1.5723,45.099],[1.5724,45.0995],[1.5724,45.1001],[1.5726,45.1008]]}},{"type":"Feature","properties":{"rang":"departementale"},"geometry":{"type":"LineString","coordinates":[[1.4635,45.1904],[1.4634,45.1906],[1.4631,45.1906],[1.4629,45.1904],[1.4632,45.1902],[1.4635,45.1904]]}},{"type":"Feature","properties":{"rang":"departementale"},"geometry":{"type":"LineString","coordinates":[[1.5156,45.1379],[1.5164,45.1384],[1.5173,45.1386],[1.5177,45.1388],[1.5179,45.139],[1.5182,45.1395],[1.5188,45.1399],[1.519,45.1402],[1.5196,45.1404],[1.5205,45.1406],[1.5211,45.1407],[1.522,45.141],[1.5227,45.1412],[1.5235,45.1413],[1.5238,45.1414],[1.5242,45.1417],[1.5243,45.1418],[1.5241,45.1424],[1.5244,45.1426],[1.5248,45.1427],[1.5257,45.1426],[1.5262,45.1426],[1.5266,45.143],[1.5268,45.1432],[1.5267,45.1434],[1.5265,45.1439],[1.5265,45.1442],[1.5267,45.1449],[1.527,45.1452],[1.5278,45.1456],[1.5283,45.1459],[1.5287,45.1458],[1.529,45.1454],[1.529,45.1444],[1.5291,45.1443],[1.5293,45.1442],[1.5296,45.1443],[1.5298,45.1445],[1.53,45.1449],[1.5303,45.1456],[1.5305,45.1464],[1.5303,45.1475],[1.5307,45.1487],[1.5309,45.1492],[1.5318,45.1507],[1.531,45.1509],[1.5296,45.151],[1.5294,45.1511]]}},{"type":"Feature","properties":{"rang":"departementale"},"geometry":{"type":"LineString","coordinates":[[1.5319,45.1509],[1.5327,45.1523],[1.5328,45.1525],[1.5329,45.1532]]}},{"type":"Feature","properties":{"rang":"departementale"},"geometry":{"type":"LineString","coordinates":[[1.5384,45.1543],[1.5394,45.1531],[1.54,45.1526],[1.5404,45.1523],[1.5414,45.1518],[1.5428,45.1513],[1.5432,45.1512],[1.5436,45.151],[1.5438,45.1508],[1.5437,45.1506],[1.5433,45.1501]]}},{"type":"Feature","properties":{"rang":"departementale"},"geometry":{"type":"LineString","coordinates":[[1.4629,45.1905],[1.4624,45.1904],[1.463,45.1903]]}},{"type":"Feature","properties":{"rang":"departementale"},"geometry":{"type":"LineString","coordinates":[[1.5237,45.1574],[1.5298,45.159],[1.5303,45.1587],[1.5299,45.1577],[1.5299,45.1575],[1.5301,45.1573],[1.5307,45.1568],[1.5309,45.1568],[1.5315,45.1567],[1.5331,45.1567],[1.533,45.1545],[1.5329,45.1532]]}},{"type":"Feature","properties":{"rang":"departementale"},"geometry":{"type":"LineString","coordinates":[[1.4566,45.1914],[1.4564,45.1915]]}},{"type":"Feature","properties":{"rang":"departementale"},"geometry":{"type":"LineString","coordinates":[[1.4564,45.1914],[1.4562,45.1915],[1.4561,45.1914],[1.4564,45.1914]]}},{"type":"Feature","properties":{"rang":"departementale"},"geometry":{"type":"LineString","coordinates":[[1.4635,45.1905],[1.4637,45.1908],[1.4633,45.1906]]}},{"type":"Feature","properties":{"rang":"departementale"},"geometry":{"type":"LineString","coordinates":[[1.4518,45.1927],[1.4527,45.1925],[1.453,45.1924],[1.4559,45.1917],[1.4561,45.1915]]}},{"type":"Feature","properties":{"rang":"departementale"},"geometry":{"type":"LineString","coordinates":[[1.4345,45.2054],[1.4372,45.2018],[1.4381,45.2007],[1.4385,45.2004],[1.4399,45.1998],[1.4427,45.1986],[1.4432,45.1983],[1.4447,45.1972],[1.4448,45.1971],[1.4472,45.1954],[1.4473,45.1954],[1.4502,45.1933],[1.4507,45.193],[1.4517,45.1927],[1.4517,45.1928],[1.4508,45.193],[1.4504,45.1931]]}},{"type":"Feature","properties":{"rang":"departementale"},"geometry":{"type":"LineString","coordinates":[[1.5329,45.1609],[1.5322,45.1609],[1.5318,45.1607],[1.5314,45.1601],[1.5306,45.1593],[1.5303,45.1587]]}},{"type":"Feature","properties":{"rang":"departementale"},"geometry":{"type":"LineString","coordinates":[[1.5348,45.1568],[1.5356,45.1571],[1.5359,45.1571],[1.5359,45.1573],[1.5361,45.1578],[1.5359,45.1591],[1.5352,45.1603],[1.5351,45.1605],[1.5344,45.1612],[1.5331,45.1622],[1.5325,45.1628],[1.5329,45.1609]]}},{"type":"Feature","properties":{"rang":"departementale"},"geometry":{"type":"LineString","coordinates":[[1.5724,45.1008],[1.5724,45.1001]]}},{"type":"Feature","properties":{"rang":"departementale"},"geometry":{"type":"LineString","coordinates":[[1.5411,45.1051],[1.5403,45.1048],[1.5396,45.1045],[1.5374,45.1033],[1.5369,45.1032],[1.5362,45.1031],[1.5357,45.1032],[1.5354,45.1034],[1.5344,45.1039],[1.534,45.104],[1.5329,45.1041],[1.5325,45.1041],[1.5312,45.1037],[1.5306,45.1035],[1.5299,45.1034],[1.5291,45.1035],[1.5278,45.1035],[1.5269,45.1036],[1.5266,45.1035],[1.5261,45.1034],[1.5254,45.1033],[1.5249,45.1033],[1.5244,45.1033],[1.5227,45.1033],[1.5225,45.1033],[1.5223,45.1035],[1.5216,45.104],[1.5209,45.1041],[1.52,45.1041],[1.5195,45.1044],[1.5194,45.1047],[1.5195,45.1055],[1.5195,45.1058],[1.5193,45.1061],[1.5188,45.1066],[1.5188,45.107],[1.5194,45.1078],[1.5196,45.108],[1.5195,45.1088],[1.5194,45.109],[1.5192,45.109],[1.5187,45.1088],[1.5181,45.1085],[1.5177,45.1086],[1.5176,45.1088],[1.5178,45.1091],[1.5181,45.1095],[1.5184,45.1099],[1.5189,45.1104],[1.5191,45.1107],[1.5189,45.1109],[1.5187,45.1111],[1.518,45.1111],[1.5178,45.1112],[1.5178,45.1116],[1.5183,45.1122],[1.5184,45.1124],[1.519,45.1151],[1.519,45.1154],[1.5188,45.1165],[1.5183,45.1202],[1.5181,45.1211],[1.5177,45.1223],[1.5174,45.1234],[1.5172,45.124],[1.5172,45.1247],[1.5172,45.1252],[1.5173,45.1257],[1.5173,45.1272],[1.5172,45.128],[1.5173,45.1299],[1.5173,45.1303],[1.517,45.1309],[1.5169,45.1314],[1.517,45.1321],[1.5169,45.1326],[1.517,45.1329],[1.5175,45.1337],[1.5179,45.1341],[1.5185,45.1344],[1.5188,45.1346],[1.5187,45.1348],[1.518,45.1351],[1.5175,45.1355],[1.517,45.1362],[1.5164,45.1368],[1.5162,45.1374],[1.516,45.1375],[1.5156,45.1375],[1.5154,45.1377],[1.5156,45.1379]]}},{"type":"Feature","properties":{"rang":"departementale"},"geometry":{"type":"LineString","coordinates":[[1.5722,45.1011],[1.5716,45.1009],[1.5709,45.1009],[1.57,45.101],[1.5673,45.1014],[1.5666,45.1016],[1.5662,45.1018],[1.5655,45.1023],[1.5651,45.1025],[1.5645,45.1026],[1.5609,45.1027],[1.5599,45.1026],[1.5592,45.1024],[1.5586,45.1021],[1.558,45.102],[1.5576,45.102],[1.557,45.1023],[1.5557,45.1029],[1.5546,45.1035],[1.5538,45.1038],[1.5532,45.1039],[1.5525,45.104],[1.5504,45.1042],[1.55,45.1043],[1.5482,45.1048],[1.5472,45.105],[1.5442,45.1055],[1.5437,45.1055],[1.5427,45.1055],[1.5417,45.1053],[1.5411,45.1051]]}},{"type":"Feature","properties":{"rang":"departementale"},"geometry":{"type":"LineString","coordinates":[[1.5726,45.1012],[1.5724,45.1017],[1.5723,45.1012]]}},{"type":"Feature","properties":{"rang":"departementale"},"geometry":{"type":"LineString","coordinates":[[1.5669,45.1098],[1.5656,45.1107],[1.5647,45.1111],[1.5637,45.1116],[1.5633,45.1119],[1.563,45.1124],[1.5629,45.1126],[1.5628,45.1135],[1.5626,45.1142],[1.5624,45.1146],[1.5618,45.1151],[1.5612,45.1156],[1.5598,45.1164],[1.5594,45.1167],[1.5586,45.1176],[1.5582,45.1179],[1.5577,45.1183],[1.5572,45.1191],[1.5568,45.1204],[1.5567,45.1207],[1.5563,45.1211],[1.5553,45.1217],[1.5547,45.1222],[1.5545,45.1225],[1.5545,45.1232],[1.5545,45.1242],[1.5544,45.1248],[1.5541,45.1255],[1.554,45.1258],[1.5542,45.1266],[1.5542,45.1272],[1.5539,45.128],[1.5539,45.1285],[1.5541,45.1289],[1.5545,45.1295],[1.5546,45.1298],[1.5546,45.1303],[1.5544,45.1307],[1.5541,45.1311],[1.5532,45.1317],[1.5528,45.132],[1.5526,45.1326],[1.5522,45.1344],[1.552,45.1348],[1.5518,45.1351],[1.5503,45.1371],[1.5498,45.1378],[1.5495,45.1384],[1.5493,45.1388],[1.5492,45.1394],[1.5493,45.1404],[1.5494,45.1414],[1.5494,45.1418],[1.549,45.1426],[1.5491,45.1432],[1.5489,45.1435],[1.5486,45.144],[1.5479,45.1448],[1.5477,45.1452],[1.5475,45.1457],[1.5471,45.146],[1.5466,45.1463],[1.546,45.1466],[1.5455,45.147],[1.5454,45.1472],[1.5454,45.1474],[1.5458,45.1476],[1.5464,45.1477],[1.5466,45.1479],[1.5466,45.1481],[1.5462,45.1484],[1.5446,45.1487],[1.5441,45.149],[1.5434,45.1497],[1.5432,45.15],[1.5433,45.1501]]}},{"type":"Feature","properties":{"rang":"departementale"},"geometry":{"type":"LineString","coordinates":[[1.5413,45.1953],[1.5415,45.1951],[1.5417,45.1942],[1.5416,45.1937],[1.5414,45.1932],[1.5407,45.1924],[1.5398,45.1913],[1.5396,45.1908],[1.5396,45.1898],[1.54,45.1873],[1.54,45.1869],[1.5399,45.1866],[1.5397,45.1863],[1.5393,45.1859],[1.5385,45.1852],[1.5372,45.1843],[1.5365,45.1838],[1.535,45.1829],[1.5337,45.182],[1.532,45.1808],[1.5315,45.1805],[1.5304,45.18],[1.5294,45.1797],[1.529,45.1796],[1.5288,45.1794],[1.5294,45.1797]]}},{"type":"Feature","properties":{"rang":"departementale"},"geometry":{"type":"LineString","coordinates":[[1.5799,45.1876],[1.5796,45.1872],[1.5795,45.1869],[1.5795,45.1866],[1.5798,45.1862],[1.5806,45.1857]]}},{"type":"Feature","properties":{"rang":"departementale"},"geometry":{"type":"LineString","coordinates":[[1.4633,45.1902],[1.4639,45.1902],[1.4635,45.1904]]}},{"type":"Feature","properties":{"rang":"departementale"},"geometry":{"type":"LineString","coordinates":[[1.4654,45.1894],[1.4656,45.189],[1.4657,45.1894]]}},{"type":"Feature","properties":{"rang":"departementale"},"geometry":{"type":"LineString","coordinates":[[1.4657,45.1895],[1.4656,45.1897],[1.4654,45.1898],[1.4652,45.1897],[1.4652,45.1895],[1.4655,45.1894],[1.4657,45.1895]]}},{"type":"Feature","properties":{"rang":"departementale"},"geometry":{"type":"LineString","coordinates":[[1.671,45.1744],[1.67,45.1742],[1.6691,45.1738],[1.6688,45.1736],[1.6684,45.1729],[1.668,45.1725],[1.6675,45.1722],[1.6668,45.172],[1.666,45.1718],[1.6657,45.1719],[1.6654,45.1721],[1.6651,45.1724],[1.6649,45.1728],[1.6647,45.173],[1.6644,45.1729],[1.6638,45.1726],[1.6634,45.1726],[1.6632,45.1728],[1.663,45.1736],[1.6628,45.174],[1.6629,45.1746],[1.6627,45.1754],[1.6628,45.1758],[1.6626,45.1763],[1.6621,45.1768],[1.662,45.177],[1.6617,45.178],[1.6615,45.1784],[1.6611,45.1789],[1.6603,45.1796],[1.6601,45.1797],[1.6599,45.1796],[1.6594,45.1791],[1.6588,45.1787],[1.6584,45.1783],[1.6567,45.1777],[1.6565,45.1775],[1.6563,45.1773],[1.6564,45.1768],[1.6567,45.1765],[1.6568,45.1762],[1.6564,45.1761],[1.6556,45.1762],[1.655,45.1765],[1.6547,45.1766],[1.6537,45.1762],[1.6534,45.1762],[1.6526,45.1765],[1.652,45.1765],[1.6517,45.1766],[1.6502,45.1776],[1.6499,45.1779],[1.649,45.1781],[1.6479,45.1788],[1.6475,45.1792],[1.6461,45.1802],[1.6459,45.1803],[1.6443,45.1807],[1.643,45.1809],[1.6415,45.1807],[1.6409,45.1807]]}},{"type":"Feature","properties":{"rang":"departementale"},"geometry":{"type":"LineString","coordinates":[[1.671,45.1744],[1.6721,45.1745],[1.6726,45.1743],[1.6739,45.1742],[1.6744,45.1742],[1.6744,45.1743],[1.6736,45.1745],[1.6731,45.1747],[1.6727,45.175],[1.6725,45.1754],[1.6725,45.1758],[1.6727,45.1768],[1.6727,45.1772],[1.6728,45.1772],[1.6728,45.1769],[1.6733,45.176],[1.6734,45.1758],[1.6738,45.1754],[1.6746,45.1752],[1.6752,45.1752],[1.6759,45.1752],[1.6761,45.1751],[1.6764,45.1748],[1.6772,45.1741],[1.6779,45.1733],[1.6783,45.1731],[1.6786,45.173],[1.6794,45.173],[1.6801,45.1731],[1.6808,45.1733],[1.6813,45.1735],[1.6816,45.1736],[1.6818,45.174],[1.6817,45.1743],[1.6817,45.1746],[1.6818,45.1749],[1.6824,45.1755],[1.6825,45.1759],[1.6827,45.176],[1.6839,45.1761],[1.6849,45.1764],[1.6854,45.1764],[1.686,45.1766],[1.6865,45.1767],[1.6875,45.1767],[1.6882,45.1768],[1.6886,45.177],[1.6889,45.1774],[1.689,45.1777],[1.6891,45.1783],[1.6897,45.1793],[1.6897,45.1796],[1.6898,45.1803],[1.6899,45.1805],[1.6901,45.1807],[1.6905,45.1809],[1.691,45.181],[1.6918,45.181],[1.6927,45.1814],[1.6938,45.1817],[1.6947,45.1819],[1.6955,45.1823],[1.6962,45.1825],[1.6973,45.183],[1.6976,45.1831],[1.6982,45.1831],[1.6993,45.1834],[1.7002,45.1839],[1.7004,45.1839],[1.7009,45.1834],[1.702,45.1825],[1.703,45.1818],[1.7035,45.1814],[1.704,45.1811],[1.704,45.1806],[1.7045,45.1803],[1.7051,45.1802],[1.7055,45.1802],[1.706,45.1804],[1.7066,45.1807],[1.7068,45.1808],[1.7072,45.1814],[1.7076,45.1817],[1.7084,45.182],[1.709,45.182],[1.7095,45.1819],[1.7106,45.181],[1.7109,45.1808],[1.7097,45.1817]]}},{"type":"Feature","properties":{"rang":"departementale"},"geometry":{"type":"LineString","coordinates":[[1.5991,45.0384],[1.5977,45.0397],[1.5976,45.0399],[1.5973,45.0405],[1.597,45.0409],[1.5957,45.0417],[1.5955,45.042],[1.5953,45.0427],[1.5952,45.0429],[1.5949,45.0431],[1.5942,45.0434],[1.5939,45.0437],[1.5939,45.044],[1.5942,45.0446],[1.594,45.045],[1.5933,45.0452],[1.5927,45.0455],[1.5925,45.0455],[1.5915,45.0456],[1.5911,45.0456],[1.5902,45.0459],[1.5898,45.0462],[1.5896,45.0468],[1.5894,45.0471],[1.5889,45.0476],[1.5886,45.0477],[1.5873,45.0479],[1.5854,45.0483],[1.5851,45.0484],[1.5848,45.0487],[1.5845,45.0493],[1.5841,45.0497],[1.5834,45.05],[1.583,45.0502],[1.5826,45.0506],[1.5824,45.0511],[1.5823,45.0522],[1.5823,45.0525],[1.582,45.0533],[1.5817,45.0535]]}},{"type":"Feature","properties":{"rang":"departementale"},"geometry":{"type":"LineString","coordinates":[[1.6024,45.0365],[1.6028,45.0365]]}},{"type":"Feature","properties":{"rang":"departementale"},"geometry":{"type":"LineString","coordinates":[[1.532,45.1649],[1.5321,45.165]]}},{"type":"Feature","properties":{"rang":"departementale"},"geometry":{"type":"LineString","coordinates":[[1.4914,45.1428],[1.4911,45.1427],[1.4914,45.1426],[1.4914,45.1428]]}},{"type":"Feature","properties":{"rang":"departementale"},"geometry":{"type":"LineString","coordinates":[[1.491,45.1432],[1.4902,45.1462],[1.4898,45.1478],[1.4898,45.1482]]}},{"type":"Feature","properties":{"rang":"departementale"},"geometry":{"type":"LineString","coordinates":[[1.4608,45.103],[1.4608,45.103]]}},{"type":"Feature","properties":{"rang":"departementale"},"geometry":{"type":"LineString","coordinates":[[1.6036,45.0351],[1.6028,45.0362]]}},{"type":"Feature","properties":{"rang":"departementale"},"geometry":{"type":"LineString","coordinates":[[1.5333,45.1567],[1.5345,45.1567],[1.5348,45.1568]]}},{"type":"Feature","properties":{"rang":"departementale"},"geometry":{"type":"LineString","coordinates":[[1.5362,45.1567],[1.5363,45.1565],[1.5379,45.1548],[1.5384,45.1543]]}},{"type":"Feature","properties":{"rang":"departementale"},"geometry":{"type":"LineString","coordinates":[[1.5322,45.1644],[1.5325,45.1628]]}},{"type":"Feature","properties":{"rang":"departementale"},"geometry":{"type":"LineString","coordinates":[[1.5321,45.1649],[1.5322,45.1644]]}},{"type":"Feature","properties":{"rang":"departementale"},"geometry":{"type":"LineString","coordinates":[[1.4429,45.1411],[1.4431,45.1412],[1.443,45.1414],[1.4426,45.1414],[1.4426,45.1411],[1.4429,45.1411]]}},{"type":"Feature","properties":{"rang":"departementale"},"geometry":{"type":"LineString","coordinates":[[1.4561,45.1914],[1.4562,45.1914]]}},{"type":"Feature","properties":{"rang":"departementale"},"geometry":{"type":"LineString","coordinates":[[1.5191,45.153],[1.5189,45.1528],[1.5173,45.1522],[1.5159,45.1516],[1.515,45.1513],[1.5134,45.151],[1.5125,45.1509],[1.5114,45.151],[1.5104,45.1508],[1.509,45.1508],[1.5072,45.1509],[1.5063,45.151],[1.5059,45.1512],[1.5051,45.152],[1.5053,45.1523]]}},{"type":"Feature","properties":{"rang":"departementale"},"geometry":{"type":"LineString","coordinates":[[1.4925,45.1288],[1.4922,45.1283],[1.4906,45.1257],[1.4904,45.1254],[1.4903,45.1249],[1.4904,45.1243],[1.4908,45.1231],[1.4909,45.1221],[1.491,45.1217],[1.4917,45.1204],[1.4919,45.1201],[1.4926,45.1195],[1.4926,45.119],[1.4925,45.1185],[1.4926,45.118],[1.4932,45.1169],[1.4935,45.1164],[1.4935,45.116],[1.4933,45.1153],[1.4931,45.1153],[1.4925,45.1158],[1.4921,45.1159],[1.492,45.1157],[1.4924,45.1148],[1.4925,45.1144],[1.4924,45.1141],[1.4917,45.1133],[1.4912,45.113],[1.4911,45.1127],[1.4908,45.1124],[1.491,45.1123],[1.4914,45.1123],[1.4919,45.1121],[1.4922,45.1121],[1.4926,45.1123],[1.4929,45.1126],[1.4932,45.1127],[1.4936,45.1124],[1.4937,45.1121],[1.4939,45.1116],[1.4938,45.1114],[1.4933,45.1112],[1.493,45.111],[1.4925,45.1099],[1.4927,45.1102],[1.4932,45.111],[1.4934,45.1111],[1.494,45.1114],[1.4942,45.1115],[1.494,45.1123],[1.4939,45.1125],[1.4932,45.1129],[1.4931,45.113],[1.4923,45.1127],[1.492,45.1127],[1.4919,45.1129],[1.4921,45.1133],[1.4929,45.114],[1.4931,45.1142],[1.4932,45.1146],[1.4933,45.1152],[1.4933,45.1152]]}},{"type":"Feature","properties":{"rang":"departementale"},"geometry":{"type":"LineString","coordinates":[[1.4884,45.1405],[1.4878,45.1402],[1.4872,45.14],[1.4857,45.1396],[1.4851,45.1396]]}},{"type":"Feature","properties":{"rang":"departementale"},"geometry":{"type":"LineString","coordinates":[[1.5319,45.1656],[1.5319,45.1652]]}},{"type":"Feature","properties":{"rang":"departementale"},"geometry":{"type":"LineString","coordinates":[[1.4648,45.1686],[1.4635,45.1685],[1.4616,45.1681],[1.4612,45.1679],[1.4608,45.1675],[1.4604,45.1673],[1.4587,45.1673],[1.4585,45.1673],[1.4575,45.1667],[1.457,45.1663],[1.4561,45.1652],[1.4549,45.1637],[1.4548,45.1632],[1.455,45.1627],[1.4559,45.1612],[1.457,45.1597],[1.4572,45.1593],[1.4572,45.1588],[1.4571,45.1581],[1.4566,45.1575],[1.4556,45.1566],[1.4551,45.1562],[1.4536,45.1546],[1.4533,45.1541],[1.453,45.1533],[1.4522,45.152],[1.452,45.1517],[1.4514,45.1513],[1.4503,45.1509],[1.4497,45.1506],[1.4493,45.1503],[1.4489,45.1497],[1.4486,45.1495],[1.4479,45.1489],[1.4473,45.1485],[1.4466,45.1481],[1.4457,45.1474],[1.4454,45.1471],[1.4451,45.1465],[1.4446,45.1457],[1.4443,45.1454]]}},{"type":"Feature","properties":{"rang":"departementale"},"geometry":{"type":"LineString","coordinates":[[1.4648,45.1897],[1.4652,45.1895]]}},{"type":"Feature","properties":{"rang":"departementale"},"geometry":{"type":"LineString","coordinates":[[1.4652,45.1897],[1.4648,45.1897]]}},{"type":"Feature","properties":{"rang":"departementale"},"geometry":{"type":"LineString","coordinates":[[1.4656,45.1889],[1.4658,45.1886],[1.4678,45.1862],[1.4686,45.1851],[1.4689,45.1848],[1.469,45.1843],[1.4691,45.1836],[1.469,45.1815],[1.4691,45.1809],[1.4695,45.1804],[1.4696,45.18],[1.4696,45.1796],[1.469,45.1788],[1.4688,45.1781],[1.4687,45.1765],[1.4687,45.1756],[1.4689,45.1744],[1.4688,45.1742],[1.4683,45.1733],[1.4678,45.1721],[1.4674,45.1715],[1.467,45.171],[1.4652,45.1698],[1.4648,45.1695],[1.4647,45.1693],[1.4648,45.1686]]}},{"type":"Feature","properties":{"rang":"departementale"},"geometry":{"type":"LineString","coordinates":[[1.4293,45.1282],[1.4299,45.1284],[1.4325,45.1291],[1.4334,45.1294],[1.4339,45.1297],[1.4349,45.1306],[1.4366,45.132],[1.4373,45.1328],[1.4378,45.1333],[1.4381,45.1335],[1.44,45.1346],[1.4406,45.135],[1.4408,45.1353],[1.4428,45.1378],[1.4431,45.1385],[1.4432,45.139],[1.4431,45.1394],[1.4427,45.1406],[1.4427,45.1408],[1.4429,45.1411]]}},{"type":"Feature","properties":{"rang":"departementale"},"geometry":{"type":"LineString","coordinates":[[1.4525,45.1048],[1.4537,45.1042],[1.4552,45.1036],[1.457,45.1032],[1.4574,45.1032],[1.4601,45.1031],[1.4607,45.103]]}},{"type":"Feature","properties":{"rang":"departementale"},"geometry":{"type":"LineString","coordinates":[[1.5327,45.2118],[1.5329,45.2112],[1.5331,45.2102],[1.5333,45.2096],[1.5336,45.209],[1.5342,45.2082],[1.535,45.2072],[1.5354,45.2067],[1.536,45.2063],[1.5363,45.206],[1.5365,45.2056],[1.5367,45.2051],[1.5368,45.2049],[1.5375,45.2045],[1.538,45.2043],[1.539,45.2044],[1.54,45.2044],[1.5409,45.2046],[1.5413,45.2046],[1.5417,45.2043],[1.5419,45.2041],[1.5419,45.2038],[1.5418,45.2028],[1.5419,45.2025],[1.5424,45.202],[1.5432,45.2018],[1.5437,45.2015],[1.5443,45.2006],[1.5445,45.2002],[1.5447,45.1999],[1.5451,45.1994],[1.5456,45.1985],[1.5455,45.1982],[1.5452,45.1978],[1.5447,45.1974],[1.5444,45.1973],[1.544,45.1972],[1.5428,45.1972],[1.5422,45.197],[1.5417,45.1966],[1.5416,45.1962],[1.5413,45.1958]]}},{"type":"Feature","properties":{"rang":"departementale"},"geometry":{"type":"LineString","coordinates":[[1.6702,45.0429],[1.6701,45.0425],[1.6697,45.0415],[1.6696,45.0412],[1.6698,45.04],[1.6697,45.0393],[1.6688,45.0378],[1.6687,45.0375],[1.6688,45.037],[1.6689,45.0366],[1.67,45.035],[1.6703,45.0347],[1.6718,45.0337],[1.6721,45.0333],[1.6723,45.0326],[1.6725,45.0322],[1.6729,45.0317],[1.673,45.0312],[1.6728,45.0308],[1.6726,45.0304],[1.6724,45.0299],[1.6725,45.0291],[1.6725,45.0277],[1.6727,45.0274],[1.6732,45.0267],[1.6734,45.0258],[1.6733,45.0256],[1.6729,45.025],[1.6723,45.0246],[1.672,45.0241],[1.6716,45.0228],[1.6714,45.0225],[1.6709,45.0219],[1.6706,45.0213],[1.6707,45.0209],[1.6709,45.0203],[1.6708,45.02],[1.6704,45.0189],[1.6703,45.0186],[1.6683,45.0166],[1.6675,45.0158],[1.6671,45.0156],[1.6655,45.015],[1.6627,45.014],[1.6623,45.0138],[1.6618,45.0134],[1.6605,45.0113],[1.6594,45.0096],[1.6593,45.0092],[1.6588,45.0074],[1.658,45.005],[1.6578,45.0047],[1.6574,45.0043],[1.6571,45.0041],[1.6561,45.0037],[1.6552,45.003],[1.6515,45.0002],[1.6512,44.9999],[1.6495,44.9986],[1.6479,44.9974],[1.6471,44.9967]]}},{"type":"Feature","properties":{"rang":"departementale"},"geometry":{"type":"LineString","coordinates":[[1.6886,45.1145],[1.6899,45.1142],[1.6905,45.1143],[1.6907,45.1143],[1.692,45.1152],[1.6926,45.1155],[1.693,45.1155],[1.6932,45.1155],[1.6934,45.1152],[1.6934,45.1149],[1.6935,45.1146],[1.6943,45.1136],[1.6945,45.1133],[1.6953,45.1126],[1.6957,45.1124],[1.6963,45.1123],[1.6972,45.1122],[1.6993,45.1119],[1.6997,45.1118],[1.7,45.1115],[1.7003,45.111],[1.7008,45.1105],[1.7015,45.1102],[1.702,45.1097],[1.7025,45.1095],[1.7032,45.1094],[1.7036,45.1093],[1.7041,45.1089],[1.7044,45.1087],[1.7054,45.1084],[1.7057,45.1081],[1.7057,45.1078],[1.7059,45.1074],[1.7066,45.1068],[1.707,45.1066],[1.7066,45.1059],[1.7062,45.1057],[1.7059,45.1057],[1.7052,45.1059],[1.7043,45.1058],[1.7038,45.1059],[1.7029,45.1061],[1.7025,45.106],[1.702,45.1056],[1.7014,45.1056],[1.7012,45.1054],[1.7013,45.1051],[1.7018,45.1046],[1.7022,45.1037],[1.7036,45.1022],[1.7039,45.102],[1.7046,45.1019],[1.705,45.1016],[1.7052,45.1013],[1.7053,45.1007],[1.7053,45.1005],[1.705,45.0997],[1.7049,45.0993],[1.7045,45.0987],[1.7043,45.0979],[1.7043,45.0977],[1.7045,45.0971],[1.7048,45.0965],[1.7049,45.0963],[1.7048,45.0954],[1.7046,45.095],[1.7041,45.0947],[1.7036,45.0946],[1.7027,45.0947],[1.7023,45.0945],[1.7022,45.0943],[1.702,45.0935],[1.702,45.0934],[1.7029,45.0924],[1.703,45.0922],[1.704,45.0892],[1.704,45.0888],[1.7024,45.0864],[1.7022,45.0861],[1.7015,45.0833],[1.7012,45.0828],[1.7005,45.0822],[1.7003,45.082],[1.7002,45.0816],[1.7,45.0813],[1.6999,45.0807],[1.6998,45.0804],[1.7,45.0798],[1.6999,45.0796],[1.6994,45.0793],[1.6993,45.0791],[1.6996,45.0787],[1.6995,45.0785],[1.6992,45.0783],[1.699,45.0777],[1.6991,45.0776],[1.6998,45.0772],[1.6999,45.0768],[1.6998,45.0763],[1.7,45.076],[1.7002,45.0759],[1.701,45.0759],[1.7014,45.0758],[1.7019,45.0756],[1.7021,45.0753],[1.7021,45.0751],[1.7019,45.0744],[1.7019,45.0742],[1.7022,45.0736],[1.7019,45.0733],[1.7006,45.073],[1.7002,45.0728],[1.6997,45.0723],[1.6995,45.0722],[1.6989,45.0721],[1.6972,45.072],[1.6967,45.0722],[1.6965,45.0723],[1.6962,45.0727],[1.6959,45.0728],[1.6958,45.0727],[1.6954,45.0715],[1.6952,45.0712],[1.6948,45.0708],[1.6946,45.0707],[1.6943,45.0707],[1.6938,45.0709],[1.6935,45.0708],[1.6934,45.0707],[1.6939,45.07],[1.6939,45.0697],[1.694,45.068],[1.6939,45.0673],[1.6935,45.0667],[1.6922,45.0655],[1.6919,45.065],[1.6915,45.0641],[1.691,45.0637],[1.6907,45.0632],[1.6901,45.0628],[1.6893,45.0626],[1.688,45.0617],[1.6877,45.0617],[1.687,45.0621],[1.6864,45.0623],[1.6862,45.0626],[1.6852,45.0632],[1.6851,45.0634],[1.685,45.0639],[1.6851,45.0658],[1.685,45.0659],[1.6848,45.0658],[1.6838,45.065],[1.6835,45.0648],[1.6824,45.0644],[1.6821,45.0641],[1.682,45.0636],[1.6819,45.0635],[1.6809,45.063],[1.6806,45.0629],[1.6799,45.0629],[1.6797,45.0629],[1.6789,45.0634],[1.6788,45.0637],[1.679,45.0647],[1.6793,45.0651],[1.6789,45.0659],[1.6786,45.0659],[1.6782,45.065],[1.6782,45.0645],[1.6778,45.0636],[1.6775,45.0632],[1.6775,45.0628],[1.6777,45.0624],[1.6774,45.0617],[1.6775,45.0612],[1.6773,45.0604],[1.6771,45.0602],[1.6764,45.0599],[1.6763,45.0598],[1.6763,45.0595],[1.6763,45.0592],[1.6759,45.0588],[1.6746,45.0579],[1.6744,45.0577],[1.6743,45.0574],[1.6743,45.0564],[1.6737,45.056],[1.6734,45.0555],[1.6731,45.0551],[1.673,45.055],[1.6733,45.0538],[1.6733,45.0537]]}},{"type":"Feature","properties":{"rang":"departementale"},"geometry":{"type":"LineString","coordinates":[[1.4316,45.1232],[1.4341,45.1245],[1.4349,45.125],[1.4357,45.1257],[1.4366,45.1267],[1.4382,45.128],[1.4384,45.1283]]}},{"type":"Feature","properties":{"rang":"departementale"},"geometry":{"type":"LineString","coordinates":[[1.5312,45.1687],[1.5315,45.1676],[1.5317,45.1664],[1.5319,45.1656]]}},{"type":"Feature","properties":{"rang":"departementale"},"geometry":{"type":"LineString","coordinates":[[1.4849,45.1393],[1.4852,45.1395],[1.485,45.1396],[1.4847,45.1395],[1.4849,45.1393]]}},{"type":"Feature","properties":{"rang":"departementale"},"geometry":{"type":"LineString","coordinates":[[1.4851,45.1394],[1.4857,45.1396]]}},{"type":"Feature","properties":{"rang":"departementale"},"geometry":{"type":"LineString","coordinates":[[1.4844,45.1392],[1.4834,45.1388],[1.4826,45.1386],[1.4815,45.1383]]}},{"type":"Feature","properties":{"rang":"departementale"},"geometry":{"type":"LineString","coordinates":[[1.4847,45.1395],[1.4844,45.1392],[1.4849,45.1393]]}},{"type":"Feature","properties":{"rang":"departementale"},"geometry":{"type":"LineString","coordinates":[[1.7126,45.1797],[1.713,45.179],[1.7133,45.1787],[1.7141,45.1785],[1.7144,45.1784],[1.7152,45.1785],[1.7156,45.1784],[1.7165,45.178],[1.7173,45.1778],[1.7177,45.1776],[1.7179,45.1773],[1.7182,45.1766],[1.7185,45.1764],[1.7195,45.1762],[1.7198,45.1761],[1.7202,45.1757],[1.7206,45.1751],[1.7211,45.174],[1.7212,45.1738],[1.7215,45.1736],[1.7223,45.1736],[1.7225,45.1737],[1.7229,45.1742],[1.7231,45.1743],[1.7238,45.1744],[1.7242,45.1743],[1.725,45.1738],[1.7256,45.1736],[1.7266,45.1736],[1.7268,45.1735],[1.7277,45.1732],[1.7285,45.173],[1.729,45.173],[1.7295,45.1732],[1.7299,45.1733],[1.7302,45.1732],[1.7307,45.173],[1.7312,45.1729],[1.7317,45.173],[1.7323,45.1731],[1.7326,45.1733],[1.7328,45.1733],[1.7332,45.1731],[1.7336,45.1729],[1.7338,45.1728],[1.7342,45.1724],[1.7343,45.172],[1.7341,45.1716],[1.7341,45.1713],[1.7342,45.1711],[1.7349,45.1708],[1.7356,45.1707],[1.7361,45.1707],[1.7369,45.1705],[1.7374,45.1702],[1.7387,45.1697],[1.7392,45.1694],[1.7394,45.1693],[1.7403,45.1692],[1.7409,45.1688],[1.7417,45.168],[1.742,45.1674],[1.7427,45.1667],[1.743,45.1662],[1.7433,45.1659],[1.7436,45.1657],[1.7447,45.1653],[1.7453,45.1652],[1.7457,45.165],[1.7463,45.1646],[1.7467,45.1642],[1.7474,45.1635],[1.7477,45.1629],[1.748,45.1626],[1.7496,45.1615],[1.7504,45.1608],[1.7508,45.1606],[1.7515,45.1604],[1.7518,45.1602],[1.7538,45.1567],[1.7539,45.1565],[1.7541,45.1555],[1.754,45.1551],[1.7539,45.1551],[1.7532,45.1549],[1.7526,45.1546],[1.7523,45.1541],[1.7521,45.1536],[1.752,45.1528],[1.7521,45.1525],[1.7525,45.1522],[1.7527,45.1521],[1.7526,45.1518],[1.752,45.1513],[1.7517,45.1509],[1.7509,45.1505],[1.7503,45.1503],[1.7501,45.1502],[1.75,45.1498],[1.7498,45.1493],[1.7498,45.1488],[1.7495,45.1484],[1.7494,45.148],[1.7495,45.1475],[1.7494,45.1472],[1.7478,45.1455],[1.747,45.145],[1.7467,45.1446],[1.7467,45.1444],[1.7469,45.1438],[1.7471,45.1432],[1.7471,45.1419],[1.7473,45.1411],[1.7476,45.1407],[1.7489,45.1397],[1.749,45.1393],[1.7482,45.1388],[1.7479,45.1385],[1.7463,45.1362],[1.7455,45.1356],[1.7455,45.1354],[1.7457,45.1352],[1.7465,45.1349],[1.7469,45.1349],[1.7486,45.1349],[1.749,45.1348],[1.7503,45.1342],[1.7507,45.1338],[1.7506,45.1335],[1.7494,45.1328],[1.7493,45.1327],[1.7484,45.1315],[1.7484,45.1313],[1.7485,45.1309],[1.7484,45.1307]]}},{"type":"Feature","properties":{"rang":"departementale"},"geometry":{"type":"LineString","coordinates":[[1.5811,45.1864],[1.5818,45.1879],[1.582,45.1884]]}},{"type":"Feature","properties":{"rang":"departementale"},"geometry":{"type":"LineString","coordinates":[[1.6734,45.0537],[1.6734,45.0537]]}},{"type":"Feature","properties":{"rang":"departementale"},"geometry":{"type":"LineString","coordinates":[[1.674,45.0535],[1.6745,45.0537],[1.6756,45.0551],[1.6759,45.0554],[1.6763,45.0556],[1.677,45.0554],[1.6775,45.0552],[1.6788,45.0546],[1.6792,45.0542],[1.6797,45.0537],[1.6799,45.0535],[1.6805,45.0533],[1.6809,45.0531],[1.681,45.0527],[1.6809,45.0526],[1.6802,45.052],[1.68,45.0516],[1.68,45.0507],[1.68,45.05],[1.6803,45.0495],[1.6811,45.0488],[1.6815,45.0486],[1.682,45.0486],[1.6827,45.0488],[1.6833,45.0488],[1.6837,45.0487],[1.6842,45.0484],[1.6843,45.0481],[1.6845,45.0477],[1.6848,45.0473],[1.685,45.0472],[1.6856,45.047],[1.6865,45.047],[1.6869,45.0469],[1.6873,45.0467],[1.6879,45.0462],[1.6886,45.0458],[1.6892,45.0456],[1.6902,45.0456],[1.691,45.0454],[1.6929,45.0446],[1.6935,45.0444],[1.6942,45.0442],[1.6954,45.0441],[1.696,45.0439],[1.6963,45.0437],[1.6971,45.0431],[1.698,45.0427],[1.6987,45.0423],[1.6995,45.0413],[1.6998,45.0411],[1.7002,45.0409],[1.7023,45.0406],[1.7043,45.0402],[1.7055,45.0401],[1.7063,45.0399],[1.7071,45.0397],[1.7074,45.0397],[1.7097,45.0387],[1.7119,45.0377],[1.715,45.0364],[1.7158,45.0362],[1.7164,45.0361],[1.717,45.0362],[1.7189,45.0364],[1.7195,45.0364],[1.7203,45.0363],[1.7208,45.0361],[1.7216,45.0357],[1.7225,45.0354],[1.725,45.0348],[1.7257,45.0347],[1.728,45.0344],[1.732,45.034],[1.7347,45.0337],[1.7356,45.0337],[1.7365,45.034],[1.7373,45.0343],[1.7377,45.0346],[1.738,45.035],[1.7384,45.0356],[1.7389,45.0359],[1.7396,45.036],[1.7403,45.036],[1.7406,45.0358],[1.7415,45.0355],[1.7419,45.0354],[1.7425,45.0356],[1.7429,45.0356],[1.744,45.0357],[1.7445,45.0358],[1.7448,45.0359],[1.7451,45.0362],[1.7461,45.0377],[1.7463,45.038],[1.7469,45.0385],[1.7474,45.0393],[1.7478,45.0396]]}},{"type":"Feature","properties":{"rang":"departementale"},"geometry":{"type":"LineString","coordinates":[[1.491,45.1418],[1.4907,45.1419],[1.4905,45.1418],[1.4907,45.1416],[1.491,45.1418]]}},{"type":"Feature","properties":{"rang":"departementale"},"geometry":{"type":"LineString","coordinates":[[1.6922,45.2113],[1.6925,45.2114],[1.6935,45.2114],[1.6938,45.2115],[1.6942,45.2125],[1.6944,45.2127],[1.6947,45.213],[1.6951,45.2131],[1.6957,45.2136],[1.6962,45.2138],[1.6969,45.2139],[1.6976,45.2138],[1.6977,45.2141],[1.6975,45.2144],[1.6975,45.2146],[1.698,45.2146],[1.6984,45.2145],[1.6986,45.2146],[1.6985,45.215],[1.6987,45.2152],[1.6993,45.2153],[1.7003,45.2158],[1.7004,45.216],[1.7009,45.2163],[1.7008,45.2164],[1.7003,45.2168],[1.7007,45.2171],[1.7011,45.2183],[1.7008,45.2177],[1.7006,45.2172],[1.7003,45.2168]]}},{"type":"Feature","properties":{"rang":"departementale"},"geometry":{"type":"LineString","coordinates":[[1.6969,45.2102],[1.6967,45.2098],[1.6963,45.2098],[1.6953,45.2103],[1.6946,45.2108],[1.6942,45.2108],[1.6934,45.2109],[1.693,45.2108],[1.6921,45.2104],[1.6917,45.2104],[1.6918,45.2107],[1.6917,45.2111],[1.6922,45.2113]]}},{"type":"Feature","properties":{"rang":"departementale"},"geometry":{"type":"LineString","coordinates":[[1.5731,45.1712],[1.5732,45.1711],[1.5754,45.1697],[1.5764,45.1691],[1.5774,45.1683],[1.5782,45.1677],[1.5786,45.1671]]}},{"type":"Feature","properties":{"rang":"departementale"},"geometry":{"type":"LineString","coordinates":[[1.5793,45.166],[1.5793,45.1662],[1.579,45.1661],[1.5793,45.166]]}},{"type":"Feature","properties":{"rang":"departementale"},"geometry":{"type":"LineString","coordinates":[[1.5793,45.1657],[1.5794,45.1654],[1.58,45.164],[1.5806,45.1632],[1.5811,45.1625],[1.5812,45.1622]]}},{"type":"Feature","properties":{"rang":"departementale"},"geometry":{"type":"LineString","coordinates":[[1.5731,45.1711],[1.5731,45.1711]]}},{"type":"Feature","properties":{"rang":"departementale"},"geometry":{"type":"LineString","coordinates":[[1.5318,45.1507],[1.5319,45.1509]]}},{"type":"Feature","properties":{"rang":"departementale"},"geometry":{"type":"LineString","coordinates":[[1.7264,44.9884],[1.7261,44.988],[1.7257,44.9877],[1.7252,44.9876],[1.7247,44.9876],[1.7232,44.9878],[1.7226,44.9878],[1.7218,44.9877],[1.7212,44.9877],[1.7204,44.9878],[1.72,44.9878],[1.7196,44.9877],[1.719,44.9874],[1.7187,44.9869],[1.7185,44.9862],[1.7183,44.9859],[1.7179,44.9855],[1.7173,44.985],[1.7169,44.9847],[1.7163,44.9844],[1.7157,44.9842],[1.7149,44.9841],[1.7147,44.984],[1.7143,44.9837],[1.714,44.983],[1.7137,44.9826],[1.7134,44.9824],[1.7118,44.9814],[1.7115,44.9812],[1.7114,44.9809],[1.7112,44.9776],[1.7111,44.9771],[1.7103,44.9752],[1.7102,44.9748],[1.7103,44.9734],[1.7105,44.9726],[1.7115,44.9695],[1.7118,44.9691],[1.7124,44.9686],[1.7126,44.9684],[1.7137,44.9648],[1.7157,44.9588]]}},{"type":"Feature","properties":{"rang":"departementale"},"geometry":{"type":"LineString","coordinates":[[1.6343,45.0022],[1.6279,45.0054],[1.6265,45.0061],[1.6256,45.0066],[1.625,45.0069],[1.624,45.0077],[1.621,45.0101],[1.6175,45.0128],[1.6166,45.0135],[1.6161,45.0138],[1.6139,45.0149],[1.6137,45.015],[1.6135,45.0153],[1.6135,45.0155],[1.6138,45.0162],[1.6138,45.0166],[1.6135,45.017],[1.6131,45.0176],[1.6129,45.0182],[1.6129,45.0192],[1.6126,45.0199],[1.6122,45.0203],[1.6118,45.0206],[1.6105,45.0214],[1.6098,45.0219],[1.6096,45.0222],[1.6093,45.0229],[1.6085,45.0258],[1.6084,45.0262],[1.6075,45.0283],[1.6072,45.0289],[1.607,45.0292],[1.6061,45.0302],[1.6058,45.0307],[1.6056,45.031],[1.6053,45.0325],[1.6052,45.0329],[1.6049,45.0334],[1.6036,45.0351]]}},{"type":"Feature","properties":{"rang":"departementale"},"geometry":{"type":"LineString","coordinates":[[1.4442,45.1452],[1.4439,45.1447],[1.4438,45.1442],[1.4435,45.1437],[1.4428,45.1415],[1.4427,45.1414]]}},{"type":"Feature","properties":{"rang":"departementale"},"geometry":{"type":"LineString","coordinates":[[1.4442,45.1452],[1.4444,45.1452],[1.4445,45.1454],[1.4443,45.1454],[1.4441,45.1453],[1.4442,45.1452]]}},{"type":"Feature","properties":{"rang":"departementale"},"geometry":{"type":"LineString","coordinates":[[1.4445,45.1454],[1.4446,45.1457]]}},{"type":"Feature","properties":{"rang":"departementale"},"geometry":{"type":"LineString","coordinates":[[1.4492,45.1397],[1.4491,45.1394],[1.4485,45.1384],[1.4486,45.1381],[1.4483,45.1377],[1.4484,45.1375]]}},{"type":"Feature","properties":{"rang":"departementale"},"geometry":{"type":"LineString","coordinates":[[1.4482,45.14],[1.4492,45.1397]]}},{"type":"Feature","properties":{"rang":"departementale"},"geometry":{"type":"LineString","coordinates":[[1.4432,45.1411],[1.4439,45.1409],[1.4447,45.1406],[1.445,45.1406],[1.4458,45.1408],[1.4465,45.1407],[1.4467,45.1406],[1.4482,45.14]]}},{"type":"Feature","properties":{"rang":"departementale"},"geometry":{"type":"LineString","coordinates":[[1.4426,45.1411],[1.4427,45.1408]]}},{"type":"Feature","properties":{"rang":"departementale"},"geometry":{"type":"LineString","coordinates":[[1.443,45.1411],[1.4431,45.1412]]}},{"type":"Feature","properties":{"rang":"departementale"},"geometry":{"type":"LineString","coordinates":[[1.443,45.1414],[1.4428,45.1416]]}},{"type":"Feature","properties":{"rang":"departementale"},"geometry":{"type":"LineString","coordinates":[[1.4747,45.134],[1.474,45.1337],[1.4731,45.1335],[1.4728,45.1334],[1.4722,45.133],[1.4716,45.1327],[1.4707,45.1327],[1.4703,45.1327],[1.47,45.1326],[1.4696,45.1323],[1.4696,45.1319],[1.4697,45.1315],[1.4699,45.131],[1.4699,45.1306],[1.47,45.1296],[1.4704,45.1282],[1.4704,45.1278],[1.4701,45.1271],[1.4701,45.1268],[1.4702,45.1263],[1.4702,45.1261],[1.4701,45.1258],[1.4698,45.1254],[1.4693,45.125],[1.469,45.1244],[1.4689,45.1239],[1.4689,45.1234],[1.4689,45.1232],[1.4684,45.1225],[1.468,45.1219],[1.4676,45.1215],[1.4672,45.1213],[1.467,45.121],[1.4669,45.1207],[1.4669,45.1199],[1.4667,45.1196],[1.466,45.1191],[1.4652,45.1181],[1.4643,45.1172],[1.4637,45.1161],[1.4635,45.1159],[1.4626,45.1152],[1.4624,45.115],[1.4623,45.1147],[1.4628,45.1135],[1.4629,45.1133],[1.4635,45.1129],[1.464,45.1126],[1.4652,45.1121],[1.4653,45.1116],[1.4653,45.1105],[1.4653,45.1103],[1.4648,45.1096],[1.4646,45.1086],[1.4648,45.1084],[1.4658,45.1074],[1.466,45.1072],[1.4667,45.1071],[1.4669,45.107],[1.467,45.1066],[1.467,45.1061],[1.467,45.1059],[1.4673,45.1055],[1.4672,45.1052],[1.4668,45.1051],[1.4659,45.105],[1.4646,45.1049],[1.4644,45.1048],[1.4634,45.1045],[1.4633,45.1044],[1.4632,45.1039],[1.4629,45.1039],[1.4625,45.1041],[1.4618,45.1042],[1.4616,45.1041],[1.4614,45.1038],[1.461,45.1035],[1.4608,45.1031]]}},{"type":"Feature","properties":{"rang":"departementale"},"geometry":{"type":"LineString","coordinates":[[1.4817,45.1382],[1.482,45.1384]]}},{"type":"Feature","properties":{"rang":"departementale"},"geometry":{"type":"LineString","coordinates":[[1.4813,45.1381],[1.4813,45.1378],[1.4816,45.138]]}},{"type":"Feature","properties":{"rang":"departementale"},"geometry":{"type":"LineString","coordinates":[[1.4813,45.1383],[1.4812,45.1382],[1.4814,45.138],[1.4817,45.1382],[1.4815,45.1383],[1.4813,45.1383]]}},{"type":"Feature","properties":{"rang":"departementale"},"geometry":{"type":"LineString","coordinates":[[1.4607,45.1907],[1.4624,45.1904]]}},{"type":"Feature","properties":{"rang":"departementale"},"geometry":{"type":"LineString","coordinates":[[1.5298,45.159],[1.5305,45.1592]]}},{"type":"Feature","properties":{"rang":"departementale"},"geometry":{"type":"LineString","coordinates":[[1.5345,45.161],[1.5343,45.1611],[1.5332,45.1609],[1.5329,45.1609]]}},{"type":"Feature","properties":{"rang":"departementale"},"geometry":{"type":"LineString","coordinates":[[1.478,45.1002],[1.4779,45.0992],[1.4777,45.0988],[1.4772,45.0981],[1.4765,45.0973],[1.4763,45.0971],[1.4756,45.0966],[1.4747,45.0961],[1.474,45.096],[1.4735,45.096],[1.4732,45.0959],[1.4725,45.0957],[1.472,45.0954],[1.4713,45.0952],[1.4709,45.0949],[1.4703,45.0949],[1.4698,45.0946],[1.4697,45.0943],[1.4698,45.0936],[1.4702,45.093],[1.4701,45.0925],[1.4699,45.0922],[1.47,45.0919],[1.4704,45.0915],[1.4706,45.091],[1.4706,45.0906],[1.4706,45.0901],[1.4705,45.0897],[1.4702,45.0892],[1.4703,45.0889],[1.4702,45.0882]]}},{"type":"Feature","properties":{"rang":"departementale"},"geometry":{"type":"LineString","coordinates":[[1.4901,45.1062],[1.4893,45.1064],[1.489,45.1064],[1.4881,45.106],[1.4875,45.106],[1.4864,45.1057],[1.4857,45.1053],[1.4855,45.1053],[1.4848,45.1052],[1.484,45.105],[1.4838,45.1049],[1.4834,45.1045],[1.4828,45.1041],[1.4823,45.104],[1.4816,45.104],[1.4813,45.1041],[1.4808,45.1042],[1.4806,45.1042],[1.4799,45.1037],[1.4792,45.1036],[1.4789,45.1034],[1.4786,45.103],[1.4786,45.102],[1.4783,45.1015],[1.4782,45.1013],[1.4782,45.1006],[1.478,45.1002]]}},{"type":"Feature","properties":{"rang":"departementale"},"geometry":{"type":"LineString","coordinates":[[1.4901,45.1414],[1.4884,45.1405]]}},{"type":"Feature","properties":{"rang":"departementale"},"geometry":{"type":"LineString","coordinates":[[1.5198,45.1526],[1.5184,45.1521],[1.5148,45.1504],[1.5136,45.1499],[1.5124,45.1494],[1.5112,45.1488],[1.5102,45.1485],[1.5077,45.148],[1.507,45.1478],[1.5056,45.1472],[1.5049,45.147],[1.5032,45.1465],[1.4997,45.1459],[1.4992,45.1458],[1.4965,45.1448],[1.4952,45.1443],[1.4954,45.1443],[1.4962,45.1446],[1.4966,45.1448]]}},{"type":"Feature","properties":{"rang":"departementale"},"geometry":{"type":"LineString","coordinates":[[1.4316,45.2157],[1.4317,45.2154],[1.4325,45.2103],[1.4326,45.2096],[1.4333,45.2071],[1.4335,45.2068],[1.4345,45.2054]]}},{"type":"Feature","properties":{"rang":"departementale"},"geometry":{"type":"LineString","coordinates":[[1.4935,45.1323],[1.4935,45.1319],[1.4928,45.1301],[1.4927,45.1298],[1.4926,45.1291],[1.4925,45.1288]]}},{"type":"Feature","properties":{"rang":"departementale"},"geometry":{"type":"LineString","coordinates":[[1.491,45.1414],[1.4911,45.1408],[1.4915,45.1403],[1.4924,45.1396],[1.4933,45.139],[1.4935,45.1387],[1.4936,45.1385],[1.4935,45.1353],[1.4935,45.1346],[1.4936,45.1336],[1.4935,45.1323]]}},{"type":"Feature","properties":{"rang":"departementale"},"geometry":{"type":"LineString","coordinates":[[1.6546,45.1357],[1.6549,45.1366],[1.655,45.1368],[1.6554,45.1369],[1.6558,45.1371],[1.6561,45.1373],[1.6561,45.1374],[1.6559,45.1427],[1.6552,45.1445],[1.655,45.1463],[1.655,45.1467],[1.6556,45.1482],[1.6558,45.1488],[1.6558,45.1492],[1.6563,45.1515],[1.657,45.153],[1.6576,45.1543],[1.658,45.1556],[1.658,45.1558],[1.6579,45.1566],[1.6579,45.1569],[1.6585,45.1575],[1.6588,45.158],[1.6588,45.1586],[1.6591,45.1598],[1.6591,45.1612],[1.6589,45.1615],[1.6586,45.1618],[1.658,45.1621],[1.6578,45.1623],[1.6577,45.1628],[1.6576,45.1631],[1.6564,45.1642],[1.6562,45.1645],[1.6562,45.1648],[1.6565,45.1655],[1.657,45.166],[1.6573,45.1666],[1.6574,45.1673],[1.6573,45.168],[1.657,45.1684],[1.6562,45.169],[1.6556,45.1694],[1.655,45.1695],[1.6543,45.1692],[1.6536,45.169],[1.6526,45.1688],[1.652,45.1686],[1.6514,45.1686],[1.651,45.1687],[1.6496,45.1696],[1.6492,45.1699],[1.6491,45.1702],[1.6488,45.1716],[1.6487,45.1718],[1.6484,45.1723],[1.6478,45.1728],[1.6474,45.1729],[1.6465,45.1731],[1.6462,45.1731],[1.6448,45.173],[1.644,45.173],[1.6436,45.1731],[1.6406,45.1747],[1.6404,45.1749],[1.6398,45.1757],[1.6397,45.1761],[1.6398,45.1764],[1.6402,45.177],[1.6408,45.1774],[1.642,45.1778],[1.6426,45.1781],[1.6429,45.1784],[1.643,45.1788],[1.6429,45.179],[1.6415,45.18],[1.641,45.1805],[1.6408,45.1808],[1.6406,45.1819]]}},{"type":"Feature","properties":{"rang":"departementale"},"geometry":{"type":"LineString","coordinates":[[1.5416,45.1957],[1.5416,45.1962]]}},{"type":"Feature","properties":{"rang":"departementale"},"geometry":{"type":"LineString","coordinates":[[1.4941,45.144],[1.4933,45.1437],[1.4927,45.1434],[1.4925,45.1434],[1.4916,45.1428],[1.4914,45.1428]]}},{"type":"Feature","properties":{"rang":"departementale"},"geometry":{"type":"LineString","coordinates":[[1.6605,44.9915],[1.6595,44.9918],[1.659,44.9921],[1.6583,44.9927],[1.658,44.9929],[1.6574,44.9932],[1.6554,44.9938],[1.6549,44.994],[1.6536,44.9946],[1.6531,44.9949],[1.6523,44.9951],[1.6506,44.9955],[1.6492,44.9959]]}},{"type":"Feature","properties":{"rang":"departementale"},"geometry":{"type":"LineString","coordinates":[[1.6606,44.9915],[1.6605,44.9915]]}},{"type":"Feature","properties":{"rang":"departementale"},"geometry":{"type":"LineString","coordinates":[[1.4639,45.1901],[1.4648,45.1897]]}},{"type":"Feature","properties":{"rang":"departementale"},"geometry":{"type":"LineString","coordinates":[[1.4563,45.1916],[1.4561,45.1916]]}},{"type":"Feature","properties":{"rang":"departementale"},"geometry":{"type":"LineString","coordinates":[[1.4587,45.1709],[1.4585,45.1705],[1.4586,45.1701],[1.4593,45.169],[1.4593,45.1687],[1.4591,45.168],[1.4589,45.1676],[1.4585,45.1673]]}},{"type":"Feature","properties":{"rang":"departementale"},"geometry":{"type":"LineString","coordinates":[[1.4564,45.1914],[1.4566,45.1914],[1.4571,45.1914],[1.4591,45.1909],[1.4607,45.1907]]}},{"type":"Feature","properties":{"rang":"departementale"},"geometry":{"type":"LineString","coordinates":[[1.5256,45.1523],[1.5251,45.1528],[1.5246,45.1531],[1.5241,45.1533],[1.5232,45.1534],[1.5224,45.1534],[1.5216,45.1533],[1.5198,45.1526]]}},{"type":"Feature","properties":{"rang":"departementale"},"geometry":{"type":"LineString","coordinates":[[1.454,45.2139],[1.4555,45.2118],[1.4557,45.2116],[1.4568,45.2111],[1.4572,45.2108],[1.4583,45.2095],[1.4608,45.2066],[1.4656,45.201],[1.466,45.2003],[1.4661,45.1995],[1.4666,45.196],[1.4666,45.1956],[1.4663,45.1949],[1.4659,45.1945],[1.4648,45.1937],[1.4645,45.1934],[1.4641,45.1929],[1.4639,45.1924],[1.464,45.1914],[1.4639,45.1911],[1.4637,45.1908]]}},{"type":"Feature","properties":{"rang":"departementale"},"geometry":{"type":"LineString","coordinates":[[1.5287,45.151],[1.5279,45.1514],[1.5258,45.1522],[1.5256,45.1523]]}},{"type":"Feature","properties":{"rang":"departementale"},"geometry":{"type":"LineString","coordinates":[[1.5292,45.151],[1.5292,45.151]]}},{"type":"Feature","properties":{"rang":"departementale"},"geometry":{"type":"LineString","coordinates":[[1.4677,45.1693],[1.4673,45.1692],[1.4677,45.1691]]}},{"type":"Feature","properties":{"rang":"departementale"},"geometry":{"type":"LineString","coordinates":[[1.5724,45.1017],[1.5725,45.1026],[1.5726,45.1033],[1.5726,45.1038],[1.5725,45.1041],[1.5723,45.1045],[1.5725,45.1039],[1.5726,45.1033],[1.5725,45.1026]]}},{"type":"Feature","properties":{"rang":"departementale"},"geometry":{"type":"LineString","coordinates":[[1.5226,45.1032],[1.5225,45.1033]]}},{"type":"Feature","properties":{"rang":"departementale"},"geometry":{"type":"LineString","coordinates":[[1.505,45.1523],[1.5051,45.152]]}},{"type":"Feature","properties":{"rang":"departementale"},"geometry":{"type":"LineString","coordinates":[[1.491,45.1414],[1.4909,45.1417]]}},{"type":"Feature","properties":{"rang":"departementale"},"geometry":{"type":"LineString","coordinates":[[1.4907,45.1416],[1.491,45.1414]]}},{"type":"Feature","properties":{"rang":"departementale"},"geometry":{"type":"LineString","coordinates":[[1.4903,45.1415],[1.4901,45.1414]]}},{"type":"Feature","properties":{"rang":"departementale"},"geometry":{"type":"LineString","coordinates":[[1.4912,45.1424],[1.491,45.1421],[1.4908,45.1419]]}},{"type":"Feature","properties":{"rang":"departementale"},"geometry":{"type":"LineString","coordinates":[[1.4905,45.1418],[1.4903,45.1415],[1.4907,45.1416]]}},{"type":"Feature","properties":{"rang":"departementale"},"geometry":{"type":"LineString","coordinates":[[1.491,45.1418],[1.491,45.1421]]}},{"type":"Feature","properties":{"rang":"departementale"},"geometry":{"type":"LineString","coordinates":[[1.4911,45.1426],[1.4912,45.1424],[1.4913,45.1426]]}},{"type":"Feature","properties":{"rang":"departementale"},"geometry":{"type":"LineString","coordinates":[[1.4913,45.1428],[1.491,45.1432],[1.4911,45.1427]]}},{"type":"Feature","properties":{"rang":"departementale"},"geometry":{"type":"LineString","coordinates":[[1.4914,45.1427],[1.4927,45.1434]]}},{"type":"Feature","properties":{"rang":"departementale"},"geometry":{"type":"LineString","coordinates":[[1.5789,45.1664],[1.5786,45.1671]]}},{"type":"Feature","properties":{"rang":"departementale"},"geometry":{"type":"LineString","coordinates":[[1.4673,45.1692],[1.4667,45.1688],[1.4662,45.1687],[1.4648,45.1686]]}},{"type":"Feature","properties":{"rang":"departementale"},"geometry":{"type":"LineString","coordinates":[[1.5237,45.1577],[1.5237,45.1574]]}},{"type":"Feature","properties":{"rang":"departementale"},"geometry":{"type":"LineString","coordinates":[[1.601,45.0367],[1.6005,45.0368],[1.6002,45.037],[1.5999,45.0376],[1.5996,45.0379],[1.5991,45.0384]]}},{"type":"Feature","properties":{"rang":"departementale"},"geometry":{"type":"LineString","coordinates":[[1.6393,44.9997],[1.6383,45.0002],[1.6375,45.0006],[1.6343,45.0022]]}},{"type":"Feature","properties":{"rang":"departementale"},"geometry":{"type":"LineString","coordinates":[[1.6293,45.071],[1.6281,45.0713],[1.628,45.0713],[1.6296,45.0709],[1.6304,45.0709],[1.6312,45.0711],[1.632,45.0712],[1.6326,45.0712],[1.633,45.0712],[1.6334,45.0711],[1.6338,45.0708],[1.6346,45.0702],[1.6351,45.07],[1.6354,45.07],[1.6363,45.0699],[1.6366,45.0698],[1.638,45.0692],[1.6384,45.069],[1.639,45.0689],[1.6396,45.0689],[1.64,45.069],[1.6406,45.0691],[1.642,45.0697],[1.6429,45.0701],[1.6435,45.0703],[1.644,45.0703],[1.6443,45.0703],[1.6448,45.0702],[1.6452,45.0699],[1.6459,45.0694],[1.6464,45.069],[1.6473,45.0673],[1.6476,45.067],[1.648,45.0668],[1.6484,45.0668],[1.6492,45.0667],[1.6496,45.0667],[1.65,45.0665],[1.6505,45.0662],[1.6508,45.0658],[1.6512,45.0653],[1.6515,45.0646],[1.6518,45.0641],[1.6523,45.0634],[1.6527,45.0632],[1.656,45.0615],[1.658,45.0606],[1.6585,45.0604],[1.66,45.0599],[1.661,45.0595],[1.6616,45.0592],[1.663,45.0581],[1.6636,45.0576],[1.664,45.0575],[1.6648,45.0573],[1.6678,45.057],[1.669,45.0567]]}},{"type":"Feature","properties":{"rang":"departementale"},"geometry":{"type":"LineString","coordinates":[[1.6199,45.0718],[1.6204,45.0722],[1.6208,45.0724],[1.6215,45.0726],[1.622,45.0727],[1.6237,45.0729],[1.6244,45.0729],[1.6249,45.0728],[1.6256,45.0724],[1.6263,45.0717],[1.627,45.0715],[1.628,45.0713]]}},{"type":"Feature","properties":{"rang":"departementale"},"geometry":{"type":"LineString","coordinates":[[1.5728,45.1009],[1.5736,45.1011],[1.5728,45.1011]]}},{"type":"Feature","properties":{"rang":"departementale"},"geometry":{"type":"LineString","coordinates":[[1.7303,45.2115],[1.7295,45.2114],[1.7285,45.2113],[1.7282,45.2112],[1.7279,45.2108],[1.7274,45.2105],[1.7269,45.2105],[1.7261,45.2105],[1.7254,45.2102],[1.725,45.2098],[1.7249,45.2094],[1.7248,45.2093],[1.7244,45.2093],[1.7236,45.2094],[1.7233,45.2095],[1.7232,45.2099],[1.7229,45.2101],[1.7221,45.2103],[1.7215,45.2102],[1.7208,45.2104],[1.7203,45.2104],[1.7197,45.2107],[1.7188,45.211],[1.7182,45.2112],[1.7177,45.2113],[1.7153,45.2116],[1.7141,45.212],[1.7139,45.212],[1.7128,45.2115],[1.7123,45.2114],[1.7118,45.2112],[1.7114,45.2109],[1.7107,45.2108],[1.7104,45.2109],[1.7102,45.211],[1.7098,45.2114],[1.7093,45.2117],[1.7084,45.2118],[1.7073,45.212],[1.7069,45.212],[1.7053,45.2118],[1.7048,45.2118],[1.7032,45.2122],[1.7029,45.2122],[1.702,45.2118],[1.7012,45.2115],[1.701,45.2114],[1.701,45.2111],[1.7008,45.2109],[1.7,45.2107],[1.6994,45.2105],[1.6987,45.2101],[1.6984,45.2101],[1.6981,45.2102],[1.6976,45.2105],[1.6972,45.2106],[1.697,45.2105],[1.6969,45.2102]]}},{"type":"Feature","properties":{"rang":"departementale"},"geometry":{"type":"LineString","coordinates":[[1.6881,44.9779],[1.6873,44.9782],[1.6861,44.9788],[1.6851,44.9794],[1.6839,44.9799],[1.6831,44.9803],[1.6796,44.9822],[1.6755,44.9842],[1.6734,44.9853],[1.6696,44.9872],[1.669,44.9876],[1.6651,44.9903],[1.6645,44.9905],[1.6606,44.9915]]}},{"type":"Feature","properties":{"rang":"departementale"},"geometry":{"type":"LineString","coordinates":[[1.6884,44.9777],[1.6885,44.9776],[1.6886,44.9778],[1.6884,44.9777]]}},{"type":"Feature","properties":{"rang":"departementale"},"geometry":{"type":"LineString","coordinates":[[1.6881,44.9779],[1.6884,44.9777]]}},{"type":"Feature","properties":{"rang":"departementale"},"geometry":{"type":"LineString","coordinates":[[1.6884,44.9778],[1.6881,44.9779]]}},{"type":"Feature","properties":{"rang":"departementale"},"geometry":{"type":"LineString","coordinates":[[1.6886,44.9776],[1.6888,44.9776]]}},{"type":"Feature","properties":{"rang":"departementale"},"geometry":{"type":"LineString","coordinates":[[1.5825,45.1008],[1.5806,45.1014],[1.5797,45.1016],[1.5792,45.1016],[1.5778,45.1015],[1.5736,45.1011]]}},{"type":"Feature","properties":{"rang":"departementale"},"geometry":{"type":"LineString","coordinates":[[1.585,45.0999],[1.5832,45.1006],[1.5826,45.1007],[1.5847,45.1],[1.5856,45.0996],[1.585,45.0999]]}},{"type":"Feature","properties":{"rang":"departementale"},"geometry":{"type":"LineString","coordinates":[[1.6008,45.0845],[1.6012,45.0846],[1.6025,45.0848],[1.6033,45.0851],[1.6045,45.0857],[1.6055,45.0861],[1.6061,45.0864],[1.6063,45.0867],[1.6064,45.0871],[1.6062,45.0875],[1.6059,45.0876],[1.605,45.088],[1.6047,45.0883],[1.6043,45.0887],[1.6041,45.0892],[1.6042,45.0896],[1.6047,45.0903],[1.6049,45.0907],[1.6047,45.0912],[1.6045,45.0914],[1.6039,45.0916],[1.6033,45.0917],[1.6028,45.0916],[1.6024,45.0915],[1.6019,45.0913],[1.6015,45.0911],[1.6002,45.09],[1.5995,45.0897],[1.5991,45.0896],[1.5985,45.0896],[1.5978,45.0898],[1.5974,45.0901],[1.5968,45.091],[1.5964,45.0913],[1.596,45.0916],[1.5955,45.0917],[1.5934,45.0925],[1.5926,45.0927],[1.5901,45.0934],[1.5893,45.0937],[1.5886,45.0942],[1.5884,45.0947],[1.5863,45.0988],[1.586,45.0992]]}},{"type":"Feature","properties":{"rang":"departementale"},"geometry":{"type":"LineString","coordinates":[[1.6298,45.0709],[1.6293,45.071],[1.6294,45.0709]]}},{"type":"Feature","properties":{"rang":"departementale"},"geometry":{"type":"LineString","coordinates":[[1.6179,45.0708],[1.6187,45.071],[1.6194,45.0714],[1.6199,45.0718]]}},{"type":"Feature","properties":{"rang":"departementale"},"geometry":{"type":"LineString","coordinates":[[1.6146,45.0714],[1.6135,45.0717],[1.6117,45.072],[1.6112,45.0722],[1.6109,45.0724],[1.6105,45.0727],[1.6089,45.0745],[1.6085,45.0749],[1.6077,45.0755],[1.6065,45.0761],[1.6059,45.0763],[1.6052,45.0762],[1.6039,45.0758],[1.6032,45.0757],[1.6025,45.0758],[1.6021,45.0761],[1.6018,45.0764],[1.6017,45.0767],[1.6018,45.0773],[1.602,45.0779],[1.602,45.0783],[1.6017,45.0786],[1.6015,45.0788],[1.6008,45.0792],[1.6006,45.0794],[1.5998,45.0803],[1.5996,45.0807],[1.5996,45.0811],[1.5996,45.0823],[1.5996,45.0829],[1.5996,45.0835],[1.5999,45.084],[1.6003,45.0843],[1.6008,45.0845]]}},{"type":"Feature","properties":{"rang":"departementale"},"geometry":{"type":"LineString","coordinates":[[1.63,45.0709],[1.6298,45.0709]]}},{"type":"Feature","properties":{"rang":"departementale"},"geometry":{"type":"LineString","coordinates":[[1.6728,45.0557],[1.673,45.055]]}},{"type":"Feature","properties":{"rang":"departementale"},"geometry":{"type":"LineString","coordinates":[[1.4381,45.1283],[1.4382,45.128]]}},{"type":"Feature","properties":{"rang":"departementale"},"geometry":{"type":"LineString","coordinates":[[1.6731,45.0533],[1.6722,45.0522],[1.6719,45.052],[1.6707,45.0512],[1.67,45.0509],[1.6696,45.0505],[1.6696,45.0501],[1.67,45.0493],[1.67,45.049],[1.67,45.0486],[1.6698,45.0479],[1.6698,45.0474],[1.6701,45.0464],[1.6706,45.0449],[1.6706,45.0446],[1.6705,45.044],[1.6702,45.0429]]}},{"type":"Feature","properties":{"rang":"departementale"},"geometry":{"type":"LineString","coordinates":[[1.5226,45.1032],[1.5228,45.1029],[1.5234,45.1017],[1.5234,45.1015],[1.5233,45.1012],[1.5231,45.101],[1.5226,45.1007],[1.5217,45.1003],[1.5214,45.1001],[1.5212,45.0998],[1.5212,45.0992],[1.5212,45.099],[1.5215,45.0984],[1.5216,45.0979]]}},{"type":"Feature","properties":{"rang":"departementale"},"geometry":{"type":"LineString","coordinates":[[1.6642,44.9906],[1.6648,44.9904],[1.6653,44.9902]]}},{"type":"Feature","properties":{"rang":"departementale"},"geometry":{"type":"LineString","coordinates":[[1.6537,45.1354],[1.6539,45.1355],[1.6543,45.1356],[1.6546,45.1357]]}},{"type":"Feature","properties":{"rang":"departementale"},"geometry":{"type":"LineString","coordinates":[[1.601,45.0367],[1.6019,45.0366]]}},{"type":"Feature","properties":{"rang":"departementale"},"geometry":{"type":"LineString","coordinates":[[1.6026,45.0365],[1.6024,45.0365]]}},{"type":"Feature","properties":{"rang":"departementale"},"geometry":{"type":"LineString","coordinates":[[1.5199,45.1535],[1.5205,45.1539],[1.521,45.1541],[1.5245,45.1556]]}},{"type":"Feature","properties":{"rang":"departementale"},"geometry":{"type":"LineString","coordinates":[[1.5356,45.1571],[1.5363,45.1574],[1.5372,45.1575],[1.5382,45.1575]]}},{"type":"Feature","properties":{"rang":"departementale"},"geometry":{"type":"LineString","coordinates":[[1.5415,45.1951],[1.5415,45.1954]]}},{"type":"Feature","properties":{"rang":"departementale"},"geometry":{"type":"LineString","coordinates":[[1.5858,45.2176],[1.5862,45.2139],[1.5864,45.2118],[1.5864,45.2112],[1.5863,45.2107],[1.586,45.2099],[1.5855,45.2092],[1.5848,45.2086],[1.584,45.208],[1.5835,45.2078],[1.5831,45.2075],[1.5829,45.2072],[1.5825,45.2063],[1.5818,45.2055],[1.5816,45.2048],[1.5816,45.2039],[1.5814,45.2031],[1.5811,45.2025],[1.5806,45.2018],[1.5787,45.1998],[1.5784,45.1995],[1.5784,45.1993],[1.5785,45.1986],[1.5788,45.1981],[1.5822,45.1936],[1.5824,45.1932],[1.5824,45.1926],[1.5821,45.1885],[1.582,45.1884]]}},{"type":"Feature","properties":{"rang":"departementale"},"geometry":{"type":"LineString","coordinates":[[1.6698,45.0565],[1.6725,45.056],[1.6728,45.0557]]}},{"type":"Feature","properties":{"rang":"departementale"},"geometry":{"type":"LineString","coordinates":[[1.6147,45.0714],[1.6146,45.0714]]}},{"type":"Feature","properties":{"rang":"departementale"},"geometry":{"type":"LineString","coordinates":[[1.6169,45.0708],[1.6163,45.0709],[1.6158,45.071],[1.6147,45.0714]]}},{"type":"Feature","properties":{"rang":"departementale"},"geometry":{"type":"LineString","coordinates":[[1.6732,45.0535],[1.6731,45.0533]]}},{"type":"Feature","properties":{"rang":"departementale"},"geometry":{"type":"LineString","coordinates":[[1.7471,45.0719],[1.7468,45.0714],[1.7463,45.071],[1.7455,45.0702],[1.745,45.0699],[1.7436,45.0694],[1.7432,45.0692],[1.7422,45.0686],[1.7414,45.0681],[1.7408,45.0676],[1.7403,45.067],[1.7396,45.066],[1.7379,45.0631],[1.7377,45.063]]}},{"type":"Feature","properties":{"rang":"departementale"},"geometry":{"type":"LineString","coordinates":[[1.7431,44.993],[1.7427,44.9929],[1.7417,44.9927],[1.7405,44.9923],[1.7393,44.9916],[1.7388,44.9916],[1.7374,44.9916],[1.7368,44.9917],[1.7363,44.9919],[1.7356,44.9921],[1.7351,44.992],[1.7349,44.9919],[1.7339,44.9911],[1.7334,44.991],[1.7325,44.9914],[1.7323,44.9915],[1.7317,44.9916],[1.7305,44.9915],[1.7302,44.9914],[1.7294,44.9909],[1.7286,44.9905],[1.7281,44.9901],[1.7272,44.9895],[1.7271,44.9893],[1.7264,44.9884]]}},{"type":"Feature","properties":{"rang":"departementale"},"geometry":{"type":"LineString","coordinates":[[1.7382,45.1733],[1.7395,45.1739],[1.7404,45.1743],[1.7405,45.1746],[1.7406,45.1749],[1.7407,45.1751],[1.7411,45.1755],[1.7413,45.1756],[1.742,45.1758],[1.743,45.1758],[1.7435,45.1761],[1.7453,45.1782],[1.7455,45.1784],[1.7458,45.1785],[1.749,45.179],[1.7493,45.1791],[1.7503,45.1801],[1.7505,45.1802],[1.7514,45.1804],[1.752,45.1807],[1.7523,45.181],[1.7526,45.1814],[1.753,45.1816],[1.7536,45.1816],[1.7547,45.1815],[1.7552,45.1815],[1.7556,45.1816],[1.7559,45.1818],[1.7563,45.1823],[1.7579,45.1832],[1.7592,45.1837],[1.7606,45.1844],[1.761,45.1844],[1.7613,45.1844],[1.7615,45.1842]]}},{"type":"Feature","properties":{"rang":"departementale"},"geometry":{"type":"LineString","coordinates":[[1.5723,45.1045],[1.5715,45.1063],[1.5713,45.1066],[1.5709,45.1072],[1.5703,45.1079],[1.5699,45.1082],[1.5691,45.1087],[1.5673,45.1096],[1.5669,45.1098]]}},{"type":"Feature","properties":{"rang":"departementale"},"geometry":{"type":"LineString","coordinates":[[1.723,45.0915],[1.7237,45.0908],[1.7238,45.0906],[1.7237,45.0903]]}},{"type":"Feature","properties":{"rang":"departementale"},"geometry":{"type":"LineString","coordinates":[[1.707,45.1066],[1.708,45.1065],[1.7086,45.1063],[1.7091,45.1059],[1.711,45.1037],[1.7116,45.1034],[1.712,45.1035],[1.7124,45.1037],[1.7128,45.1046],[1.7129,45.1047],[1.7133,45.1047],[1.7135,45.1045],[1.7135,45.1025],[1.7134,45.1021],[1.713,45.1017],[1.7127,45.101],[1.7129,45.1003],[1.7146,45.097],[1.7153,45.0957],[1.7157,45.0954],[1.716,45.0952],[1.7167,45.0951],[1.7172,45.0951],[1.718,45.0953],[1.7189,45.0952],[1.7195,45.0951],[1.7198,45.095],[1.7202,45.0947],[1.7205,45.0945],[1.723,45.0915]]}},{"type":"Feature","properties":{"rang":"departementale"},"geometry":{"type":"LineString","coordinates":[[1.6736,45.0535],[1.674,45.0535]]}},{"type":"Feature","properties":{"rang":"departementale"},"geometry":{"type":"LineString","coordinates":[[1.5814,45.1623],[1.5811,45.1625]]}},{"type":"Feature","properties":{"rang":"departementale"},"geometry":{"type":"LineString","coordinates":[[1.5793,45.1657],[1.5793,45.166]]}},{"type":"Feature","properties":{"rang":"departementale"},"geometry":{"type":"LineString","coordinates":[[1.5791,45.166],[1.5793,45.1657]]}},{"type":"Feature","properties":{"rang":"departementale"},"geometry":{"type":"LineString","coordinates":[[1.5789,45.1664],[1.579,45.1661]]}},{"type":"Feature","properties":{"rang":"departementale"},"geometry":{"type":"LineString","coordinates":[[1.5792,45.1662],[1.5789,45.1664]]}},{"type":"Feature","properties":{"rang":"departementale"},"geometry":{"type":"LineString","coordinates":[[1.6401,44.9995],[1.6401,44.9995]]}},{"type":"Feature","properties":{"rang":"departementale"},"geometry":{"type":"LineString","coordinates":[[1.6393,44.9997],[1.6399,44.9995]]}},{"type":"Feature","properties":{"rang":"departementale"},"geometry":{"type":"LineString","coordinates":[[1.64,44.9994],[1.6403,44.9994]]}},{"type":"Feature","properties":{"rang":"departementale"},"geometry":{"type":"LineString","coordinates":[[1.4895,45.1482],[1.4898,45.1478]]}},{"type":"Feature","properties":{"rang":"departementale"},"geometry":{"type":"LineString","coordinates":[[1.7352,45.2097],[1.7352,45.2097],[1.7356,45.2105],[1.7358,45.2108],[1.7367,45.211],[1.7369,45.2111],[1.7372,45.2115],[1.7374,45.2119],[1.7377,45.2121],[1.7382,45.2121],[1.7391,45.2124],[1.7395,45.2129],[1.7397,45.213],[1.7401,45.2131],[1.7408,45.2132],[1.7412,45.2133],[1.7421,45.2137],[1.7423,45.2138],[1.7424,45.2142],[1.7423,45.2147],[1.7423,45.2151],[1.7425,45.2155],[1.743,45.2159],[1.7434,45.216],[1.7437,45.2161],[1.7453,45.2157],[1.7467,45.2155],[1.7471,45.2153],[1.7474,45.2153],[1.7476,45.2155],[1.7474,45.2158],[1.747,45.2161],[1.7463,45.2169],[1.7461,45.2171],[1.746,45.2177],[1.7462,45.2181],[1.7469,45.2184],[1.7481,45.2187],[1.7485,45.219],[1.7485,45.2193],[1.7478,45.2199],[1.7474,45.2203],[1.747,45.221],[1.7471,45.2215],[1.747,45.2218],[1.7468,45.2224],[1.7468,45.2226],[1.7471,45.2228],[1.7477,45.2229],[1.7482,45.2229],[1.7487,45.2228],[1.7492,45.2225],[1.7496,45.2222],[1.7499,45.2219],[1.7501,45.2213],[1.7505,45.2211],[1.7507,45.2212],[1.7505,45.2216],[1.7505,45.222],[1.7504,45.2224],[1.7502,45.2229],[1.7499,45.2232],[1.7496,45.2236],[1.7493,45.2242],[1.7493,45.2245],[1.7496,45.2248],[1.7505,45.2254],[1.7506,45.2255],[1.7504,45.2257],[1.7494,45.226],[1.7485,45.2261],[1.7475,45.2266],[1.7476,45.2267],[1.7492,45.2268],[1.7498,45.2269],[1.7502,45.227],[1.7507,45.2274],[1.7512,45.2278],[1.7517,45.2281],[1.7528,45.2287],[1.7537,45.229],[1.7539,45.2295],[1.7543,45.23],[1.7548,45.2303],[1.7549,45.2304],[1.7548,45.2307],[1.7543,45.231],[1.7539,45.2313],[1.7536,45.2318],[1.7535,45.232],[1.7537,45.2325],[1.754,45.2328],[1.7545,45.2329],[1.7554,45.2329],[1.7558,45.2331],[1.7566,45.2343],[1.7568,45.2344],[1.7577,45.235],[1.7579,45.2352],[1.758,45.2358],[1.7577,45.2367],[1.7577,45.2371],[1.7578,45.2379],[1.7576,45.2386],[1.7571,45.2394],[1.7565,45.2403],[1.7563,45.2407],[1.7563,45.2411],[1.7567,45.2417],[1.7573,45.2424],[1.7576,45.2428],[1.7576,45.2435],[1.7581,45.2442],[1.7582,45.2446],[1.7579,45.2456],[1.7575,45.2459],[1.757,45.2462],[1.7558,45.2464],[1.7552,45.2466],[1.7548,45.247],[1.7543,45.2482],[1.7543,45.249],[1.7545,45.2494],[1.7549,45.2496],[1.756,45.2496],[1.7567,45.2495],[1.757,45.2493],[1.7577,45.2491],[1.7582,45.2488],[1.7592,45.2488],[1.7595,45.2487],[1.7598,45.2485],[1.7601,45.2482],[1.7605,45.2481],[1.7611,45.2479],[1.7613,45.248],[1.7612,45.2484],[1.761,45.2488],[1.761,45.2494],[1.761,45.2497],[1.7606,45.2506],[1.7609,45.2509],[1.7612,45.2509],[1.7622,45.2505],[1.7631,45.25],[1.7634,45.25],[1.7637,45.2501],[1.7643,45.2501],[1.7652,45.2498],[1.7654,45.2496],[1.7656,45.2496]]}},{"type":"Feature","properties":{"rang":"departementale"},"geometry":{"type":"LineString","coordinates":[[1.7363,45.1731],[1.7364,45.1732],[1.7376,45.1746],[1.7382,45.175],[1.7384,45.1755],[1.7383,45.1779],[1.7387,45.1785],[1.7389,45.1787],[1.7396,45.1791],[1.7398,45.1795],[1.74,45.1797],[1.7414,45.1802],[1.7424,45.1803],[1.7425,45.1806],[1.7424,45.1808],[1.7411,45.1823],[1.7409,45.1827],[1.741,45.1831],[1.7414,45.1836],[1.7415,45.1838],[1.7414,45.1841],[1.7408,45.1848],[1.7403,45.1852],[1.7395,45.186],[1.7389,45.1871],[1.7388,45.1874],[1.739,45.188],[1.739,45.1883],[1.7384,45.1898],[1.7385,45.1905],[1.7386,45.1909],[1.7384,45.1918],[1.7383,45.1925],[1.7377,45.1938],[1.7374,45.1941],[1.7361,45.1948],[1.7357,45.1952],[1.7355,45.1955],[1.7358,45.196],[1.7357,45.1964],[1.7355,45.1968],[1.7353,45.1971],[1.735,45.1972],[1.7345,45.1972],[1.7334,45.198],[1.732,45.1994],[1.7312,45.2002],[1.7308,45.2007],[1.7311,45.2013],[1.7312,45.202],[1.7314,45.2025],[1.7315,45.2029],[1.7315,45.2034],[1.7315,45.2051],[1.7319,45.2062],[1.732,45.2067],[1.7323,45.207],[1.7328,45.2074],[1.7332,45.2079],[1.7333,45.2084],[1.733,45.2088],[1.733,45.2089],[1.7333,45.2094],[1.7336,45.21],[1.7334,45.2106],[1.7336,45.2108],[1.7339,45.2108],[1.7347,45.2105],[1.7349,45.2103],[1.735,45.2097],[1.7352,45.2097],[1.7352,45.2101],[1.7351,45.2106],[1.735,45.2108],[1.7344,45.2111],[1.7339,45.2112],[1.7335,45.2113],[1.7326,45.2114],[1.7314,45.2116],[1.7303,45.2115]]}},{"type":"Feature","properties":{"rang":"departementale"},"geometry":{"type":"LineString","coordinates":[[1.7658,45.209],[1.7656,45.2091],[1.7647,45.2095],[1.7643,45.2097],[1.7638,45.2097],[1.7626,45.2096],[1.7621,45.2098],[1.7614,45.2106],[1.761,45.2106],[1.7597,45.2099],[1.7595,45.2096],[1.7595,45.2092],[1.7593,45.209],[1.7584,45.2088],[1.7575,45.2089],[1.7551,45.2086],[1.7545,45.2086],[1.7537,45.2096],[1.7535,45.2098],[1.7529,45.21],[1.7524,45.21],[1.7515,45.2099],[1.7505,45.2097],[1.7502,45.2097],[1.7493,45.2103],[1.7478,45.211],[1.7473,45.2111],[1.7467,45.211],[1.7456,45.2112],[1.7447,45.2111],[1.7434,45.2107],[1.7428,45.2104],[1.7423,45.21],[1.7418,45.2097],[1.7407,45.2092],[1.7401,45.2086],[1.7399,45.2083],[1.7398,45.207],[1.7396,45.2066],[1.7391,45.2065],[1.7387,45.2067],[1.738,45.2077],[1.7376,45.2079],[1.7369,45.2078],[1.7363,45.2076],[1.7359,45.2076],[1.7353,45.2079],[1.7351,45.2083],[1.7351,45.2088],[1.7352,45.2097]]}},{"type":"Feature","properties":{"rang":"departementale"},"geometry":{"type":"LineString","coordinates":[[1.4918,45.1072],[1.4911,45.1067],[1.4905,45.1063],[1.4901,45.1062]]}},{"type":"Feature","properties":{"rang":"departementale"},"geometry":{"type":"LineString","coordinates":[[1.4925,45.1099],[1.492,45.1096],[1.492,45.1093],[1.4922,45.1089],[1.492,45.1082],[1.4919,45.1079],[1.492,45.1076],[1.4918,45.1072]]}},{"type":"Feature","properties":{"rang":"departementale"},"geometry":{"type":"LineString","coordinates":[[1.6399,44.9995],[1.6393,44.9997]]}},{"type":"Feature","properties":{"rang":"departementale"},"geometry":{"type":"LineString","coordinates":[[1.58,45.1881],[1.5799,45.1876],[1.5804,45.188]]}},{"type":"Feature","properties":{"rang":"departementale"},"geometry":{"type":"LineString","coordinates":[[1.5806,45.1859],[1.5801,45.186]]}},{"type":"Feature","properties":{"rang":"departementale"},"geometry":{"type":"LineString","coordinates":[[1.581,45.1864],[1.5809,45.1861],[1.5806,45.1858],[1.5806,45.1857],[1.5809,45.1857],[1.581,45.1858],[1.5807,45.1859]]}},{"type":"Feature","properties":{"rang":"departementale"},"geometry":{"type":"LineString","coordinates":[[1.5811,45.1864],[1.581,45.1864]]}},{"type":"Feature","properties":{"rang":"departementale"},"geometry":{"type":"LineString","coordinates":[[1.5809,45.1858],[1.5811,45.1864]]}},{"type":"Feature","properties":{"rang":"departementale"},"geometry":{"type":"LineString","coordinates":[[1.5806,45.1853],[1.5808,45.1856]]}},{"type":"Feature","properties":{"rang":"departementale"},"geometry":{"type":"LineString","coordinates":[[1.5806,45.1857],[1.5806,45.1853]]}},{"type":"Feature","properties":{"rang":"departementale"},"geometry":{"type":"LineString","coordinates":[[1.4607,45.1031],[1.4604,45.1031]]}},{"type":"Feature","properties":{"rang":"departementale"},"geometry":{"type":"LineString","coordinates":[[1.6843,44.9797],[1.6851,44.9793],[1.6861,44.9788]]}},{"type":"Feature","properties":{"rang":"departementale"},"geometry":{"type":"LineString","coordinates":[[1.6831,44.9803],[1.6843,44.9797]]}},{"type":"Feature","properties":{"rang":"departementale"},"geometry":{"type":"LineString","coordinates":[[1.6026,45.0365],[1.6026,45.0364]]}},{"type":"Feature","properties":{"rang":"departementale"},"geometry":{"type":"LineString","coordinates":[[1.6024,45.0365],[1.6026,45.0365]]}},{"type":"Feature","properties":{"rang":"departementale"},"geometry":{"type":"LineString","coordinates":[[1.5331,45.1565],[1.5333,45.1567]]}},{"type":"Feature","properties":{"rang":"departementale"},"geometry":{"type":"LineString","coordinates":[[1.6664,45.0571],[1.6659,45.0571]]}},{"type":"Feature","properties":{"rang":"departementale"},"geometry":{"type":"LineString","coordinates":[[1.6678,45.057],[1.6674,45.057],[1.6664,45.0571]]}},{"type":"Feature","properties":{"rang":"departementale"},"geometry":{"type":"LineString","coordinates":[[1.6734,45.0536],[1.6734,45.0537]]}},{"type":"Feature","properties":{"rang":"departementale"},"geometry":{"type":"LineString","coordinates":[[1.6733,45.0536],[1.6734,45.0536]]}},{"type":"Feature","properties":{"rang":"departementale"},"geometry":{"type":"LineString","coordinates":[[1.6734,45.0537],[1.6733,45.0538]]}},{"type":"Feature","properties":{"rang":"departementale"},"geometry":{"type":"LineString","coordinates":[[1.532,45.1653],[1.5319,45.1656]]}},{"type":"Feature","properties":{"rang":"departementale"},"geometry":{"type":"LineString","coordinates":[[1.5307,45.1488],[1.5305,45.1484],[1.5303,45.1477]]}},{"type":"Feature","properties":{"rang":"departementale"},"geometry":{"type":"LineString","coordinates":[[1.5304,45.1465],[1.5302,45.1457],[1.5302,45.1455]]}},{"type":"Feature","properties":{"rang":"departementale"},"geometry":{"type":"LineString","coordinates":[[1.7396,45.036],[1.739,45.036],[1.7386,45.0358],[1.7384,45.0356],[1.7379,45.0348]]}},{"type":"Feature","properties":{"rang":"departementale"},"geometry":{"type":"LineString","coordinates":[[1.5293,45.151],[1.5299,45.1509]]}},{"type":"Feature","properties":{"rang":"departementale"},"geometry":{"type":"LineString","coordinates":[[1.5292,45.1511],[1.5289,45.151],[1.5293,45.151]]}},{"type":"Feature","properties":{"rang":"departementale"},"geometry":{"type":"LineString","coordinates":[[1.4952,45.1443],[1.4941,45.144]]}},{"type":"Feature","properties":{"rang":"departementale"},"geometry":{"type":"LineString","coordinates":[[1.4932,45.1436],[1.4941,45.144]]}},{"type":"Feature","properties":{"rang":"departementale"},"geometry":{"type":"LineString","coordinates":[[1.5241,45.1425],[1.5242,45.142],[1.5242,45.1417]]}},{"type":"Feature","properties":{"rang":"departementale"},"geometry":{"type":"LineString","coordinates":[[1.5248,45.1427],[1.5243,45.1426],[1.5241,45.1425]]}},{"type":"Feature","properties":{"rang":"departementale"},"geometry":{"type":"LineString","coordinates":[[1.443,45.1396],[1.4431,45.1388],[1.4429,45.1381]]}},{"type":"Feature","properties":{"rang":"departementale"},"geometry":{"type":"LineString","coordinates":[[1.4431,45.1392],[1.4431,45.1389]]}},{"type":"Feature","properties":{"rang":"departementale"},"geometry":{"type":"LineString","coordinates":[[1.4431,45.1385],[1.4431,45.1389]]}},{"type":"Feature","properties":{"rang":"departementale"},"geometry":{"type":"LineString","coordinates":[[1.4473,45.1954],[1.4473,45.1954],[1.4452,45.1969],[1.4447,45.1972]]}},{"type":"Feature","properties":{"rang":"departementale"},"geometry":{"type":"LineString","coordinates":[[1.4512,45.1929],[1.4508,45.1929]]}},{"type":"Feature","properties":{"rang":"departementale"},"geometry":{"type":"LineString","coordinates":[[1.4484,45.1376],[1.4483,45.1378]]}},{"type":"Feature","properties":{"rang":"departementale"},"geometry":{"type":"LineString","coordinates":[[1.6179,45.0708],[1.6169,45.0708]]}},{"type":"Feature","properties":{"rang":"departementale"},"geometry":{"type":"LineString","coordinates":[[1.6203,45.0721],[1.62,45.072],[1.6195,45.0716],[1.6188,45.0711],[1.6179,45.0708]]}},{"type":"Feature","properties":{"rang":"departementale"},"geometry":{"type":"LineString","coordinates":[[1.6195,45.0714],[1.6197,45.0717]]}},{"type":"Feature","properties":{"rang":"departementale"},"geometry":{"type":"LineString","coordinates":[[1.6199,45.0719],[1.6197,45.0716]]}},{"type":"Feature","properties":{"rang":"departementale"},"geometry":{"type":"LineString","coordinates":[[1.6309,45.071],[1.63,45.0709]]}},{"type":"Feature","properties":{"rang":"departementale"},"geometry":{"type":"LineString","coordinates":[[1.6297,45.0709],[1.6298,45.0708]]}},{"type":"Feature","properties":{"rang":"departementale"},"geometry":{"type":"LineString","coordinates":[[1.5288,45.1794],[1.5285,45.1792],[1.5279,45.1785],[1.5278,45.1782],[1.5277,45.1774],[1.5277,45.1766],[1.5278,45.1763],[1.5281,45.1754],[1.529,45.1732],[1.5294,45.1724],[1.5304,45.1708],[1.5309,45.17],[1.531,45.1698],[1.5312,45.1687]]}},{"type":"Feature","properties":{"rang":"departementale"},"geometry":{"type":"LineString","coordinates":[[1.5315,45.1805],[1.5317,45.1805],[1.532,45.1808]]}},{"type":"Feature","properties":{"rang":"departementale"},"geometry":{"type":"LineString","coordinates":[[1.6651,45.1278],[1.6652,45.1276],[1.6661,45.1272],[1.669,45.1261],[1.6693,45.1259],[1.6698,45.1255],[1.6713,45.1237],[1.6721,45.1225],[1.6724,45.1222],[1.6727,45.122],[1.6745,45.1212],[1.6749,45.1211],[1.6756,45.1211],[1.6761,45.1211],[1.6772,45.1208],[1.6776,45.1208],[1.6778,45.1209],[1.6781,45.1212],[1.6785,45.1216],[1.6788,45.1218],[1.6793,45.1219],[1.6798,45.1217],[1.6807,45.121],[1.6812,45.1207],[1.682,45.1206],[1.6824,45.1205],[1.6826,45.1202],[1.6826,45.1196],[1.6827,45.1194],[1.6833,45.1187],[1.6837,45.1185],[1.6855,45.1179],[1.686,45.1175],[1.6864,45.1167],[1.6869,45.116],[1.6875,45.1151],[1.6877,45.1148],[1.6881,45.1146],[1.6886,45.1145]]}},{"type":"Feature","properties":{"rang":"departementale"},"geometry":{"type":"LineString","coordinates":[[1.7099,45.1815],[1.7103,45.1812]]}},{"type":"Feature","properties":{"rang":"departementale"},"geometry":{"type":"LineString","coordinates":[[1.5194,45.1533],[1.5199,45.1535]]}},{"type":"Feature","properties":{"rang":"departementale"},"geometry":{"type":"LineString","coordinates":[[1.5194,45.1533],[1.5191,45.153]]}},{"type":"Feature","properties":{"rang":"departementale"},"geometry":{"type":"LineString","coordinates":[[1.5359,45.1571],[1.5362,45.1567]]}},{"type":"Feature","properties":{"rang":"departementale"},"geometry":{"type":"LineString","coordinates":[[1.5281,45.2145],[1.5286,45.2143],[1.5297,45.214],[1.5306,45.2138],[1.5316,45.2135],[1.5321,45.2132],[1.5324,45.2129],[1.5325,45.2126],[1.5327,45.2118]]}},{"type":"Feature","properties":{"rang":"departementale"},"geometry":{"type":"LineString","coordinates":[[1.5331,45.1567],[1.5333,45.1567]]}},{"type":"Feature","properties":{"rang":"departementale"},"geometry":{"type":"LineString","coordinates":[[1.4441,45.145],[1.4443,45.1451]]}},{"type":"Feature","properties":{"rang":"departementale"},"geometry":{"type":"LineString","coordinates":[[1.4608,45.103],[1.461,45.103]]}},{"type":"Feature","properties":{"rang":"departementale"},"geometry":{"type":"LineString","coordinates":[[1.6537,45.1354],[1.6535,45.1353]]}},{"type":"Feature","properties":{"rang":"departementale"},"geometry":{"type":"LineString","coordinates":[[1.6537,45.1352],[1.6537,45.1354]]}},{"type":"Feature","properties":{"rang":"departementale"},"geometry":{"type":"LineString","coordinates":[[1.7109,45.1808],[1.712,45.1803],[1.7124,45.1799],[1.7126,45.1797]]}},{"type":"Feature","properties":{"rang":"departementale"},"geometry":{"type":"LineString","coordinates":[[1.4603,45.1753],[1.4597,45.1745],[1.4595,45.1741],[1.4593,45.1735],[1.4594,45.1721],[1.4593,45.1717],[1.4587,45.1709]]}},{"type":"Feature","properties":{"rang":"departementale"},"geometry":{"type":"LineString","coordinates":[[1.4602,45.178],[1.4609,45.1771],[1.461,45.1766],[1.4609,45.1762],[1.4603,45.1753]]}},{"type":"Feature","properties":{"rang":"departementale"},"geometry":{"type":"LineString","coordinates":[[1.4556,45.1899],[1.4553,45.1888],[1.4551,45.1885],[1.455,45.1883],[1.4541,45.1879],[1.454,45.1877],[1.4539,45.1874],[1.4544,45.1848],[1.4547,45.184],[1.4552,45.1833],[1.4575,45.1811],[1.4593,45.1791],[1.4597,45.1787],[1.4602,45.178]]}},{"type":"Feature","properties":{"rang":"departementale"},"geometry":{"type":"LineString","coordinates":[[1.4561,45.1913],[1.4559,45.1911],[1.4556,45.1899]]}},{"type":"Feature","properties":{"rang":"departementale"},"geometry":{"type":"LineString","coordinates":[[1.4307,45.2171],[1.4316,45.2158],[1.4316,45.2157]]}},{"type":"Feature","properties":{"rang":"departementale"},"geometry":{"type":"LineString","coordinates":[[1.7342,45.1724],[1.7346,45.1725],[1.7349,45.1726],[1.7355,45.1728],[1.736,45.1731],[1.7363,45.1731],[1.7372,45.1731],[1.7379,45.1731],[1.7382,45.1733]]}},{"type":"Feature","properties":{"rang":"departementale"},"geometry":{"type":"LineString","coordinates":[[1.4813,45.1378],[1.4811,45.1371],[1.4808,45.1367],[1.4805,45.1366],[1.4781,45.1359],[1.4776,45.1357],[1.4755,45.1344],[1.4747,45.134]]}},{"type":"Feature","properties":{"rang":"departementale"},"geometry":{"type":"LineString","coordinates":[[1.5233,45.2192],[1.5235,45.2189],[1.5242,45.2179],[1.5247,45.2174],[1.5255,45.2166],[1.5264,45.2157],[1.5274,45.215],[1.5281,45.2145]]}},{"type":"Feature","properties":{"rang":"departementale"},"geometry":{"type":"LineString","coordinates":[[1.4541,45.2175],[1.454,45.2167],[1.4535,45.2154],[1.4534,45.215],[1.4535,45.2146],[1.4537,45.2142],[1.454,45.2139]]}},{"type":"Feature","properties":{"rang":"departementale"},"geometry":{"type":"LineString","coordinates":[[1.532,45.165],[1.5321,45.1649]]}},{"type":"Feature","properties":{"rang":"departementale"},"geometry":{"type":"LineString","coordinates":[[2.0785,45.0404],[2.0787,45.0407],[2.0795,45.0422],[2.0797,45.0426],[2.0805,45.0433],[2.0805,45.0437],[2.0804,45.044],[2.0799,45.0443],[2.0792,45.0442],[2.0788,45.0444],[2.0785,45.0451],[2.0786,45.0453],[2.0791,45.0458],[2.0795,45.0467],[2.0795,45.0473],[2.0804,45.0494],[2.0803,45.0498],[2.0795,45.0507],[2.0791,45.0509],[2.0784,45.0512],[2.0782,45.0514],[2.078,45.0517],[2.0776,45.0517],[2.0774,45.0515],[2.0767,45.0505],[2.0764,45.0504],[2.0759,45.0506],[2.0757,45.0507],[2.0753,45.0512],[2.0746,45.0516],[2.0742,45.0519],[2.0724,45.053],[2.072,45.0531],[2.0714,45.0531],[2.0709,45.0534],[2.0707,45.0537],[2.0708,45.0539],[2.0717,45.0541],[2.0717,45.0544],[2.0717,45.0547],[2.0715,45.055],[2.0715,45.0555],[2.0716,45.056],[2.072,45.0564],[2.072,45.0571],[2.0721,45.0584],[2.072,45.059],[2.0715,45.0596],[2.0713,45.0602],[2.0713,45.0603],[2.0717,45.061],[2.0723,45.0612],[2.0728,45.0616],[2.0732,45.0616],[2.0737,45.0614],[2.0744,45.0613],[2.0748,45.0614],[2.0753,45.0614],[2.0757,45.0615],[2.0763,45.0618],[2.0764,45.0621],[2.0765,45.0624],[2.0768,45.0628],[2.0771,45.0629],[2.0773,45.0628],[2.0782,45.0622],[2.0788,45.0621],[2.08,45.0615],[2.0801,45.0616],[2.0807,45.062],[2.0806,45.0621],[2.0795,45.0628],[2.0792,45.063],[2.0789,45.0634],[2.0788,45.0636],[2.0788,45.064],[2.0783,45.0649],[2.0779,45.0653],[2.0774,45.0657],[2.0764,45.0662],[2.0762,45.0663],[2.0753,45.0661],[2.075,45.066],[2.0747,45.0661],[2.0744,45.0664],[2.074,45.0668],[2.0734,45.0672],[2.073,45.0677],[2.0727,45.0679],[2.0722,45.0679],[2.0716,45.0682],[2.0715,45.0683],[2.0706,45.0687],[2.0702,45.0688],[2.0695,45.0688],[2.0691,45.069],[2.0692,45.0692],[2.0696,45.0695],[2.0707,45.0705],[2.0713,45.0707],[2.0716,45.0709],[2.0721,45.0709],[2.0724,45.0707],[2.0729,45.0707],[2.0737,45.0706],[2.0749,45.0704],[2.0753,45.0705],[2.0759,45.0704],[2.0762,45.0705],[2.0763,45.0707],[2.0769,45.071],[2.0771,45.071],[2.0774,45.0709],[2.078,45.0709],[2.0785,45.0709],[2.0788,45.071],[2.0791,45.0713],[2.0796,45.0714],[2.0803,45.0713],[2.0808,45.0714],[2.0813,45.0713],[2.0817,45.0712],[2.0827,45.0717],[2.083,45.0721],[2.0833,45.0722],[2.0836,45.0721],[2.0846,45.072],[2.085,45.0721],[2.0861,45.0722],[2.0865,45.0721],[2.0868,45.0719],[2.087,45.0713],[2.0874,45.0703],[2.0876,45.0701],[2.0879,45.0701],[2.0881,45.0703],[2.088,45.071],[2.0885,45.0719],[2.0884,45.0721],[2.0882,45.0726],[2.0882,45.073],[2.0882,45.0734],[2.0883,45.0736],[2.0885,45.0738],[2.0888,45.0739],[2.0891,45.0738],[2.0895,45.0736],[2.0898,45.0736],[2.0898,45.0738],[2.0896,45.0745],[2.0897,45.0748],[2.0899,45.0749],[2.0904,45.0751],[2.091,45.0751],[2.0911,45.0756],[2.0913,45.0758],[2.0919,45.076],[2.0923,45.076],[2.0927,45.0758],[2.094,45.0755],[2.0944,45.0755],[2.0955,45.0758]]}},{"type":"Feature","properties":{"rang":"departementale"},"geometry":{"type":"LineString","coordinates":[[2.0754,45.0384],[2.0767,45.0385],[2.077,45.0386],[2.0772,45.0388],[2.0779,45.0397],[2.0785,45.0403]]}},{"type":"Feature","properties":{"rang":"departementale"},"geometry":{"type":"LineString","coordinates":[[2.0754,45.0384],[2.0743,45.0382],[2.0727,45.0378],[2.0721,45.0378],[2.0711,45.0382],[2.0706,45.0383],[2.0689,45.0384],[2.0679,45.0384],[2.0675,45.0384],[2.0666,45.0386],[2.0658,45.0386],[2.065,45.0384],[2.0633,45.0377],[2.0624,45.0371],[2.062,45.0371],[2.0611,45.0372],[2.0606,45.0371]]}},{"type":"Feature","properties":{"rang":"departementale"},"geometry":{"type":"LineString","coordinates":[[2.0489,45.0047],[2.0487,45.0043],[2.0491,45.0045],[2.0493,45.0045]]}},{"type":"Feature","properties":{"rang":"departementale"},"geometry":{"type":"LineString","coordinates":[[1.9478,45.0829],[1.948,45.0832]]}},{"type":"Feature","properties":{"rang":"departementale"},"geometry":{"type":"LineString","coordinates":[[1.9519,45.0238],[1.9521,45.0244],[1.9524,45.025],[1.954,45.0278],[1.9543,45.0287],[1.9545,45.0297],[1.9546,45.0304],[1.955,45.0328],[1.9552,45.0341],[1.9552,45.0345],[1.9545,45.0365],[1.9543,45.0378],[1.954,45.0384],[1.9537,45.0391],[1.9537,45.0395],[1.9539,45.0399],[1.9539,45.0403],[1.9535,45.0408],[1.9535,45.0414],[1.9533,45.0427],[1.9531,45.043],[1.9526,45.0436],[1.9515,45.0445],[1.9507,45.045],[1.9497,45.0457],[1.9492,45.0462],[1.949,45.0467],[1.949,45.0486],[1.9491,45.049],[1.9493,45.0494],[1.95,45.0503],[1.9501,45.0506],[1.9501,45.0511],[1.9496,45.0536],[1.9494,45.0538],[1.9492,45.054],[1.9479,45.0544],[1.9475,45.0546],[1.9475,45.055],[1.9476,45.0556],[1.9476,45.0558],[1.9474,45.0562],[1.9474,45.0564],[1.9475,45.0571],[1.9474,45.0574],[1.9471,45.0576],[1.9456,45.0586],[1.9454,45.0588],[1.9454,45.059],[1.9455,45.0596],[1.9457,45.0601],[1.9457,45.0607],[1.946,45.0611],[1.9468,45.0617],[1.9468,45.0619],[1.9467,45.0624],[1.9468,45.0628],[1.947,45.0632],[1.9474,45.0641],[1.9475,45.0644],[1.9481,45.0647],[1.9482,45.0648],[1.9481,45.0653],[1.9482,45.0656],[1.9485,45.0658],[1.9486,45.0661],[1.9485,45.0662],[1.948,45.0667],[1.9473,45.0671],[1.947,45.0674],[1.9462,45.0684],[1.9459,45.0688],[1.9456,45.0699],[1.9456,45.0704],[1.9458,45.071],[1.946,45.0712],[1.9463,45.0714],[1.9474,45.0715],[1.9477,45.0716],[1.9479,45.0718],[1.9477,45.0721],[1.9475,45.0722],[1.946,45.0728],[1.9453,45.0732],[1.9452,45.0734],[1.9451,45.0738],[1.9452,45.074],[1.9456,45.0743],[1.9467,45.0747],[1.9468,45.0748],[1.9467,45.0751],[1.9465,45.0751],[1.9453,45.0754],[1.9449,45.0757],[1.9448,45.076],[1.9447,45.0767],[1.9447,45.077],[1.9449,45.0772],[1.9449,45.0774],[1.9446,45.0777],[1.9446,45.0781],[1.9449,45.0792],[1.9455,45.08],[1.9459,45.0806],[1.9467,45.0813],[1.947,45.0819],[1.9472,45.0823],[1.9478,45.0829]]}},{"type":"Feature","properties":{"rang":"departementale"},"geometry":{"type":"LineString","coordinates":[[2.0471,45.0057],[2.0472,45.0061],[2.0477,45.0072],[2.048,45.0079],[2.0485,45.0081],[2.0495,45.0082],[2.0497,45.0083],[2.05,45.0086],[2.0501,45.0089],[2.0502,45.0098],[2.0497,45.0134],[2.0497,45.0137],[2.0489,45.0153],[2.0489,45.0157],[2.0491,45.0165],[2.0493,45.0168],[2.0498,45.0172],[2.0504,45.0173],[2.0508,45.0176],[2.0512,45.0185],[2.0513,45.0188],[2.0511,45.0193],[2.0512,45.0197],[2.0516,45.0204],[2.0516,45.0207],[2.0516,45.0215],[2.0515,45.0218],[2.051,45.0227],[2.0509,45.0232],[2.0508,45.0242],[2.0508,45.0244],[2.051,45.0248],[2.0533,45.0275],[2.0537,45.028],[2.0537,45.0283],[2.0539,45.0285],[2.0543,45.0286],[2.0549,45.0287],[2.0556,45.0289],[2.0558,45.0292],[2.0572,45.0309],[2.0574,45.031],[2.0581,45.0311],[2.0585,45.0313],[2.0587,45.0317],[2.0591,45.0321],[2.0592,45.0324],[2.0592,45.0328],[2.0595,45.0333],[2.0595,45.0338],[2.0598,45.0341],[2.0598,45.0343],[2.0596,45.035],[2.0598,45.0352],[2.0602,45.0355],[2.0603,45.0357],[2.0604,45.0364],[2.0604,45.0369],[2.0606,45.0371]]}},{"type":"Feature","properties":{"rang":"departementale"},"geometry":{"type":"LineString","coordinates":[[2.0997,45.1368],[2.0997,45.1368]]}},{"type":"Feature","properties":{"rang":"departementale"},"geometry":{"type":"LineString","coordinates":[[2.1302,45.1345],[2.1299,45.1345],[2.1296,45.1344],[2.1289,45.1335],[2.1286,45.1332],[2.1279,45.1329],[2.1274,45.133],[2.1266,45.1332],[2.1263,45.1332],[2.1257,45.133],[2.1244,45.1324],[2.1231,45.1319],[2.1227,45.1318],[2.1216,45.1316],[2.1214,45.1314],[2.1211,45.131],[2.1209,45.1309],[2.1206,45.1309],[2.1198,45.1312],[2.1178,45.1316],[2.1167,45.1318],[2.1164,45.1319],[2.1159,45.1324],[2.1155,45.1328],[2.115,45.1338],[2.1145,45.1341],[2.113,45.1345],[2.1126,45.1345],[2.112,45.1344],[2.111,45.1341],[2.11,45.1338],[2.1096,45.1337],[2.108,45.1338],[2.1068,45.1338],[2.1061,45.1339],[2.1057,45.1343],[2.105,45.1354],[2.1047,45.1357],[2.1028,45.137],[2.1011,45.1376],[2.0997,45.1383],[2.0993,45.1384],[2.0985,45.1384],[2.0979,45.1382],[2.0976,45.1381],[2.0974,45.1375],[2.0972,45.1372],[2.0968,45.1369],[2.0965,45.1368],[2.0967,45.1367],[2.0972,45.1367],[2.098,45.1367],[2.0982,45.1368],[2.0987,45.137],[2.0991,45.1371],[2.0995,45.137]]}},{"type":"Feature","properties":{"rang":"departementale"},"geometry":{"type":"LineString","coordinates":[[2.0989,45.0786],[2.0997,45.0785],[2.0999,45.0784],[2.1007,45.0778],[2.1009,45.0777],[2.1018,45.0775],[2.1022,45.0775],[2.103,45.0776],[2.1034,45.0775],[2.1042,45.0772],[2.1044,45.0771],[2.1044,45.0767],[2.1046,45.0766],[2.1049,45.0766],[2.1057,45.077],[2.1062,45.0771],[2.1069,45.0773],[2.1075,45.0774],[2.1082,45.0781],[2.1092,45.0793],[2.1101,45.0802],[2.1102,45.0804],[2.1101,45.081],[2.1102,45.0813],[2.1104,45.0815],[2.1112,45.0816],[2.1121,45.0814],[2.1125,45.0815],[2.113,45.0818],[2.1142,45.083],[2.115,45.0838],[2.1151,45.0839],[2.116,45.0861],[2.1163,45.0863],[2.1177,45.0866],[2.1178,45.0868],[2.1179,45.0872],[2.118,45.0878],[2.1178,45.0887],[2.1178,45.089],[2.1179,45.0893],[2.1201,45.092],[2.1204,45.0922],[2.1215,45.0928],[2.125,45.0944],[2.1266,45.0952],[2.1287,45.096],[2.1292,45.0963],[2.1304,45.0967],[2.1318,45.0974],[2.1338,45.0987],[2.1351,45.0995],[2.1353,45.0996],[2.1362,45.0998],[2.1364,45.0999],[2.1369,45.1004],[2.1371,45.1006],[2.138,45.1011],[2.1386,45.1017],[2.1391,45.1021],[2.1393,45.1026],[2.1396,45.1039],[2.1405,45.1052],[2.1407,45.106],[2.1403,45.108],[2.1405,45.1092],[2.1407,45.1104],[2.1407,45.1112],[2.1405,45.1121],[2.1403,45.1126],[2.1396,45.1162],[2.1397,45.1165],[2.1398,45.1168],[2.141,45.1179],[2.1429,45.1194],[2.143,45.1198],[2.1431,45.1208],[2.143,45.1217],[2.1427,45.1228],[2.1423,45.1235],[2.1422,45.1243],[2.1419,45.1246],[2.141,45.1252],[2.1402,45.1258],[2.1396,45.1262],[2.1394,45.1266],[2.1398,45.1279],[2.1397,45.1283],[2.1392,45.129],[2.1394,45.1293],[2.1392,45.1298],[2.1396,45.1302],[2.1397,45.1304],[2.1395,45.1308]]}},{"type":"Feature","properties":{"rang":"departementale"},"geometry":{"type":"LineString","coordinates":[[1.8234,44.9911],[1.824,44.9911],[1.8235,44.9913]]}},{"type":"Feature","properties":{"rang":"departementale"},"geometry":{"type":"LineString","coordinates":[[2.0989,45.1294],[2.0988,45.1299],[2.0988,45.1303],[2.0995,45.1319],[2.1,45.133],[2.1003,45.1336],[2.1002,45.1339],[2.0999,45.1349],[2.0997,45.136],[2.0997,45.1365],[2.0996,45.1368]]}},{"type":"Feature","properties":{"rang":"departementale"},"geometry":{"type":"LineString","coordinates":[[1.7771,45.1049],[1.7766,45.105],[1.7753,45.1049],[1.7746,45.1049],[1.7729,45.1055],[1.7725,45.1056],[1.7709,45.1054],[1.7704,45.1053],[1.77,45.1049],[1.7679,45.1025],[1.7675,45.1023],[1.7671,45.1023],[1.7667,45.1021],[1.7666,45.1017],[1.7661,45.1011],[1.7657,45.101],[1.7649,45.1011],[1.7646,45.101],[1.7645,45.1009],[1.7645,45.1004],[1.7647,45.1001],[1.7653,45.0995],[1.7662,45.0988],[1.7664,45.0986],[1.7666,45.0983],[1.7666,45.0978],[1.7668,45.0976],[1.7675,45.0972],[1.7675,45.097],[1.7673,45.0968],[1.7668,45.0965],[1.7667,45.0962],[1.7669,45.0951],[1.7669,45.0945],[1.7671,45.0941],[1.7671,45.0934],[1.7672,45.0929],[1.7674,45.0926],[1.7687,45.0912],[1.7691,45.0907],[1.7692,45.0902],[1.769,45.09],[1.7683,45.0897],[1.768,45.0889],[1.7677,45.0887],[1.767,45.0885],[1.7666,45.0882],[1.7662,45.0878],[1.7659,45.0875],[1.7652,45.0866],[1.7649,45.0864],[1.7646,45.0865],[1.7643,45.0867],[1.7641,45.0872],[1.7634,45.0876],[1.7632,45.0879],[1.7631,45.0883],[1.7624,45.0886],[1.7618,45.0892],[1.7614,45.0894],[1.7611,45.0892],[1.7608,45.0888],[1.7607,45.0881],[1.7605,45.087],[1.7602,45.0865],[1.7597,45.0865],[1.7591,45.0866],[1.7587,45.0866],[1.7583,45.0865],[1.7578,45.086],[1.7567,45.0857],[1.7565,45.0855],[1.7566,45.085],[1.7565,45.084],[1.7564,45.0839],[1.7561,45.0838],[1.7555,45.084],[1.7553,45.084],[1.7551,45.0839],[1.7551,45.0836],[1.7553,45.0827],[1.7552,45.0825],[1.7546,45.0824],[1.7544,45.0823],[1.7545,45.0818],[1.755,45.081],[1.7551,45.0806],[1.755,45.0803],[1.7546,45.0799],[1.7544,45.0794],[1.754,45.0793],[1.7533,45.0795],[1.7529,45.0795],[1.7525,45.0794],[1.7513,45.0788],[1.7507,45.0783],[1.7501,45.0781],[1.7497,45.0781],[1.7494,45.078],[1.7493,45.0776],[1.7495,45.0772],[1.7495,45.0766],[1.75,45.0759],[1.75,45.0757],[1.7497,45.0752],[1.7495,45.0741],[1.7493,45.0737],[1.749,45.0732],[1.7482,45.0727],[1.7477,45.0724],[1.7473,45.0721],[1.7471,45.0719]]}},{"type":"Feature","properties":{"rang":"departementale"},"geometry":{"type":"LineString","coordinates":[[1.9873,45.0901],[1.9862,45.0895],[1.9858,45.0892],[1.9855,45.0888],[1.9853,45.0885],[1.9849,45.0871],[1.9848,45.0867],[1.9844,45.0863],[1.9838,45.0858],[1.9832,45.0854],[1.9817,45.0845],[1.9812,45.0843],[1.9807,45.0841],[1.9798,45.0839],[1.9791,45.0838],[1.9779,45.0839],[1.977,45.084],[1.9765,45.0843],[1.9762,45.0846],[1.9758,45.0854],[1.9756,45.0855],[1.9752,45.0857],[1.9748,45.0856],[1.9744,45.0854],[1.9739,45.0849],[1.9732,45.0846],[1.9728,45.0844],[1.9723,45.0843],[1.9717,45.0844],[1.9713,45.0847],[1.9709,45.0852],[1.9704,45.0856],[1.9696,45.0862],[1.9688,45.0869],[1.9682,45.0871],[1.9678,45.087],[1.9675,45.0867],[1.9674,45.0861],[1.9673,45.0858],[1.9671,45.0854],[1.9667,45.085],[1.9662,45.0848],[1.9659,45.0848],[1.9654,45.085],[1.9653,45.0851],[1.9648,45.0859],[1.9644,45.0864],[1.964,45.0866],[1.9633,45.0866],[1.9624,45.0864],[1.962,45.0862],[1.9616,45.0858],[1.961,45.0855],[1.9595,45.0853],[1.9587,45.0851],[1.9571,45.0844],[1.9562,45.0839],[1.9557,45.0838],[1.9554,45.0838],[1.9535,45.0847],[1.953,45.085],[1.9527,45.0855],[1.9526,45.0859],[1.9528,45.0874],[1.9528,45.0877],[1.9524,45.0884],[1.9524,45.0888],[1.9526,45.0894],[1.9525,45.0898],[1.952,45.0906],[1.9515,45.091],[1.9509,45.0913],[1.9506,45.0915],[1.9504,45.0918],[1.95,45.093],[1.9501,45.0933],[1.9505,45.0938],[1.9506,45.0942],[1.9504,45.0943],[1.9499,45.0944],[1.9488,45.0944],[1.9481,45.0943],[1.9473,45.094],[1.9469,45.094],[1.9462,45.0941],[1.9458,45.0939],[1.9457,45.0938],[1.9457,45.0935],[1.9459,45.0932],[1.9467,45.0932],[1.9469,45.093],[1.9468,45.0927],[1.946,45.0925],[1.9456,45.0922],[1.9454,45.0917],[1.9451,45.0915],[1.9447,45.0914],[1.9443,45.0914],[1.9435,45.0917],[1.943,45.0916],[1.9429,45.0911],[1.9426,45.0909],[1.9406,45.0904],[1.9418,45.0886],[1.9426,45.0876],[1.9434,45.0865],[1.9436,45.0857],[1.944,45.0851],[1.9439,45.0848]]}},{"type":"Feature","properties":{"rang":"departementale"},"geometry":{"type":"LineString","coordinates":[[2.0945,45.0898],[2.0944,45.0894],[2.0941,45.0888],[2.0942,45.0886],[2.0948,45.0879],[2.0954,45.0874],[2.0955,45.087],[2.0957,45.0868],[2.096,45.0866],[2.0962,45.0865],[2.0961,45.0862],[2.0958,45.086],[2.0956,45.0856],[2.096,45.0843],[2.0963,45.0839],[2.0977,45.0824],[2.0978,45.0821],[2.0978,45.0816],[2.0979,45.0808],[2.0978,45.0804],[2.0972,45.0792],[2.0973,45.0791],[2.0982,45.0792],[2.0984,45.0791],[2.0987,45.0789],[2.0989,45.0786]]}},{"type":"Feature","properties":{"rang":"departementale"},"geometry":{"type":"LineString","coordinates":[[2.0996,45.0973],[2.0999,45.0977],[2.1001,45.0983],[2.1006,45.0999],[2.1006,45.1001],[2.1003,45.1009],[2.1002,45.1017],[2.0997,45.1024],[2.0996,45.1039],[2.0991,45.1062],[2.0991,45.1063],[2.0993,45.1087],[2.0996,45.1093],[2.1011,45.1118],[2.1018,45.113],[2.102,45.1134],[2.1022,45.1141],[2.1022,45.1144],[2.102,45.1149],[2.1017,45.1157],[2.1016,45.1162],[2.1016,45.1183],[2.1015,45.1187],[2.1002,45.1236],[2.0997,45.1257],[2.0991,45.1282],[2.0989,45.1294]]}},{"type":"Feature","properties":{"rang":"departementale"},"geometry":{"type":"LineString","coordinates":[[1.7779,45.0382],[1.7781,45.0381],[1.7796,45.0375],[1.7799,45.0374],[1.7805,45.0377],[1.7809,45.0385],[1.7811,45.0387],[1.7827,45.0393],[1.7836,45.0394],[1.7842,45.0394],[1.7854,45.0393],[1.7859,45.0393],[1.7873,45.0397],[1.7879,45.0398],[1.7885,45.0397],[1.7894,45.0394],[1.7901,45.0393],[1.7922,45.0394],[1.7928,45.0393],[1.7936,45.0391],[1.7942,45.0386],[1.7958,45.0373],[1.7963,45.037],[1.7976,45.0368],[1.7979,45.0367],[1.7985,45.0363],[1.7989,45.0362],[1.7992,45.0362],[1.7993,45.0363],[1.7987,45.0362]]}},{"type":"Feature","properties":{"rang":"departementale"},"geometry":{"type":"LineString","coordinates":[[1.7481,45.0397],[1.748,45.0398]]}},{"type":"Feature","properties":{"rang":"departementale"},"geometry":{"type":"LineString","coordinates":[[2.0245,45.1305],[2.0241,45.1313],[2.0235,45.132],[2.0231,45.1322],[2.023,45.1323],[2.0233,45.133],[2.0239,45.1333],[2.0244,45.1332],[2.0247,45.1332],[2.0248,45.1335],[2.025,45.1352],[2.025,45.1361],[2.0251,45.1374],[2.0251,45.1376],[2.0248,45.1384],[2.0244,45.1386],[2.0241,45.1385],[2.0239,45.1382],[2.0241,45.1376],[2.0241,45.1373],[2.0237,45.1369],[2.023,45.1352],[2.0227,45.135],[2.0224,45.135],[2.022,45.1351],[2.0215,45.1354],[2.0213,45.1354],[2.0202,45.1354],[2.0199,45.1353],[2.019,45.1347],[2.0184,45.1343],[2.0176,45.1335],[2.0174,45.1329],[2.0172,45.1328],[2.0169,45.1328],[2.0165,45.1331],[2.0162,45.1336],[2.0152,45.1341],[2.0146,45.1347],[2.0141,45.1349],[2.0137,45.135],[2.0127,45.135],[2.0121,45.1351],[2.0111,45.1356],[2.0109,45.1358],[2.0106,45.1362],[2.0103,45.1367],[2.0103,45.1369],[2.0104,45.1371],[2.0107,45.1375],[2.0111,45.1387],[2.0114,45.1392],[2.0117,45.1397],[2.0117,45.1399],[2.0115,45.1404],[2.0114,45.1408],[2.0114,45.1414],[2.0113,45.1421],[2.0107,45.1432],[2.0101,45.1438],[2.0098,45.1446],[2.0098,45.145],[2.0101,45.1451],[2.0119,45.1454],[2.0125,45.1456],[2.0126,45.1458],[2.0126,45.1463],[2.0124,45.1465],[2.0121,45.1469],[2.0121,45.1472],[2.0122,45.1478],[2.012,45.1479],[2.0119,45.1478],[2.0118,45.147],[2.0118,45.1468],[2.0121,45.1463],[2.012,45.1461],[2.0116,45.147],[2.0116,45.1478],[2.0118,45.1482],[2.0118,45.1484],[2.0112,45.1498],[2.0112,45.1499],[2.0113,45.1505],[2.0113,45.1509],[2.0113,45.1513],[2.011,45.1515],[2.0106,45.1518],[2.0099,45.1519],[2.0095,45.1519],[2.0091,45.1519],[2.0084,45.1517],[2.0082,45.1518],[2.0082,45.1523],[2.0085,45.1533],[2.0084,45.1536],[2.0084,45.1543],[2.0087,45.1545],[2.0092,45.1552],[2.0097,45.1562],[2.0102,45.1569],[2.0111,45.1577],[2.0112,45.158],[2.0111,45.1582],[2.0097,45.159],[2.0082,45.1596],[2.0079,45.1597],[2.0074,45.1602],[2.0059,45.161],[2.005,45.1615],[2.0044,45.1617],[2.0042,45.1618],[2.0042,45.1622],[2.0041,45.1625],[2.0038,45.1629],[2.0039,45.1634],[2.0037,45.1638],[2.0035,45.164],[2.0031,45.1641],[2.0027,45.1645],[2.0023,45.1647],[2.0022,45.1652],[2.0023,45.1654],[2.0021,45.1653],[2.0021,45.1647],[2.0024,45.1643],[2.003,45.1637],[2.0032,45.1632],[2.0031,45.1628],[2.0033,45.1624],[2.0033,45.1621],[2.0032,45.1621],[2.0031,45.1625],[2.0029,45.1628],[2.0028,45.1632],[2.0025,45.1635],[2.002,45.1637],[2.0015,45.1643],[2.001,45.1647],[2.0007,45.165],[2.0005,45.1651],[2.0001,45.1652],[1.9993,45.1655],[1.9985,45.1654],[1.9982,45.1653],[1.998,45.1655],[1.998,45.1659],[1.9975,45.166],[1.9971,45.1663],[1.9972,45.1664],[1.9976,45.1665],[1.9978,45.1669],[1.9981,45.1671],[1.9981,45.1673],[1.9978,45.1679],[1.9976,45.1682],[1.9978,45.1688],[1.9979,45.169],[1.9983,45.1693],[1.9983,45.1697],[1.9982,45.1699],[1.9979,45.1701],[1.9975,45.1699],[1.9972,45.1697],[1.9964,45.1691],[1.9952,45.1687],[1.9948,45.1685],[1.9945,45.1683],[1.9937,45.1683],[1.9932,45.1685],[1.9923,45.1685],[1.9921,45.1685],[1.992,45.1683],[1.9911,45.1679],[1.9909,45.1675],[1.9905,45.1673],[1.99,45.1672],[1.9886,45.1677],[1.9885,45.1678],[1.9885,45.168],[1.9887,45.1685],[1.9887,45.1689],[1.9884,45.1693],[1.9884,45.1695],[1.9883,45.1699],[1.9881,45.1701],[1.9878,45.1702],[1.9872,45.1703],[1.987,45.1695],[1.9867,45.1689],[1.9865,45.1683],[1.9862,45.1681],[1.9852,45.1678],[1.9851,45.1676],[1.985,45.1671],[1.9843,45.1665]]}},{"type":"Feature","properties":{"rang":"departementale"},"geometry":{"type":"LineString","coordinates":[[2.0917,45.1426],[2.0915,45.1427],[2.0915,45.1441],[2.0916,45.1446],[2.0921,45.1458],[2.0935,45.1492],[2.0947,45.1519],[2.0949,45.1525],[2.0949,45.153],[2.0942,45.1541],[2.0937,45.1547],[2.0923,45.1571],[2.092,45.1574],[2.0914,45.1577],[2.0911,45.1579],[2.0875,45.1595],[2.0871,45.1597],[2.0867,45.1602],[2.0858,45.1628],[2.0856,45.163],[2.0852,45.1634],[2.084,45.164],[2.0835,45.1644],[2.0833,45.1649],[2.0827,45.1661],[2.0826,45.1672],[2.0822,45.1682],[2.082,45.1686],[2.0811,45.1692],[2.0806,45.1695],[2.0802,45.1699],[2.0801,45.1702],[2.0802,45.1708],[2.0808,45.1717],[2.0814,45.1721],[2.0822,45.1728],[2.0828,45.1731],[2.0831,45.1733],[2.0839,45.1745],[2.084,45.175],[2.084,45.1751]]}},{"type":"Feature","properties":{"rang":"departementale"},"geometry":{"type":"LineString","coordinates":[[2.1132,45.2178],[2.1129,45.2174],[2.1123,45.2171],[2.112,45.2167],[2.1119,45.2159],[2.1117,45.2157],[2.1114,45.2155],[2.1111,45.2154],[2.1105,45.2156],[2.1097,45.2156],[2.1095,45.2155],[2.1087,45.2151],[2.1077,45.2147],[2.1073,45.2147],[2.1061,45.2146],[2.1053,45.2147],[2.1038,45.2149],[2.103,45.2148],[2.1025,45.2148],[2.1018,45.2149],[2.1015,45.2148],[2.1012,45.2147],[2.1008,45.2147],[2.1003,45.2145],[2.0994,45.2141],[2.0986,45.2141],[2.0966,45.2139],[2.0963,45.2138],[2.0959,45.2136],[2.0958,45.2133],[2.096,45.2129],[2.0954,45.2127],[2.0952,45.2123],[2.0949,45.2122],[2.0945,45.2124],[2.0942,45.213],[2.0939,45.2131],[2.0931,45.2129],[2.0928,45.2128],[2.092,45.2123],[2.0916,45.2119],[2.0915,45.2115],[2.0912,45.2114],[2.0909,45.2115],[2.0905,45.2117],[2.0899,45.2117],[2.0883,45.2114],[2.0881,45.2113],[2.0878,45.2114],[2.0876,45.212],[2.0878,45.2125],[2.0879,45.2128],[2.0878,45.213],[2.0872,45.2134],[2.0866,45.2135],[2.0856,45.2136],[2.0844,45.214],[2.0841,45.214],[2.0834,45.2139],[2.0825,45.2139],[2.0824,45.2141],[2.0826,45.2144],[2.0827,45.2151],[2.0824,45.2155],[2.0822,45.2158],[2.0818,45.216],[2.0817,45.2162],[2.0818,45.2166],[2.0818,45.2171],[2.0816,45.2178],[2.0814,45.2181],[2.0813,45.2182],[2.0807,45.2183],[2.0804,45.2185],[2.08,45.2186],[2.0792,45.2185],[2.0789,45.2183],[2.0785,45.2175],[2.0783,45.2174],[2.0777,45.2175],[2.0773,45.2178],[2.0769,45.2179],[2.0766,45.2176],[2.0765,45.2151],[2.0762,45.2147],[2.0762,45.2144],[2.0761,45.2133],[2.076,45.2129],[2.0747,45.2116],[2.0742,45.2111],[2.0741,45.2105],[2.0743,45.2094],[2.0742,45.2091],[2.0738,45.2083],[2.0737,45.2079],[2.0737,45.2069],[2.0736,45.2058],[2.0738,45.2055],[2.0743,45.2047],[2.0744,45.2044],[2.0743,45.2038],[2.0743,45.2027],[2.0744,45.2024],[2.0746,45.2019],[2.0762,45.1998],[2.0764,45.1993],[2.0764,45.1991],[2.0763,45.1984],[2.0762,45.1978],[2.0764,45.1969],[2.0764,45.196],[2.0765,45.1958],[2.0772,45.1947],[2.0776,45.1936],[2.0782,45.1927],[2.0783,45.1924],[2.0783,45.1918],[2.0785,45.1916],[2.0796,45.1908],[2.0799,45.1905],[2.0825,45.1869],[2.0827,45.1865],[2.0836,45.1831],[2.0839,45.1817],[2.0842,45.1814],[2.0849,45.181],[2.0851,45.1807],[2.0851,45.1805],[2.0848,45.179],[2.0846,45.1787],[2.0843,45.1784],[2.0836,45.1778],[2.0835,45.1774],[2.0837,45.1768],[2.0839,45.1766],[2.0845,45.1764],[2.0848,45.1762],[2.0853,45.1754],[2.0848,45.1752],[2.0844,45.1751],[2.084,45.1751]]}},{"type":"Feature","properties":{"rang":"departementale"},"geometry":{"type":"LineString","coordinates":[[1.941,45.1015],[1.9409,45.1011],[1.9402,45.0996],[1.9398,45.0986],[1.9392,45.0976],[1.939,45.0971],[1.9387,45.0961],[1.9384,45.0952],[1.9378,45.0954],[1.9365,45.0958],[1.9362,45.0958],[1.9357,45.0956],[1.935,45.0951],[1.9347,45.095],[1.9334,45.0948],[1.9331,45.0947],[1.9329,45.0945],[1.9325,45.0935],[1.9322,45.0928],[1.9319,45.0924]]}},{"type":"Feature","properties":{"rang":"departementale"},"geometry":{"type":"LineString","coordinates":[[1.9213,45.0254],[1.9205,45.0252],[1.9194,45.0251],[1.919,45.025],[1.9182,45.0244],[1.918,45.0243],[1.9175,45.0243],[1.9167,45.0245],[1.9152,45.0246],[1.9148,45.0247],[1.9142,45.025],[1.9139,45.0251],[1.9135,45.0251],[1.9131,45.0249],[1.9127,45.0249],[1.9121,45.0251],[1.9115,45.0251],[1.9107,45.0249],[1.9102,45.0249],[1.9099,45.025],[1.9093,45.0254],[1.909,45.0256],[1.9085,45.0256],[1.9075,45.0255],[1.907,45.0254],[1.9044,45.0247],[1.9039,45.0244],[1.9038,45.0239],[1.9038,45.023],[1.9037,45.0227],[1.9034,45.0224],[1.9028,45.0222],[1.9005,45.0221],[1.8998,45.0223],[1.8993,45.0227],[1.8988,45.0229],[1.8984,45.0231],[1.898,45.0231],[1.8966,45.023],[1.8959,45.0228],[1.8947,45.0228],[1.894,45.0226],[1.8937,45.0223],[1.8936,45.022],[1.8935,45.0213],[1.8932,45.0208],[1.8925,45.0204],[1.8917,45.0202],[1.8913,45.0201],[1.8859,45.0176],[1.8856,45.0173],[1.8853,45.0162],[1.8851,45.0159],[1.8848,45.0158],[1.8845,45.0157],[1.8819,45.0158],[1.8814,45.0156],[1.8806,45.0151],[1.8804,45.0151],[1.879,45.0148],[1.8785,45.0146],[1.8779,45.014],[1.8777,45.0138],[1.8775,45.013],[1.8773,45.0128],[1.8771,45.0126],[1.8694,45.0101],[1.8688,45.0099],[1.8684,45.0098],[1.8678,45.01],[1.8669,45.0102],[1.8665,45.0103],[1.8661,45.0102],[1.8655,45.01],[1.8648,45.01],[1.8641,45.01],[1.8635,45.0099],[1.8631,45.0095],[1.8628,45.009],[1.8628,45.0087],[1.8628,45.0077],[1.8625,45.0071],[1.8625,45.0067],[1.8628,45.0064],[1.8631,45.0063],[1.8636,45.0062],[1.8651,45.0063],[1.8656,45.0063],[1.8668,45.0061],[1.8671,45.0059],[1.8673,45.0055],[1.8675,45.0049],[1.8679,45.0043],[1.8679,45.0041],[1.8677,45.0039],[1.8674,45.0039],[1.8666,45.004],[1.866,45.0039],[1.8647,45.0034],[1.8642,45.0034],[1.8631,45.0033],[1.8627,45.0033],[1.8622,45.003],[1.8621,45.0029],[1.8617,45.0023],[1.8614,45.0021],[1.8611,45.0022],[1.8603,45.0023],[1.8591,45.0022],[1.8585,45.0022],[1.8582,45.002],[1.858,45.0018],[1.8578,45.0014],[1.8575,45.0012],[1.8569,45.001],[1.8565,45.0007],[1.8565,45.0005],[1.8563,44.9998],[1.8563,44.9995],[1.8564,44.999],[1.8569,44.9983],[1.8571,44.9979],[1.8574,44.9965],[1.8573,44.9949],[1.857,44.9944],[1.8565,44.9942],[1.8562,44.994],[1.856,44.9934],[1.8561,44.9925],[1.8565,44.9919],[1.8568,44.9917],[1.8572,44.9916],[1.8579,44.9916],[1.8582,44.9915],[1.8587,44.9913],[1.8591,44.9912],[1.8597,44.9911],[1.8599,44.9909],[1.8599,44.9906],[1.8596,44.9904],[1.859,44.9903],[1.8587,44.99],[1.8587,44.9896],[1.8592,44.9886],[1.8592,44.9884],[1.8585,44.9877],[1.8582,44.9872],[1.8575,44.9867],[1.8575,44.9864],[1.8575,44.986],[1.8572,44.9857],[1.8569,44.9856],[1.8565,44.9857],[1.8559,44.9857],[1.854,44.9851],[1.8536,44.9849],[1.8534,44.9846],[1.8533,44.9842],[1.8531,44.9833],[1.8532,44.9827],[1.853,44.9818],[1.8532,44.981],[1.8531,44.9808],[1.8526,44.9807],[1.8522,44.9808],[1.8515,44.9812],[1.8508,44.9812],[1.8505,44.9812],[1.8498,44.9808],[1.8496,44.9805],[1.8492,44.9795],[1.8488,44.9792],[1.8485,44.9792],[1.8472,44.979],[1.8454,44.9789],[1.8449,44.9787],[1.8445,44.9785],[1.8444,44.9782],[1.8444,44.9772]]}},{"type":"Feature","properties":{"rang":"departementale"},"geometry":{"type":"LineString","coordinates":[[1.9809,45.0168],[1.9801,45.0172],[1.9795,45.0177],[1.9792,45.018],[1.9788,45.0185],[1.9776,45.0201],[1.9775,45.0204],[1.9774,45.0208],[1.9774,45.021],[1.9777,45.0217],[1.9778,45.0222],[1.9776,45.0233],[1.9777,45.0242],[1.9776,45.0246],[1.9774,45.0249],[1.9768,45.0255],[1.9754,45.0267],[1.9751,45.0269],[1.9744,45.0271],[1.9741,45.0272],[1.9721,45.0274],[1.9716,45.0275],[1.969,45.0286],[1.9685,45.0289],[1.9659,45.0304],[1.9645,45.031],[1.9616,45.0325],[1.9612,45.0326],[1.9585,45.033],[1.9578,45.0334],[1.9575,45.0337],[1.9573,45.0341],[1.9572,45.0347],[1.957,45.035],[1.9549,45.0382],[1.9547,45.0384],[1.9543,45.0385],[1.954,45.0384],[1.9535,45.0381],[1.9532,45.0378],[1.9529,45.0371],[1.9527,45.0368],[1.9523,45.0365],[1.9515,45.0362],[1.9503,45.0352],[1.9483,45.0336],[1.9477,45.0332],[1.9439,45.0317],[1.9435,45.0316],[1.9432,45.0316],[1.943,45.0318],[1.9424,45.0325],[1.942,45.0328],[1.9417,45.033],[1.9406,45.0333],[1.9402,45.0335],[1.9398,45.0337],[1.9381,45.0355],[1.9378,45.0356],[1.9373,45.0357],[1.9365,45.0355],[1.9362,45.0355],[1.9358,45.0357],[1.9351,45.037],[1.9347,45.0373],[1.9343,45.0373],[1.9329,45.0373],[1.9321,45.0371],[1.9303,45.0363],[1.9299,45.036],[1.9298,45.0358],[1.9295,45.0347],[1.9289,45.0341],[1.9288,45.0339],[1.9287,45.0331],[1.9286,45.0329],[1.9276,45.0316],[1.9274,45.0311],[1.9274,45.0295],[1.9272,45.0289],[1.9269,45.0286],[1.9257,45.0278],[1.9251,45.0274],[1.9243,45.027],[1.9237,45.0266],[1.923,45.0259],[1.9227,45.0257],[1.9221,45.0255],[1.9213,45.0254]]}},{"type":"Feature","properties":{"rang":"departementale"},"geometry":{"type":"LineString","coordinates":[[1.9875,45.0142],[1.9858,45.0152],[1.985,45.0156],[1.9822,45.0163],[1.9816,45.0165],[1.9809,45.0168]]}},{"type":"Feature","properties":{"rang":"departementale"},"geometry":{"type":"LineString","coordinates":[[1.9978,45.0089],[1.9969,45.0094],[1.9927,45.0109],[1.9921,45.0112],[1.9881,45.0138],[1.9875,45.0142]]}},{"type":"Feature","properties":{"rang":"departementale"},"geometry":{"type":"LineString","coordinates":[[1.9995,45.0078],[1.9984,45.0086],[1.9978,45.0089]]}},{"type":"Feature","properties":{"rang":"departementale"},"geometry":{"type":"LineString","coordinates":[[2.0055,45.0042],[2.0052,45.0045],[2.005,45.0048],[2.0045,45.005],[2.003,45.0054],[2.0025,45.0057],[1.9995,45.0078]]}},{"type":"Feature","properties":{"rang":"departementale"},"geometry":{"type":"LineString","coordinates":[[2.0099,44.9987],[2.0095,44.9991],[2.0069,45.0025],[2.0055,45.0042]]}},{"type":"Feature","properties":{"rang":"departementale"},"geometry":{"type":"LineString","coordinates":[[2.0188,45.0003],[2.0182,44.9988],[2.0179,44.9984],[2.0174,44.9982],[2.0162,44.9981],[2.0159,44.998],[2.0155,44.9975],[2.0153,44.9971],[2.0148,44.9967],[2.0144,44.9967],[2.0133,44.9968],[2.0127,44.997],[2.0115,44.9976],[2.011,44.9979],[2.0106,44.9981],[2.0099,44.9987]]}},{"type":"Feature","properties":{"rang":"departementale"},"geometry":{"type":"LineString","coordinates":[[2.02,45.0016],[2.0193,45.0009],[2.0188,45.0003]]}},{"type":"Feature","properties":{"rang":"departementale"},"geometry":{"type":"LineString","coordinates":[[1.8416,44.973],[1.8413,44.9733],[1.841,44.9736],[1.8402,44.9749],[1.8396,44.976],[1.8395,44.9761],[1.8392,44.9766],[1.8383,44.9781],[1.8383,44.9783]]}},{"type":"Feature","properties":{"rang":"departementale"},"geometry":{"type":"LineString","coordinates":[[1.9249,44.949],[1.9248,44.9492],[1.9249,44.9494],[1.9255,44.9497],[1.9257,44.9499],[1.9257,44.9502],[1.9256,44.9505],[1.9251,44.9509],[1.9251,44.951],[1.9253,44.9512],[1.9255,44.9516],[1.9265,44.9518],[1.9267,44.9519],[1.927,44.9522],[1.9271,44.9525],[1.9275,44.9526],[1.928,44.953],[1.9288,44.954],[1.9293,44.9543],[1.9295,44.9545],[1.9297,44.9551],[1.9296,44.9555],[1.9298,44.9558],[1.93,44.9563],[1.9309,44.9579],[1.9312,44.958],[1.9316,44.9578],[1.9324,44.957],[1.9328,44.9566],[1.9332,44.9565],[1.9337,44.9565],[1.9339,44.9566],[1.9342,44.9573],[1.9353,44.9579],[1.936,44.9584],[1.9363,44.9587],[1.9367,44.9593],[1.9373,44.96],[1.9374,44.9602],[1.9372,44.9605],[1.9371,44.9607],[1.9362,44.9612],[1.9359,44.9613],[1.9358,44.9615],[1.9361,44.9617],[1.9362,44.9619],[1.936,44.9623],[1.9357,44.9634],[1.9356,44.9642],[1.9354,44.965],[1.9356,44.9651],[1.9358,44.9651],[1.9362,44.9649],[1.9367,44.9646],[1.9372,44.9643],[1.9378,44.964],[1.9381,44.9637],[1.9384,44.9636],[1.9388,44.9637],[1.9394,44.964],[1.9397,44.9641],[1.94,44.9642],[1.9401,44.9646],[1.9403,44.9659],[1.9403,44.9662],[1.9402,44.9667],[1.9403,44.9672],[1.9402,44.9679],[1.9401,44.9683],[1.9395,44.9689],[1.939,44.9692],[1.9391,44.9699],[1.939,44.9705],[1.9391,44.9706],[1.9401,44.9713],[1.9405,44.9714]]}},{"type":"Feature","properties":{"rang":"departementale"},"geometry":{"type":"LineString","coordinates":[[1.9374,44.9521],[1.9372,44.9531],[1.937,44.9532],[1.9362,44.9532],[1.9342,44.9531],[1.9336,44.9531],[1.9322,44.9528],[1.9309,44.9524],[1.9291,44.9516],[1.9286,44.9513],[1.9279,44.9508],[1.9275,44.9507],[1.9273,44.9504],[1.9274,44.95],[1.927,44.9491],[1.9267,44.949],[1.9266,44.9488],[1.9267,44.9485],[1.9264,44.948],[1.9268,44.9475],[1.927,44.9473],[1.9269,44.9469],[1.9271,44.9467],[1.9271,44.9463],[1.927,44.9457],[1.927,44.9447],[1.9269,44.9444],[1.9265,44.9442],[1.9259,44.9443],[1.9256,44.9443],[1.9253,44.9441],[1.9247,44.944],[1.9241,44.9442],[1.9223,44.9453],[1.9219,44.9459],[1.9216,44.946],[1.9208,44.9458],[1.9207,44.9459]]}},{"type":"Feature","properties":{"rang":"departementale"},"geometry":{"type":"LineString","coordinates":[[1.9326,44.9496],[1.933,44.9499],[1.934,44.9504],[1.9347,44.9505],[1.936,44.9511],[1.9372,44.9514],[1.9374,44.9515],[1.9374,44.9521]]}},{"type":"Feature","properties":{"rang":"departementale"},"geometry":{"type":"LineString","coordinates":[[1.9412,44.9488],[1.9412,44.9485],[1.9416,44.9478],[1.9415,44.9475],[1.9411,44.9475],[1.9398,44.9479],[1.9394,44.948],[1.939,44.9485],[1.9385,44.9487],[1.9382,44.9486],[1.9371,44.948],[1.9368,44.9476],[1.9365,44.9475],[1.9361,44.9474],[1.9351,44.9476],[1.9342,44.9477],[1.934,44.9478],[1.9338,44.9483],[1.9336,44.9485],[1.933,44.9486],[1.9326,44.9489],[1.9324,44.9492],[1.9326,44.9496]]}},{"type":"Feature","properties":{"rang":"departementale"},"geometry":{"type":"LineString","coordinates":[[1.748,45.0394],[1.7481,45.0397],[1.748,45.0398],[1.7477,45.0396],[1.748,45.0395]]}},{"type":"Feature","properties":{"rang":"departementale"},"geometry":{"type":"LineString","coordinates":[[1.9291,45.0823],[1.9293,45.0814],[1.9296,45.0805],[1.9302,45.0795],[1.9305,45.0785],[1.9306,45.0777],[1.9306,45.0774],[1.9304,45.0772],[1.9299,45.0771],[1.9272,45.0773],[1.9269,45.0773],[1.9257,45.0778],[1.9251,45.078],[1.9247,45.078],[1.9237,45.0783],[1.9231,45.0783],[1.9221,45.0783],[1.9202,45.078],[1.9193,45.078],[1.9175,45.0778],[1.9157,45.0774],[1.9151,45.0773],[1.9143,45.0772],[1.913,45.0769],[1.9121,45.077],[1.9107,45.0769],[1.9095,45.0767],[1.9088,45.0765],[1.9077,45.0761],[1.9069,45.0757],[1.9049,45.0744],[1.9041,45.0737],[1.9038,45.0735],[1.9036,45.073],[1.9035,45.0726],[1.9036,45.0719],[1.904,45.0702],[1.9041,45.069],[1.9042,45.0686],[1.9047,45.0674],[1.9051,45.0667],[1.906,45.0655],[1.9062,45.0651],[1.9064,45.0641],[1.9062,45.063],[1.9063,45.0622],[1.9062,45.0614],[1.9063,45.0609],[1.9066,45.0603],[1.9065,45.0598],[1.9066,45.0586],[1.9063,45.0576],[1.9064,45.0572],[1.9063,45.0567],[1.9065,45.056],[1.9064,45.0559],[1.9062,45.0556],[1.906,45.0549],[1.9055,45.0539],[1.9051,45.0532],[1.9051,45.0529],[1.9052,45.0522],[1.9051,45.0517],[1.9047,45.0509],[1.9046,45.0503],[1.9043,45.0487],[1.9041,45.0478],[1.904,45.0475],[1.9034,45.047],[1.9022,45.0462],[1.9019,45.0462],[1.899,45.0457],[1.8985,45.0457],[1.8973,45.0459],[1.8967,45.046],[1.8962,45.0462],[1.8955,45.0467],[1.8943,45.0471],[1.8937,45.0472],[1.8924,45.0474],[1.8908,45.0476],[1.8906,45.0476],[1.89,45.0474],[1.8896,45.0471],[1.8884,45.0468],[1.8877,45.0466],[1.8864,45.0462],[1.8851,45.0459],[1.8848,45.0459],[1.884,45.046],[1.8822,45.0467],[1.8808,45.047],[1.8802,45.047],[1.8762,45.0472],[1.8755,45.0472],[1.8751,45.0471],[1.8741,45.0467],[1.8737,45.0464],[1.8733,45.0459],[1.873,45.0457],[1.8719,45.0453],[1.8712,45.0453],[1.8708,45.0454],[1.8703,45.0457],[1.8692,45.0464],[1.8685,45.0472],[1.8675,45.0479],[1.8671,45.0481],[1.8649,45.0489],[1.8646,45.049],[1.8641,45.049],[1.8637,45.0488],[1.8634,45.0483],[1.8631,45.0481],[1.8628,45.0481],[1.8621,45.0476],[1.8614,45.0474],[1.861,45.0471],[1.8607,45.0468],[1.8604,45.0465],[1.86,45.0461],[1.8598,45.0457],[1.8597,45.0454],[1.8597,45.045],[1.8596,45.0446],[1.8593,45.0443],[1.8586,45.0442],[1.8584,45.0442],[1.8576,45.0436],[1.8563,45.043],[1.8559,45.0429],[1.8546,45.0428],[1.8539,45.0427],[1.8523,45.0421],[1.8509,45.0417],[1.8501,45.0414],[1.8497,45.0413],[1.8491,45.0413],[1.8485,45.0413],[1.8476,45.041],[1.8467,45.0409],[1.846,45.0407],[1.8452,45.0407],[1.8447,45.0406],[1.8436,45.0402],[1.8433,45.0401],[1.8415,45.0398],[1.841,45.0397],[1.8405,45.0393],[1.8403,45.0389],[1.8402,45.0386],[1.8402,45.0383],[1.8403,45.0377],[1.8405,45.0371],[1.8415,45.0354],[1.8419,45.0347],[1.8423,45.0337],[1.8427,45.0333],[1.8441,45.0322],[1.8446,45.0317],[1.8459,45.03],[1.8466,45.0293],[1.8467,45.0291],[1.847,45.0282],[1.847,45.0278],[1.8469,45.0276],[1.8463,45.0268],[1.8456,45.0262],[1.8452,45.026],[1.8447,45.0259],[1.8435,45.0257]]}},{"type":"Feature","properties":{"rang":"departementale"},"geometry":{"type":"LineString","coordinates":[[1.9445,45.1035],[1.9453,45.1038],[1.9461,45.1043],[1.9465,45.1044],[1.9492,45.1043],[1.9499,45.1043],[1.9503,45.1044],[1.951,45.1048],[1.9514,45.1049],[1.9526,45.105],[1.953,45.1051],[1.954,45.1056],[1.9543,45.1058],[1.9544,45.1061],[1.9539,45.1077],[1.9534,45.1089],[1.9534,45.1093],[1.9535,45.1096],[1.954,45.1103],[1.9549,45.1111],[1.9552,45.1112],[1.9561,45.1115],[1.9564,45.1116],[1.9573,45.1124],[1.9579,45.1126],[1.9591,45.1128],[1.9595,45.113],[1.9598,45.1133],[1.9599,45.1136],[1.9598,45.1153],[1.9597,45.1158],[1.9602,45.117],[1.9604,45.1178],[1.9605,45.1184],[1.9606,45.1186],[1.9609,45.1187],[1.9614,45.1187],[1.9617,45.1184],[1.9617,45.1181],[1.9615,45.1163],[1.9614,45.1159],[1.9615,45.1154],[1.962,45.1145],[1.9625,45.1136],[1.9625,45.1133],[1.9621,45.1127],[1.9623,45.1124],[1.9625,45.1125],[1.9629,45.1135],[1.963,45.1138],[1.9628,45.1146],[1.9627,45.1153],[1.9627,45.1158],[1.9629,45.1162],[1.9638,45.1173],[1.964,45.1175],[1.9648,45.1177],[1.9662,45.1186],[1.9666,45.1189],[1.9674,45.119],[1.9681,45.1195],[1.9684,45.12],[1.9689,45.1205],[1.9688,45.1212],[1.9683,45.1216],[1.9675,45.1223],[1.9673,45.1226],[1.9672,45.1234],[1.9672,45.1236],[1.9675,45.1238],[1.9682,45.124],[1.9687,45.1245],[1.9695,45.125],[1.9709,45.1257],[1.972,45.1264],[1.9727,45.1268],[1.9744,45.1272],[1.9751,45.1275],[1.9757,45.1278],[1.9766,45.1285],[1.9778,45.1296],[1.9784,45.13],[1.9792,45.1304],[1.9798,45.1308],[1.9804,45.1315],[1.9807,45.1319],[1.9812,45.1322],[1.9824,45.1329],[1.9829,45.133],[1.9839,45.1332],[1.9844,45.1334],[1.9848,45.1337],[1.985,45.1339],[1.9856,45.1349],[1.9866,45.1365],[1.9874,45.1377],[1.9883,45.1387],[1.9886,45.1394],[1.9886,45.14],[1.9885,45.1402],[1.9882,45.1409],[1.9881,45.1413],[1.9882,45.1418],[1.9884,45.1427],[1.9885,45.1434],[1.9884,45.1438],[1.9882,45.1441],[1.9875,45.145],[1.9871,45.1457],[1.9863,45.1489],[1.9862,45.1495],[1.9862,45.1504],[1.9863,45.1507],[1.9867,45.1518],[1.9868,45.1523],[1.9868,45.1542],[1.9867,45.1549],[1.9856,45.1593],[1.9856,45.1599],[1.9856,45.1609],[1.9855,45.1614],[1.9847,45.163],[1.9842,45.1641],[1.9843,45.1649],[1.9841,45.166],[1.9843,45.1665]]}},{"type":"Feature","properties":{"rang":"departementale"},"geometry":{"type":"LineString","coordinates":[[2.0344,45.1285],[2.035,45.1289],[2.0354,45.129],[2.0358,45.129],[2.0367,45.1285],[2.037,45.1284],[2.0374,45.1284],[2.0392,45.1289],[2.0399,45.1289],[2.0414,45.1285],[2.0421,45.1284],[2.0441,45.1283],[2.0447,45.1282],[2.0458,45.1279],[2.049,45.1269],[2.0507,45.1263],[2.0515,45.126],[2.0522,45.1257],[2.0538,45.1249],[2.0565,45.1227],[2.0541,45.121],[2.0531,45.1205],[2.0522,45.1201],[2.0513,45.1198],[2.0479,45.119],[2.0459,45.1185],[2.0454,45.1183],[2.0444,45.1178],[2.0438,45.1175],[2.0432,45.1171],[2.0412,45.1151],[2.0402,45.114],[2.0395,45.1135],[2.0382,45.1125],[2.0375,45.1122],[2.037,45.112],[2.0346,45.1116],[2.0342,45.1115],[2.0335,45.1115],[2.033,45.1116],[2.0317,45.112],[2.0295,45.1129],[2.0287,45.1131],[2.028,45.1131],[2.0273,45.1131],[2.0204,45.112],[2.019,45.1118],[2.0183,45.1115],[2.0179,45.1114],[2.0143,45.1095],[2.0124,45.1086],[2.0121,45.1084],[2.0105,45.1079],[2.0101,45.1076],[2.0097,45.1073],[2.0081,45.1055],[2.0077,45.1052],[2.0058,45.1043],[2.005,45.1039],[2.0042,45.1033],[2.0037,45.103],[2.0019,45.1022],[2.0013,45.102],[2.0003,45.1017],[1.9989,45.1014],[1.9981,45.1011],[1.9941,45.0996],[1.9936,45.0993],[1.9924,45.0984],[1.9921,45.0981],[1.9917,45.0977],[1.9915,45.0971],[1.9903,45.094],[1.9902,45.0938],[1.9889,45.0916],[1.9884,45.0909],[1.988,45.0906],[1.9873,45.0901]]}},{"type":"Feature","properties":{"rang":"departementale"},"geometry":{"type":"LineString","coordinates":[[1.7709,45.2074],[1.7708,45.2075],[1.7705,45.2078],[1.7702,45.2079],[1.7696,45.2077],[1.7693,45.2078],[1.7686,45.208],[1.768,45.2081],[1.7676,45.2082],[1.7671,45.2087],[1.7666,45.2089],[1.7658,45.209]]}},{"type":"Feature","properties":{"rang":"departementale"},"geometry":{"type":"LineString","coordinates":[[1.7746,45.1957],[1.7754,45.1952],[1.7757,45.1951],[1.7763,45.1951],[1.7774,45.1953],[1.7778,45.1952],[1.778,45.195],[1.7782,45.1943],[1.7786,45.194],[1.779,45.194],[1.7796,45.1943],[1.7802,45.1944],[1.7811,45.1941],[1.7814,45.1938],[1.782,45.1929],[1.7823,45.1927],[1.7827,45.1925],[1.783,45.1926],[1.7837,45.193],[1.7842,45.1931],[1.7846,45.1933],[1.7853,45.1944],[1.7854,45.1947],[1.7857,45.1965],[1.7858,45.1968],[1.7862,45.1978],[1.7867,45.1981],[1.7874,45.1981],[1.7883,45.1984],[1.7889,45.1985],[1.7942,45.1981],[1.7947,45.198],[1.8002,45.1956],[1.8038,45.1943],[1.8082,45.1927],[1.8091,45.1925],[1.8105,45.1925],[1.8108,45.1923],[1.812,45.1908],[1.8122,45.1906],[1.8139,45.1896]]}},{"type":"Feature","properties":{"rang":"departementale"},"geometry":{"type":"LineString","coordinates":[[1.9758,45.1968],[1.9758,45.1962],[1.9759,45.196],[1.9762,45.1958],[1.9766,45.1956],[1.977,45.1956],[1.977,45.1954],[1.9768,45.1952],[1.9763,45.1946],[1.9761,45.1945],[1.9749,45.1948],[1.9746,45.1947],[1.9743,45.1945],[1.9739,45.1944],[1.9734,45.194],[1.9731,45.194],[1.9728,45.1941],[1.9725,45.1941],[1.9722,45.1938],[1.9712,45.1936],[1.9707,45.1936],[1.9698,45.1936],[1.9697,45.1935],[1.9696,45.1932],[1.9693,45.1929],[1.9693,45.1924],[1.9691,45.1921],[1.9692,45.1918],[1.9694,45.1916],[1.9692,45.191],[1.9693,45.1907],[1.969,45.1904],[1.9686,45.1903],[1.9681,45.1904],[1.9677,45.1906],[1.9675,45.1909],[1.9671,45.1914],[1.9667,45.1918],[1.9663,45.192],[1.9655,45.1921],[1.9648,45.1922],[1.9645,45.1923],[1.9641,45.1928],[1.963,45.1935],[1.9628,45.1938],[1.9622,45.1945],[1.9622,45.1949],[1.9625,45.195],[1.9631,45.1951],[1.9634,45.1953],[1.9634,45.1958],[1.9637,45.1966]]}},{"type":"Feature","properties":{"rang":"departementale"},"geometry":{"type":"LineString","coordinates":[[1.8894,45.1945],[1.8894,45.194],[1.8895,45.1935],[1.8899,45.1925],[1.8909,45.1903],[1.891,45.1901],[1.8925,45.1886],[1.8927,45.1884],[1.893,45.1883],[1.8936,45.1885],[1.8938,45.1885],[1.8944,45.1882],[1.8947,45.1879],[1.8947,45.1877],[1.8944,45.1872],[1.8943,45.1868],[1.8945,45.1865],[1.8955,45.1857],[1.8957,45.1853],[1.8958,45.1844],[1.8959,45.184],[1.8962,45.1837],[1.8968,45.1834],[1.8971,45.1832],[1.8972,45.1829],[1.8977,45.1813],[1.8977,45.181],[1.8973,45.1804],[1.8972,45.18],[1.8974,45.1796],[1.8983,45.1781],[1.8985,45.1779],[1.901,45.1767],[1.9015,45.1764],[1.9024,45.1758],[1.9026,45.1754],[1.9026,45.1739],[1.9025,45.1732],[1.9014,45.1713],[1.9011,45.1709],[1.9008,45.1707],[1.8997,45.17],[1.8996,45.1698],[1.8995,45.1688],[1.8996,45.1685],[1.9,45.1685],[1.9009,45.1687],[1.9014,45.1686],[1.9017,45.1685],[1.9021,45.1685],[1.9031,45.1686],[1.9035,45.1686],[1.9042,45.1683],[1.905,45.1682],[1.9053,45.1681],[1.9054,45.1679],[1.9055,45.1676],[1.9052,45.1672],[1.9052,45.167],[1.9057,45.1667],[1.9058,45.1665],[1.9055,45.1664],[1.9037,45.1659],[1.9023,45.1654],[1.9017,45.165],[1.9017,45.1649],[1.9021,45.1643],[1.9024,45.1638],[1.9024,45.1635],[1.9022,45.1634],[1.9017,45.1632],[1.9009,45.1632],[1.9003,45.1632],[1.8998,45.1632],[1.8994,45.1631],[1.8992,45.1628],[1.8994,45.1627],[1.8994,45.1625],[1.8987,45.1624],[1.8984,45.1622],[1.8977,45.1612],[1.8978,45.1609],[1.8983,45.1607],[1.8983,45.1605],[1.8977,45.16],[1.8972,45.1598],[1.8968,45.1596],[1.8968,45.1593],[1.8969,45.1591],[1.8973,45.1587],[1.8972,45.1585],[1.8957,45.1581],[1.8942,45.1576],[1.8939,45.1574],[1.8937,45.1571],[1.8939,45.1566],[1.8941,45.1564],[1.8955,45.1562],[1.896,45.1563],[1.8965,45.1565],[1.8976,45.1568],[1.898,45.1568],[1.8979,45.1565],[1.8974,45.1558],[1.8973,45.1556],[1.8977,45.1551],[1.8976,45.1549],[1.8968,45.1547],[1.8962,45.1544],[1.8954,45.1544],[1.8949,45.1542],[1.8944,45.154],[1.8941,45.1537],[1.8941,45.1535],[1.8942,45.1532],[1.8949,45.1527],[1.8953,45.1524],[1.8953,45.1521],[1.8947,45.1518],[1.8944,45.1517],[1.8944,45.1513],[1.8946,45.1509],[1.8948,45.1507],[1.8954,45.1504],[1.8963,45.1501],[1.8964,45.1499],[1.8963,45.1498],[1.8954,45.1494],[1.8953,45.1492],[1.8957,45.1485],[1.8963,45.1482],[1.8978,45.1476],[1.899,45.1474],[1.8991,45.1472],[1.8989,45.1471],[1.8982,45.1469],[1.8976,45.1468],[1.8959,45.1471],[1.8956,45.1469],[1.8957,45.1467],[1.8966,45.1458],[1.8969,45.1456],[1.8974,45.1455],[1.8976,45.1454],[1.8974,45.1453],[1.8966,45.1453],[1.8961,45.1453],[1.895,45.1453],[1.8948,45.1451],[1.8949,45.1443],[1.8951,45.144],[1.896,45.144],[1.8963,45.1438],[1.8963,45.1436],[1.8958,45.1429],[1.8952,45.1426],[1.8948,45.1422],[1.8943,45.1409],[1.894,45.1401],[1.8939,45.1397],[1.8939,45.1395],[1.8942,45.1384],[1.8941,45.1366],[1.8942,45.1362],[1.8947,45.1351],[1.8952,45.1345],[1.8969,45.1309],[1.8971,45.1305],[1.8974,45.128],[1.8974,45.1273],[1.897,45.1267],[1.8964,45.1259]]}},{"type":"Feature","properties":{"rang":"departementale"},"geometry":{"type":"LineString","coordinates":[[1.9805,45.1924],[1.9806,45.1921],[1.9808,45.192],[1.9813,45.1921],[1.9818,45.1923],[1.9821,45.1926],[1.9824,45.1928],[1.983,45.1928],[1.9832,45.1926],[1.9833,45.1924],[1.9832,45.1918],[1.9829,45.1918],[1.9827,45.1921],[1.9825,45.192],[1.9824,45.1918],[1.982,45.1915],[1.9817,45.1912],[1.9813,45.191],[1.9807,45.191],[1.9799,45.1911],[1.9797,45.191],[1.9798,45.1907],[1.9802,45.19],[1.9801,45.1898],[1.9797,45.1898],[1.9788,45.1901],[1.9784,45.1905],[1.9779,45.1906],[1.9776,45.1908],[1.9774,45.191],[1.9769,45.1911],[1.9766,45.1913],[1.9763,45.1914],[1.9759,45.1912],[1.9758,45.1908],[1.9756,45.1896],[1.9757,45.1888],[1.9754,45.1887],[1.9749,45.1886],[1.9747,45.1884],[1.9746,45.1881],[1.9748,45.1873],[1.9748,45.1868],[1.9751,45.1862],[1.9753,45.1853],[1.9756,45.1847],[1.9756,45.1846],[1.9752,45.1842],[1.9752,45.1838],[1.9765,45.1825],[1.977,45.1822],[1.9777,45.1818],[1.978,45.1817],[1.9785,45.1817],[1.9787,45.1816],[1.9789,45.1812],[1.9797,45.181],[1.9807,45.1809],[1.9811,45.1808],[1.9812,45.1806],[1.9814,45.1801],[1.9821,45.1795],[1.9821,45.1787],[1.9824,45.1783],[1.9831,45.1781],[1.9835,45.178],[1.9836,45.1777],[1.9838,45.1775],[1.9849,45.1775],[1.9851,45.1774],[1.985,45.1772],[1.9847,45.1769],[1.9844,45.1767],[1.984,45.1767],[1.9838,45.1765],[1.9838,45.1763],[1.9848,45.1743],[1.9846,45.1738],[1.9847,45.1735],[1.9851,45.1729],[1.985,45.1725],[1.9848,45.1722],[1.9847,45.1715],[1.9847,45.1714],[1.985,45.1712],[1.9854,45.1712],[1.986,45.1714],[1.9863,45.1713],[1.987,45.1711],[1.9871,45.1709],[1.9871,45.1705],[1.9872,45.1703]]}},{"type":"Feature","properties":{"rang":"departementale"},"geometry":{"type":"LineString","coordinates":[[1.9487,45.0088],[1.9492,45.009],[1.9497,45.0093],[1.95,45.0093],[1.9505,45.0093],[1.9509,45.0093],[1.9513,45.0093],[1.9518,45.0096],[1.952,45.0102],[1.9518,45.0105],[1.9506,45.0105],[1.9497,45.0106],[1.9493,45.0107],[1.9479,45.0124],[1.9478,45.0127],[1.9479,45.013],[1.9479,45.0134],[1.9476,45.0139],[1.9476,45.0144],[1.9473,45.0149],[1.9477,45.0154],[1.9482,45.0157],[1.9489,45.016],[1.9497,45.0165],[1.95,45.0172],[1.9504,45.0184],[1.9509,45.0197],[1.951,45.0205],[1.9511,45.0217],[1.9512,45.0222],[1.9519,45.0238]]}},{"type":"Feature","properties":{"rang":"departementale"},"geometry":{"type":"LineString","coordinates":[[1.8885,44.9515],[1.8883,44.9519],[1.8883,44.9523],[1.8885,44.9528],[1.8885,44.9533],[1.8881,44.954],[1.8881,44.9543],[1.8885,44.9551],[1.8885,44.9554],[1.8885,44.9561],[1.8888,44.9567],[1.8888,44.9572],[1.8888,44.9577],[1.8886,44.9581],[1.8882,44.9587],[1.8877,44.959],[1.8876,44.9592],[1.8878,44.9595],[1.8883,44.9597],[1.8887,44.96],[1.889,44.9603],[1.8894,44.9611],[1.8897,44.9614],[1.89,44.962],[1.89,44.9632],[1.8898,44.9636],[1.89,44.9637],[1.8904,44.9638],[1.8908,44.9641],[1.8924,44.9645],[1.8933,44.9649],[1.895,44.9655],[1.895,44.9657],[1.8947,44.9659],[1.8951,44.9668],[1.8954,44.9671],[1.8959,44.9675],[1.8965,44.9677],[1.8976,44.9679],[1.8979,44.9681],[1.8983,44.9686],[1.8983,44.9689],[1.8979,44.9692],[1.8978,44.9696],[1.8977,44.9699],[1.8982,44.9708],[1.8981,44.9715],[1.8983,44.972],[1.8985,44.9724],[1.8992,44.9728],[1.8996,44.9729],[1.9001,44.9729],[1.9004,44.973],[1.9009,44.9732],[1.9015,44.9733],[1.9018,44.9735],[1.9019,44.9738],[1.9019,44.9742],[1.9021,44.9748],[1.9024,44.975],[1.903,44.9753],[1.9034,44.9755],[1.9055,44.9759],[1.906,44.9764],[1.9063,44.9771],[1.9065,44.9774],[1.907,44.9778],[1.9072,44.978],[1.9072,44.9787],[1.9069,44.9789],[1.9068,44.9792],[1.9074,44.9794],[1.9076,44.9796],[1.9077,44.98],[1.9076,44.9807],[1.9073,44.9809],[1.9072,44.981],[1.9073,44.9817],[1.9069,44.9824],[1.9069,44.9828],[1.9071,44.9833],[1.9071,44.9837],[1.9068,44.9842],[1.9067,44.9845],[1.9069,44.9848],[1.9067,44.9853],[1.9066,44.9857],[1.9067,44.9863],[1.9069,44.9868],[1.9072,44.9874],[1.9071,44.9879],[1.9071,44.988],[1.9075,44.9882],[1.9073,44.9885],[1.9073,44.9888],[1.9074,44.989],[1.9072,44.9905],[1.907,44.9907],[1.9069,44.991],[1.9071,44.9918],[1.9072,44.9921],[1.907,44.9923],[1.9065,44.9923],[1.9062,44.9924],[1.9059,44.9929],[1.9058,44.9932],[1.9055,44.9934],[1.9045,44.9947],[1.9045,44.9949],[1.9047,44.9951],[1.905,44.9953],[1.9055,44.9957],[1.9058,44.9966],[1.9058,44.997],[1.9055,44.9976],[1.9054,44.998],[1.9054,44.9986],[1.9059,44.9993],[1.9064,44.9997],[1.9068,44.9999],[1.9072,45.0002],[1.9076,45.0005],[1.908,45.0005],[1.9082,44.9998],[1.9087,44.9992],[1.9094,44.9987],[1.9098,44.9981],[1.9106,44.9975],[1.9109,44.9975],[1.9114,44.9976],[1.9116,44.9975],[1.912,44.9972],[1.9125,44.9968],[1.9129,44.9963],[1.9133,44.996],[1.9148,44.9956],[1.9151,44.9956],[1.9153,44.9961],[1.9154,44.9963],[1.9166,44.9973],[1.9168,44.9974],[1.9179,44.9977],[1.9186,44.9977],[1.9201,44.9975],[1.9204,44.9975],[1.9206,44.9977],[1.9212,44.9982],[1.9218,44.9993],[1.922,44.9996],[1.9228,44.9998],[1.9231,45.0001],[1.9234,45.0004],[1.9239,45.0022],[1.924,45.0031],[1.9244,45.0041],[1.9246,45.0044],[1.9248,45.0045],[1.9251,45.0045],[1.9256,45.004],[1.926,45.0039],[1.9266,45.0038],[1.9269,45.0036],[1.9276,45.0027],[1.9282,45.0021],[1.9286,45.0019],[1.929,45.0019],[1.9294,45.0019],[1.9308,45.0024],[1.9311,45.0025],[1.9333,45.004],[1.9335,45.0041],[1.9339,45.0041],[1.9344,45.0037],[1.9346,45.0037],[1.9351,45.0038],[1.9354,45.0041],[1.9355,45.0046],[1.9361,45.0056],[1.9368,45.0068],[1.9377,45.0076],[1.9382,45.0083],[1.9386,45.0086],[1.9396,45.0094],[1.9402,45.0097],[1.9423,45.0104],[1.943,45.0107],[1.9434,45.0111],[1.9441,45.0122],[1.9444,45.0125],[1.9452,45.0128],[1.9457,45.0129],[1.9461,45.013],[1.9461,45.0137],[1.9462,45.0139],[1.9464,45.0142],[1.9473,45.0148]]}},{"type":"Feature","properties":{"rang":"departementale"},"geometry":{"type":"LineString","coordinates":[[1.843,45.0029],[1.8437,45.003],[1.8444,45.0033],[1.8464,45.0047],[1.8486,45.0062],[1.8499,45.0069],[1.8502,45.0071],[1.8505,45.0075],[1.8507,45.0079],[1.8507,45.0082],[1.8505,45.0089],[1.8504,45.0095],[1.8502,45.0103],[1.8495,45.0118],[1.849,45.0126],[1.8485,45.0131],[1.8474,45.0141],[1.8469,45.0145],[1.8463,45.0149],[1.8459,45.015],[1.8447,45.0152],[1.8423,45.0159],[1.8415,45.0162],[1.8409,45.0164],[1.8397,45.017],[1.8391,45.0173],[1.8387,45.0174],[1.837,45.0176],[1.8365,45.0178],[1.8362,45.018],[1.8357,45.0187],[1.8353,45.0194],[1.8353,45.0197],[1.8353,45.0201],[1.8353,45.0211],[1.8354,45.0221],[1.8353,45.0225],[1.8356,45.0239],[1.8357,45.0242],[1.8361,45.0247],[1.8365,45.0249],[1.8368,45.025],[1.8386,45.0255],[1.8395,45.0257],[1.84,45.0258],[1.843,45.0256],[1.8435,45.0257]]}},{"type":"Feature","properties":{"rang":"departementale"},"geometry":{"type":"LineString","coordinates":[[2.0972,45.1367],[2.0968,45.1369]]}},{"type":"Feature","properties":{"rang":"departementale"},"geometry":{"type":"LineString","coordinates":[[2.0892,45.1389],[2.0885,45.1389],[2.0868,45.1385],[2.0856,45.1385],[2.0811,45.1385],[2.0801,45.1385],[2.0793,45.1383],[2.0785,45.1379],[2.078,45.1375],[2.0775,45.137],[2.076,45.1354],[2.074,45.1329],[2.0737,45.1326],[2.0731,45.1321],[2.0726,45.1319],[2.0696,45.1305],[2.0689,45.1301],[2.0676,45.1293],[2.0671,45.1289],[2.0656,45.127],[2.0653,45.1267],[2.0648,45.1265],[2.0617,45.1257],[2.0607,45.1254],[2.0598,45.1249],[2.0594,45.1247],[2.0565,45.1227]]}},{"type":"Feature","properties":{"rang":"departementale"},"geometry":{"type":"LineString","coordinates":[[1.9402,45.091],[1.9393,45.0924],[1.9388,45.0933],[1.9386,45.0935],[1.9382,45.0937]]}},{"type":"Feature","properties":{"rang":"departementale"},"geometry":{"type":"LineString","coordinates":[[1.9402,45.091],[1.9406,45.0904]]}},{"type":"Feature","properties":{"rang":"departementale"},"geometry":{"type":"LineString","coordinates":[[2.0442,45.0026],[2.0434,45.0028],[2.0429,45.003],[2.0422,45.0035],[2.0419,45.0037],[2.0414,45.0039],[2.0408,45.004],[2.0399,45.004],[2.0371,45.0037],[2.0362,45.0037],[2.0358,45.0038],[2.0353,45.0039],[2.0346,45.0042],[2.0341,45.0043],[2.0334,45.0043],[2.0328,45.0042],[2.0319,45.0038],[2.0314,45.0037],[2.0306,45.0039],[2.0301,45.0039],[2.0286,45.0037],[2.0282,45.0037],[2.0279,45.0038],[2.0271,45.0042],[2.0263,45.0044],[2.026,45.0044],[2.0253,45.004],[2.0234,45.0024],[2.0228,45.0021],[2.0219,45.0019],[2.0212,45.002],[2.0211,45.0019],[2.0219,45.0019]]}},{"type":"Feature","properties":{"rang":"departementale"},"geometry":{"type":"LineString","coordinates":[[2.0472,45.0061],[2.047,45.0058],[2.0471,45.0057]]}},{"type":"Feature","properties":{"rang":"departementale"},"geometry":{"type":"LineString","coordinates":[[2.0786,45.0404],[2.0786,45.0404]]}},{"type":"Feature","properties":{"rang":"departementale"},"geometry":{"type":"LineString","coordinates":[[2.0915,45.1426],[2.0917,45.1426],[2.0927,45.1419],[2.093,45.1418],[2.0938,45.1417],[2.0941,45.1416],[2.0944,45.1412],[2.0955,45.1406],[2.0965,45.14],[2.0978,45.1391],[2.098,45.1391],[2.0989,45.139],[2.0993,45.1388],[2.0994,45.1384]]}},{"type":"Feature","properties":{"rang":"departementale"},"geometry":{"type":"LineString","coordinates":[[2.1002,45.1378],[2.0998,45.1374],[2.0997,45.137]]}},{"type":"Feature","properties":{"rang":"departementale"},"geometry":{"type":"LineString","coordinates":[[1.9758,45.1984],[1.9757,45.1982],[1.9759,45.1976],[1.9758,45.1968]]}},{"type":"Feature","properties":{"rang":"departementale"},"geometry":{"type":"LineString","coordinates":[[1.9763,45.1985],[1.9758,45.1984]]}},{"type":"Feature","properties":{"rang":"departementale"},"geometry":{"type":"LineString","coordinates":[[1.7553,45.1546],[1.7556,45.1551],[1.7559,45.1553],[1.7563,45.1555],[1.7564,45.1557],[1.7564,45.1561],[1.7566,45.1565],[1.7572,45.157],[1.7573,45.1572],[1.7574,45.1584],[1.7575,45.1587],[1.758,45.1588]]}},{"type":"Feature","properties":{"rang":"departementale"},"geometry":{"type":"LineString","coordinates":[[2.0957,45.0761],[2.0957,45.0764],[2.0958,45.0765],[2.0963,45.0768],[2.0966,45.077],[2.0968,45.0776],[2.097,45.0778],[2.0974,45.0778],[2.0978,45.0779],[2.0981,45.0781],[2.0982,45.0786],[2.0984,45.0787],[2.0988,45.0789]]}},{"type":"Feature","properties":{"rang":"departementale"},"geometry":{"type":"LineString","coordinates":[[1.83,45.2013],[1.8296,45.2017],[1.829,45.202],[1.8287,45.2021],[1.8281,45.2021],[1.8279,45.202],[1.825,45.1999],[1.8247,45.1996],[1.8246,45.1986],[1.8245,45.1984],[1.8241,45.1983],[1.8237,45.1982],[1.8218,45.1984],[1.8211,45.1983],[1.8202,45.198],[1.8198,45.1976],[1.8195,45.1969],[1.8191,45.1966],[1.8169,45.1962],[1.8166,45.196],[1.8157,45.1945],[1.8154,45.194],[1.8146,45.1934],[1.8145,45.1933],[1.8145,45.1931],[1.8149,45.1926],[1.8149,45.1923],[1.8139,45.1899],[1.8139,45.1896]]}},{"type":"Feature","properties":{"rang":"departementale"},"geometry":{"type":"LineString","coordinates":[[1.8451,45.1995],[1.8448,45.1995],[1.8442,45.1995],[1.8425,45.1997],[1.8419,45.1998],[1.841,45.2001],[1.8404,45.2002],[1.84,45.2001],[1.8397,45.1999],[1.8388,45.1987],[1.8387,45.1986],[1.8377,45.1981],[1.8371,45.1981],[1.8364,45.1983],[1.8358,45.1988],[1.8355,45.199],[1.8343,45.2003],[1.8335,45.2009],[1.8328,45.201],[1.8312,45.2011],[1.8308,45.2011]]}},{"type":"Feature","properties":{"rang":"departementale"},"geometry":{"type":"LineString","coordinates":[[1.9805,45.1924],[1.9804,45.1927],[1.9804,45.1936],[1.9803,45.1939],[1.98,45.1942],[1.979,45.1946],[1.9788,45.1948],[1.9789,45.195],[1.9794,45.1953],[1.9796,45.1956],[1.9802,45.1961],[1.98,45.1963],[1.9793,45.1968],[1.9787,45.197],[1.9784,45.197],[1.9776,45.1969],[1.9773,45.1969],[1.9771,45.1971],[1.9768,45.1979],[1.9765,45.1984],[1.9763,45.1985]]}},{"type":"Feature","properties":{"rang":"departementale"},"geometry":{"type":"LineString","coordinates":[[1.9416,44.9784],[1.9414,44.979],[1.9415,44.9806],[1.9418,44.9811],[1.942,44.9813],[1.943,44.9828],[1.9434,44.9832],[1.9439,44.9832],[1.9444,44.9833],[1.945,44.9832],[1.9456,44.983],[1.9459,44.9829],[1.9462,44.983],[1.9464,44.9832],[1.9463,44.9836],[1.9461,44.9837],[1.945,44.984],[1.9442,44.984],[1.9427,44.9843],[1.9421,44.9846],[1.9419,44.9849],[1.9418,44.9859],[1.942,44.9866],[1.9423,44.987],[1.9429,44.9877],[1.9433,44.9886],[1.9433,44.9889],[1.9431,44.9892],[1.9427,44.9892],[1.9423,44.989],[1.9419,44.989],[1.9415,44.9893],[1.9413,44.9901],[1.9413,44.9907],[1.9407,44.9925],[1.9407,44.9928],[1.9409,44.9931],[1.9408,44.9938],[1.9409,44.994],[1.9412,44.9943],[1.9416,44.9944],[1.9424,44.9942],[1.9428,44.9942],[1.9434,44.9945],[1.9435,44.9948],[1.9432,44.9951],[1.943,44.9954],[1.943,44.9957],[1.9432,44.9961],[1.9436,44.9963],[1.9437,44.9965],[1.9435,44.9969],[1.9434,44.9975],[1.9433,44.9983],[1.9434,44.9985],[1.9438,44.9991],[1.9438,44.9995],[1.944,44.9998],[1.9445,44.9999],[1.9448,44.9999],[1.945,45.0002],[1.9446,45.0006],[1.9447,45.001],[1.9454,45.0016],[1.9458,45.002],[1.9461,45.0021],[1.9468,45.002],[1.9471,45.0021],[1.9473,45.0023],[1.9473,45.0027],[1.9475,45.003],[1.9477,45.0033],[1.9478,45.0039],[1.9478,45.0041],[1.9474,45.0046],[1.9473,45.005],[1.9477,45.0057],[1.9478,45.0059],[1.9478,45.0072],[1.9478,45.0075],[1.9483,45.0079],[1.9485,45.0081],[1.9485,45.0086],[1.9487,45.0088]]}},{"type":"Feature","properties":{"rang":"departementale"},"geometry":{"type":"LineString","coordinates":[[1.9384,45.0944],[1.9382,45.0937]]}},{"type":"Feature","properties":{"rang":"departementale"},"geometry":{"type":"LineString","coordinates":[[1.9406,44.9716],[1.9413,44.9721],[1.9415,44.9724],[1.9416,44.973],[1.9418,44.9732],[1.9422,44.9733],[1.9435,44.9733],[1.9439,44.9733],[1.944,44.9735],[1.9439,44.9738],[1.9435,44.974],[1.9429,44.9747],[1.9426,44.975],[1.9419,44.9756],[1.9411,44.9765],[1.941,44.9769],[1.9409,44.9774],[1.941,44.9779],[1.9414,44.9781],[1.9416,44.9784]]}},{"type":"Feature","properties":{"rang":"departementale"},"geometry":{"type":"LineString","coordinates":[[1.927,45.0882],[1.9269,45.088],[1.9269,45.0878],[1.9273,45.0871],[1.9277,45.0855],[1.9282,45.0842],[1.9287,45.0834],[1.9289,45.083],[1.9291,45.0823]]}},{"type":"Feature","properties":{"rang":"departementale"},"geometry":{"type":"LineString","coordinates":[[1.9273,45.0886],[1.927,45.0882]]}},{"type":"Feature","properties":{"rang":"departementale"},"geometry":{"type":"LineString","coordinates":[[1.9315,45.0919],[1.9312,45.0916],[1.9303,45.0909],[1.9298,45.0905],[1.929,45.0897],[1.9287,45.0895],[1.9277,45.089],[1.9273,45.0886]]}},{"type":"Feature","properties":{"rang":"departementale"},"geometry":{"type":"LineString","coordinates":[[1.9315,45.0921],[1.9315,45.0919],[1.9317,45.092]]}},{"type":"Feature","properties":{"rang":"departementale"},"geometry":{"type":"LineString","coordinates":[[1.7458,45.0176],[1.7458,45.0174],[1.7457,45.0167],[1.7457,45.0163],[1.7459,45.0152],[1.7461,45.0149],[1.7474,45.0135],[1.7477,45.0131],[1.7478,45.0128],[1.7481,45.0117],[1.7482,45.0113],[1.7482,45.0073],[1.7481,45.0068],[1.7479,45.006],[1.7478,45.0056],[1.7477,45.0027],[1.7475,45.0022],[1.7472,45.0018],[1.7467,45.001],[1.7465,45.0008],[1.7462,45.0007],[1.7454,45.0005],[1.745,45.0003],[1.7446,44.9998],[1.7445,44.9994],[1.7446,44.9991],[1.7445,44.9982],[1.7448,44.9975],[1.7452,44.9969],[1.7452,44.9966],[1.7451,44.9963],[1.7447,44.9957],[1.744,44.994],[1.7439,44.9934],[1.7437,44.9933],[1.7431,44.993]]}},{"type":"Feature","properties":{"rang":"departementale"},"geometry":{"type":"LineString","coordinates":[[1.7479,45.0395],[1.748,45.0393],[1.7476,45.039],[1.7475,45.0387],[1.747,45.0355],[1.7468,45.0351],[1.7451,45.0318],[1.745,45.0315],[1.7449,45.0309],[1.7447,45.0284],[1.7447,45.0273],[1.7446,45.027],[1.744,45.0261],[1.7437,45.0255],[1.7436,45.024],[1.7437,45.0235],[1.7443,45.0227],[1.7445,45.0223],[1.7447,45.0219],[1.7449,45.021],[1.7451,45.02],[1.7458,45.0176]]}},{"type":"Feature","properties":{"rang":"departementale"},"geometry":{"type":"LineString","coordinates":[[1.7489,45.0399],[1.7494,45.0399],[1.75,45.0401],[1.7506,45.0404],[1.7512,45.0409],[1.7517,45.0412],[1.7521,45.0413],[1.7544,45.0414],[1.7552,45.0415],[1.7568,45.0419],[1.7577,45.0421],[1.7581,45.0422],[1.7584,45.0421],[1.7604,45.0419],[1.761,45.0419],[1.7614,45.0419],[1.7628,45.0423],[1.7636,45.0424],[1.7643,45.0422],[1.7648,45.0418],[1.7656,45.0411],[1.767,45.0403],[1.7687,45.0389],[1.769,45.0387],[1.7695,45.0386],[1.7699,45.0385],[1.7722,45.0384],[1.7733,45.0383],[1.7746,45.038],[1.7756,45.0379],[1.776,45.038],[1.7786,45.0383],[1.7797,45.0385],[1.7811,45.0387]]}},{"type":"Feature","properties":{"rang":"departementale"},"geometry":{"type":"LineString","coordinates":[[1.7488,45.0399],[1.7489,45.0399]]}},{"type":"Feature","properties":{"rang":"departementale"},"geometry":{"type":"LineString","coordinates":[[1.7482,45.0398],[1.7488,45.0399]]}},{"type":"Feature","properties":{"rang":"departementale"},"geometry":{"type":"LineString","coordinates":[[1.7808,45.0387],[1.7809,45.0385]]}},{"type":"Feature","properties":{"rang":"departementale"},"geometry":{"type":"LineString","coordinates":[[1.8885,44.9515],[1.8892,44.9518],[1.8897,44.9519],[1.8905,44.952],[1.8911,44.952],[1.8928,44.9518],[1.8934,44.9519],[1.894,44.952],[1.8946,44.9522],[1.8957,44.9527],[1.896,44.9533],[1.8963,44.9535],[1.897,44.9537],[1.8975,44.9536],[1.8992,44.9531],[1.9002,44.9527],[1.9007,44.9525],[1.9011,44.9525],[1.9014,44.9525],[1.9019,44.9528],[1.9022,44.9529],[1.9025,44.9528],[1.9028,44.9527],[1.9034,44.9521],[1.904,44.9517],[1.9043,44.9514],[1.9043,44.9512],[1.9046,44.9496],[1.9047,44.9492],[1.9049,44.9489],[1.9055,44.9487],[1.9061,44.9486],[1.9068,44.9487],[1.9097,44.9488],[1.9102,44.9487],[1.9108,44.9486],[1.9116,44.9485],[1.9122,44.9485],[1.9127,44.9486],[1.9139,44.9491],[1.9151,44.9499],[1.9154,44.9499],[1.9158,44.9496],[1.9157,44.9487],[1.9157,44.9483],[1.9155,44.9482],[1.915,44.9479],[1.9148,44.9477],[1.9147,44.9474],[1.9148,44.9471],[1.9151,44.9469],[1.9158,44.9464],[1.9162,44.9463],[1.9175,44.9463],[1.9179,44.9465],[1.9188,44.9472],[1.9192,44.9472],[1.9196,44.9471],[1.9197,44.9469],[1.92,44.9463],[1.9203,44.946],[1.9207,44.9459],[1.9217,44.9461],[1.9221,44.946],[1.9224,44.9456],[1.9229,44.9453],[1.924,44.945],[1.9247,44.945],[1.9253,44.9452],[1.9256,44.9456],[1.9262,44.946],[1.9263,44.9462],[1.926,44.9471],[1.9259,44.9473],[1.9256,44.9475],[1.9253,44.9478],[1.9252,44.948],[1.9253,44.9484],[1.9251,44.9488],[1.9249,44.949]]}},{"type":"Feature","properties":{"rang":"departementale"},"geometry":{"type":"LineString","coordinates":[[2.1223,44.9573],[2.1217,44.9573],[2.1211,44.9572],[2.1206,44.9569],[2.1199,44.9563],[2.1193,44.9559],[2.1186,44.9557],[2.1177,44.9554],[2.1172,44.9552],[2.1166,44.9547],[2.1164,44.9543],[2.1162,44.9538]]}},{"type":"Feature","properties":{"rang":"departementale"},"geometry":{"type":"LineString","coordinates":[[2.0979,44.9498],[2.0969,44.9498],[2.0957,44.9496],[2.0949,44.9494],[2.0943,44.9491]]}},{"type":"Feature","properties":{"rang":"departementale"},"geometry":{"type":"LineString","coordinates":[[2.1257,44.9555],[2.1246,44.9561],[2.1234,44.957],[2.1229,44.9572],[2.1223,44.9573]]}},{"type":"Feature","properties":{"rang":"departementale"},"geometry":{"type":"LineString","coordinates":[[1.8276,44.9394],[1.8281,44.9401],[1.8289,44.941],[1.8293,44.9412],[1.8295,44.9415],[1.8297,44.9421],[1.8296,44.9429],[1.8297,44.9431],[1.8301,44.9437],[1.8303,44.944],[1.8307,44.946],[1.831,44.9463],[1.8326,44.9471],[1.8331,44.9473],[1.8337,44.9479],[1.8345,44.9491],[1.835,44.9497],[1.8354,44.95],[1.8356,44.9501],[1.8366,44.9502],[1.843,44.951],[1.8472,44.9515],[1.8476,44.9516],[1.8482,44.9519],[1.8485,44.9523],[1.8493,44.9533],[1.8494,44.9536],[1.8498,44.9548],[1.8498,44.9552],[1.8495,44.9559],[1.8495,44.9566],[1.8497,44.9576],[1.8497,44.9581],[1.8496,44.9583],[1.8494,44.9588],[1.849,44.9593],[1.8478,44.9614],[1.8476,44.9618],[1.8475,44.9622],[1.8475,44.9629],[1.8473,44.9638],[1.8471,44.9645],[1.8469,44.9661],[1.8467,44.9664],[1.846,44.9673],[1.8457,44.9678],[1.8456,44.9681],[1.8454,44.969],[1.8452,44.9695],[1.8447,44.9699],[1.8445,44.9701],[1.8444,44.9708],[1.8443,44.971],[1.8434,44.9718],[1.8422,44.9726],[1.8416,44.973]]}},{"type":"Feature","properties":{"rang":"departementale"},"geometry":{"type":"LineString","coordinates":[[1.8912,45.2141],[1.8909,45.2138],[1.891,45.2135],[1.8916,45.2127],[1.8918,45.2123],[1.8923,45.2119],[1.8925,45.2117],[1.8925,45.2115],[1.8923,45.2113],[1.8922,45.2106],[1.8923,45.2103],[1.8927,45.2098],[1.8927,45.2097],[1.8924,45.2091],[1.8935,45.2073],[1.8936,45.207],[1.8933,45.2067],[1.8933,45.2063],[1.8936,45.2037]]}},{"type":"Feature","properties":{"rang":"departementale"},"geometry":{"type":"LineString","coordinates":[[1.8783,44.9468],[1.879,44.9472],[1.8809,44.9481],[1.8855,44.9501],[1.8885,44.9515]]}},{"type":"Feature","properties":{"rang":"departementale"},"geometry":{"type":"LineString","coordinates":[[1.8723,44.9426],[1.8729,44.9432],[1.8737,44.9436],[1.8743,44.9441],[1.8746,44.9446],[1.8749,44.9449],[1.8755,44.9453],[1.8767,44.9459],[1.8775,44.9463],[1.8783,44.9468]]}},{"type":"Feature","properties":{"rang":"departementale"},"geometry":{"type":"LineString","coordinates":[[2.0994,45.0971],[2.0996,45.0973]]}},{"type":"Feature","properties":{"rang":"departementale"},"geometry":{"type":"LineString","coordinates":[[2.0945,45.0898],[2.0945,45.0904],[2.0945,45.0908],[2.0947,45.0911],[2.0958,45.0917],[2.096,45.092],[2.0977,45.0954],[2.0981,45.096],[2.0994,45.0971]]}},{"type":"Feature","properties":{"rang":"departementale"},"geometry":{"type":"LineString","coordinates":[[1.7539,45.1551],[1.754,45.1549],[1.7548,45.1546],[1.7553,45.1546]]}},{"type":"Feature","properties":{"rang":"departementale"},"geometry":{"type":"LineString","coordinates":[[1.9433,45.1031],[1.9428,45.1029],[1.9422,45.1025],[1.9413,45.102],[1.9411,45.1017],[1.9411,45.1016],[1.9413,45.1019]]}},{"type":"Feature","properties":{"rang":"departementale"},"geometry":{"type":"LineString","coordinates":[[1.9433,45.1031],[1.944,45.1033],[1.9445,45.1035]]}},{"type":"Feature","properties":{"rang":"departementale"},"geometry":{"type":"LineString","coordinates":[[1.9084,45.2077],[1.906,45.2069],[1.9031,45.206],[1.9026,45.2058],[1.9022,45.2057],[1.8997,45.2058],[1.8958,45.2054],[1.8954,45.2053],[1.8948,45.2047],[1.8944,45.2043],[1.8935,45.2036],[1.8932,45.2035],[1.8928,45.2034],[1.8924,45.2034],[1.8918,45.2036],[1.8897,45.2044],[1.8838,45.2065],[1.8827,45.207],[1.8817,45.2078],[1.88,45.2093],[1.8797,45.2095],[1.8791,45.2097],[1.8787,45.2097],[1.8781,45.2096],[1.8773,45.2093],[1.8768,45.2093],[1.8731,45.2102],[1.8726,45.2103],[1.8719,45.2102],[1.8702,45.2099],[1.8698,45.2098],[1.8685,45.2093],[1.8679,45.2093],[1.8677,45.2096],[1.8673,45.2105],[1.8672,45.2107],[1.8664,45.2114],[1.8659,45.2116],[1.8656,45.2116],[1.8652,45.2113],[1.8648,45.2109],[1.864,45.2099],[1.8638,45.2095],[1.8638,45.209],[1.8632,45.2073],[1.8632,45.2071],[1.8632,45.2065],[1.8631,45.2057],[1.8629,45.2055],[1.8623,45.2049],[1.8622,45.2046],[1.8622,45.2043],[1.8626,45.2038],[1.8626,45.2035],[1.8625,45.2033],[1.8621,45.2031],[1.8618,45.2031],[1.8607,45.2032],[1.8602,45.2032],[1.8597,45.2031],[1.8588,45.2026],[1.8584,45.2025],[1.8568,45.2022],[1.8551,45.202],[1.8548,45.2019],[1.8544,45.2016],[1.8541,45.2012],[1.8539,45.2011],[1.8535,45.201],[1.8528,45.201],[1.8512,45.2007],[1.8506,45.2004],[1.8491,45.2002],[1.8487,45.2002],[1.8482,45.2005],[1.8479,45.2006],[1.8474,45.2007],[1.8467,45.2004],[1.8456,45.1997],[1.8451,45.1995]]}},{"type":"Feature","properties":{"rang":"departementale"},"geometry":{"type":"LineString","coordinates":[[1.9185,45.2114],[1.9173,45.2112],[1.9169,45.2109],[1.9168,45.2106],[1.9168,45.2102],[1.9167,45.21],[1.9163,45.2097],[1.9158,45.2096],[1.9122,45.2095],[1.9119,45.2095],[1.911,45.2092],[1.9108,45.209],[1.9101,45.2084],[1.9097,45.2082],[1.9084,45.2077]]}},{"type":"Feature","properties":{"rang":"departementale"},"geometry":{"type":"LineString","coordinates":[[1.9196,45.2117],[1.9194,45.2116],[1.9185,45.2114]]}},{"type":"Feature","properties":{"rang":"departementale"},"geometry":{"type":"LineString","coordinates":[[1.9281,45.2105],[1.9254,45.2112],[1.9249,45.2113],[1.9233,45.2115],[1.9224,45.2116],[1.9208,45.2115],[1.9201,45.2115],[1.9198,45.2116],[1.9196,45.2117]]}},{"type":"Feature","properties":{"rang":"departementale"},"geometry":{"type":"LineString","coordinates":[[1.9397,45.2103],[1.9393,45.2102],[1.9387,45.2102],[1.9381,45.2103],[1.937,45.2108],[1.9366,45.2109],[1.9361,45.2109],[1.9357,45.2108],[1.9328,45.2092],[1.9326,45.2092],[1.9322,45.2092],[1.9296,45.21],[1.9281,45.2105]]}},{"type":"Feature","properties":{"rang":"departementale"},"geometry":{"type":"LineString","coordinates":[[2.0051,45.2237],[2.0049,45.2229],[2.005,45.2224],[2.0054,45.2218],[2.0054,45.2214],[2.0054,45.2211],[2.005,45.2208],[2.0045,45.2204],[2.0041,45.22],[2.0039,45.2194],[2.0039,45.2192],[2.0042,45.2171],[2.0042,45.2169],[2.0035,45.2146],[2.0031,45.213],[2.003,45.2126],[2.0031,45.2121],[2.0032,45.2118],[2.004,45.2103],[2.0041,45.2098],[2.0045,45.2039],[2.0047,45.201],[2.0049,45.1993],[2.0051,45.1965],[2.0055,45.1906],[2.0054,45.1899],[2.0051,45.1892],[2.0047,45.1887],[2.0042,45.1883],[1.9976,45.1828],[1.9967,45.1821],[1.9946,45.181],[1.9941,45.1807],[1.9934,45.1804],[1.9913,45.1797],[1.9906,45.1794],[1.9894,45.1788],[1.9878,45.1781],[1.9872,45.1778],[1.9866,45.1773],[1.9862,45.1767],[1.9851,45.1748],[1.9848,45.1742]]}},{"type":"Feature","properties":{"rang":"departementale"},"geometry":{"type":"LineString","coordinates":[[2.0256,45.1294],[2.0247,45.1301],[2.0245,45.1305]]}},{"type":"Feature","properties":{"rang":"departementale"},"geometry":{"type":"LineString","coordinates":[[1.9441,45.0848],[1.944,45.0851]]}},{"type":"Feature","properties":{"rang":"departementale"},"geometry":{"type":"LineString","coordinates":[[1.8302,45.2011],[1.83,45.2013]]}},{"type":"Feature","properties":{"rang":"departementale"},"geometry":{"type":"LineString","coordinates":[[1.8304,45.2011],[1.8308,45.2011]]}},{"type":"Feature","properties":{"rang":"departementale"},"geometry":{"type":"LineString","coordinates":[[1.7479,45.0398],[1.7478,45.0401]]}},{"type":"Feature","properties":{"rang":"departementale"},"geometry":{"type":"LineString","coordinates":[[1.9847,45.1745],[1.9849,45.1744]]}},{"type":"Feature","properties":{"rang":"departementale"},"geometry":{"type":"LineString","coordinates":[[1.8963,45.2167],[1.8964,45.2163],[1.8963,45.216],[1.8961,45.2159],[1.8948,45.2158],[1.8944,45.2156],[1.894,45.2151],[1.8937,45.215],[1.8929,45.2151],[1.8925,45.215],[1.8922,45.2148],[1.8912,45.2141]]}},{"type":"Feature","properties":{"rang":"departementale"},"geometry":{"type":"LineString","coordinates":[[1.9454,45.2116],[1.9448,45.2114],[1.9444,45.2109],[1.9441,45.2106],[1.9437,45.2105],[1.9431,45.2104],[1.9406,45.2106],[1.9402,45.2105],[1.9397,45.2103]]}},{"type":"Feature","properties":{"rang":"departementale"},"geometry":{"type":"LineString","coordinates":[[1.9595,45.2017],[1.9588,45.2021],[1.9586,45.2023],[1.9587,45.203],[1.9586,45.2033],[1.9584,45.2036],[1.9576,45.204],[1.9572,45.2041],[1.9567,45.2041],[1.9564,45.2041],[1.9542,45.2051],[1.9539,45.2052],[1.9525,45.2055],[1.9522,45.2057],[1.9521,45.206],[1.952,45.2065],[1.9516,45.2071],[1.9507,45.2077],[1.9504,45.208],[1.9501,45.2082],[1.9493,45.2095],[1.9488,45.2105],[1.9485,45.2108],[1.9481,45.2112],[1.9474,45.2116],[1.9466,45.2117],[1.9454,45.2116]]}},{"type":"Feature","properties":{"rang":"departementale"},"geometry":{"type":"LineString","coordinates":[[1.9637,45.1967],[1.9636,45.1969],[1.9625,45.1979],[1.9625,45.1982],[1.9627,45.1992],[1.9627,45.1994],[1.9622,45.2002],[1.9619,45.2005],[1.9616,45.2008],[1.9613,45.2013],[1.9608,45.2016],[1.9598,45.2015],[1.9595,45.2017]]}},{"type":"Feature","properties":{"rang":"departementale"},"geometry":{"type":"LineString","coordinates":[[1.9321,45.0923],[1.932,45.0924],[1.9323,45.0928],[1.9325,45.0933]]}},{"type":"Feature","properties":{"rang":"departementale"},"geometry":{"type":"LineString","coordinates":[[2.0486,45.0043],[2.048,45.004],[2.0455,45.0032],[2.0447,45.0027],[2.0442,45.0026]]}},{"type":"Feature","properties":{"rang":"departementale"},"geometry":{"type":"LineString","coordinates":[[1.9384,45.0951],[1.9385,45.0951],[1.9386,45.0955]]}},{"type":"Feature","properties":{"rang":"departementale"},"geometry":{"type":"LineString","coordinates":[[1.8926,45.2033],[1.8924,45.2032],[1.8919,45.2031],[1.8906,45.203],[1.8901,45.2028],[1.89,45.2026],[1.8888,45.1986],[1.8887,45.1979],[1.8889,45.1975],[1.8897,45.1963],[1.8898,45.1957],[1.8894,45.1945]]}},{"type":"Feature","properties":{"rang":"departementale"},"geometry":{"type":"LineString","coordinates":[[1.9384,45.0949],[1.9384,45.0944]]}},{"type":"Feature","properties":{"rang":"departementale"},"geometry":{"type":"LineString","coordinates":[[1.9384,45.0951],[1.9385,45.0951]]}},{"type":"Feature","properties":{"rang":"departementale"},"geometry":{"type":"LineString","coordinates":[[1.7741,45.1958],[1.7743,45.1958],[1.7741,45.1959]]}},{"type":"Feature","properties":{"rang":"departementale"},"geometry":{"type":"LineString","coordinates":[[1.9381,45.0953],[1.9384,45.0951]]}},{"type":"Feature","properties":{"rang":"departementale"},"geometry":{"type":"LineString","coordinates":[[1.7614,45.1844],[1.7616,45.1844]]}},{"type":"Feature","properties":{"rang":"departementale"},"geometry":{"type":"LineString","coordinates":[[1.7617,45.1845],[1.761,45.1844]]}},{"type":"Feature","properties":{"rang":"departementale"},"geometry":{"type":"LineString","coordinates":[[1.9385,45.0952],[1.9384,45.0952]]}},{"type":"Feature","properties":{"rang":"departementale"},"geometry":{"type":"LineString","coordinates":[[1.9384,45.0952],[1.9383,45.0951]]}},{"type":"Feature","properties":{"rang":"departementale"},"geometry":{"type":"LineString","coordinates":[[1.9417,44.9489],[1.9412,44.9488]]}},{"type":"Feature","properties":{"rang":"departementale"},"geometry":{"type":"LineString","coordinates":[[1.943,44.9474],[1.9424,44.9477],[1.9419,44.9482],[1.9419,44.9486],[1.9417,44.9489]]}},{"type":"Feature","properties":{"rang":"departementale"},"geometry":{"type":"LineString","coordinates":[[1.9428,44.9468],[1.9428,44.947],[1.9431,44.9473],[1.943,44.9474]]}},{"type":"Feature","properties":{"rang":"departementale"},"geometry":{"type":"LineString","coordinates":[[1.9473,44.9366],[1.9468,44.9368],[1.9463,44.9374],[1.9457,44.9378],[1.9453,44.9382],[1.9453,44.9388],[1.9456,44.9392],[1.9455,44.9394],[1.9446,44.9401],[1.9437,44.941],[1.9426,44.9428],[1.9423,44.9435],[1.9422,44.9449],[1.9423,44.9455],[1.9427,44.946],[1.9429,44.9463],[1.9428,44.9468]]}},{"type":"Feature","properties":{"rang":"departementale"},"geometry":{"type":"LineString","coordinates":[[1.9407,44.9714],[1.9405,44.9714]]}},{"type":"Feature","properties":{"rang":"departementale"},"geometry":{"type":"LineString","coordinates":[[1.7771,45.1049],[1.7775,45.1048]]}},{"type":"Feature","properties":{"rang":"departementale"},"geometry":{"type":"LineString","coordinates":[[1.7776,45.105],[1.7771,45.1049]]}},{"type":"Feature","properties":{"rang":"departementale"},"geometry":{"type":"LineString","coordinates":[[1.8302,45.2011],[1.8304,45.2011]]}},{"type":"Feature","properties":{"rang":"departementale"},"geometry":{"type":"LineString","coordinates":[[1.8306,45.2012],[1.8302,45.2011]]}},{"type":"Feature","properties":{"rang":"departementale"},"geometry":{"type":"LineString","coordinates":[[1.831,45.2009],[1.8312,45.2011]]}},{"type":"Feature","properties":{"rang":"departementale"},"geometry":{"type":"LineString","coordinates":[[1.8309,45.201],[1.831,45.201]]}},{"type":"Feature","properties":{"rang":"departementale"},"geometry":{"type":"LineString","coordinates":[[1.7743,45.1959],[1.7741,45.1961]]}},{"type":"Feature","properties":{"rang":"departementale"},"geometry":{"type":"LineString","coordinates":[[2.0915,45.1426],[2.0915,45.1427]]}},{"type":"Feature","properties":{"rang":"departementale"},"geometry":{"type":"LineString","coordinates":[[1.8392,44.9766],[1.8396,44.976]]}},{"type":"Feature","properties":{"rang":"departementale"},"geometry":{"type":"LineString","coordinates":[[2.0207,45.0019],[2.0211,45.0019]]}},{"type":"Feature","properties":{"rang":"departementale"},"geometry":{"type":"LineString","coordinates":[[2.0491,45.0045],[2.049,45.0047]]}},{"type":"Feature","properties":{"rang":"departementale"},"geometry":{"type":"LineString","coordinates":[[2.023,45.1322],[2.0228,45.1323]]}},{"type":"Feature","properties":{"rang":"departementale"},"geometry":{"type":"LineString","coordinates":[[2.1005,45.1379],[2.1002,45.1378]]}},{"type":"Feature","properties":{"rang":"departementale"},"geometry":{"type":"LineString","coordinates":[[1.8372,45.0014],[1.8377,45.0014],[1.8383,45.0015],[1.8392,45.0018],[1.8396,45.0019],[1.8403,45.0023],[1.8407,45.0025],[1.843,45.0029]]}},{"type":"Feature","properties":{"rang":"departementale"},"geometry":{"type":"LineString","coordinates":[[1.824,44.9911],[1.8243,44.9911],[1.8251,44.9913],[1.8256,44.9914],[1.8262,44.9917],[1.8267,44.9921],[1.828,44.9939],[1.8288,44.995],[1.8301,44.9966],[1.8305,44.9973],[1.8311,44.9981],[1.8313,44.9985],[1.8316,44.9993],[1.8318,44.9995],[1.8323,44.9999],[1.8325,45.0001],[1.8327,45.0006],[1.8331,45.001],[1.834,45.0014],[1.8344,45.0015],[1.8349,45.0015],[1.8372,45.0014]]}},{"type":"Feature","properties":{"rang":"departementale"},"geometry":{"type":"LineString","coordinates":[[2.0306,45.1282],[2.0315,45.1279],[2.0319,45.1278],[2.0324,45.1278],[2.0332,45.1279],[2.0337,45.128],[2.034,45.1282],[2.0344,45.1285]]}},{"type":"Feature","properties":{"rang":"departementale"},"geometry":{"type":"LineString","coordinates":[[2.0256,45.1294],[2.0271,45.1286],[2.0276,45.1285],[2.0281,45.1284],[2.0287,45.1284],[2.0297,45.1285],[2.03,45.1285],[2.0306,45.1282]]}},{"type":"Feature","properties":{"rang":"departementale"},"geometry":{"type":"LineString","coordinates":[[2.0925,45.1381],[2.0918,45.1383],[2.0892,45.1389]]}},{"type":"Feature","properties":{"rang":"departementale"},"geometry":{"type":"LineString","coordinates":[[2.0965,45.1368],[2.0962,45.1369],[2.0949,45.1374],[2.0925,45.1381]]}},{"type":"Feature","properties":{"rang":"departementale"},"geometry":{"type":"LineString","coordinates":[[1.7477,45.0396],[1.7477,45.0395]]}},{"type":"Feature","properties":{"rang":"departementale"},"geometry":{"type":"LineString","coordinates":[[2.3138,45.1738],[2.3135,45.1737],[2.3123,45.173],[2.3107,45.1725],[2.3085,45.1717],[2.3021,45.1696],[2.295,45.1673],[2.2916,45.1662],[2.2853,45.164],[2.2766,45.1611],[2.2739,45.1602],[2.271,45.1592],[2.2679,45.1581],[2.2658,45.1574],[2.2653,45.1572],[2.265,45.1569],[2.2645,45.1563],[2.2636,45.1546],[2.2631,45.154],[2.2625,45.1536],[2.2589,45.1514],[2.2582,45.1511],[2.2575,45.1509],[2.2567,45.1507],[2.2542,45.1502],[2.242,45.1477],[2.2409,45.1474],[2.2403,45.1472],[2.2395,45.1468],[2.2387,45.1463],[2.238,45.1457],[2.2357,45.1439],[2.235,45.1433],[2.2324,45.1412],[2.2262,45.1362],[2.2248,45.1355],[2.2216,45.1339],[2.2185,45.1323],[2.2154,45.1311],[2.2134,45.1303],[2.2122,45.1298],[2.2116,45.1294],[2.211,45.129],[2.2107,45.1287],[2.209,45.1268],[2.2021,45.1194],[2.1971,45.114],[2.1911,45.1076],[2.1909,45.1071],[2.1908,45.1069],[2.1908,45.1058],[2.1907,45.1053],[2.1901,45.1047],[2.1897,45.1045],[2.1882,45.104],[2.1826,45.1019],[2.1824,45.1018],[2.182,45.1014],[2.1817,45.1009],[2.1812,45.0988],[2.1811,45.0979],[2.1811,45.0972],[2.1812,45.0969],[2.1814,45.0967],[2.1825,45.0958],[2.1827,45.0954],[2.1827,45.0947],[2.1825,45.0938],[2.1823,45.0932],[2.1824,45.0929],[2.1827,45.0925],[2.1836,45.092],[2.1838,45.0918],[2.1838,45.0915],[2.1836,45.0913],[2.1829,45.091],[2.1825,45.0908],[2.182,45.0905],[2.1817,45.0904],[2.1808,45.0903],[2.1794,45.09],[2.1788,45.0897],[2.1784,45.0896],[2.1784,45.0895],[2.1786,45.0894],[2.1793,45.0897],[2.1797,45.0898],[2.1806,45.0899],[2.181,45.0901],[2.1813,45.09],[2.1812,45.0898],[2.1807,45.0898],[2.1796,45.0895],[2.179,45.0891],[2.1781,45.0887],[2.1775,45.0886],[2.1764,45.0884],[2.176,45.0881],[2.1757,45.0876],[2.1754,45.0874],[2.1749,45.0873],[2.1744,45.0869],[2.1742,45.0865],[2.174,45.0861],[2.1741,45.0858],[2.1742,45.0852],[2.1747,45.0847],[2.1748,45.0844],[2.1747,45.0835],[2.1748,45.083],[2.1748,45.0822],[2.1748,45.0819],[2.1747,45.0817],[2.1744,45.0818],[2.1739,45.082],[2.1738,45.0819],[2.1742,45.0817],[2.1749,45.0813],[2.1751,45.0812],[2.1755,45.0812],[2.176,45.0814],[2.1762,45.0814],[2.1762,45.0812],[2.1754,45.0809],[2.175,45.0809],[2.1746,45.081],[2.1733,45.0816],[2.1728,45.0817],[2.1727,45.0816],[2.1723,45.081],[2.172,45.0808],[2.1709,45.0806],[2.1691,45.0801],[2.1684,45.0799],[2.1683,45.0797],[2.1684,45.0796],[2.1692,45.0799],[2.1697,45.0798],[2.1708,45.0797],[2.1718,45.0797],[2.1719,45.0796],[2.1718,45.0794],[2.1705,45.0792],[2.17,45.0792],[2.1691,45.0792],[2.169,45.0791],[2.1691,45.079],[2.1708,45.0788],[2.1714,45.0786],[2.1716,45.0783],[2.1718,45.0777],[2.172,45.0774],[2.1724,45.0771],[2.1729,45.0767],[2.1735,45.0763],[2.1739,45.0761],[2.1743,45.0761],[2.175,45.076],[2.1755,45.0759],[2.1762,45.0754],[2.1773,45.075],[2.1777,45.0747],[2.1779,45.0743],[2.178,45.0734],[2.1781,45.0731],[2.1786,45.0721],[2.1787,45.0719],[2.1787,45.0715],[2.1786,45.0713],[2.1769,45.0691],[2.1765,45.0688],[2.176,45.0686],[2.1755,45.0686],[2.175,45.0686],[2.1741,45.0688],[2.1735,45.0688],[2.1728,45.0686],[2.1724,45.0683],[2.1699,45.0663],[2.1695,45.0659],[2.1691,45.0654],[2.1686,45.0647],[2.1679,45.0634],[2.1667,45.0611],[2.1664,45.0606],[2.1662,45.0602],[2.1661,45.0599],[2.1662,45.0592],[2.1665,45.0586],[2.1673,45.0578],[2.1687,45.0558],[2.169,45.0555],[2.1699,45.0548],[2.1702,45.0546],[2.1709,45.0536],[2.1713,45.0531],[2.1736,45.0515],[2.1756,45.0501],[2.1764,45.0497],[2.177,45.0492],[2.1777,45.0485],[2.1781,45.048],[2.1786,45.047],[2.1801,45.0426],[2.1803,45.0421],[2.181,45.041],[2.1821,45.0395],[2.1826,45.039],[2.1832,45.0385],[2.1838,45.0382],[2.1858,45.0375],[2.1865,45.0372],[2.1873,45.0366],[2.1881,45.0355],[2.1884,45.0349],[2.1894,45.0319],[2.1894,45.0315],[2.1892,45.0304],[2.1892,45.0302],[2.1895,45.0296],[2.1902,45.0289],[2.1915,45.0268],[2.192,45.0259],[2.1921,45.0255],[2.1921,45.0245],[2.1921,45.0239],[2.1922,45.0234],[2.1924,45.0222],[2.1928,45.0212],[2.1929,45.021],[2.1932,45.0207],[2.1945,45.02],[2.1949,45.0197],[2.1952,45.0195],[2.1954,45.019],[2.1953,45.0183],[2.1948,45.0171],[2.1947,45.0166],[2.1948,45.0161],[2.1952,45.0157],[2.1959,45.0152],[2.1972,45.0144],[2.1976,45.014],[2.1977,45.0137],[2.1975,45.0133],[2.1962,45.0113],[2.1944,45.0084],[2.1943,45.0081],[2.1943,45.0077],[2.1946,45.0073],[2.1964,45.0054],[2.1975,45.0043],[2.1978,45.0039],[2.1989,45.0021],[2.1992,45.0019],[2.1997,45.0016],[2.2009,45.0011],[2.2014,45.0008],[2.2017,45.0003],[2.2018,45.0],[2.2019,44.9993],[2.202,44.9987],[2.2026,44.9978],[2.2051,44.9942],[2.2069,44.9915],[2.2075,44.9908],[2.2084,44.9902],[2.2088,44.99],[2.2114,44.9893],[2.2123,44.9888],[2.2167,44.9863],[2.2242,44.9819]]}},{"type":"Feature","properties":{"rang":"departementale"},"geometry":{"type":"LineString","coordinates":[[2.1438,44.9594],[2.1413,44.9601],[2.1406,44.9603],[2.1399,44.9604],[2.1391,44.9603],[2.1381,44.96],[2.1378,44.96],[2.1361,44.9601],[2.1354,44.96],[2.1349,44.9597],[2.1339,44.9591],[2.1324,44.9582],[2.1306,44.9569]]}},{"type":"Feature","properties":{"rang":"departementale"},"geometry":{"type":"LineString","coordinates":[[2.209,45.1311],[2.2072,45.1311],[2.2064,45.131],[2.2043,45.1301],[2.2034,45.1299],[2.2028,45.1299],[2.2022,45.13],[2.2016,45.1302],[2.2003,45.131],[2.1998,45.1312],[2.1994,45.1314],[2.1985,45.1314],[2.1975,45.1312],[2.1966,45.1312],[2.1958,45.1314],[2.1933,45.1321],[2.1921,45.1324],[2.1912,45.1328],[2.1906,45.133],[2.1899,45.1331],[2.1895,45.1331],[2.1889,45.1329],[2.1881,45.1326],[2.1874,45.1323],[2.1861,45.1317],[2.1856,45.1315],[2.1844,45.1313],[2.1837,45.131],[2.1831,45.1308],[2.1824,45.1308],[2.1818,45.1309],[2.1814,45.131],[2.181,45.1313],[2.1806,45.1319],[2.1802,45.1322],[2.1798,45.1325],[2.1792,45.1328],[2.1781,45.1331],[2.1756,45.1335],[2.175,45.1337],[2.1743,45.1339],[2.1739,45.1341],[2.173,45.135],[2.1728,45.1351],[2.1723,45.1353],[2.1712,45.1355],[2.1706,45.1357],[2.169,45.1362],[2.1673,45.1365],[2.1662,45.1368],[2.1635,45.1381],[2.1627,45.1383],[2.162,45.1384],[2.1593,45.1385],[2.1586,45.1385],[2.1582,45.1384],[2.1575,45.1382],[2.1564,45.1375],[2.156,45.1373],[2.1556,45.1372],[2.1548,45.1371],[2.1543,45.137],[2.154,45.1367],[2.1538,45.1364],[2.1537,45.1356],[2.1535,45.1351],[2.1532,45.1349],[2.1529,45.1348],[2.1524,45.1347],[2.1509,45.1347],[2.1504,45.1345],[2.1493,45.134],[2.1488,45.1339],[2.1484,45.1338],[2.1474,45.1339],[2.1467,45.1337],[2.1461,45.1334],[2.1458,45.1331],[2.1452,45.1322],[2.1446,45.1314],[2.1443,45.1312],[2.1439,45.131],[2.1433,45.1309],[2.1429,45.1308],[2.1396,45.1308],[2.1393,45.1308],[2.1383,45.1306],[2.138,45.1306],[2.1365,45.131],[2.1356,45.1311],[2.1358,45.1314],[2.1361,45.1317],[2.1372,45.1322],[2.1378,45.1323],[2.1394,45.1323],[2.1396,45.1325],[2.1392,45.1332],[2.1392,45.1335],[2.1392,45.1344],[2.1393,45.1348],[2.1398,45.1365],[2.1401,45.1368],[2.1406,45.1372],[2.1415,45.1375],[2.1424,45.1378],[2.1429,45.1379],[2.1435,45.1385],[2.1437,45.1388],[2.1439,45.1397],[2.1451,45.1415],[2.1456,45.1424],[2.1458,45.1445],[2.1457,45.1457],[2.1446,45.15],[2.1447,45.1512],[2.1444,45.1533],[2.1442,45.1562],[2.1443,45.1573],[2.1444,45.1577],[2.1453,45.1585],[2.1462,45.1593],[2.1473,45.1603],[2.1474,45.1604],[2.1471,45.1611],[2.147,45.1614],[2.147,45.1623],[2.1466,45.1639],[2.1462,45.1679],[2.1459,45.1688],[2.1459,45.1692],[2.146,45.1694],[2.1479,45.1725],[2.148,45.1728],[2.1479,45.1732],[2.1473,45.1739],[2.1472,45.1744],[2.1476,45.1749],[2.1478,45.1752],[2.148,45.1771],[2.148,45.1774],[2.1478,45.1781],[2.1468,45.1798],[2.1467,45.1802],[2.1467,45.1811],[2.1464,45.1821],[2.1464,45.1829],[2.1462,45.1841],[2.146,45.1846],[2.1457,45.1849],[2.1455,45.1853],[2.1455,45.1856],[2.146,45.188],[2.1462,45.1884],[2.1465,45.1888],[2.1479,45.1905],[2.1484,45.191],[2.1487,45.1916],[2.1489,45.1918],[2.1491,45.1926],[2.1492,45.1936],[2.1494,45.194],[2.1502,45.195],[2.1502,45.1953],[2.1504,45.1964],[2.1504,45.1967],[2.1502,45.1973],[2.15,45.1977],[2.1493,45.1988],[2.1493,45.199],[2.1495,45.2009],[2.1496,45.2013],[2.15,45.2018],[2.15,45.202],[2.15,45.2028],[2.1497,45.2031],[2.1494,45.2037],[2.1493,45.2039]]}},{"type":"Feature","properties":{"rang":"departementale"},"geometry":{"type":"LineString","coordinates":[[2.1409,45.2058],[2.1407,45.2061],[2.1406,45.2072],[2.1404,45.2075],[2.1402,45.2078],[2.14,45.2082],[2.14,45.2101],[2.1402,45.2113],[2.1401,45.2123],[2.14,45.2128],[2.1395,45.214],[2.1389,45.215],[2.137,45.2176],[2.1363,45.2192],[2.1361,45.2194],[2.1332,45.2215],[2.1316,45.2223],[2.1311,45.2223],[2.1307,45.2224],[2.1289,45.2231],[2.1272,45.2233],[2.127,45.2232],[2.1259,45.2227],[2.1256,45.2226],[2.1249,45.2226],[2.1245,45.2227],[2.1242,45.2228],[2.1226,45.223],[2.1221,45.2229],[2.1214,45.2225],[2.1204,45.2227],[2.1194,45.2226],[2.1189,45.2224],[2.1178,45.2222],[2.1175,45.2217],[2.117,45.2213],[2.1169,45.2211],[2.1169,45.2207],[2.1173,45.2201],[2.1175,45.2188],[2.1175,45.218],[2.1173,45.2173],[2.117,45.2172],[2.1172,45.2178],[2.1171,45.2186],[2.1168,45.2192],[2.1163,45.22],[2.116,45.2204],[2.1157,45.2206],[2.1152,45.2214],[2.1154,45.2218],[2.1158,45.2219],[2.1157,45.222],[2.1154,45.2219],[2.115,45.2216],[2.1149,45.2213],[2.1149,45.2207],[2.1155,45.22],[2.1156,45.2193],[2.1153,45.2192],[2.1147,45.2195],[2.1141,45.2196],[2.114,45.2192],[2.1137,45.2186],[2.1134,45.2179],[2.1132,45.2178]]}},{"type":"Feature","properties":{"rang":"departementale"},"geometry":{"type":"LineString","coordinates":[[2.1487,45.204],[2.1482,45.204],[2.1478,45.204],[2.1468,45.2039],[2.1464,45.2041],[2.1452,45.2044],[2.1441,45.2047],[2.1433,45.2049],[2.1425,45.2052],[2.141,45.2057],[2.1409,45.2058]]}},{"type":"Feature","properties":{"rang":"departementale"},"geometry":{"type":"LineString","coordinates":[[2.1487,45.204],[2.1493,45.2039]]}},{"type":"Feature","properties":{"rang":"departementale"},"geometry":{"type":"LineString","coordinates":[[2.3327,45.2134],[2.3328,45.2132],[2.3331,45.2133],[2.333,45.2135],[2.3328,45.2135],[2.3327,45.2134]]}},{"type":"Feature","properties":{"rang":"departementale"},"geometry":{"type":"LineString","coordinates":[[2.4138,45.1306],[2.4142,45.131],[2.4136,45.1307],[2.4133,45.1303],[2.4138,45.1306]]}},{"type":"Feature","properties":{"rang":"departementale"},"geometry":{"type":"LineString","coordinates":[[2.3501,45.2126],[2.3502,45.2129],[2.3509,45.2133],[2.3518,45.2138],[2.3541,45.2149],[2.3544,45.2152],[2.3546,45.2156],[2.3548,45.2157],[2.3551,45.2157],[2.3575,45.2152],[2.3596,45.2147],[2.3603,45.2145],[2.362,45.214],[2.3631,45.2136],[2.3666,45.2128],[2.3673,45.2126],[2.3683,45.2122],[2.3698,45.2118],[2.3703,45.2119],[2.3717,45.2122],[2.3724,45.2123],[2.3735,45.2122],[2.374,45.2123],[2.3754,45.2128],[2.3759,45.213],[2.3778,45.2132],[2.3784,45.2132],[2.3805,45.213],[2.3822,45.2128],[2.3879,45.212],[2.3891,45.2118],[2.3896,45.2117],[2.3902,45.2115],[2.3919,45.2107],[2.3924,45.2106],[2.3931,45.2105],[2.3994,45.2106],[2.4001,45.2105],[2.4005,45.2104],[2.4016,45.21],[2.4027,45.2098],[2.4031,45.2097],[2.4046,45.2092],[2.4066,45.2085],[2.4072,45.2083],[2.4122,45.2066],[2.4126,45.2065],[2.4133,45.2064],[2.4202,45.2057],[2.4254,45.2051],[2.4269,45.2049],[2.4319,45.2042],[2.4327,45.2041],[2.4355,45.204]]}},{"type":"Feature","properties":{"rang":"departementale"},"geometry":{"type":"LineString","coordinates":[[2.4689,45.1691],[2.4673,45.1697],[2.4668,45.1699],[2.4649,45.1701],[2.4644,45.1702],[2.4632,45.1705],[2.4616,45.1709],[2.461,45.1713],[2.4604,45.1718],[2.4601,45.172],[2.4582,45.1727],[2.4569,45.1733],[2.4566,45.1734],[2.4552,45.1743],[2.4543,45.1748],[2.4539,45.175],[2.4536,45.1752],[2.4535,45.1756],[2.4538,45.176],[2.4542,45.1761],[2.4554,45.1762],[2.4559,45.1763],[2.4578,45.1767],[2.4585,45.177],[2.4588,45.1774],[2.4588,45.1779],[2.4582,45.179],[2.4582,45.1792],[2.4586,45.1795],[2.459,45.18],[2.4593,45.1803],[2.4594,45.1808],[2.4593,45.1814],[2.4593,45.1817],[2.4599,45.1823],[2.4601,45.1825],[2.4601,45.1828],[2.46,45.1838],[2.4599,45.184],[2.4596,45.1841],[2.4592,45.1842],[2.4587,45.1844],[2.4582,45.1848],[2.4575,45.186],[2.4571,45.1863],[2.456,45.1867],[2.4554,45.187],[2.455,45.1873],[2.453,45.1893],[2.4526,45.1898],[2.4521,45.1904],[2.4519,45.1907],[2.4505,45.1912],[2.45,45.1914],[2.4459,45.1937],[2.4453,45.194],[2.445,45.1944],[2.4449,45.1948],[2.4451,45.1952],[2.4457,45.1955],[2.447,45.1958],[2.4475,45.1961],[2.4477,45.1965],[2.4476,45.1968],[2.4474,45.1971],[2.4472,45.1973],[2.4467,45.1974],[2.4458,45.1976],[2.4449,45.1976],[2.4435,45.1978],[2.4427,45.1981],[2.4416,45.1985],[2.4411,45.1986],[2.4407,45.1988],[2.4404,45.1989],[2.4399,45.1994],[2.4396,45.1998],[2.4395,45.2004],[2.4395,45.2007],[2.4397,45.2031],[2.4395,45.2034],[2.4392,45.2035],[2.436,45.204],[2.4355,45.204]]}},{"type":"Feature","properties":{"rang":"departementale"},"geometry":{"type":"LineString","coordinates":[[2.3285,45.1596],[2.3285,45.1598],[2.3286,45.1606],[2.3289,45.161],[2.3301,45.1619],[2.3304,45.1622],[2.3305,45.1625],[2.3304,45.1629],[2.3299,45.1632],[2.3285,45.1638],[2.3275,45.164],[2.3252,45.1644],[2.3245,45.1646],[2.3224,45.1654],[2.322,45.1657],[2.3211,45.1664],[2.3207,45.1667],[2.3192,45.1675],[2.3189,45.1678],[2.3189,45.1684],[2.3186,45.169],[2.3175,45.1702],[2.3166,45.1711],[2.3149,45.1724],[2.314,45.1735],[2.3139,45.1738]]}},{"type":"Feature","properties":{"rang":"departementale"},"geometry":{"type":"LineString","coordinates":[[2.316,45.1907],[2.316,45.1901],[2.3159,45.1898],[2.3156,45.1896],[2.3153,45.1895],[2.3145,45.1897],[2.314,45.1896],[2.3129,45.1891],[2.3121,45.189],[2.3109,45.1887],[2.3106,45.1886],[2.3103,45.1884],[2.3102,45.1881],[2.3102,45.1877],[2.3107,45.1869],[2.3118,45.1853],[2.3119,45.185],[2.3125,45.1845],[2.3127,45.1842],[2.3128,45.1838],[2.3129,45.1835],[2.3132,45.1833],[2.3144,45.1827],[2.3149,45.1823],[2.3153,45.182],[2.3158,45.1818],[2.3167,45.1816],[2.317,45.1814],[2.3173,45.1809],[2.3176,45.1807],[2.32,45.1798],[2.3211,45.1793],[2.3224,45.179],[2.3228,45.1787],[2.3235,45.1777],[2.3236,45.1774],[2.3236,45.1771],[2.3232,45.1761],[2.3228,45.1755],[2.3225,45.1753],[2.318,45.1742],[2.317,45.174],[2.3164,45.1739],[2.3146,45.1739],[2.3139,45.1738]]}},{"type":"Feature","properties":{"rang":"departementale"},"geometry":{"type":"LineString","coordinates":[[2.3319,45.2072],[2.3314,45.2062],[2.331,45.2056],[2.3305,45.2054],[2.33,45.2052],[2.3284,45.2049],[2.3277,45.2048],[2.3271,45.2044],[2.3253,45.2034],[2.3247,45.2031],[2.3234,45.2028],[2.322,45.2024],[2.3213,45.2022],[2.3208,45.2022],[2.3203,45.2022],[2.3193,45.2025],[2.3189,45.2027],[2.3184,45.203],[2.3181,45.2031],[2.3177,45.203],[2.3176,45.2029],[2.3176,45.2026],[2.3179,45.2024],[2.3191,45.202],[2.3201,45.2016],[2.3215,45.2012],[2.3217,45.2009],[2.3216,45.2006],[2.3211,45.2002],[2.3209,45.1998],[2.3209,45.1991],[2.3208,45.1988],[2.3204,45.1978],[2.3203,45.1975],[2.3204,45.1973],[2.3209,45.1972],[2.3217,45.1972],[2.3227,45.1973],[2.3232,45.1973],[2.3252,45.1972],[2.327,45.1969],[2.3285,45.1967],[2.3289,45.1965],[2.3292,45.1962],[2.3298,45.1958],[2.3312,45.1946],[2.3317,45.1941],[2.3319,45.1936],[2.3321,45.1923],[2.3323,45.1913],[2.3323,45.1908],[2.3319,45.1905],[2.3315,45.1904],[2.3313,45.1905],[2.3307,45.1912],[2.3305,45.1918],[2.3303,45.1924],[2.3299,45.1929],[2.3296,45.1931],[2.3291,45.1934],[2.3286,45.1936],[2.328,45.1935],[2.3268,45.1931],[2.326,45.1928],[2.3258,45.1925],[2.3256,45.192],[2.3251,45.1917],[2.3245,45.1917],[2.3241,45.1918],[2.3239,45.1919],[2.3235,45.1924],[2.3231,45.1926],[2.3225,45.1925],[2.3219,45.1922],[2.3213,45.1918],[2.3211,45.1917],[2.3201,45.1916],[2.3196,45.1916],[2.3186,45.192],[2.3181,45.192],[2.3176,45.1919],[2.3171,45.1919],[2.3164,45.1922],[2.3159,45.1922],[2.3156,45.192],[2.3154,45.1917],[2.3156,45.1913],[2.3159,45.191],[2.316,45.1907]]}},{"type":"Feature","properties":{"rang":"departementale"},"geometry":{"type":"LineString","coordinates":[[2.3374,45.2149],[2.3386,45.2153],[2.3399,45.2158],[2.3406,45.2163]]}},{"type":"Feature","properties":{"rang":"departementale"},"geometry":{"type":"LineString","coordinates":[[2.4142,45.131],[2.4148,45.1311],[2.4184,45.1309],[2.4194,45.1308],[2.4206,45.1306],[2.4272,45.1291],[2.4285,45.1288],[2.432,45.1278],[2.4327,45.1277],[2.4335,45.1276],[2.4342,45.1277]]}},{"type":"Feature","properties":{"rang":"departementale"},"geometry":{"type":"LineString","coordinates":[[2.4133,45.1303],[2.4126,45.13],[2.4117,45.1298],[2.4112,45.1297],[2.4103,45.1297],[2.4094,45.1299],[2.4086,45.1302],[2.4081,45.1305],[2.4078,45.1308],[2.4073,45.1314],[2.4066,45.1328],[2.4062,45.1333],[2.4059,45.1336],[2.4052,45.134],[2.4043,45.1345],[2.4036,45.1348],[2.403,45.1349],[2.4025,45.1349],[2.4019,45.1349],[2.4013,45.1347],[2.4007,45.1344],[2.3998,45.1339],[2.3993,45.1336],[2.3988,45.1335],[2.398,45.1334],[2.3975,45.1334],[2.3912,45.1339],[2.39,45.134],[2.3845,45.1349],[2.3773,45.136],[2.3767,45.1361],[2.3762,45.1363],[2.3754,45.1367],[2.3729,45.1388],[2.3715,45.1399],[2.3709,45.1405],[2.3701,45.1414],[2.3684,45.1432],[2.3677,45.1438],[2.3668,45.1446],[2.3663,45.145],[2.3661,45.1453],[2.3644,45.1475],[2.3642,45.1478],[2.3626,45.1492],[2.3624,45.1495],[2.3613,45.151],[2.3609,45.1516],[2.36,45.1524],[2.359,45.1529],[2.3588,45.1531],[2.3558,45.1568],[2.3555,45.157],[2.3542,45.1575],[2.3523,45.1581],[2.3517,45.1582],[2.3482,45.1588],[2.3477,45.1588],[2.3472,45.1587],[2.3451,45.158],[2.3446,45.1579],[2.3442,45.1579],[2.3429,45.1582],[2.3424,45.1582],[2.3407,45.1581],[2.3402,45.1582],[2.3397,45.1583],[2.3383,45.159],[2.338,45.159],[2.3376,45.159],[2.3371,45.1587],[2.3355,45.1576],[2.3349,45.1573],[2.3338,45.1569],[2.3333,45.1567],[2.3327,45.1568],[2.3323,45.1569],[2.3309,45.1573],[2.3302,45.1577],[2.3288,45.1592],[2.3285,45.1596]]}},{"type":"Feature","properties":{"rang":"departementale"},"geometry":{"type":"LineString","coordinates":[[2.4944,45.2152],[2.494,45.2152],[2.493,45.2149],[2.4925,45.2148],[2.4911,45.2149],[2.4905,45.215],[2.4897,45.2152],[2.4888,45.2153],[2.488,45.2152],[2.4871,45.2152],[2.4868,45.2152],[2.4861,45.215],[2.4851,45.2149],[2.4847,45.2149],[2.4838,45.215],[2.4831,45.215],[2.4825,45.215],[2.4819,45.2152],[2.4815,45.2152],[2.4804,45.2152],[2.4797,45.2152],[2.4789,45.2151],[2.4784,45.2151],[2.4775,45.2148],[2.4766,45.2147],[2.4757,45.2148],[2.4749,45.215],[2.4741,45.2151],[2.4734,45.2151],[2.4708,45.2147],[2.4699,45.2146],[2.4693,45.2146],[2.4685,45.2147],[2.468,45.2147],[2.4674,45.2146],[2.4671,45.2147],[2.4665,45.215],[2.4658,45.2153],[2.4652,45.2155],[2.4644,45.2155],[2.4638,45.2156],[2.463,45.2159],[2.4623,45.2159],[2.4619,45.2161],[2.4611,45.2165],[2.4599,45.2169],[2.4593,45.217],[2.4582,45.2168],[2.4576,45.2169],[2.4568,45.2171],[2.4563,45.2172],[2.4552,45.2174],[2.4548,45.2175],[2.454,45.2179],[2.4527,45.2187],[2.4521,45.2189],[2.4511,45.219],[2.4506,45.2191],[2.4502,45.2192],[2.4497,45.2196],[2.4491,45.2204],[2.4481,45.221],[2.4474,45.2215],[2.4467,45.2221],[2.4461,45.2222],[2.4451,45.2223],[2.4448,45.2224],[2.4436,45.2231],[2.4431,45.2234],[2.4422,45.2238],[2.4416,45.2241],[2.4412,45.2244],[2.4399,45.2256],[2.4385,45.2265],[2.4378,45.2271],[2.4372,45.2274],[2.4368,45.2274],[2.4359,45.2273],[2.4353,45.2274],[2.4344,45.2275],[2.4325,45.2281],[2.432,45.2282],[2.4315,45.2285],[2.431,45.2287],[2.4301,45.229],[2.4286,45.2295],[2.4283,45.2295]]}},{"type":"Feature","properties":{"rang":"departementale"},"geometry":{"type":"LineString","coordinates":[[2.3324,45.2093],[2.3322,45.2081],[2.3319,45.2072]]}},{"type":"Feature","properties":{"rang":"departementale"},"geometry":{"type":"LineString","coordinates":[[2.3404,45.2164],[2.3403,45.2161]]}},{"type":"Feature","properties":{"rang":"departementale"},"geometry":{"type":"LineString","coordinates":[[2.2124,45.1303],[2.2111,45.1309],[2.2103,45.1311],[2.209,45.1311]]}},{"type":"Feature","properties":{"rang":"departementale"},"geometry":{"type":"LineString","coordinates":[[2.213,45.1301],[2.2124,45.1303],[2.2127,45.13]]}},{"type":"Feature","properties":{"rang":"departementale"},"geometry":{"type":"LineString","coordinates":[[2.3138,45.1738],[2.3138,45.1738]]}},{"type":"Feature","properties":{"rang":"departementale"},"geometry":{"type":"LineString","coordinates":[[2.3334,45.2136],[2.333,45.2135]]}},{"type":"Feature","properties":{"rang":"departementale"},"geometry":{"type":"LineString","coordinates":[[2.3327,45.2129],[2.333,45.2132]]}},{"type":"Feature","properties":{"rang":"departementale"},"geometry":{"type":"LineString","coordinates":[[2.3327,45.2129],[2.3324,45.2093]]}},{"type":"Feature","properties":{"rang":"departementale"},"geometry":{"type":"LineString","coordinates":[[2.3331,45.2134],[2.3334,45.2136],[2.3359,45.2144],[2.3374,45.2149]]}},{"type":"Feature","properties":{"rang":"departementale"},"geometry":{"type":"LineString","coordinates":[[2.3327,45.2133],[2.3327,45.2129]]}},{"type":"Feature","properties":{"rang":"departementale"},"geometry":{"type":"LineString","coordinates":[[2.1303,45.1345],[2.1302,45.1345]]}},{"type":"Feature","properties":{"rang":"departementale"},"geometry":{"type":"LineString","coordinates":[[2.1331,45.1321],[2.1326,45.1326],[2.1317,45.1333],[2.1313,45.1338],[2.1311,45.134],[2.1303,45.1345]]}},{"type":"Feature","properties":{"rang":"departementale"},"geometry":{"type":"LineString","coordinates":[[2.3139,45.1738],[2.3142,45.1739]]}},{"type":"Feature","properties":{"rang":"departementale"},"geometry":{"type":"LineString","coordinates":[[2.3135,45.1737],[2.3138,45.1738]]}},{"type":"Feature","properties":{"rang":"departementale"},"geometry":{"type":"LineString","coordinates":[[2.3138,45.1738],[2.3139,45.1736]]}},{"type":"Feature","properties":{"rang":"departementale"},"geometry":{"type":"LineString","coordinates":[[2.1356,45.1311],[2.1347,45.1311],[2.1343,45.1312],[2.1337,45.1316],[2.1331,45.1321]]}},{"type":"Feature","properties":{"rang":"departementale"},"geometry":{"type":"LineString","coordinates":[[1.6195,45.2796],[1.6194,45.2794],[1.6197,45.2792],[1.62,45.2794],[1.6197,45.2796],[1.6195,45.2796]]}},{"type":"Feature","properties":{"rang":"departementale"},"geometry":{"type":"LineString","coordinates":[[1.5688,45.3212],[1.5695,45.321],[1.5713,45.32],[1.5718,45.3197],[1.5723,45.3196],[1.5736,45.3194],[1.5755,45.3192],[1.5755,45.3193],[1.5741,45.3194],[1.5728,45.3196],[1.572,45.3197],[1.5713,45.32]]}},{"type":"Feature","properties":{"rang":"departementale"},"geometry":{"type":"LineString","coordinates":[[1.4747,45.2624],[1.4746,45.263],[1.4747,45.2632],[1.4749,45.2635],[1.4752,45.2636],[1.4762,45.2636],[1.4766,45.2635],[1.4773,45.2632],[1.4781,45.2633],[1.4791,45.263],[1.4795,45.263],[1.481,45.2632],[1.481,45.2635],[1.4798,45.2641],[1.4797,45.2643],[1.48,45.2652],[1.4799,45.2656],[1.4793,45.2659],[1.4791,45.2663],[1.4789,45.2669],[1.4781,45.2673],[1.4779,45.2676],[1.478,45.2689],[1.4781,45.2693],[1.4786,45.2697],[1.4789,45.2698],[1.4798,45.27],[1.48,45.2701],[1.4803,45.2705],[1.4802,45.2707],[1.4794,45.2708],[1.4791,45.271],[1.4788,45.2713],[1.4786,45.2721],[1.4786,45.2722],[1.4791,45.2731],[1.479,45.2733],[1.4781,45.2733],[1.4773,45.2738],[1.4771,45.2738],[1.4766,45.2736],[1.4754,45.2737],[1.475,45.2739],[1.4731,45.2756],[1.4726,45.2759],[1.4724,45.2761],[1.4721,45.2768],[1.4722,45.277],[1.4725,45.277],[1.4744,45.2766],[1.4746,45.2765],[1.4759,45.2766],[1.4762,45.2767],[1.4766,45.2768],[1.477,45.2773],[1.4782,45.278],[1.4787,45.2786],[1.479,45.2787],[1.4797,45.2789],[1.4801,45.2791],[1.4804,45.2794],[1.4807,45.2803],[1.4809,45.2806],[1.4816,45.2811],[1.482,45.2818],[1.4822,45.282],[1.4826,45.2823],[1.4833,45.2829],[1.4836,45.2833],[1.4841,45.285],[1.4845,45.2863],[1.4848,45.2869],[1.4915,45.2933],[1.4931,45.2947],[1.4953,45.2968],[1.4956,45.297],[1.4978,45.2981],[1.4981,45.2982],[1.499,45.2987],[1.4995,45.2992],[1.4996,45.2992],[1.501,45.2996],[1.5013,45.2996],[1.5017,45.2994],[1.5021,45.2987],[1.5023,45.2985],[1.5026,45.2985],[1.5031,45.2985],[1.5035,45.2984],[1.5037,45.2982],[1.5036,45.2976],[1.5037,45.2973],[1.5047,45.2963],[1.5053,45.2959],[1.5062,45.2958],[1.5065,45.2957],[1.5073,45.2956],[1.5074,45.2954],[1.5076,45.295],[1.5077,45.2949],[1.5082,45.2946],[1.5087,45.2946],[1.5095,45.2946],[1.5098,45.2945],[1.5101,45.2942],[1.5105,45.2941],[1.5128,45.2941],[1.5133,45.2941],[1.5136,45.2939],[1.5143,45.2933],[1.5145,45.2929],[1.5145,45.2925],[1.5143,45.2921],[1.5146,45.2915],[1.5149,45.2914],[1.5158,45.2913],[1.5173,45.2914],[1.5179,45.2913],[1.5188,45.2907],[1.5191,45.2904],[1.5193,45.2901],[1.5195,45.2898],[1.52,45.2897],[1.5203,45.2897],[1.5207,45.2899],[1.5212,45.2899],[1.5225,45.2895],[1.5229,45.2894],[1.5243,45.2894],[1.5246,45.2892],[1.5247,45.2889],[1.5248,45.2887],[1.5252,45.2887],[1.5264,45.2887],[1.5266,45.2887],[1.5281,45.2882],[1.5286,45.2881],[1.529,45.2882],[1.5291,45.2886],[1.5292,45.2887],[1.5299,45.2887],[1.5308,45.2888],[1.5313,45.2888],[1.532,45.2887],[1.5338,45.2887],[1.534,45.2888],[1.5342,45.2892],[1.5346,45.2894],[1.535,45.2894],[1.5354,45.2892],[1.5358,45.2892],[1.5363,45.2893],[1.5367,45.2892],[1.5368,45.2888],[1.5373,45.2885],[1.5373,45.2882],[1.5371,45.2879],[1.5371,45.2876],[1.5375,45.2873],[1.5378,45.287],[1.5388,45.2862],[1.5391,45.2858],[1.5392,45.2854],[1.5396,45.285],[1.5396,45.2845],[1.5398,45.2843],[1.5405,45.2842],[1.5415,45.2839],[1.5427,45.2842],[1.5429,45.2843],[1.5431,45.2845],[1.5432,45.2848],[1.5435,45.2851],[1.5445,45.2853],[1.5453,45.2856],[1.5457,45.2857],[1.548,45.2855],[1.5481,45.2847],[1.5486,45.2844],[1.549,45.2839],[1.549,45.2836],[1.5488,45.283],[1.5486,45.2829],[1.5485,45.2824],[1.5483,45.2823],[1.5463,45.282],[1.5458,45.2821],[1.5454,45.2823],[1.5447,45.2824],[1.5443,45.2824],[1.5434,45.2823],[1.5432,45.2821],[1.5431,45.2814],[1.5425,45.2806],[1.542,45.2793],[1.5418,45.2785],[1.5414,45.278],[1.5403,45.277],[1.5401,45.2769],[1.5373,45.2753],[1.5366,45.2751],[1.536,45.2751],[1.5351,45.2751],[1.5347,45.275],[1.5331,45.274],[1.533,45.2739],[1.5319,45.2727],[1.5318,45.2722],[1.5318,45.2716],[1.5313,45.2713],[1.5299,45.2709],[1.5296,45.2708],[1.5282,45.2702],[1.5272,45.27],[1.5246,45.27],[1.5242,45.27],[1.5238,45.2702],[1.523,45.271],[1.5228,45.2714],[1.5225,45.2717],[1.5218,45.2719],[1.5211,45.2721],[1.5207,45.272],[1.5203,45.2718],[1.5202,45.2716],[1.5202,45.2703],[1.5203,45.2698],[1.5207,45.2693],[1.5206,45.2692],[1.5204,45.2691],[1.5196,45.2692],[1.519,45.2694],[1.5187,45.2693],[1.5184,45.2692],[1.518,45.2688],[1.5178,45.2684],[1.5177,45.2675],[1.5175,45.2672],[1.5173,45.267],[1.517,45.2671],[1.5166,45.2674],[1.5159,45.268],[1.5157,45.268],[1.5149,45.2681],[1.5145,45.268],[1.5144,45.2679],[1.5142,45.2671],[1.5138,45.2666],[1.5132,45.2662],[1.5125,45.2655],[1.5124,45.2651],[1.5123,45.2647],[1.5122,45.2643],[1.5118,45.2637],[1.5106,45.2625],[1.51,45.2622],[1.5098,45.2621],[1.5077,45.2617],[1.5074,45.2617],[1.5067,45.2618],[1.5065,45.2616],[1.5062,45.2604],[1.5064,45.2599],[1.5063,45.2597],[1.5057,45.2591],[1.5045,45.2581],[1.5043,45.2581],[1.5033,45.2579],[1.5032,45.2578],[1.5031,45.2573],[1.5029,45.2572],[1.5024,45.257],[1.5015,45.257],[1.5011,45.2567],[1.501,45.2564],[1.5012,45.2559],[1.501,45.255],[1.5011,45.2547],[1.5012,45.254],[1.5012,45.2538],[1.5007,45.2536],[1.4997,45.2539],[1.4991,45.2541],[1.4974,45.2552],[1.4969,45.2553],[1.4964,45.2553],[1.4963,45.2551],[1.4963,45.2547],[1.4961,45.2541],[1.4957,45.2539],[1.4954,45.2539],[1.4942,45.2541],[1.4939,45.2542],[1.4933,45.2547],[1.4929,45.2553],[1.4926,45.2555],[1.4919,45.2554],[1.4916,45.2555],[1.4908,45.2558],[1.4901,45.2562],[1.4894,45.2564],[1.4885,45.2567],[1.4877,45.2569],[1.4875,45.257],[1.4871,45.2573],[1.4867,45.2574],[1.4859,45.2575],[1.4846,45.2574],[1.4843,45.2574],[1.4838,45.2577],[1.4835,45.2578],[1.4828,45.2578],[1.4819,45.2581],[1.4807,45.2581],[1.4793,45.2582],[1.4783,45.2586],[1.4779,45.2586],[1.4773,45.2583],[1.4771,45.2583],[1.4765,45.2583],[1.4761,45.2582],[1.4759,45.2581],[1.4756,45.258]]}},{"type":"Feature","properties":{"rang":"departementale"},"geometry":{"type":"LineString","coordinates":[[1.3451,45.4002],[1.3455,45.4],[1.3458,45.3997],[1.3465,45.3987],[1.3466,45.3986],[1.3489,45.3973],[1.3495,45.397],[1.3501,45.3969],[1.351,45.3968],[1.3515,45.3969],[1.3526,45.397],[1.353,45.3971],[1.3535,45.397],[1.356,45.3963],[1.3566,45.3962],[1.3588,45.3961],[1.3592,45.396],[1.3611,45.3952],[1.3627,45.3948],[1.3639,45.3946],[1.3643,45.3946],[1.3653,45.3948],[1.3676,45.3948],[1.3682,45.3948],[1.3695,45.395],[1.3707,45.3954],[1.371,45.3955],[1.3742,45.396],[1.3776,45.3965],[1.378,45.3966],[1.3786,45.3964],[1.3798,45.396],[1.3806,45.3961]]}},{"type":"Feature","properties":{"rang":"departementale"},"geometry":{"type":"LineString","coordinates":[[1.409,45.2624],[1.4084,45.2626],[1.4078,45.2629],[1.4076,45.2634],[1.4076,45.2639],[1.4078,45.2652],[1.4077,45.2655],[1.4072,45.2658],[1.4067,45.2659],[1.4062,45.2661],[1.406,45.2666],[1.4058,45.2673],[1.4058,45.2677],[1.4061,45.2683],[1.406,45.2686],[1.4059,45.2688],[1.405,45.2694],[1.4046,45.2699],[1.4045,45.2701],[1.4037,45.2719],[1.4035,45.2728],[1.4033,45.2735],[1.4024,45.2753],[1.4025,45.276],[1.4024,45.2764],[1.4019,45.2777],[1.4016,45.2783],[1.4011,45.2788],[1.4007,45.2791],[1.3994,45.2798],[1.3989,45.2801],[1.3986,45.2807],[1.3986,45.2815],[1.3985,45.2819],[1.3983,45.2823],[1.3975,45.2832],[1.3972,45.2836],[1.3963,45.2853],[1.3957,45.2859],[1.3951,45.2863],[1.3945,45.2865],[1.3929,45.2868],[1.3907,45.2874],[1.3873,45.2887],[1.3863,45.2893],[1.3809,45.2929],[1.3804,45.2932],[1.3754,45.2952],[1.374,45.2957],[1.3733,45.2962],[1.3697,45.2994],[1.3695,45.2996],[1.3692,45.3001],[1.3684,45.3007],[1.3678,45.3011],[1.3662,45.3026],[1.3645,45.304],[1.3628,45.3054],[1.3612,45.3067],[1.3608,45.3071],[1.3599,45.3075],[1.3588,45.3077],[1.3578,45.3077],[1.3572,45.3076],[1.3564,45.3074],[1.3554,45.307],[1.3545,45.3065],[1.3541,45.3063],[1.3533,45.3061],[1.3522,45.306],[1.3513,45.3061],[1.3502,45.3064],[1.3496,45.3068],[1.3492,45.3071],[1.3489,45.3075],[1.3484,45.3083],[1.3475,45.3101],[1.3473,45.3105],[1.3464,45.3118],[1.3459,45.3123],[1.3455,45.3126],[1.3437,45.3135],[1.3431,45.3139],[1.3424,45.3145]]}},{"type":"Feature","properties":{"rang":"departementale"},"geometry":{"type":"LineString","coordinates":[[1.5557,45.459],[1.5576,45.4563],[1.5582,45.4553],[1.5586,45.4542],[1.5587,45.4536],[1.559,45.4516],[1.5592,45.4511],[1.5598,45.4495],[1.56,45.4488],[1.56,45.4482],[1.5601,45.4454],[1.5602,45.4448],[1.5605,45.4433],[1.5605,45.4427],[1.5602,45.4417],[1.5605,45.4424],[1.5606,45.4431],[1.5604,45.4439],[1.5603,45.4443]]}},{"type":"Feature","properties":{"rang":"departementale"},"geometry":{"type":"LineString","coordinates":[[1.566,45.4263],[1.5665,45.4264],[1.5671,45.4264],[1.5676,45.4263]]}},{"type":"Feature","properties":{"rang":"departementale"},"geometry":{"type":"LineString","coordinates":[[1.6376,45.4641],[1.6378,45.464],[1.6387,45.4636],[1.6393,45.4634],[1.6401,45.463],[1.6416,45.463],[1.642,45.463],[1.643,45.4628],[1.6437,45.4624],[1.644,45.4622],[1.6445,45.4623],[1.646,45.4633],[1.6464,45.4635],[1.6468,45.4636],[1.6478,45.4639],[1.6481,45.464],[1.6486,45.4643],[1.649,45.4644],[1.6495,45.4643],[1.6498,45.464],[1.6499,45.4636],[1.65,45.4634],[1.6509,45.4631],[1.6514,45.4627],[1.6517,45.4626],[1.6523,45.4625],[1.6527,45.4623],[1.6529,45.4619],[1.6533,45.4615],[1.6539,45.4612],[1.6545,45.4609],[1.6549,45.4607],[1.6552,45.4603],[1.6551,45.4601],[1.6546,45.4596],[1.6545,45.4595],[1.6547,45.4593],[1.655,45.4593],[1.6557,45.4595],[1.6563,45.4593],[1.6564,45.4589],[1.6565,45.4579],[1.6568,45.4577],[1.6575,45.4577],[1.6577,45.4578],[1.6578,45.458],[1.6578,45.4588],[1.6578,45.459],[1.6582,45.4598],[1.6592,45.4604],[1.6594,45.4606],[1.6599,45.4607],[1.6605,45.4606],[1.6611,45.4605],[1.6614,45.4605],[1.6622,45.4607],[1.663,45.4607],[1.6636,45.4605],[1.6642,45.4605],[1.6652,45.4609],[1.6657,45.4609],[1.6681,45.4607],[1.6685,45.4607],[1.6689,45.4608],[1.6695,45.4613],[1.6704,45.4615],[1.6716,45.4616],[1.6736,45.4616],[1.6757,45.4617],[1.6761,45.4617],[1.6774,45.4621],[1.6777,45.4623],[1.6778,45.4625],[1.678,45.4632],[1.6782,45.4634],[1.6785,45.4637],[1.6824,45.4655],[1.6829,45.4659],[1.6843,45.4671],[1.6893,45.4696],[1.6895,45.4697],[1.69,45.4697],[1.6937,45.4699],[1.6941,45.4699],[1.6947,45.4701],[1.6964,45.4706],[1.6968,45.4707],[1.6972,45.4706],[1.6982,45.4702],[1.6985,45.4701],[1.6989,45.4702],[1.7,45.4707],[1.7018,45.4713],[1.7023,45.4714],[1.7039,45.4714],[1.7043,45.4715],[1.7047,45.4717],[1.7052,45.4721],[1.7058,45.4722],[1.7069,45.4721],[1.7081,45.4718],[1.7087,45.4718],[1.7113,45.4721],[1.712,45.4719],[1.7125,45.4718],[1.7135,45.4713],[1.7137,45.4711],[1.7142,45.4705],[1.7147,45.4701],[1.7152,45.47],[1.7167,45.4697],[1.7173,45.4696],[1.7194,45.4687],[1.7199,45.4687],[1.7208,45.4689],[1.7218,45.4688],[1.7223,45.4689],[1.7237,45.4695],[1.7242,45.4693],[1.7249,45.4692],[1.7252,45.4691],[1.7258,45.4686],[1.7262,45.4683],[1.7266,45.4676],[1.727,45.4666],[1.7276,45.4658],[1.7277,45.4656],[1.7274,45.4651],[1.7274,45.4649],[1.7276,45.4645],[1.7282,45.4639],[1.7284,45.4638]]}},{"type":"Feature","properties":{"rang":"departementale"},"geometry":{"type":"LineString","coordinates":[[1.5194,45.4687],[1.5206,45.4701],[1.5227,45.4726],[1.5236,45.4737],[1.5242,45.4742],[1.5248,45.4746],[1.5251,45.4748],[1.5253,45.4752],[1.5259,45.4767],[1.5261,45.477],[1.5265,45.4775],[1.5269,45.4779],[1.5276,45.4784],[1.528,45.4787],[1.5292,45.48],[1.53,45.4806]]}},{"type":"Feature","properties":{"rang":"departementale"},"geometry":{"type":"LineString","coordinates":[[1.4094,45.2627],[1.4091,45.2624]]}},{"type":"Feature","properties":{"rang":"departementale"},"geometry":{"type":"LineString","coordinates":[[1.4096,45.2628],[1.4102,45.2626],[1.4111,45.2627],[1.4113,45.2627]]}},{"type":"Feature","properties":{"rang":"departementale"},"geometry":{"type":"LineString","coordinates":[[1.5306,45.4802],[1.5309,45.4797],[1.5314,45.4791],[1.5322,45.4783],[1.5345,45.4761],[1.5351,45.4756],[1.5358,45.4752],[1.5362,45.4749],[1.5371,45.4746],[1.5378,45.4744],[1.5389,45.4742],[1.5393,45.4741],[1.5399,45.4737],[1.5403,45.4733],[1.541,45.4726],[1.5414,45.4722],[1.542,45.4719],[1.5423,45.4718],[1.5457,45.4714],[1.5462,45.4712],[1.5465,45.4711],[1.5469,45.4707],[1.5471,45.4705],[1.5473,45.4701],[1.5474,45.4691],[1.5477,45.468],[1.5478,45.4677],[1.5482,45.4673],[1.5485,45.4671],[1.5512,45.4654],[1.552,45.4649],[1.5524,45.4645],[1.5535,45.4626],[1.5547,45.4605],[1.5557,45.459]]}},{"type":"Feature","properties":{"rang":"departementale"},"geometry":{"type":"LineString","coordinates":[[1.5659,45.418],[1.5654,45.4174],[1.5654,45.417],[1.5656,45.4166],[1.5663,45.416],[1.5667,45.4156],[1.567,45.4151],[1.5672,45.4146],[1.5679,45.412],[1.5681,45.4113],[1.5684,45.4109],[1.5692,45.41],[1.5707,45.4081],[1.5713,45.4072]]}},{"type":"Feature","properties":{"rang":"departementale"},"geometry":{"type":"LineString","coordinates":[[1.7445,45.2616],[1.7442,45.2619],[1.7443,45.2624],[1.7441,45.2629],[1.7442,45.2633],[1.744,45.2637],[1.7438,45.2639],[1.7438,45.2641],[1.7441,45.2645],[1.7441,45.2647],[1.744,45.265],[1.7435,45.2653],[1.7433,45.2657],[1.7432,45.2661],[1.7433,45.2667],[1.7431,45.2669],[1.7426,45.2672],[1.7412,45.2674],[1.7407,45.2676],[1.7403,45.2679],[1.7401,45.2682],[1.7399,45.2689],[1.7393,45.2693],[1.7388,45.2695],[1.738,45.2695],[1.7376,45.2693],[1.7371,45.2689],[1.7369,45.2686],[1.7369,45.2683],[1.737,45.2678],[1.737,45.2674],[1.7367,45.2669],[1.7364,45.2664],[1.7361,45.2661],[1.7355,45.266],[1.7349,45.2659],[1.7343,45.2661],[1.734,45.2662],[1.7332,45.2668],[1.7329,45.2669],[1.7306,45.2679],[1.7303,45.268],[1.7298,45.268],[1.7296,45.2679],[1.7296,45.2673],[1.7297,45.2667],[1.7297,45.2664],[1.7294,45.266],[1.7292,45.2658],[1.7284,45.2654],[1.7274,45.2651],[1.7264,45.265],[1.7254,45.265],[1.7245,45.265],[1.7239,45.2651],[1.7234,45.2655],[1.7231,45.2658],[1.723,45.2662],[1.7228,45.2663],[1.7225,45.2665],[1.7215,45.2667],[1.7211,45.2667],[1.7205,45.2666],[1.72,45.2666],[1.7191,45.2668],[1.7182,45.2672],[1.7172,45.2674],[1.7161,45.2676],[1.7152,45.2677],[1.7146,45.2676],[1.7142,45.2675],[1.713,45.2671],[1.7125,45.267],[1.7117,45.2669],[1.7111,45.2669],[1.7069,45.2676],[1.7015,45.2684],[1.6975,45.269],[1.6963,45.2691],[1.6952,45.2693],[1.6939,45.2693],[1.6913,45.2697],[1.6909,45.2698],[1.69,45.2701],[1.6892,45.2705],[1.6886,45.2708],[1.6867,45.2712],[1.6839,45.272],[1.6803,45.2729],[1.6798,45.2731],[1.6793,45.2731],[1.6723,45.2735],[1.6714,45.2735],[1.6707,45.2734],[1.6703,45.2732],[1.6672,45.272],[1.6666,45.2718],[1.6661,45.2717],[1.6659,45.2717]]}},{"type":"Feature","properties":{"rang":"departementale"},"geometry":{"type":"LineString","coordinates":[[1.5746,45.3944],[1.5746,45.3948],[1.5747,45.395]]}},{"type":"Feature","properties":{"rang":"departementale"},"geometry":{"type":"LineString","coordinates":[[1.5735,45.3967],[1.5733,45.3967],[1.5727,45.3966],[1.5734,45.3966],[1.5736,45.3963],[1.5739,45.3959],[1.574,45.3956]]}},{"type":"Feature","properties":{"rang":"departementale"},"geometry":{"type":"LineString","coordinates":[[1.5185,45.379],[1.5196,45.3778],[1.5203,45.3771],[1.5207,45.3769],[1.5213,45.3767],[1.5233,45.3762],[1.5237,45.3761],[1.5249,45.3754],[1.5251,45.3753],[1.5261,45.3744],[1.5275,45.3731],[1.528,45.3726],[1.5285,45.3722],[1.5292,45.3718],[1.5303,45.3709],[1.5306,45.3706],[1.5306,45.3699],[1.5309,45.3692],[1.5313,45.3689],[1.5321,45.3686],[1.5325,45.3682],[1.5329,45.3677],[1.5331,45.3675],[1.5338,45.3673],[1.5342,45.3671],[1.5356,45.3662],[1.5362,45.3658],[1.5366,45.3658],[1.5372,45.366],[1.5378,45.3661],[1.5396,45.3658],[1.5405,45.3652],[1.5407,45.3648],[1.541,45.3645],[1.5415,45.3644],[1.5418,45.3643],[1.5418,45.3641],[1.5422,45.3638],[1.5428,45.3637],[1.5431,45.3634],[1.5432,45.3622],[1.5434,45.362],[1.544,45.3619],[1.5446,45.3622],[1.5449,45.3623],[1.5454,45.3622],[1.5457,45.3619],[1.5472,45.3601],[1.5475,45.3598],[1.5479,45.358],[1.5481,45.3577],[1.5486,45.3573],[1.5489,45.357],[1.5493,45.3562],[1.5496,45.356],[1.5501,45.3559],[1.5507,45.3559],[1.5512,45.3561],[1.5516,45.3562],[1.5522,45.3562],[1.553,45.3559],[1.5537,45.3554],[1.5542,45.3546],[1.5549,45.3538],[1.5555,45.3534],[1.5566,45.3529],[1.5582,45.3523],[1.5614,45.3512],[1.5638,45.3503],[1.5638,45.3498],[1.5638,45.3495],[1.5641,45.3488],[1.5642,45.3485],[1.5647,45.3482],[1.5655,45.3478],[1.5658,45.3476],[1.5684,45.3441],[1.5686,45.3438],[1.5687,45.3426],[1.5684,45.3415],[1.5684,45.3409],[1.5684,45.34],[1.5686,45.339],[1.5685,45.3387],[1.5681,45.3382],[1.5676,45.3378],[1.5673,45.3374],[1.5672,45.337],[1.5677,45.3351],[1.568,45.3345],[1.5684,45.3341],[1.5687,45.3338],[1.569,45.3324],[1.5689,45.3319],[1.5685,45.3314],[1.5685,45.3312],[1.5685,45.3309],[1.5687,45.3306],[1.5691,45.3302],[1.5697,45.3298],[1.57,45.3295],[1.5701,45.329],[1.5702,45.3285],[1.5702,45.3281],[1.5699,45.3249],[1.5699,45.324],[1.5698,45.3235],[1.5691,45.322],[1.569,45.3215],[1.5682,45.3199],[1.5681,45.3195],[1.5681,45.3188],[1.5679,45.3185],[1.5673,45.3179],[1.5656,45.3163],[1.5653,45.3158],[1.5649,45.315]]}},{"type":"Feature","properties":{"rang":"departementale"},"geometry":{"type":"LineString","coordinates":[[1.5186,45.3863],[1.5184,45.3862],[1.5177,45.3856],[1.5171,45.3852],[1.5164,45.3851],[1.5161,45.385],[1.5154,45.3847],[1.5148,45.3846],[1.514,45.3848],[1.5137,45.3846],[1.5134,45.3843],[1.513,45.384],[1.5125,45.3839],[1.512,45.384],[1.5117,45.3839],[1.5108,45.3823],[1.5107,45.3819],[1.5105,45.3808],[1.5103,45.3806],[1.5099,45.3805],[1.5097,45.3805],[1.5086,45.3806],[1.5079,45.3806],[1.5076,45.3803],[1.5076,45.3801],[1.5081,45.3798],[1.5089,45.3796],[1.5093,45.3794],[1.5095,45.3792],[1.5095,45.3789]]}},{"type":"Feature","properties":{"rang":"departementale"},"geometry":{"type":"LineString","coordinates":[[1.5674,45.3959],[1.569,45.3963],[1.5697,45.3964],[1.5727,45.3966]]}},{"type":"Feature","properties":{"rang":"departementale"},"geometry":{"type":"LineString","coordinates":[[1.5537,45.3954],[1.5573,45.3956],[1.5634,45.396],[1.564,45.3961],[1.5647,45.396],[1.5658,45.3958],[1.5667,45.3958],[1.5674,45.3959]]}},{"type":"Feature","properties":{"rang":"departementale"},"geometry":{"type":"LineString","coordinates":[[1.5196,45.3863],[1.5186,45.3863]]}},{"type":"Feature","properties":{"rang":"departementale"},"geometry":{"type":"LineString","coordinates":[[1.5298,45.4806],[1.5297,45.4805],[1.5294,45.4802]]}},{"type":"Feature","properties":{"rang":"departementale"},"geometry":{"type":"LineString","coordinates":[[1.5306,45.4802],[1.5305,45.4805],[1.5302,45.4807]]}},{"type":"Feature","properties":{"rang":"departementale"},"geometry":{"type":"LineString","coordinates":[[1.5301,45.4806],[1.5304,45.4805],[1.5306,45.4802]]}},{"type":"Feature","properties":{"rang":"departementale"},"geometry":{"type":"LineString","coordinates":[[1.5299,45.481],[1.5298,45.4809],[1.5298,45.4806],[1.53,45.4806],[1.5302,45.4807],[1.5302,45.4809],[1.5299,45.481]]}},{"type":"Feature","properties":{"rang":"departementale"},"geometry":{"type":"LineString","coordinates":[[1.5659,45.4301],[1.5658,45.4293],[1.5656,45.4274],[1.5656,45.427],[1.566,45.4263],[1.5655,45.4256],[1.5647,45.4247],[1.5646,45.4245],[1.564,45.4238],[1.5635,45.4229],[1.5632,45.4222],[1.5631,45.4217],[1.5633,45.4214],[1.5636,45.4211],[1.5643,45.421],[1.5649,45.4209],[1.5652,45.4208],[1.5655,45.4206],[1.5657,45.4204],[1.5659,45.4198],[1.5657,45.4193],[1.5657,45.4191],[1.5661,45.4187],[1.5661,45.4183],[1.5659,45.418]]}},{"type":"Feature","properties":{"rang":"departementale"},"geometry":{"type":"LineString","coordinates":[[1.565,45.4343],[1.5651,45.4336],[1.5655,45.4328],[1.5656,45.4329],[1.566,45.4334],[1.5666,45.4338],[1.5668,45.4341],[1.567,45.4346],[1.5672,45.4348],[1.5678,45.435],[1.5679,45.4352],[1.568,45.436],[1.5687,45.4366],[1.5689,45.4368],[1.5692,45.4374],[1.5695,45.438],[1.57,45.4401],[1.5697,45.4407],[1.5696,45.441],[1.5699,45.4426],[1.57,45.4429],[1.5701,45.4433],[1.5702,45.4436],[1.5705,45.4439],[1.5707,45.4442],[1.5709,45.4449],[1.5711,45.4453],[1.5714,45.4458],[1.5717,45.4467],[1.5721,45.4469],[1.5723,45.4476],[1.5725,45.4478],[1.573,45.4477],[1.5732,45.4475],[1.5737,45.447],[1.5741,45.4468],[1.5746,45.4468],[1.5755,45.4471],[1.5758,45.4475],[1.5766,45.4479],[1.577,45.4479],[1.5776,45.4479],[1.5783,45.448],[1.5798,45.4488],[1.5804,45.4488]]}},{"type":"Feature","properties":{"rang":"departementale"},"geometry":{"type":"LineString","coordinates":[[1.5719,45.4242],[1.5707,45.4244],[1.5692,45.4246],[1.5685,45.4248],[1.568,45.4248],[1.5674,45.4246],[1.5669,45.4241],[1.5667,45.4241],[1.5664,45.4242],[1.5669,45.4247],[1.5671,45.4253],[1.5673,45.4255],[1.5676,45.4258],[1.5676,45.4263]]}},{"type":"Feature","properties":{"rang":"departementale"},"geometry":{"type":"LineString","coordinates":[[1.5735,45.4258],[1.5733,45.4257],[1.5722,45.4245],[1.5719,45.4242]]}},{"type":"Feature","properties":{"rang":"departementale"},"geometry":{"type":"LineString","coordinates":[[1.5656,45.4325],[1.566,45.4317],[1.5661,45.4314],[1.5659,45.4301]]}},{"type":"Feature","properties":{"rang":"departementale"},"geometry":{"type":"LineString","coordinates":[[1.5656,45.4326],[1.5656,45.4325]]}},{"type":"Feature","properties":{"rang":"departementale"},"geometry":{"type":"LineString","coordinates":[[1.5128,45.4612],[1.5137,45.4612],[1.5143,45.4613],[1.5147,45.4614],[1.5152,45.4617],[1.5157,45.4622],[1.5158,45.4626],[1.5159,45.4638],[1.5161,45.4645],[1.5162,45.4648],[1.5168,45.4655],[1.5172,45.4661],[1.5184,45.4678],[1.5194,45.4687]]}},{"type":"Feature","properties":{"rang":"departementale"},"geometry":{"type":"LineString","coordinates":[[1.5121,45.4613],[1.5128,45.4612]]}},{"type":"Feature","properties":{"rang":"departementale"},"geometry":{"type":"LineString","coordinates":[[1.4931,45.4648],[1.4937,45.465],[1.4942,45.4651],[1.4958,45.4654],[1.4965,45.4654],[1.4971,45.4653],[1.4975,45.4652],[1.4984,45.4648],[1.5072,45.4612],[1.5079,45.461],[1.5087,45.461],[1.5105,45.4613],[1.5112,45.4613],[1.5121,45.4613]]}},{"type":"Feature","properties":{"rang":"departementale"},"geometry":{"type":"LineString","coordinates":[[1.4872,45.4638],[1.4908,45.464],[1.4914,45.4642],[1.4931,45.4648]]}},{"type":"Feature","properties":{"rang":"departementale"},"geometry":{"type":"LineString","coordinates":[[1.5484,45.3936],[1.5461,45.3927],[1.5417,45.3911],[1.5402,45.3906],[1.5391,45.3901],[1.5371,45.3894],[1.5363,45.3891],[1.5349,45.3887],[1.5345,45.3885],[1.5335,45.3879],[1.5331,45.3877],[1.53,45.3866],[1.5293,45.3861],[1.5282,45.3852],[1.5276,45.3845],[1.5257,45.3827],[1.5255,45.3824],[1.5248,45.3822],[1.5222,45.3817],[1.5193,45.3805],[1.5181,45.3801],[1.5175,45.3798],[1.5167,45.3796],[1.5159,45.3796],[1.5157,45.3797],[1.5156,45.3804],[1.5155,45.3807],[1.5153,45.3811],[1.5153,45.3817],[1.5155,45.3819],[1.5159,45.3822],[1.5164,45.3823],[1.5166,45.3824],[1.5167,45.3826],[1.5166,45.3829],[1.5166,45.3832],[1.5168,45.3834],[1.5184,45.3845],[1.5196,45.3855],[1.5201,45.3858],[1.5202,45.386],[1.52,45.3861],[1.5196,45.3863]]}},{"type":"Feature","properties":{"rang":"departementale"},"geometry":{"type":"LineString","coordinates":[[1.4262,45.2291],[1.4262,45.2292],[1.4259,45.2293],[1.4257,45.2291],[1.426,45.2289],[1.4262,45.2291]]}},{"type":"Feature","properties":{"rang":"departementale"},"geometry":{"type":"LineString","coordinates":[[1.4259,45.2298],[1.4257,45.2308],[1.4256,45.2323],[1.4254,45.2336],[1.4253,45.234],[1.4248,45.2376],[1.4245,45.2383],[1.4242,45.2387],[1.4235,45.2392],[1.4217,45.2401],[1.4197,45.2412],[1.4194,45.2414]]}},{"type":"Feature","properties":{"rang":"departementale"},"geometry":{"type":"LineString","coordinates":[[1.4115,45.2627],[1.4116,45.2627],[1.4125,45.2628],[1.4128,45.2629],[1.4129,45.2631],[1.4139,45.2658],[1.4146,45.2672],[1.4145,45.269],[1.4149,45.27],[1.4153,45.2707],[1.4161,45.2725],[1.4169,45.2736],[1.4171,45.2738],[1.4186,45.2749],[1.4192,45.2755],[1.4194,45.2758],[1.4194,45.2762],[1.4187,45.2779],[1.4181,45.2789],[1.418,45.2792],[1.418,45.2796],[1.4185,45.281],[1.4188,45.2817],[1.4197,45.2828],[1.4206,45.2842],[1.4207,45.2844],[1.4206,45.2847],[1.4203,45.2849],[1.4201,45.2852],[1.42,45.2859],[1.4202,45.2863],[1.4208,45.2873],[1.421,45.2879],[1.421,45.2885],[1.4212,45.289],[1.4215,45.2894],[1.422,45.2896],[1.4231,45.2898],[1.4237,45.2899],[1.4239,45.2898],[1.4241,45.2897],[1.4242,45.2893],[1.4246,45.2889],[1.4251,45.2885],[1.4259,45.2882],[1.4264,45.2882],[1.4271,45.2888],[1.4274,45.2889],[1.4277,45.2888],[1.4283,45.2886],[1.4288,45.2886],[1.4293,45.2886],[1.4302,45.2888],[1.4319,45.2895],[1.4325,45.2898],[1.4326,45.29],[1.4326,45.2909],[1.4327,45.291],[1.4339,45.2916],[1.4341,45.2917],[1.4344,45.2925],[1.4346,45.2926],[1.4354,45.2927],[1.4356,45.2927],[1.4364,45.293],[1.4367,45.293],[1.438,45.2928],[1.4381,45.2928],[1.4383,45.293],[1.4384,45.2934],[1.4387,45.2944],[1.4388,45.295],[1.4391,45.2957],[1.4391,45.2961],[1.4386,45.2972],[1.4384,45.2979],[1.4385,45.2981],[1.4387,45.2981],[1.4392,45.298],[1.4397,45.2975],[1.4401,45.2972],[1.4403,45.2972],[1.4407,45.2974],[1.4415,45.2978],[1.4425,45.2983],[1.4435,45.2984],[1.4444,45.2986],[1.4451,45.299],[1.4462,45.2997],[1.4466,45.3004],[1.4472,45.3009],[1.4475,45.3012],[1.448,45.3022],[1.4483,45.3032],[1.4487,45.3048],[1.4488,45.3052],[1.4487,45.3074],[1.449,45.3119],[1.4491,45.3127],[1.4496,45.3138],[1.4498,45.3142],[1.4496,45.3148],[1.4491,45.3164],[1.4491,45.317],[1.4493,45.3175],[1.4495,45.3178],[1.4504,45.3192],[1.4506,45.3198],[1.4508,45.3207],[1.451,45.3211],[1.4513,45.3216],[1.4523,45.3231],[1.4531,45.3241],[1.4545,45.3263],[1.4551,45.3277],[1.4553,45.3281],[1.4565,45.3288],[1.4566,45.329],[1.4575,45.3309],[1.4578,45.3313],[1.4583,45.3318],[1.4599,45.3329],[1.4645,45.3358],[1.4648,45.3361],[1.4651,45.3364],[1.4657,45.3374],[1.4658,45.3377],[1.4658,45.338],[1.4657,45.3386],[1.4657,45.3389],[1.4659,45.3392],[1.4666,45.3397],[1.4671,45.3399],[1.4682,45.34],[1.4688,45.3402],[1.4691,45.3404],[1.4694,45.3407],[1.471,45.3432],[1.4723,45.345],[1.4728,45.3459],[1.4744,45.3494],[1.4745,45.3497],[1.4748,45.3513],[1.4753,45.3536],[1.4753,45.354],[1.4751,45.3542],[1.4742,45.3554],[1.4739,45.3557],[1.4737,45.3563],[1.4738,45.3568],[1.474,45.3579]]}},{"type":"Feature","properties":{"rang":"departementale"},"geometry":{"type":"LineString","coordinates":[[1.4115,45.2626],[1.4115,45.2626]]}},{"type":"Feature","properties":{"rang":"departementale"},"geometry":{"type":"LineString","coordinates":[[1.3941,45.4335],[1.3943,45.4339],[1.3946,45.4341]]}},{"type":"Feature","properties":{"rang":"departementale"},"geometry":{"type":"LineString","coordinates":[[1.3948,45.4347],[1.3949,45.435],[1.3958,45.4364],[1.3961,45.4369],[1.3966,45.4374],[1.3968,45.4375]]}},{"type":"Feature","properties":{"rang":"departementale"},"geometry":{"type":"LineString","coordinates":[[1.5749,45.3808],[1.5748,45.3801],[1.5748,45.3795],[1.575,45.3792],[1.5755,45.3786],[1.5756,45.3781],[1.5756,45.3777],[1.5752,45.3772],[1.5746,45.377],[1.5719,45.3762],[1.5713,45.3758],[1.5711,45.3754],[1.5711,45.375],[1.5712,45.3745],[1.5717,45.3736],[1.5725,45.3719],[1.5726,45.3716],[1.5725,45.3712],[1.5724,45.3708],[1.5722,45.3705],[1.5719,45.3703],[1.571,45.3699],[1.5707,45.3694],[1.5705,45.3687],[1.5705,45.3683],[1.5712,45.3674],[1.5713,45.367],[1.5712,45.3667],[1.5705,45.3652],[1.5696,45.3635],[1.5693,45.3628],[1.5676,45.359],[1.566,45.3555],[1.5647,45.3523],[1.5639,45.3506],[1.5638,45.3503]]}},{"type":"Feature","properties":{"rang":"departementale"},"geometry":{"type":"LineString","coordinates":[[1.5678,45.2917],[1.5676,45.2917],[1.566,45.2918],[1.5657,45.2918],[1.564,45.2915],[1.563,45.2916],[1.5626,45.2916],[1.562,45.2912],[1.5615,45.2905],[1.5609,45.2898],[1.5606,45.2896],[1.5597,45.2893],[1.5592,45.2891],[1.558,45.288],[1.5572,45.2876],[1.5548,45.2865],[1.5542,45.2861],[1.5534,45.2854],[1.5519,45.2843],[1.5515,45.284],[1.5503,45.2834],[1.5497,45.283],[1.5493,45.2828],[1.5488,45.283]]}},{"type":"Feature","properties":{"rang":"departementale"},"geometry":{"type":"LineString","coordinates":[[1.4757,45.2571],[1.4753,45.2572],[1.4749,45.257],[1.4743,45.257],[1.4735,45.2569],[1.4711,45.2564],[1.4706,45.2562],[1.4704,45.256],[1.4698,45.2552],[1.4695,45.2549],[1.4686,45.2548],[1.4681,45.2548],[1.4674,45.2549],[1.4667,45.2548],[1.4664,45.2547],[1.4649,45.2539],[1.4639,45.2536],[1.4634,45.2533],[1.4624,45.2526],[1.4613,45.252],[1.4607,45.2517]]}},{"type":"Feature","properties":{"rang":"departementale"},"geometry":{"type":"LineString","coordinates":[[1.4193,45.2413],[1.4193,45.2415],[1.4191,45.2416],[1.4189,45.2414],[1.419,45.2413],[1.4193,45.2413]]}},{"type":"Feature","properties":{"rang":"departementale"},"geometry":{"type":"LineString","coordinates":[[1.511,45.2279],[1.5112,45.2279],[1.511,45.2281]]}},{"type":"Feature","properties":{"rang":"departementale"},"geometry":{"type":"LineString","coordinates":[[1.511,45.2279],[1.511,45.2281],[1.5107,45.2281],[1.5106,45.2279],[1.5108,45.2278],[1.511,45.2279]]}},{"type":"Feature","properties":{"rang":"departementale"},"geometry":{"type":"LineString","coordinates":[[1.5124,45.2285],[1.5114,45.228]]}},{"type":"Feature","properties":{"rang":"departementale"},"geometry":{"type":"LineString","coordinates":[[1.4186,45.2417],[1.4189,45.2414]]}},{"type":"Feature","properties":{"rang":"departementale"},"geometry":{"type":"LineString","coordinates":[[1.4192,45.2413],[1.4197,45.2412]]}},{"type":"Feature","properties":{"rang":"departementale"},"geometry":{"type":"LineString","coordinates":[[1.4191,45.2416],[1.4186,45.2417],[1.4163,45.2428],[1.4159,45.2431],[1.4131,45.2451],[1.4119,45.246],[1.4115,45.2466],[1.4115,45.2468]]}},{"type":"Feature","properties":{"rang":"departementale"},"geometry":{"type":"LineString","coordinates":[[1.4749,45.2599],[1.475,45.2597],[1.4752,45.2587],[1.4756,45.2581],[1.4756,45.2579],[1.4753,45.2572]]}},{"type":"Feature","properties":{"rang":"departementale"},"geometry":{"type":"LineString","coordinates":[[1.4761,45.2571],[1.4763,45.2571],[1.4779,45.2566],[1.4782,45.2564],[1.4789,45.2553],[1.4791,45.2551],[1.4799,45.2549],[1.4823,45.2543],[1.4834,45.2541],[1.4836,45.254],[1.484,45.2536],[1.4843,45.2533],[1.4849,45.253],[1.4856,45.2524],[1.4859,45.2521],[1.486,45.2519],[1.4862,45.2511],[1.4862,45.2509],[1.486,45.2499],[1.4858,45.2493],[1.4857,45.249],[1.4859,45.2485],[1.4865,45.2475],[1.4868,45.247],[1.4874,45.2465],[1.4878,45.2463],[1.4884,45.2462],[1.4896,45.2461],[1.49,45.246],[1.4907,45.2457],[1.4911,45.2454],[1.4914,45.245],[1.4918,45.2445],[1.4924,45.2433],[1.4926,45.2429],[1.4934,45.2422],[1.4938,45.2418],[1.4949,45.2399],[1.4954,45.2392],[1.4957,45.239],[1.4979,45.2377],[1.4985,45.2372],[1.4992,45.2365],[1.4997,45.2361],[1.5003,45.2356],[1.5011,45.2349],[1.5024,45.2334],[1.5027,45.233],[1.503,45.2324],[1.5033,45.232],[1.5039,45.2315],[1.5053,45.2305],[1.5063,45.2298],[1.5069,45.2295],[1.5073,45.2294],[1.5089,45.2292],[1.5096,45.2291],[1.5108,45.2287],[1.511,45.2285],[1.511,45.2283],[1.5108,45.2281]]}},{"type":"Feature","properties":{"rang":"departementale"},"geometry":{"type":"LineString","coordinates":[[1.4747,45.2615],[1.4746,45.2611],[1.4746,45.2605],[1.4749,45.2599]]}},{"type":"Feature","properties":{"rang":"departementale"},"geometry":{"type":"LineString","coordinates":[[1.4252,45.2292],[1.4247,45.2293],[1.4234,45.2291],[1.4227,45.2293],[1.4219,45.2296],[1.4214,45.2297],[1.4208,45.2296],[1.4204,45.2297],[1.42,45.2299],[1.419,45.2307]]}},{"type":"Feature","properties":{"rang":"departementale"},"geometry":{"type":"LineString","coordinates":[[1.5128,45.2285],[1.5128,45.2287],[1.5125,45.2287],[1.5125,45.2285],[1.5126,45.2284],[1.5128,45.2285]]}},{"type":"Feature","properties":{"rang":"departementale"},"geometry":{"type":"LineString","coordinates":[[1.511,45.2281],[1.511,45.2283]]}},{"type":"Feature","properties":{"rang":"departementale"},"geometry":{"type":"LineString","coordinates":[[1.5137,45.2301],[1.514,45.2302],[1.5144,45.2302],[1.5151,45.2299],[1.5153,45.2298],[1.5157,45.2291],[1.5163,45.2285],[1.5168,45.2284],[1.5172,45.2285],[1.5182,45.2289],[1.5184,45.2291],[1.5185,45.2293],[1.5184,45.2299],[1.5187,45.2302],[1.5191,45.2301],[1.5199,45.2297],[1.5207,45.2288],[1.5211,45.2285],[1.5219,45.2281],[1.5224,45.2281],[1.5228,45.2279],[1.5233,45.228],[1.5235,45.2283],[1.5243,45.2286],[1.5248,45.2289],[1.5253,45.2296],[1.5256,45.2299],[1.5262,45.2311],[1.5262,45.2314],[1.5261,45.2315],[1.5254,45.232],[1.5251,45.2322],[1.5248,45.2326],[1.5245,45.2333],[1.5239,45.2343],[1.5239,45.2346],[1.5242,45.235],[1.5249,45.2354],[1.5251,45.2358],[1.5251,45.2363],[1.5253,45.2367],[1.5256,45.2371],[1.526,45.2375],[1.5264,45.2377],[1.5269,45.2381],[1.5272,45.2386],[1.5273,45.2393],[1.5272,45.24],[1.5273,45.2406],[1.5276,45.241],[1.5286,45.2418],[1.5291,45.2421],[1.5301,45.2428],[1.531,45.2437],[1.5316,45.2441],[1.5324,45.2445],[1.533,45.2448],[1.5339,45.2454],[1.5348,45.2458],[1.5355,45.2463],[1.5359,45.2467],[1.5371,45.2486],[1.5375,45.2492],[1.5379,45.2496]]}},{"type":"Feature","properties":{"rang":"departementale"},"geometry":{"type":"LineString","coordinates":[[1.5227,45.2218],[1.5224,45.2219],[1.5223,45.2219],[1.5223,45.2216],[1.5226,45.2216],[1.5227,45.2218]]}},{"type":"Feature","properties":{"rang":"departementale"},"geometry":{"type":"LineString","coordinates":[[1.5224,45.2219],[1.5221,45.2221],[1.5219,45.2227],[1.5219,45.223],[1.5226,45.2234],[1.5238,45.2239],[1.5244,45.2241],[1.525,45.2243],[1.5257,45.2243],[1.5263,45.2242],[1.5267,45.2243],[1.5269,45.2244],[1.5271,45.2247],[1.5274,45.2255],[1.5275,45.2263],[1.5276,45.2269],[1.5275,45.2271],[1.5274,45.2273],[1.5266,45.2275],[1.5261,45.2276],[1.5254,45.2274],[1.5248,45.2274],[1.5239,45.2275],[1.5235,45.2278],[1.5233,45.228]]}},{"type":"Feature","properties":{"rang":"departementale"},"geometry":{"type":"LineString","coordinates":[[1.5389,45.2522],[1.5386,45.2523],[1.5385,45.2521],[1.5387,45.252],[1.5389,45.2521],[1.5389,45.2522]]}},{"type":"Feature","properties":{"rang":"departementale"},"geometry":{"type":"LineString","coordinates":[[1.5381,45.2507],[1.5382,45.2513],[1.5384,45.2519],[1.5387,45.252]]}},{"type":"Feature","properties":{"rang":"departementale"},"geometry":{"type":"LineString","coordinates":[[1.5385,45.2521],[1.5382,45.2516],[1.5382,45.2513]]}},{"type":"Feature","properties":{"rang":"departementale"},"geometry":{"type":"LineString","coordinates":[[1.538,45.2499],[1.5379,45.2503],[1.5381,45.2507]]}},{"type":"Feature","properties":{"rang":"departementale"},"geometry":{"type":"LineString","coordinates":[[1.5381,45.2496],[1.538,45.2499],[1.5376,45.2498],[1.5378,45.2496],[1.5381,45.2496]]}},{"type":"Feature","properties":{"rang":"departementale"},"geometry":{"type":"LineString","coordinates":[[1.5417,45.2546],[1.5421,45.2554],[1.5425,45.2564],[1.5428,45.2575],[1.5431,45.2588],[1.5434,45.2593],[1.5437,45.2596],[1.5443,45.2599],[1.545,45.2602],[1.5464,45.2604],[1.547,45.2605],[1.5474,45.2607],[1.548,45.2611],[1.5474,45.2608],[1.547,45.2606],[1.5463,45.2604]]}},{"type":"Feature","properties":{"rang":"departementale"},"geometry":{"type":"LineString","coordinates":[[1.4306,45.2173],[1.4305,45.2173],[1.4239,45.2172],[1.4228,45.2172],[1.4223,45.2173],[1.4219,45.2174],[1.4201,45.218],[1.4193,45.2181],[1.4187,45.218],[1.4181,45.2182],[1.416,45.2198],[1.4153,45.22],[1.4123,45.2207],[1.4119,45.2207],[1.4113,45.2207],[1.4107,45.2206],[1.4103,45.2206],[1.4058,45.221],[1.4053,45.221],[1.4039,45.221],[1.4031,45.221],[1.4027,45.2211],[1.4016,45.2213],[1.4003,45.2215],[1.4,45.2216],[1.3919,45.2238],[1.3897,45.2243],[1.3891,45.2246],[1.3876,45.2254],[1.3871,45.2256],[1.3863,45.2257],[1.386,45.2259],[1.3851,45.2267],[1.385,45.227],[1.3851,45.2276],[1.385,45.2279],[1.3846,45.2288],[1.3844,45.2292],[1.3841,45.2296],[1.3836,45.2301],[1.3832,45.2303],[1.3822,45.2307],[1.3817,45.2311],[1.3808,45.2318],[1.3805,45.2322],[1.3801,45.233],[1.3797,45.2333],[1.3791,45.2335],[1.3781,45.2336],[1.3776,45.2338],[1.377,45.2342],[1.3765,45.2345],[1.3753,45.2348],[1.3744,45.235],[1.3732,45.2349],[1.3724,45.2347],[1.372,45.2344],[1.3712,45.2337],[1.3706,45.2334],[1.3699,45.2333],[1.367,45.2329],[1.366,45.2329],[1.3648,45.2329],[1.3638,45.2329],[1.3626,45.2327],[1.3619,45.2328]]}},{"type":"Feature","properties":{"rang":"departementale"},"geometry":{"type":"LineString","coordinates":[[1.4926,45.3814],[1.493,45.3814],[1.4936,45.3813],[1.4964,45.3804],[1.4972,45.3801],[1.4978,45.3797],[1.4983,45.3795],[1.4991,45.3795],[1.5012,45.3799],[1.5016,45.3799],[1.5024,45.3799],[1.5031,45.3798],[1.506,45.3793],[1.5068,45.3792],[1.5076,45.3794],[1.5079,45.3793],[1.5083,45.3792],[1.5086,45.3788],[1.5089,45.3787],[1.5092,45.3787],[1.5095,45.3789]]}},{"type":"Feature","properties":{"rang":"departementale"},"geometry":{"type":"LineString","coordinates":[[1.4113,45.2475],[1.4114,45.2479],[1.4119,45.2492],[1.4124,45.2518],[1.4127,45.2525],[1.4127,45.2529],[1.4129,45.2533],[1.4143,45.2547]]}},{"type":"Feature","properties":{"rang":"departementale"},"geometry":{"type":"LineString","coordinates":[[1.4115,45.2468],[1.4116,45.247],[1.4113,45.2471],[1.4111,45.247],[1.4112,45.2468],[1.4115,45.2468]]}},{"type":"Feature","properties":{"rang":"departementale"},"geometry":{"type":"LineString","coordinates":[[1.5103,45.3049],[1.5116,45.3068],[1.5122,45.3074],[1.5138,45.3083],[1.514,45.3086],[1.5142,45.3091],[1.5146,45.3095],[1.5155,45.3098],[1.5162,45.31],[1.5187,45.3101],[1.5219,45.3104],[1.5223,45.3104],[1.5227,45.3106],[1.5251,45.3125],[1.5258,45.3129],[1.5261,45.3131],[1.5275,45.3136],[1.5279,45.3139],[1.5281,45.3141],[1.5283,45.3146],[1.5284,45.3151],[1.5286,45.3154],[1.53,45.3165],[1.5312,45.3175],[1.532,45.3184],[1.5326,45.3193],[1.5351,45.3231],[1.5356,45.3239],[1.5359,45.3242],[1.5363,45.3244],[1.5391,45.3258],[1.5394,45.3259],[1.5443,45.3268],[1.5461,45.3272],[1.5475,45.3274],[1.548,45.3275],[1.5495,45.3275],[1.5508,45.3274],[1.5514,45.3273],[1.5517,45.3272],[1.5521,45.3269],[1.5538,45.3253],[1.5567,45.3227],[1.5569,45.3225],[1.5574,45.3224],[1.5579,45.3223],[1.5656,45.3231],[1.568,45.3234],[1.5694,45.3235],[1.5698,45.3235]]}},{"type":"Feature","properties":{"rang":"departementale"},"geometry":{"type":"LineString","coordinates":[[1.7143,45.3131],[1.7132,45.3131],[1.7126,45.3131],[1.7107,45.3127],[1.7104,45.3126],[1.71,45.3126],[1.7084,45.3134],[1.7076,45.3139],[1.707,45.3144],[1.7066,45.3146],[1.7062,45.3148],[1.7055,45.3148],[1.7051,45.315],[1.7051,45.3153],[1.7048,45.3156],[1.7041,45.3158],[1.7038,45.3159],[1.7033,45.3163],[1.7029,45.3168],[1.7024,45.3169],[1.7015,45.3169],[1.6994,45.3173],[1.6991,45.3173],[1.6987,45.3172],[1.6983,45.3173],[1.6981,45.3175],[1.6978,45.3175],[1.6972,45.3174],[1.6964,45.3173],[1.6961,45.3173],[1.696,45.3175],[1.6959,45.3178],[1.6956,45.3181],[1.695,45.3185],[1.6946,45.3185],[1.6944,45.3183],[1.6945,45.3177],[1.6942,45.3175],[1.6931,45.3169],[1.6924,45.3168],[1.6921,45.3169],[1.6909,45.3175],[1.6901,45.3177],[1.6897,45.3178],[1.6893,45.3181],[1.6887,45.3192],[1.6884,45.3194],[1.6881,45.3195],[1.6869,45.3197],[1.6864,45.3201],[1.6857,45.3204],[1.6847,45.3208],[1.6845,45.321],[1.6843,45.3214],[1.6841,45.3215],[1.6834,45.3216],[1.6833,45.3218],[1.6832,45.3222],[1.6829,45.3225],[1.6825,45.3229],[1.6818,45.3232],[1.68,45.3237]]}},{"type":"Feature","properties":{"rang":"departementale"},"geometry":{"type":"LineString","coordinates":[[1.7152,45.313],[1.7143,45.3131]]}},{"type":"Feature","properties":{"rang":"departementale"},"geometry":{"type":"LineString","coordinates":[[1.732,45.2828],[1.7322,45.2825],[1.7326,45.282],[1.7327,45.2813],[1.7329,45.2812],[1.7339,45.281],[1.734,45.2808],[1.7332,45.2806],[1.7324,45.2804],[1.7323,45.2801],[1.7326,45.2793],[1.7328,45.2788],[1.733,45.2786],[1.7338,45.2782],[1.7345,45.2778],[1.7347,45.2773],[1.7349,45.2764],[1.7347,45.2762],[1.7344,45.276],[1.7343,45.2758],[1.7345,45.2755],[1.7352,45.2753],[1.7355,45.2752],[1.7358,45.2749],[1.7359,45.2745],[1.7361,45.2744],[1.7366,45.2743],[1.7372,45.2745],[1.7376,45.2744],[1.738,45.2739],[1.7381,45.2736],[1.7379,45.2731],[1.738,45.2728],[1.7384,45.2725],[1.7388,45.2722],[1.7395,45.2717],[1.74,45.2715],[1.7405,45.2716],[1.7413,45.2718],[1.7416,45.2718],[1.7418,45.2717],[1.7418,45.2715],[1.7412,45.2707],[1.7414,45.2702],[1.7421,45.2696],[1.742,45.2695],[1.7413,45.2691],[1.7412,45.2689],[1.7412,45.2686],[1.7415,45.2683],[1.7424,45.2681],[1.7435,45.2675],[1.7446,45.2668],[1.7446,45.2667],[1.7439,45.266],[1.7439,45.2657],[1.7442,45.2654],[1.7448,45.2653],[1.7452,45.265],[1.7452,45.2646],[1.7449,45.2637],[1.7447,45.2629],[1.7448,45.2622],[1.7451,45.2617],[1.7456,45.2614],[1.7465,45.2611],[1.747,45.2608]]}},{"type":"Feature","properties":{"rang":"departementale"},"geometry":{"type":"LineString","coordinates":[[1.7284,45.2984],[1.7282,45.2979],[1.7283,45.2977],[1.7286,45.2976],[1.7291,45.2976],[1.7294,45.2976],[1.7296,45.2972],[1.7294,45.2969],[1.7289,45.2966],[1.7282,45.2962],[1.7272,45.2954],[1.7268,45.2953],[1.7265,45.295],[1.7264,45.2945],[1.7262,45.2941],[1.7257,45.2938],[1.7252,45.2937],[1.7247,45.2937],[1.7243,45.2937],[1.7241,45.2933],[1.7241,45.2925],[1.7239,45.2918],[1.724,45.2916],[1.7244,45.2913],[1.7251,45.2903],[1.7252,45.2899],[1.7256,45.2897],[1.7256,45.2896],[1.7252,45.2889],[1.7253,45.2886],[1.7259,45.2885],[1.7267,45.2885],[1.7273,45.2884],[1.7278,45.2881],[1.7281,45.2878],[1.7281,45.2872],[1.7284,45.2869],[1.7287,45.2869],[1.7294,45.2869],[1.7295,45.2868],[1.7293,45.2863],[1.7294,45.2859],[1.7298,45.2854],[1.7308,45.2847],[1.7313,45.284],[1.732,45.2828]]}},{"type":"Feature","properties":{"rang":"departementale"},"geometry":{"type":"LineString","coordinates":[[1.5226,45.2216],[1.523,45.2214],[1.5227,45.2217]]}},{"type":"Feature","properties":{"rang":"departementale"},"geometry":{"type":"LineString","coordinates":[[1.4864,45.3786],[1.4862,45.3786],[1.4853,45.3789],[1.4834,45.3796],[1.483,45.3797],[1.4824,45.3798],[1.4818,45.3797],[1.4793,45.3787],[1.4786,45.3786],[1.4776,45.3785],[1.4742,45.3785],[1.4736,45.3786],[1.473,45.3788],[1.4727,45.3791],[1.4724,45.3795],[1.4719,45.3799],[1.4714,45.38],[1.4696,45.3803],[1.4688,45.3806],[1.4682,45.3808],[1.4674,45.3815],[1.4669,45.3817],[1.4661,45.3821],[1.4655,45.3825],[1.465,45.383],[1.4645,45.3832],[1.4641,45.3834],[1.4631,45.3836],[1.4626,45.3838]]}},{"type":"Feature","properties":{"rang":"departementale"},"geometry":{"type":"LineString","coordinates":[[1.4864,45.3786],[1.487,45.3786],[1.4872,45.3787],[1.4882,45.3795],[1.4891,45.3802],[1.4896,45.3804],[1.4922,45.3813],[1.4926,45.3814]]}},{"type":"Feature","properties":{"rang":"departementale"},"geometry":{"type":"LineString","coordinates":[[1.411,45.2785],[1.411,45.2781]]}},{"type":"Feature","properties":{"rang":"departementale"},"geometry":{"type":"LineString","coordinates":[[1.411,45.278],[1.4112,45.278],[1.4113,45.2781],[1.4111,45.2782],[1.411,45.278]]}},{"type":"Feature","properties":{"rang":"departementale"},"geometry":{"type":"LineString","coordinates":[[1.4112,45.2782],[1.411,45.2785]]}},{"type":"Feature","properties":{"rang":"departementale"},"geometry":{"type":"LineString","coordinates":[[1.5534,45.2657],[1.5579,45.2686],[1.5613,45.2707],[1.5622,45.2714],[1.5627,45.2719],[1.563,45.2724],[1.5631,45.2728],[1.5632,45.2732],[1.563,45.2738],[1.5628,45.2745],[1.5626,45.2751],[1.5626,45.2755],[1.5627,45.2761],[1.563,45.277],[1.5634,45.2779],[1.5642,45.2794],[1.5649,45.2802],[1.565,45.2808],[1.5648,45.2815],[1.5648,45.2819],[1.5652,45.2824],[1.5658,45.2828],[1.5661,45.2832],[1.5664,45.2836],[1.568,45.2859],[1.5683,45.2864],[1.5686,45.2871],[1.5687,45.2876],[1.5687,45.2883],[1.5687,45.2893],[1.5687,45.2901],[1.5685,45.2906],[1.5684,45.2909],[1.5658,45.2944],[1.5643,45.2966],[1.5621,45.2997],[1.5616,45.3003],[1.5614,45.301],[1.5612,45.3018],[1.5612,45.3024],[1.5614,45.3034],[1.5622,45.3071],[1.5624,45.3086],[1.5627,45.3104],[1.563,45.3111],[1.5632,45.3117],[1.5641,45.3131],[1.5649,45.315]]}},{"type":"Feature","properties":{"rang":"departementale"},"geometry":{"type":"LineString","coordinates":[[1.6159,45.2792],[1.6151,45.2796],[1.6148,45.2797],[1.6147,45.2796],[1.6144,45.2793],[1.6147,45.2795],[1.6149,45.2795],[1.6156,45.2793],[1.6163,45.2791],[1.6169,45.279],[1.618,45.279],[1.6192,45.2789],[1.6196,45.2789],[1.6198,45.2793]]}},{"type":"Feature","properties":{"rang":"departementale"},"geometry":{"type":"LineString","coordinates":[[1.614,45.2793],[1.6131,45.2792],[1.6117,45.279],[1.6111,45.2791],[1.6099,45.2794],[1.6095,45.2794],[1.6082,45.2791],[1.6073,45.2793],[1.6068,45.2792],[1.6059,45.279],[1.6054,45.2789],[1.605,45.2789],[1.6039,45.2795],[1.6035,45.2797],[1.603,45.2803],[1.6016,45.2818],[1.6014,45.2821],[1.6016,45.2825],[1.6015,45.2828],[1.601,45.2836],[1.6007,45.2838],[1.6002,45.2838],[1.5995,45.2835],[1.5991,45.2836],[1.5988,45.2839],[1.5983,45.2844],[1.5982,45.2847],[1.5982,45.2852],[1.5981,45.2856],[1.5979,45.2858],[1.5972,45.286],[1.5968,45.2863],[1.5967,45.2867],[1.5969,45.2874],[1.5969,45.2883],[1.5969,45.2885],[1.5974,45.2892],[1.5974,45.2896],[1.5973,45.2902],[1.5971,45.2903],[1.5968,45.2906],[1.5964,45.2907],[1.5956,45.2907],[1.5951,45.2907],[1.5945,45.2905],[1.5939,45.2902],[1.5935,45.2901],[1.5932,45.2901],[1.5928,45.2903],[1.5917,45.2912],[1.5913,45.2917],[1.59,45.2923],[1.5889,45.2928],[1.5881,45.293],[1.5873,45.2929],[1.5862,45.2927],[1.5855,45.2928],[1.5851,45.2932],[1.5846,45.2943],[1.5845,45.2947],[1.5844,45.2966],[1.5843,45.2971],[1.5839,45.2975],[1.5837,45.2977],[1.5817,45.2986],[1.581,45.2989],[1.5808,45.2991]]}},{"type":"Feature","properties":{"rang":"departementale"},"geometry":{"type":"LineString","coordinates":[[1.5221,45.2221],[1.5222,45.2218]]}},{"type":"Feature","properties":{"rang":"departementale"},"geometry":{"type":"LineString","coordinates":[[1.5803,45.4489],[1.5806,45.4487],[1.5807,45.4489],[1.5803,45.4489]]}},{"type":"Feature","properties":{"rang":"departementale"},"geometry":{"type":"LineString","coordinates":[[1.4091,45.2623],[1.4091,45.2623]]}},{"type":"Feature","properties":{"rang":"departementale"},"geometry":{"type":"LineString","coordinates":[[1.639,45.2642],[1.6384,45.2632],[1.6383,45.263],[1.6378,45.2627],[1.637,45.2624],[1.6365,45.2621],[1.6364,45.2619],[1.6358,45.2611],[1.6355,45.2607],[1.6353,45.2594],[1.6347,45.2569],[1.6346,45.2566],[1.6343,45.2561],[1.6318,45.2531],[1.631,45.2521],[1.63,45.2512],[1.6294,45.2504],[1.6292,45.25],[1.6289,45.2494],[1.6288,45.2486],[1.6288,45.2472],[1.6287,45.2466],[1.6284,45.2462],[1.6279,45.2457],[1.6274,45.2454],[1.6266,45.2452],[1.6259,45.2451],[1.624,45.245],[1.6233,45.245],[1.6215,45.2447],[1.6197,45.2444],[1.6193,45.2443],[1.6182,45.2438],[1.6116,45.241],[1.6061,45.2387],[1.6052,45.2383],[1.5984,45.2333],[1.597,45.2322],[1.5965,45.2317],[1.5961,45.2311],[1.5957,45.2306],[1.5954,45.2304],[1.5932,45.2291],[1.5928,45.2289],[1.5923,45.2288],[1.5918,45.2287],[1.5909,45.2287],[1.5909,45.2289],[1.5899,45.2293],[1.5889,45.2296],[1.5884,45.2296],[1.586,45.2294],[1.5848,45.2296],[1.5833,45.2299],[1.5828,45.2297],[1.5821,45.2293],[1.5818,45.2291],[1.5811,45.229],[1.58,45.2289],[1.5781,45.2286],[1.5775,45.2285],[1.5749,45.2278],[1.5742,45.2278],[1.5718,45.2281],[1.5709,45.2283],[1.5704,45.2284],[1.5694,45.229],[1.5686,45.2293],[1.5682,45.2294],[1.5674,45.2297],[1.5669,45.2301],[1.5666,45.2308],[1.5664,45.2313],[1.5659,45.2321],[1.5656,45.2323],[1.5653,45.2324],[1.5649,45.2324],[1.564,45.2323],[1.5636,45.2322],[1.5634,45.232],[1.5631,45.2315],[1.5627,45.2313],[1.562,45.2312],[1.5616,45.2311],[1.5609,45.2305],[1.56,45.2304],[1.5587,45.23],[1.5583,45.2298],[1.5578,45.2294],[1.5575,45.2293],[1.5567,45.2292],[1.5561,45.229],[1.5557,45.229],[1.5542,45.229],[1.5536,45.229],[1.5524,45.2293],[1.552,45.2293],[1.5516,45.2292],[1.5511,45.229],[1.5508,45.2286],[1.5504,45.2284],[1.55,45.2283],[1.5491,45.2284],[1.5475,45.2275],[1.5471,45.2274],[1.5459,45.2276],[1.5445,45.2281],[1.544,45.2282],[1.5435,45.2282],[1.5431,45.228],[1.543,45.2275],[1.5426,45.2273],[1.5423,45.2273],[1.5416,45.2275],[1.5413,45.2275],[1.541,45.2274],[1.5407,45.2272],[1.5405,45.2267],[1.5405,45.2263],[1.5404,45.226],[1.5398,45.2255],[1.5395,45.2253],[1.5392,45.2248],[1.5383,45.2244],[1.5379,45.2244],[1.5375,45.2244],[1.5369,45.2245],[1.5363,45.2247],[1.5357,45.2251],[1.5352,45.2252],[1.5337,45.2253],[1.5334,45.2254],[1.5326,45.2259],[1.5322,45.226],[1.5303,45.2261],[1.5299,45.2261],[1.5287,45.2258],[1.5281,45.2254],[1.5276,45.2251],[1.5274,45.2246],[1.5271,45.2243],[1.5268,45.2243]]}},{"type":"Feature","properties":{"rang":"departementale"},"geometry":{"type":"LineString","coordinates":[[1.6387,45.2647],[1.6377,45.2653],[1.6373,45.2657],[1.6372,45.266],[1.6374,45.2669],[1.6373,45.2673],[1.637,45.2676],[1.6365,45.2681],[1.6361,45.2687],[1.6357,45.2692],[1.6355,45.2698],[1.6355,45.2706],[1.6356,45.2718],[1.6353,45.2723],[1.6352,45.2725]]}},{"type":"Feature","properties":{"rang":"departementale"},"geometry":{"type":"LineString","coordinates":[[1.6391,45.2646],[1.6393,45.2645],[1.6395,45.2647],[1.6392,45.2648],[1.6391,45.2648],[1.6391,45.2646]]}},{"type":"Feature","properties":{"rang":"departementale"},"geometry":{"type":"LineString","coordinates":[[1.6351,45.2726],[1.6349,45.2725],[1.6351,45.2724],[1.6351,45.2726]]}},{"type":"Feature","properties":{"rang":"departementale"},"geometry":{"type":"LineString","coordinates":[[1.639,45.2651],[1.6389,45.2655],[1.639,45.2661],[1.6391,45.2671],[1.6394,45.2675],[1.6398,45.2679],[1.6416,45.2686],[1.642,45.2689],[1.6424,45.2692],[1.6432,45.2704],[1.6437,45.2716],[1.6441,45.2721],[1.6451,45.2728],[1.6453,45.273],[1.6457,45.2736],[1.6469,45.2757],[1.6472,45.2761],[1.648,45.2765],[1.6497,45.2772],[1.6506,45.2775],[1.6521,45.2776],[1.6528,45.2778],[1.6532,45.278],[1.655,45.279],[1.6557,45.2792],[1.6568,45.2793],[1.6575,45.2794],[1.6582,45.2797],[1.6587,45.28],[1.6597,45.281]]}},{"type":"Feature","properties":{"rang":"departementale"},"geometry":{"type":"LineString","coordinates":[[1.6796,45.3069],[1.6804,45.3081],[1.6806,45.3086],[1.6807,45.309],[1.6806,45.3095],[1.68,45.311],[1.6799,45.3113],[1.6796,45.3127],[1.6793,45.3137],[1.6792,45.314],[1.679,45.3152],[1.6791,45.3156],[1.6792,45.3158],[1.6798,45.3163],[1.6799,45.3167],[1.6799,45.317],[1.6798,45.318],[1.6795,45.3188],[1.6793,45.3191],[1.6788,45.3197],[1.6787,45.32],[1.6787,45.3209],[1.6785,45.3219],[1.6787,45.3225],[1.679,45.3228],[1.6797,45.3233],[1.6802,45.324],[1.6814,45.3259],[1.6816,45.3264],[1.6814,45.3274],[1.6815,45.3279],[1.6817,45.3282],[1.6821,45.3285],[1.6826,45.3287],[1.683,45.3289],[1.6832,45.3293],[1.6833,45.3297],[1.6832,45.33],[1.6827,45.3306],[1.6822,45.3311],[1.682,45.3312],[1.6802,45.3322],[1.6799,45.3324],[1.6798,45.3326],[1.6797,45.3332],[1.6799,45.334],[1.68,45.3342],[1.6805,45.3349],[1.6819,45.3374],[1.6828,45.3392],[1.6829,45.3395],[1.6836,45.3401],[1.684,45.3408],[1.6843,45.3411],[1.6843,45.3413]]}},{"type":"Feature","properties":{"rang":"departementale"},"geometry":{"type":"LineString","coordinates":[[1.6612,45.2694],[1.6603,45.269],[1.6594,45.2686],[1.6566,45.2672],[1.6535,45.2657],[1.6502,45.2641],[1.6495,45.2637],[1.6491,45.2636],[1.6484,45.2635],[1.6479,45.2634],[1.6467,45.2634],[1.646,45.2635],[1.6455,45.2636],[1.6449,45.2638],[1.6432,45.2645],[1.6423,45.2648],[1.6414,45.2649],[1.6405,45.2649],[1.6398,45.2647],[1.6394,45.2648]]}},{"type":"Feature","properties":{"rang":"departementale"},"geometry":{"type":"LineString","coordinates":[[1.6659,45.2717],[1.6657,45.2718],[1.6654,45.2717],[1.6654,45.2714],[1.6657,45.2713],[1.666,45.2714],[1.6659,45.2717]]}},{"type":"Feature","properties":{"rang":"departementale"},"geometry":{"type":"LineString","coordinates":[[1.6844,45.3414],[1.6842,45.3414],[1.6843,45.3413],[1.6844,45.3414]]}},{"type":"Feature","properties":{"rang":"departementale"},"geometry":{"type":"LineString","coordinates":[[1.688,45.3453],[1.6909,45.3459],[1.6916,45.3459],[1.6922,45.3459],[1.6929,45.3458],[1.6935,45.3458],[1.694,45.3458],[1.6945,45.346],[1.6951,45.3462],[1.6956,45.3465],[1.6958,45.3468],[1.6964,45.3477],[1.6966,45.3479],[1.6971,45.3484],[1.6975,45.3486],[1.6986,45.3488],[1.7002,45.349],[1.7006,45.3491],[1.7011,45.3494],[1.7013,45.3497],[1.7017,45.3505],[1.702,45.351],[1.7025,45.3515],[1.7031,45.3518],[1.7055,45.3529],[1.7068,45.3534],[1.7074,45.3537],[1.7079,45.354],[1.7083,45.3545],[1.7085,45.3551],[1.7087,45.3563],[1.7089,45.3567],[1.7092,45.3571],[1.7099,45.3576],[1.7105,45.3578],[1.7114,45.3581],[1.7124,45.3587],[1.7129,45.359],[1.7134,45.3596],[1.7141,45.3607],[1.7142,45.3611],[1.7141,45.3615],[1.7132,45.3631],[1.7129,45.3637],[1.7129,45.3639],[1.7131,45.3655],[1.7131,45.3656]]}},{"type":"Feature","properties":{"rang":"departementale"},"geometry":{"type":"LineString","coordinates":[[1.6427,45.3844],[1.6428,45.3843],[1.6434,45.3836],[1.6434,45.3834],[1.6432,45.3833],[1.6425,45.383],[1.6422,45.3826],[1.6419,45.3824],[1.6417,45.3822],[1.6418,45.382],[1.6424,45.3815],[1.6429,45.3808],[1.6431,45.3801],[1.6435,45.3793],[1.6437,45.3791],[1.6443,45.3789],[1.6449,45.3786],[1.6452,45.3782],[1.6452,45.3779],[1.6443,45.377],[1.6441,45.3766],[1.6441,45.3762],[1.6441,45.3759],[1.6461,45.3735],[1.6462,45.3732],[1.6463,45.3724],[1.6464,45.3721],[1.6472,45.3707],[1.6472,45.3703],[1.6466,45.37],[1.6464,45.3696],[1.6465,45.3691],[1.6468,45.3686],[1.6469,45.3683],[1.6469,45.3672],[1.6468,45.367],[1.6466,45.3668],[1.6458,45.3664],[1.6452,45.3658],[1.6451,45.3656],[1.6449,45.365],[1.6448,45.3646],[1.6438,45.3635],[1.6435,45.3632],[1.6421,45.3628],[1.6416,45.3625],[1.6412,45.3621],[1.6402,45.3604],[1.6401,45.3598],[1.6394,45.3585],[1.6394,45.3577],[1.6393,45.3574],[1.6391,45.3568],[1.6392,45.3565],[1.6396,45.356],[1.6397,45.3555],[1.6394,45.3544],[1.639,45.3537],[1.6386,45.3532],[1.6383,45.3528],[1.6384,45.3525],[1.6383,45.3523],[1.6368,45.3521],[1.6359,45.3518],[1.6356,45.3518],[1.6337,45.3519],[1.6316,45.352],[1.6313,45.352],[1.6305,45.3519],[1.6292,45.3514],[1.629,45.3513],[1.6289,45.3509],[1.6289,45.3507],[1.6289,45.3503],[1.6256,45.3477],[1.6248,45.347],[1.6247,45.3466],[1.625,45.3462],[1.625,45.3459],[1.6248,45.3457],[1.624,45.3452],[1.6237,45.3451],[1.6223,45.3438],[1.6217,45.3435],[1.6204,45.3431],[1.6194,45.3429],[1.6191,45.3428],[1.6181,45.3424],[1.6179,45.3421],[1.6178,45.3413],[1.6179,45.341],[1.6187,45.3405],[1.6188,45.3403],[1.6187,45.3399],[1.618,45.3394],[1.6178,45.3392],[1.6165,45.3373],[1.6163,45.3371],[1.6146,45.3357],[1.6132,45.3344],[1.6128,45.3341],[1.6117,45.334],[1.6114,45.3338],[1.6107,45.3334],[1.6104,45.3331],[1.61,45.3323],[1.6099,45.3322],[1.6087,45.3314],[1.6079,45.3311],[1.6076,45.3309],[1.6073,45.3304],[1.607,45.3303],[1.606,45.3303],[1.6056,45.3302],[1.6033,45.3287],[1.603,45.3286],[1.6003,45.3279],[1.5983,45.3273],[1.5969,45.3271],[1.5951,45.3265],[1.5947,45.3264],[1.5942,45.3259],[1.5939,45.3251],[1.5935,45.3247],[1.5931,45.3245],[1.5925,45.3243],[1.5914,45.3241],[1.5899,45.3239],[1.5894,45.3238],[1.5884,45.3234],[1.5867,45.323],[1.5862,45.3229],[1.5848,45.3228],[1.5843,45.3226],[1.5841,45.3225],[1.5823,45.3204],[1.582,45.3202],[1.5816,45.3202],[1.5808,45.3205],[1.5802,45.3204],[1.5776,45.3195],[1.5769,45.3193],[1.5762,45.3192],[1.5757,45.3192]]}},{"type":"Feature","properties":{"rang":"departementale"},"geometry":{"type":"LineString","coordinates":[[1.5555,45.4592],[1.5549,45.4591],[1.5554,45.459],[1.5557,45.459]]}},{"type":"Feature","properties":{"rang":"departementale"},"geometry":{"type":"LineString","coordinates":[[1.5602,45.4417],[1.5602,45.441],[1.5604,45.4406],[1.5611,45.4393],[1.5613,45.439],[1.5616,45.4386],[1.5626,45.4382],[1.5631,45.4378],[1.5635,45.4374],[1.564,45.4364],[1.5642,45.436],[1.5644,45.4353],[1.5648,45.4347],[1.565,45.4343]]}},{"type":"Feature","properties":{"rang":"departementale"},"geometry":{"type":"LineString","coordinates":[[1.3919,45.3176],[1.3916,45.3171],[1.3912,45.3166],[1.3911,45.3163],[1.3912,45.316],[1.3914,45.3159],[1.3918,45.3159],[1.3925,45.3159],[1.393,45.3162],[1.3939,45.3164],[1.3945,45.3167],[1.395,45.3168],[1.3954,45.3167],[1.3956,45.3165],[1.3959,45.3159],[1.3964,45.3154],[1.3968,45.3148],[1.3972,45.3141],[1.3977,45.3135],[1.3986,45.3123],[1.4005,45.3108],[1.401,45.3103],[1.4014,45.3095],[1.4016,45.308],[1.4015,45.3074],[1.4016,45.307],[1.4024,45.3057],[1.4027,45.305],[1.4029,45.3044],[1.4036,45.3024],[1.4043,45.3003],[1.4046,45.2993],[1.4046,45.2989],[1.4044,45.298],[1.4044,45.2977],[1.4045,45.2973],[1.4052,45.296],[1.4054,45.2957],[1.4062,45.295],[1.4066,45.2945],[1.4068,45.2939],[1.4071,45.2935],[1.4075,45.293],[1.4093,45.2916],[1.4099,45.2911],[1.4105,45.2904],[1.411,45.2896],[1.4112,45.289],[1.4114,45.2883],[1.4116,45.2871],[1.412,45.2851],[1.412,45.2847],[1.4119,45.2841],[1.4118,45.2837],[1.4114,45.2825],[1.4109,45.2816],[1.4107,45.281],[1.4106,45.2807],[1.4105,45.28],[1.4106,45.2795],[1.4108,45.2789],[1.411,45.2785]]}},{"type":"Feature","properties":{"rang":"departementale"},"geometry":{"type":"LineString","coordinates":[[1.4112,45.2779],[1.4114,45.2772],[1.4116,45.2763],[1.4116,45.2759],[1.4113,45.2746],[1.4112,45.2745],[1.4109,45.2732],[1.4106,45.2719],[1.4103,45.2712],[1.4099,45.2706],[1.4095,45.2702],[1.4093,45.2698],[1.4092,45.269],[1.409,45.2682],[1.4091,45.2676],[1.409,45.2668],[1.4087,45.2658],[1.4087,45.2653],[1.4087,45.2646],[1.409,45.2642],[1.4096,45.2633],[1.4097,45.2631],[1.4096,45.2628]]}},{"type":"Feature","properties":{"rang":"departementale"},"geometry":{"type":"LineString","coordinates":[[1.4425,45.3293],[1.4424,45.3289],[1.4425,45.3285],[1.4427,45.328],[1.443,45.3273],[1.4433,45.3267],[1.4437,45.3263],[1.4439,45.3262],[1.444,45.326],[1.4437,45.3256],[1.4432,45.3254],[1.443,45.3251],[1.4431,45.325],[1.4435,45.3247],[1.4439,45.3241],[1.4442,45.3239],[1.4454,45.3232],[1.4457,45.3229],[1.4464,45.3215],[1.4463,45.3209],[1.4466,45.3207],[1.4479,45.3203],[1.448,45.3201],[1.4489,45.3192],[1.4492,45.3191],[1.4501,45.3188]]}},{"type":"Feature","properties":{"rang":"departementale"},"geometry":{"type":"LineString","coordinates":[[1.3856,45.3605],[1.386,45.3606],[1.3866,45.3606],[1.387,45.3604],[1.3873,45.3602],[1.3878,45.3596],[1.3931,45.3561],[1.3934,45.3558],[1.394,45.3543],[1.3944,45.3533],[1.3951,45.3525],[1.3958,45.3521],[1.3966,45.3514],[1.3974,45.3506],[1.3978,45.3502],[1.3984,45.3498],[1.3993,45.3494],[1.3998,45.3489],[1.4008,45.3475],[1.401,45.3472],[1.401,45.3467],[1.4008,45.346],[1.4009,45.3456],[1.402,45.3435],[1.4021,45.3432],[1.4022,45.3422],[1.4027,45.3417],[1.403,45.3412],[1.4031,45.3408],[1.4031,45.3404],[1.4021,45.3388],[1.4016,45.3381],[1.4009,45.3377],[1.4004,45.3375],[1.3998,45.3373],[1.3986,45.3372],[1.3979,45.3369],[1.3961,45.3356],[1.3957,45.3352],[1.3952,45.3344],[1.3938,45.3317],[1.3935,45.3313],[1.393,45.3308],[1.3927,45.3303],[1.3927,45.3299],[1.3929,45.3286],[1.3928,45.3282],[1.3921,45.3272],[1.3917,45.3267],[1.3913,45.3264],[1.3907,45.326],[1.3884,45.3248],[1.3882,45.3246],[1.3882,45.3243],[1.3883,45.3241],[1.3889,45.3236],[1.3893,45.3231],[1.3893,45.3229],[1.3891,45.322],[1.3891,45.3217],[1.3892,45.3214],[1.3897,45.3209],[1.3907,45.3202],[1.3909,45.32],[1.3913,45.3193],[1.3919,45.318],[1.3919,45.3176]]}},{"type":"Feature","properties":{"rang":"departementale"},"geometry":{"type":"LineString","coordinates":[[1.3852,45.3603],[1.3856,45.3605]]}},{"type":"Feature","properties":{"rang":"departementale"},"geometry":{"type":"LineString","coordinates":[[1.3994,45.4396],[1.3991,45.4395],[1.3994,45.4394],[1.3994,45.4396]]}},{"type":"Feature","properties":{"rang":"departementale"},"geometry":{"type":"LineString","coordinates":[[1.3987,45.4474],[1.3991,45.4474],[1.4019,45.4468],[1.4022,45.4467],[1.4024,45.4466],[1.4027,45.4459],[1.4028,45.4453],[1.4036,45.4448],[1.4038,45.4443]]}},{"type":"Feature","properties":{"rang":"departementale"},"geometry":{"type":"LineString","coordinates":[[1.3994,45.4395],[1.3996,45.4396],[1.4017,45.4408],[1.402,45.441],[1.4032,45.4433],[1.4038,45.444],[1.4038,45.4443]]}},{"type":"Feature","properties":{"rang":"departementale"},"geometry":{"type":"LineString","coordinates":[[1.4089,45.4474],[1.4107,45.448],[1.411,45.4481],[1.4138,45.4484],[1.4146,45.4484],[1.4161,45.4483],[1.4166,45.4483],[1.4183,45.4486],[1.4187,45.4486]]}},{"type":"Feature","properties":{"rang":"departementale"},"geometry":{"type":"LineString","coordinates":[[1.4054,45.4454],[1.4066,45.446],[1.4073,45.4464],[1.4082,45.447],[1.4089,45.4474]]}},{"type":"Feature","properties":{"rang":"departementale"},"geometry":{"type":"LineString","coordinates":[[1.3969,45.4376],[1.3971,45.438],[1.3979,45.4387],[1.3992,45.4394]]}},{"type":"Feature","properties":{"rang":"departementale"},"geometry":{"type":"LineString","coordinates":[[1.3961,45.4482],[1.3965,45.448],[1.3984,45.4476],[1.3987,45.4474]]}},{"type":"Feature","properties":{"rang":"departementale"},"geometry":{"type":"LineString","coordinates":[[1.397,45.4376],[1.397,45.4376]]}},{"type":"Feature","properties":{"rang":"departementale"},"geometry":{"type":"LineString","coordinates":[[1.5856,45.2194],[1.5854,45.2195],[1.5846,45.2204],[1.5832,45.2232],[1.5827,45.2244],[1.5824,45.2256],[1.5822,45.227],[1.5822,45.2274],[1.5821,45.2279],[1.5816,45.2286],[1.5813,45.229]]}},{"type":"Feature","properties":{"rang":"departementale"},"geometry":{"type":"LineString","coordinates":[[1.575,45.3954],[1.5749,45.3956],[1.5746,45.3958],[1.5743,45.3957],[1.5739,45.3955],[1.5739,45.3953],[1.5742,45.395],[1.5745,45.395],[1.5748,45.3951],[1.575,45.3954]]}},{"type":"Feature","properties":{"rang":"departementale"},"geometry":{"type":"LineString","coordinates":[[1.7246,45.3704],[1.7241,45.3703],[1.7236,45.3704],[1.7232,45.3705],[1.7224,45.3706],[1.7219,45.3705],[1.7214,45.3703],[1.7207,45.3696],[1.7202,45.3695],[1.7194,45.3693],[1.7188,45.3688],[1.7134,45.3672],[1.7133,45.3671]]}},{"type":"Feature","properties":{"rang":"departementale"},"geometry":{"type":"LineString","coordinates":[[1.3865,45.4006],[1.3895,45.4054]]}},{"type":"Feature","properties":{"rang":"departementale"},"geometry":{"type":"LineString","coordinates":[[1.3834,45.3961],[1.3838,45.3963],[1.3848,45.3978],[1.3855,45.3991],[1.3865,45.4006]]}},{"type":"Feature","properties":{"rang":"departementale"},"geometry":{"type":"LineString","coordinates":[[1.3848,45.395],[1.3845,45.3952],[1.3836,45.3958],[1.3834,45.3961]]}},{"type":"Feature","properties":{"rang":"departementale"},"geometry":{"type":"LineString","coordinates":[[1.39,45.4064],[1.3901,45.4067],[1.3899,45.4072],[1.3896,45.4076],[1.3883,45.4088],[1.388,45.4091],[1.3878,45.4095],[1.3874,45.4107],[1.3874,45.4111],[1.3875,45.4115],[1.3878,45.412],[1.3884,45.4126],[1.3888,45.4132],[1.3898,45.415],[1.3899,45.4153],[1.39,45.4159],[1.3902,45.4163],[1.3911,45.417],[1.393,45.4196],[1.3931,45.4201],[1.3928,45.4205],[1.3926,45.4207],[1.3929,45.4203],[1.393,45.4197],[1.3929,45.4194]]}},{"type":"Feature","properties":{"rang":"departementale"},"geometry":{"type":"LineString","coordinates":[[1.3465,45.2756],[1.3478,45.2753],[1.3483,45.275],[1.3491,45.2745],[1.3505,45.2735],[1.351,45.273],[1.3515,45.2728],[1.3531,45.2721],[1.3534,45.272],[1.3543,45.2713],[1.3552,45.2709],[1.3564,45.2705],[1.3568,45.2704],[1.3574,45.2699],[1.3596,45.2684],[1.36,45.2681],[1.3612,45.2675],[1.3616,45.2674],[1.3632,45.2671],[1.3639,45.2669],[1.3669,45.2653],[1.3678,45.265],[1.3716,45.264],[1.3733,45.2634],[1.3736,45.2633],[1.3767,45.2626],[1.3772,45.2625],[1.3776,45.2623],[1.3797,45.2611],[1.382,45.2598],[1.3851,45.2581],[1.386,45.2575],[1.3871,45.2566],[1.3877,45.256],[1.3879,45.2557],[1.3885,45.2547],[1.389,45.2542],[1.3896,45.2537],[1.3913,45.252],[1.3925,45.2508],[1.3931,45.2503],[1.3934,45.2501],[1.3943,45.2497],[1.396,45.2492],[1.3965,45.249],[1.3971,45.2484],[1.3975,45.248],[1.3979,45.2477],[1.3997,45.2466],[1.4004,45.2461],[1.4037,45.2436],[1.4041,45.2434],[1.4055,45.2425],[1.4065,45.2419],[1.4093,45.24],[1.4099,45.2396],[1.4103,45.2392],[1.4118,45.2376],[1.4122,45.2372],[1.4149,45.2351],[1.4167,45.2333],[1.4171,45.2329],[1.4179,45.2319],[1.4182,45.2315],[1.419,45.2307]]}},{"type":"Feature","properties":{"rang":"departementale"},"geometry":{"type":"LineString","coordinates":[[1.7245,45.3095],[1.7244,45.3104],[1.7242,45.3106],[1.7235,45.3109],[1.7232,45.3111],[1.7225,45.3113],[1.722,45.3116],[1.7217,45.312],[1.7209,45.3124],[1.7206,45.3125],[1.7193,45.3126],[1.7185,45.313],[1.7181,45.313],[1.7165,45.3129],[1.7159,45.3129],[1.7152,45.313]]}},{"type":"Feature","properties":{"rang":"departementale"},"geometry":{"type":"LineString","coordinates":[[1.7245,45.3093],[1.7245,45.3095]]}},{"type":"Feature","properties":{"rang":"departementale"},"geometry":{"type":"LineString","coordinates":[[1.4229,45.4486],[1.4228,45.4488]]}},{"type":"Feature","properties":{"rang":"departementale"},"geometry":{"type":"LineString","coordinates":[[1.4189,45.4486],[1.4191,45.4487],[1.4219,45.449],[1.4222,45.4488]]}},{"type":"Feature","properties":{"rang":"departementale"},"geometry":{"type":"LineString","coordinates":[[1.4227,45.4487],[1.4227,45.449],[1.4223,45.449],[1.4222,45.4488],[1.4224,45.4487],[1.4227,45.4487]]}},{"type":"Feature","properties":{"rang":"departementale"},"geometry":{"type":"LineString","coordinates":[[1.4188,45.4485],[1.4189,45.4487],[1.4186,45.4486],[1.4188,45.4485]]}},{"type":"Feature","properties":{"rang":"departementale"},"geometry":{"type":"LineString","coordinates":[[1.5802,45.2989],[1.5786,45.2984],[1.5786,45.298],[1.5782,45.2976],[1.578,45.2971],[1.5778,45.297],[1.5773,45.2967],[1.5769,45.2964],[1.5764,45.2958],[1.576,45.2954],[1.5748,45.2947],[1.5744,45.2946],[1.5736,45.2946],[1.5733,45.2947],[1.5725,45.2949],[1.5719,45.2949],[1.5716,45.2947],[1.5715,45.2941],[1.5716,45.2933],[1.5716,45.293],[1.5708,45.2923],[1.5705,45.2921],[1.5693,45.2918],[1.5679,45.2915]]}},{"type":"Feature","properties":{"rang":"departementale"},"geometry":{"type":"LineString","coordinates":[[1.5808,45.299],[1.5808,45.299]]}},{"type":"Feature","properties":{"rang":"departementale"},"geometry":{"type":"LineString","coordinates":[[1.4091,45.2624],[1.4096,45.2628]]}},{"type":"Feature","properties":{"rang":"departementale"},"geometry":{"type":"LineString","coordinates":[[1.5747,45.3941],[1.5752,45.3936],[1.5762,45.3928],[1.5766,45.3922],[1.5768,45.3916],[1.5767,45.391],[1.5759,45.3873],[1.5756,45.3857],[1.5756,45.3853],[1.5755,45.3841],[1.5754,45.3831],[1.5749,45.3808]]}},{"type":"Feature","properties":{"rang":"departementale"},"geometry":{"type":"LineString","coordinates":[[1.5741,45.3959],[1.5737,45.3962],[1.5735,45.3965],[1.5734,45.397],[1.5733,45.3976],[1.5732,45.3973],[1.5733,45.3969],[1.5734,45.3966],[1.5735,45.3967]]}},{"type":"Feature","properties":{"rang":"departementale"},"geometry":{"type":"LineString","coordinates":[[1.3848,45.395],[1.3855,45.395],[1.3863,45.3951],[1.3865,45.3951],[1.3867,45.395],[1.3872,45.3936],[1.3878,45.3922],[1.3882,45.392],[1.3889,45.392],[1.3892,45.3919],[1.39,45.391],[1.3909,45.3899],[1.3912,45.3896],[1.3928,45.3884],[1.3946,45.3872],[1.3958,45.3864],[1.3967,45.3858],[1.3991,45.3844],[1.3998,45.3841],[1.4013,45.3838],[1.4018,45.3837],[1.4044,45.3835],[1.4059,45.3833],[1.4062,45.3833],[1.4077,45.3834],[1.4081,45.3835],[1.4093,45.384],[1.4101,45.3841],[1.4127,45.3841],[1.413,45.384],[1.4135,45.3839],[1.4138,45.3836],[1.4141,45.3833],[1.4144,45.383],[1.4147,45.3829],[1.4152,45.3828],[1.418,45.383],[1.4189,45.383],[1.4199,45.3826],[1.421,45.3823],[1.4214,45.3823],[1.4218,45.3824],[1.4224,45.3826],[1.4231,45.3826],[1.4238,45.3826],[1.4243,45.3827],[1.4249,45.383],[1.4262,45.3841],[1.4268,45.3845],[1.4278,45.3848],[1.4283,45.3852],[1.4285,45.3854],[1.4292,45.3867],[1.4294,45.3871],[1.4297,45.3873],[1.4315,45.388],[1.4319,45.3881],[1.4324,45.3881],[1.4333,45.3878],[1.4336,45.3878],[1.4341,45.3879],[1.4363,45.3888],[1.4364,45.3889],[1.4375,45.3888],[1.4385,45.3887],[1.4398,45.3882],[1.4409,45.3879],[1.4418,45.3873],[1.4422,45.387],[1.4425,45.3866],[1.4446,45.385],[1.4451,45.3846],[1.4459,45.3842],[1.447,45.3837],[1.4474,45.3837],[1.4477,45.3837],[1.4481,45.3838],[1.4483,45.3841],[1.4487,45.3849],[1.4489,45.3853],[1.4494,45.3857],[1.4497,45.3859],[1.4503,45.3861],[1.4511,45.3863],[1.4518,45.3865],[1.4521,45.3867],[1.454,45.3879],[1.4544,45.3881],[1.4548,45.3882],[1.4553,45.3883],[1.4559,45.3882],[1.4566,45.388],[1.4575,45.3876],[1.458,45.3872],[1.4584,45.3867],[1.4585,45.3863],[1.4587,45.3858],[1.4588,45.3854],[1.4593,45.385],[1.4598,45.3849],[1.4614,45.3844],[1.4626,45.3838]]}},{"type":"Feature","properties":{"rang":"departementale"},"geometry":{"type":"LineString","coordinates":[[1.5564,45.2333],[1.5561,45.2339],[1.5561,45.234],[1.5562,45.2344],[1.5564,45.2346],[1.557,45.2348],[1.5577,45.235],[1.5583,45.235],[1.5592,45.2352],[1.5603,45.2353],[1.561,45.2354],[1.5613,45.2356],[1.5614,45.2359],[1.5617,45.2361],[1.5617,45.2364],[1.5615,45.2371],[1.5616,45.2374],[1.5615,45.2377],[1.5615,45.2378],[1.5621,45.2381],[1.5622,45.2385],[1.5619,45.2394],[1.562,45.2396],[1.5623,45.2396],[1.5627,45.2395],[1.5633,45.239],[1.5636,45.2389],[1.5639,45.2389],[1.5643,45.2391],[1.5645,45.2394],[1.5644,45.2398],[1.5645,45.2401],[1.565,45.2405],[1.5651,45.2407],[1.5651,45.241],[1.5648,45.2415],[1.5648,45.2424],[1.5648,45.2426],[1.5639,45.243],[1.5637,45.2432],[1.5636,45.2436],[1.5638,45.2439],[1.5653,45.2449],[1.5658,45.2451],[1.5673,45.2457],[1.5681,45.2463],[1.5693,45.2472],[1.5697,45.2476],[1.5706,45.248],[1.5712,45.2487],[1.5715,45.2491],[1.572,45.2502],[1.5722,45.2504],[1.5725,45.2505],[1.5736,45.2507],[1.5738,45.2509],[1.5739,45.2514],[1.5745,45.2516],[1.5747,45.2518],[1.5747,45.2521],[1.575,45.2528],[1.5753,45.253],[1.5763,45.2531],[1.5765,45.2531],[1.577,45.2528],[1.5774,45.2529],[1.5778,45.2531],[1.5781,45.2538],[1.5784,45.2541],[1.5792,45.2542],[1.5796,45.2544],[1.5809,45.2565],[1.581,45.2569],[1.5809,45.2574],[1.581,45.2576],[1.5812,45.2577],[1.5819,45.2577],[1.5829,45.2582],[1.5832,45.2582],[1.5838,45.2581],[1.5841,45.2581],[1.5847,45.2583],[1.5853,45.2583],[1.5863,45.2583],[1.5866,45.2585],[1.5874,45.2602],[1.5878,45.2607],[1.588,45.261],[1.5882,45.2616],[1.5887,45.2631],[1.5898,45.264],[1.5907,45.2648],[1.5908,45.2651],[1.5908,45.2654],[1.591,45.2658],[1.592,45.2668],[1.5924,45.2671],[1.5935,45.2672],[1.5938,45.2673],[1.5942,45.2676],[1.5949,45.2682],[1.5952,45.2683],[1.5957,45.2683],[1.596,45.2682],[1.5982,45.2672],[1.5989,45.2671],[1.6002,45.2672],[1.6009,45.2675],[1.6032,45.2689],[1.6033,45.2693],[1.6027,45.2715],[1.6027,45.2718],[1.6031,45.2734],[1.6032,45.2736],[1.6047,45.2757],[1.605,45.2759],[1.6066,45.2767],[1.607,45.277],[1.6072,45.2775],[1.6079,45.2785],[1.6086,45.2789],[1.6091,45.2793]]}},{"type":"Feature","properties":{"rang":"departementale"},"geometry":{"type":"LineString","coordinates":[[1.5449,45.2345],[1.5455,45.2343],[1.5462,45.2343],[1.5472,45.2343],[1.5477,45.2342],[1.5479,45.234],[1.548,45.2336],[1.548,45.2332],[1.5482,45.2329],[1.5488,45.2326],[1.5491,45.2325],[1.5498,45.2326],[1.5505,45.2326],[1.5518,45.2321],[1.5523,45.2318],[1.553,45.2315],[1.5536,45.2314],[1.5551,45.2315],[1.5556,45.2318],[1.5558,45.2323],[1.5563,45.2329],[1.5564,45.2333]]}},{"type":"Feature","properties":{"rang":"departementale"},"geometry":{"type":"LineString","coordinates":[[1.5233,45.2282],[1.5244,45.2284],[1.5247,45.2285],[1.5255,45.2291],[1.5262,45.2293],[1.5266,45.2297],[1.5283,45.2303],[1.5289,45.2306],[1.529,45.2307],[1.5294,45.2312],[1.5297,45.2313],[1.5302,45.2312],[1.5308,45.231],[1.5313,45.2309],[1.5317,45.231],[1.5322,45.2311],[1.5328,45.2309],[1.5332,45.2309],[1.5341,45.2311],[1.5354,45.2312],[1.5361,45.2313],[1.5375,45.2318],[1.5381,45.2319],[1.5386,45.2319],[1.539,45.232],[1.5403,45.2326],[1.5423,45.2332],[1.5427,45.2333],[1.5433,45.2337],[1.5442,45.2344],[1.5445,45.2345],[1.5449,45.2345]]}},{"type":"Feature","properties":{"rang":"departementale"},"geometry":{"type":"LineString","coordinates":[[1.4626,45.2492],[1.4629,45.2488],[1.463,45.2484],[1.4639,45.2469],[1.4643,45.246],[1.4646,45.2448],[1.4645,45.2432],[1.4644,45.2421],[1.4642,45.2413],[1.4638,45.2408],[1.4622,45.2388],[1.4608,45.2371],[1.4582,45.2347],[1.4578,45.2344],[1.4573,45.2338],[1.4555,45.2314],[1.4552,45.231],[1.4538,45.2297],[1.4533,45.2293],[1.4522,45.228],[1.4518,45.2272],[1.4515,45.2262],[1.4512,45.2244],[1.4512,45.2241],[1.4514,45.2233],[1.4516,45.223],[1.4537,45.2202],[1.454,45.2195],[1.4541,45.2179],[1.4541,45.2175]]}},{"type":"Feature","properties":{"rang":"departementale"},"geometry":{"type":"LineString","coordinates":[[1.4608,45.2516],[1.4606,45.2517],[1.4604,45.2515],[1.4606,45.2515],[1.4608,45.2516]]}},{"type":"Feature","properties":{"rang":"departementale"},"geometry":{"type":"LineString","coordinates":[[1.4257,45.2287],[1.4258,45.2284],[1.4261,45.2279],[1.4263,45.2267],[1.4266,45.2257],[1.4271,45.2244],[1.428,45.2213],[1.4284,45.2205],[1.4301,45.2181],[1.4307,45.2171]]}},{"type":"Feature","properties":{"rang":"departementale"},"geometry":{"type":"LineString","coordinates":[[1.594,45.4654],[1.5934,45.4649],[1.5931,45.4647],[1.5932,45.4642],[1.5937,45.4637],[1.5937,45.4632],[1.5933,45.4626],[1.5929,45.4624],[1.592,45.462],[1.5916,45.4618],[1.5907,45.461],[1.5903,45.4608],[1.5891,45.4606],[1.5887,45.4604],[1.5886,45.4602],[1.5881,45.4587],[1.5878,45.4584],[1.5875,45.4584],[1.5865,45.4583],[1.5858,45.458],[1.5853,45.4577],[1.5852,45.4573],[1.5849,45.4566],[1.583,45.4544],[1.5825,45.4539],[1.5805,45.4513],[1.5804,45.4509],[1.5807,45.4501],[1.5807,45.4498],[1.5807,45.4494],[1.5805,45.449]]}},{"type":"Feature","properties":{"rang":"departementale"},"geometry":{"type":"LineString","coordinates":[[1.5939,45.4675],[1.5934,45.4672],[1.5933,45.4671],[1.5941,45.4657],[1.594,45.4654]]}},{"type":"Feature","properties":{"rang":"departementale"},"geometry":{"type":"LineString","coordinates":[[1.3676,45.3847],[1.368,45.3844],[1.3705,45.3826],[1.3733,45.38],[1.3743,45.3787],[1.3745,45.3783],[1.3749,45.3764],[1.3753,45.3754],[1.3759,45.374],[1.376,45.3735],[1.3757,45.3713],[1.3756,45.3695],[1.3755,45.3688],[1.3753,45.3684],[1.3751,45.3679],[1.3739,45.3662],[1.3735,45.3658],[1.3716,45.364],[1.3714,45.3637],[1.3713,45.3634],[1.3716,45.3629],[1.3723,45.3624],[1.3743,45.3614],[1.3749,45.3612],[1.3757,45.3611],[1.3761,45.3611],[1.3787,45.3613],[1.3794,45.3613],[1.3798,45.3613],[1.3804,45.3611],[1.3822,45.3603],[1.3828,45.3601],[1.3834,45.36],[1.3843,45.36],[1.3852,45.3603]]}},{"type":"Feature","properties":{"rang":"departementale"},"geometry":{"type":"LineString","coordinates":[[1.3718,45.3899],[1.3722,45.3901],[1.3727,45.3904],[1.3731,45.3908],[1.3737,45.3912],[1.3745,45.3918],[1.3752,45.3924],[1.3776,45.3942],[1.3779,45.3944],[1.3795,45.3954],[1.3809,45.3962],[1.3812,45.3963],[1.3824,45.3961],[1.3828,45.3961],[1.3834,45.3961]]}},{"type":"Feature","properties":{"rang":"departementale"},"geometry":{"type":"LineString","coordinates":[[1.3671,45.3861],[1.3671,45.3854],[1.367,45.3848],[1.3676,45.3847],[1.3673,45.3849],[1.3671,45.385]]}},{"type":"Feature","properties":{"rang":"departementale"},"geometry":{"type":"LineString","coordinates":[[1.3663,45.3839],[1.3666,45.3841],[1.3669,45.3844],[1.3672,45.3851],[1.3671,45.3856],[1.3671,45.3861],[1.3671,45.3866],[1.3673,45.3869],[1.3677,45.3873],[1.3689,45.3886],[1.3693,45.3889],[1.3701,45.3893],[1.3718,45.3899]]}},{"type":"Feature","properties":{"rang":"departementale"},"geometry":{"type":"LineString","coordinates":[[1.4003,45.311],[1.4,45.3113],[1.3996,45.3115]]}},{"type":"Feature","properties":{"rang":"departementale"},"geometry":{"type":"LineString","coordinates":[[1.6195,45.2793],[1.6195,45.2789]]}},{"type":"Feature","properties":{"rang":"departementale"},"geometry":{"type":"LineString","coordinates":[[1.6203,45.2792],[1.62,45.2794]]}},{"type":"Feature","properties":{"rang":"departementale"},"geometry":{"type":"LineString","coordinates":[[1.6198,45.2793],[1.6203,45.2792]]}},{"type":"Feature","properties":{"rang":"departementale"},"geometry":{"type":"LineString","coordinates":[[1.6297,45.2761],[1.6277,45.2767],[1.6268,45.277],[1.6263,45.2771],[1.6251,45.2769],[1.6243,45.277],[1.623,45.2777],[1.6214,45.2785],[1.6208,45.279],[1.6203,45.2792]]}},{"type":"Feature","properties":{"rang":"departementale"},"geometry":{"type":"LineString","coordinates":[[1.633,45.2735],[1.6335,45.273],[1.6339,45.2728],[1.6349,45.2724]]}},{"type":"Feature","properties":{"rang":"departementale"},"geometry":{"type":"LineString","coordinates":[[1.6338,45.2729],[1.6335,45.2731],[1.6323,45.2742],[1.6321,45.2745],[1.632,45.2751],[1.6318,45.2755],[1.6315,45.2756],[1.6297,45.2761]]}},{"type":"Feature","properties":{"rang":"departementale"},"geometry":{"type":"LineString","coordinates":[[1.6351,45.2724],[1.6354,45.2722]]}},{"type":"Feature","properties":{"rang":"departementale"},"geometry":{"type":"LineString","coordinates":[[1.5743,45.395],[1.5747,45.3941]]}},{"type":"Feature","properties":{"rang":"departementale"},"geometry":{"type":"LineString","coordinates":[[1.4363,45.3299],[1.4361,45.3298],[1.4351,45.3292],[1.4348,45.329],[1.4345,45.3288],[1.4344,45.3284],[1.4345,45.3281],[1.4344,45.328],[1.4341,45.328],[1.4341,45.3286],[1.4342,45.3289],[1.4345,45.3293],[1.435,45.3296],[1.4352,45.3299],[1.4359,45.3305],[1.436,45.3313],[1.4363,45.3316],[1.4361,45.3319],[1.4361,45.3322],[1.4363,45.3323],[1.4368,45.3326],[1.4369,45.3328],[1.437,45.3331],[1.4369,45.3334],[1.4365,45.3338],[1.4361,45.3338],[1.4358,45.3343],[1.4355,45.3345],[1.4348,45.3349],[1.4336,45.3352],[1.4333,45.3351],[1.4331,45.3349],[1.4327,45.3349],[1.4323,45.335],[1.432,45.3351],[1.4312,45.3357],[1.4311,45.3361],[1.4309,45.3366],[1.4307,45.3366],[1.4302,45.3366],[1.4299,45.3366],[1.4294,45.3369],[1.429,45.3371],[1.4287,45.3381],[1.4285,45.3383],[1.428,45.3386],[1.4279,45.3388],[1.4279,45.3396],[1.4279,45.34],[1.4275,45.3406],[1.4268,45.3412],[1.4264,45.3413],[1.4263,45.3412],[1.4256,45.3405],[1.425,45.3405],[1.4248,45.3404],[1.4248,45.3402],[1.425,45.3401],[1.4256,45.3403],[1.4262,45.3403],[1.4264,45.3401],[1.4265,45.3396],[1.4263,45.3392],[1.4262,45.3387],[1.4259,45.3384],[1.4259,45.3381],[1.4264,45.3376],[1.4266,45.3372],[1.4265,45.3366],[1.4269,45.3362],[1.4269,45.3358],[1.4267,45.3356],[1.4262,45.3353],[1.426,45.335],[1.425,45.3344],[1.4249,45.3341],[1.425,45.3339],[1.4249,45.3337],[1.4245,45.3332],[1.4228,45.333],[1.4221,45.3332],[1.4216,45.3333],[1.4204,45.334],[1.4199,45.334],[1.4193,45.3337],[1.419,45.3337],[1.4186,45.3339],[1.4174,45.335],[1.4164,45.3356],[1.4157,45.3358],[1.4153,45.3359],[1.4151,45.3359],[1.4149,45.3357],[1.4151,45.3351],[1.415,45.3343],[1.4146,45.334],[1.414,45.3341],[1.4136,45.334],[1.4131,45.3335],[1.4126,45.3332],[1.412,45.333],[1.4115,45.3328],[1.4105,45.3324],[1.41,45.3321],[1.4097,45.3319],[1.4094,45.3318],[1.4091,45.3318],[1.4087,45.3321],[1.4082,45.3322],[1.4077,45.332],[1.4076,45.3316],[1.4077,45.3312],[1.4076,45.3305],[1.4075,45.3302],[1.4071,45.3299],[1.4064,45.3295],[1.4055,45.3293],[1.4053,45.3291],[1.4048,45.3283],[1.4044,45.3279],[1.4036,45.3268],[1.403,45.3263],[1.4019,45.3256],[1.4012,45.325],[1.401,45.3246],[1.4007,45.3244],[1.4002,45.3244],[1.3999,45.3244],[1.3997,45.3246],[1.3996,45.3249],[1.3996,45.3252],[1.3995,45.3254],[1.3992,45.3255],[1.3987,45.3254],[1.3979,45.3246],[1.3974,45.3242],[1.3971,45.3241],[1.3969,45.3242],[1.3968,45.3247],[1.3965,45.3247],[1.3963,45.3247],[1.396,45.3244],[1.3956,45.3245],[1.3953,45.325],[1.3948,45.325],[1.3947,45.3248],[1.3948,45.3244],[1.3952,45.3236],[1.3955,45.3232],[1.396,45.3227],[1.3961,45.3222],[1.3957,45.3211],[1.3957,45.3208],[1.3959,45.3205],[1.3959,45.3202],[1.3952,45.3198],[1.3951,45.3196],[1.3949,45.3191],[1.3948,45.3189],[1.3943,45.3186],[1.3939,45.3179],[1.3937,45.3178],[1.3931,45.3175],[1.3925,45.3175],[1.3919,45.3177]]}},{"type":"Feature","properties":{"rang":"departementale"},"geometry":{"type":"LineString","coordinates":[[1.4052,45.4446],[1.4054,45.4454]]}},{"type":"Feature","properties":{"rang":"departementale"},"geometry":{"type":"LineString","coordinates":[[1.5714,45.4069],[1.5714,45.4064],[1.5723,45.4032],[1.5723,45.4029],[1.5723,45.4022],[1.5725,45.4017],[1.5731,45.401],[1.5734,45.4005],[1.5736,45.3999],[1.5738,45.3993],[1.5737,45.3987],[1.5733,45.3976]]}},{"type":"Feature","properties":{"rang":"departementale"},"geometry":{"type":"LineString","coordinates":[[1.5713,45.4072],[1.5712,45.407],[1.5715,45.4069],[1.5716,45.407],[1.5716,45.4072],[1.5713,45.4072]]}},{"type":"Feature","properties":{"rang":"departementale"},"geometry":{"type":"LineString","coordinates":[[1.3993,45.4396],[1.3989,45.4397],[1.3991,45.4395]]}},{"type":"Feature","properties":{"rang":"departementale"},"geometry":{"type":"LineString","coordinates":[[1.3916,45.4215],[1.3916,45.4217],[1.3917,45.4223],[1.3919,45.4228],[1.3924,45.4232],[1.3938,45.424],[1.3945,45.4247],[1.3949,45.4252],[1.395,45.4257],[1.3949,45.4259],[1.394,45.4272],[1.3935,45.4279],[1.3932,45.4285],[1.3931,45.429],[1.3931,45.4293],[1.3932,45.4301],[1.3934,45.4311],[1.3936,45.4321],[1.3939,45.433],[1.3941,45.4335]]}},{"type":"Feature","properties":{"rang":"departementale"},"geometry":{"type":"LineString","coordinates":[[1.4186,45.4487],[1.4183,45.4486]]}},{"type":"Feature","properties":{"rang":"departementale"},"geometry":{"type":"LineString","coordinates":[[1.4305,45.4442],[1.431,45.444],[1.432,45.4435],[1.4337,45.4428],[1.4346,45.4424],[1.4355,45.4422],[1.4364,45.4423],[1.4369,45.4424],[1.4404,45.4438],[1.4407,45.444],[1.4412,45.4445],[1.4436,45.4479],[1.4441,45.4483],[1.4476,45.4516],[1.4482,45.452],[1.4509,45.4533],[1.4543,45.4549],[1.4551,45.4552],[1.4612,45.4575],[1.4618,45.4577],[1.4632,45.4579],[1.4693,45.4589],[1.4721,45.4594],[1.4725,45.4595],[1.4743,45.4601],[1.4755,45.4605],[1.4763,45.4606],[1.4769,45.4608],[1.4798,45.4624],[1.4804,45.4626],[1.4816,45.4628],[1.4836,45.4633],[1.486,45.4637],[1.4872,45.4638]]}},{"type":"Feature","properties":{"rang":"departementale"},"geometry":{"type":"LineString","coordinates":[[1.3991,45.4395],[1.3989,45.4392]]}},{"type":"Feature","properties":{"rang":"departementale"},"geometry":{"type":"LineString","coordinates":[[1.4112,45.2468],[1.4116,45.2462],[1.4119,45.246]]}},{"type":"Feature","properties":{"rang":"departementale"},"geometry":{"type":"LineString","coordinates":[[1.4052,45.4446],[1.4049,45.4445],[1.4038,45.4443]]}},{"type":"Feature","properties":{"rang":"departementale"},"geometry":{"type":"LineString","coordinates":[[1.6692,45.2932],[1.6697,45.2944],[1.67,45.295],[1.6709,45.2963],[1.6719,45.2983],[1.6724,45.2995],[1.6727,45.3001],[1.6731,45.3006],[1.6737,45.3012],[1.6741,45.3014],[1.6753,45.3022],[1.6768,45.3034],[1.6774,45.304],[1.6782,45.305],[1.6796,45.3069]]}},{"type":"Feature","properties":{"rang":"departementale"},"geometry":{"type":"LineString","coordinates":[[1.7341,45.299],[1.734,45.2996],[1.7339,45.2997],[1.7337,45.2998],[1.7325,45.2998],[1.732,45.2996],[1.7287,45.2985],[1.7284,45.2984],[1.7282,45.2985],[1.728,45.2988],[1.7281,45.2993],[1.7281,45.2995],[1.7279,45.2996],[1.7273,45.2996],[1.7267,45.2998],[1.7263,45.3002],[1.7258,45.3009],[1.7257,45.3012],[1.7254,45.3015],[1.7251,45.3018],[1.7253,45.3024],[1.7256,45.3027],[1.7259,45.3027],[1.7265,45.3027],[1.7267,45.3028],[1.7267,45.3032],[1.7268,45.3034],[1.7271,45.3036],[1.7271,45.3038],[1.7263,45.3039],[1.7259,45.3041],[1.7251,45.3046],[1.7248,45.3048],[1.7247,45.3052],[1.7248,45.3058],[1.7245,45.3062],[1.7246,45.3066],[1.7244,45.3071],[1.7236,45.3079],[1.7236,45.308],[1.7237,45.3083],[1.7239,45.3086],[1.7242,45.309],[1.7245,45.3093]]}},{"type":"Feature","properties":{"rang":"departementale"},"geometry":{"type":"LineString","coordinates":[[1.3917,45.4598],[1.3924,45.4562],[1.3926,45.4557],[1.3933,45.4545],[1.3934,45.4542],[1.3935,45.4536],[1.3936,45.4528],[1.3934,45.4516],[1.3935,45.451],[1.394,45.4499],[1.3942,45.4497],[1.3947,45.4493],[1.3961,45.4482]]}},{"type":"Feature","properties":{"rang":"departementale"},"geometry":{"type":"LineString","coordinates":[[1.5772,45.4274],[1.5775,45.428],[1.5786,45.4299],[1.5788,45.4301],[1.5793,45.4305],[1.5799,45.4307],[1.5805,45.4307],[1.5837,45.4305],[1.5859,45.4304],[1.5864,45.4305],[1.5868,45.4307],[1.5871,45.431],[1.5882,45.4325],[1.5885,45.4328],[1.589,45.4331],[1.5919,45.4352],[1.5936,45.4364],[1.595,45.4374],[1.5961,45.4382],[1.5969,45.4386],[1.5995,45.4397],[1.6018,45.4405],[1.6024,45.4407],[1.603,45.4407],[1.6037,45.4406],[1.6052,45.4403],[1.6058,45.4402],[1.6086,45.4399],[1.6112,45.4398],[1.6117,45.4398],[1.6128,45.4398],[1.6137,45.4399],[1.6141,45.4401],[1.6145,45.4403],[1.615,45.4405],[1.6156,45.441],[1.616,45.4416],[1.6163,45.4423],[1.6172,45.4451],[1.6175,45.4458],[1.6186,45.4469],[1.6201,45.4486],[1.6217,45.4503],[1.6221,45.4507],[1.6227,45.4512],[1.6234,45.4516],[1.6241,45.4519],[1.6255,45.4523],[1.6262,45.4526],[1.6272,45.453],[1.628,45.4535],[1.6284,45.4538],[1.629,45.4544],[1.6304,45.4556],[1.6311,45.4562],[1.6314,45.4566],[1.6317,45.4576],[1.6321,45.4579],[1.6337,45.4586],[1.6341,45.4587],[1.6348,45.4588],[1.6352,45.4589],[1.6355,45.4594],[1.6355,45.4601],[1.6357,45.4604],[1.6364,45.4613],[1.6375,45.4638],[1.6375,45.4642],[1.6367,45.4658],[1.6363,45.4669],[1.6363,45.4673],[1.6365,45.468],[1.6373,45.4692],[1.6374,45.4695],[1.6375,45.47],[1.6375,45.4703],[1.6372,45.471],[1.6368,45.4715],[1.6364,45.4722],[1.6363,45.4725],[1.6363,45.4729],[1.6366,45.4748],[1.6366,45.4751],[1.6362,45.4759],[1.6362,45.4764],[1.637,45.481],[1.637,45.4813],[1.6369,45.4817],[1.6363,45.4825],[1.6362,45.4828],[1.6362,45.4831],[1.6366,45.4839],[1.6366,45.4842],[1.6362,45.4858],[1.6362,45.4863],[1.6362,45.4874],[1.6364,45.4878],[1.6367,45.4881],[1.6376,45.4888],[1.6379,45.4892],[1.6387,45.4906],[1.6389,45.4909],[1.6393,45.4911],[1.6415,45.4921],[1.6432,45.493],[1.6437,45.4932],[1.6453,45.4938],[1.6461,45.494],[1.6475,45.4942],[1.6479,45.4943],[1.6484,45.4945],[1.6493,45.4952],[1.65,45.4955],[1.6506,45.4961],[1.6514,45.4966],[1.6521,45.4969],[1.6526,45.497],[1.6533,45.497],[1.6542,45.4968],[1.6557,45.4964],[1.6564,45.4963],[1.6569,45.4963],[1.6574,45.4966],[1.6579,45.4971],[1.6581,45.4973],[1.6586,45.4974],[1.6601,45.4974],[1.6605,45.4975],[1.6627,45.4984],[1.6634,45.4987],[1.6639,45.4991],[1.6652,45.5002],[1.6657,45.5005],[1.6662,45.5006],[1.6666,45.5009],[1.6672,45.5016],[1.6674,45.5022],[1.6677,45.5026],[1.6686,45.5035],[1.6689,45.5041],[1.669,45.5044],[1.6688,45.505],[1.6687,45.5055],[1.6692,45.5072],[1.6694,45.5076],[1.6696,45.5077],[1.6706,45.5082],[1.6716,45.5087],[1.6736,45.51],[1.6739,45.5103],[1.6741,45.5106],[1.6741,45.5111],[1.674,45.5117],[1.674,45.512],[1.6742,45.5124],[1.6754,45.5138],[1.6759,45.5141],[1.6766,45.5144],[1.6773,45.5148],[1.6782,45.5154],[1.679,45.5158],[1.6809,45.5165],[1.6812,45.5167],[1.6819,45.5175],[1.6825,45.5179],[1.6846,45.519],[1.685,45.5192],[1.6853,45.5195],[1.6855,45.5199],[1.6856,45.5202],[1.6855,45.5218],[1.6855,45.5222],[1.6853,45.5227],[1.6853,45.523],[1.6854,45.5237],[1.6853,45.5241],[1.6851,45.5248],[1.6851,45.5253],[1.6854,45.5264],[1.6854,45.5267],[1.6853,45.5268],[1.6828,45.5285],[1.6824,45.5288],[1.6822,45.5291],[1.6823,45.5295],[1.6831,45.5311],[1.6832,45.5315],[1.6833,45.5324],[1.6834,45.5328],[1.6841,45.5342],[1.6849,45.5353],[1.6856,45.5362],[1.686,45.5368],[1.6867,45.5381],[1.6868,45.5387],[1.6866,45.5393],[1.6866,45.5396],[1.6869,45.5404],[1.687,45.5408],[1.6872,45.5415],[1.6877,45.5424],[1.6881,45.5429],[1.6888,45.5432],[1.6892,45.5435],[1.6893,45.5437],[1.6895,45.5447],[1.6893,45.5451],[1.689,45.5453],[1.6873,45.5459],[1.6867,45.5463],[1.6864,45.5466],[1.6862,45.5472],[1.6862,45.5477],[1.6865,45.5479],[1.6868,45.548],[1.6888,45.5486],[1.6894,45.5488],[1.6897,45.549],[1.6899,45.5493],[1.6901,45.5497],[1.6903,45.5505],[1.6906,45.551],[1.6914,45.5516],[1.6913,45.5517],[1.6908,45.5519],[1.6913,45.5515]]}},{"type":"Feature","properties":{"rang":"departementale"},"geometry":{"type":"LineString","coordinates":[[1.4038,45.4441],[1.4049,45.4445]]}},{"type":"Feature","properties":{"rang":"departementale"},"geometry":{"type":"LineString","coordinates":[[1.7656,45.405],[1.7631,45.4022],[1.7627,45.4019],[1.7623,45.4018],[1.761,45.4024],[1.7606,45.4024],[1.7601,45.4018],[1.7597,45.4018],[1.7591,45.4018],[1.7587,45.4017],[1.7569,45.4013],[1.7567,45.4011],[1.7555,45.3989],[1.7551,45.3987],[1.7538,45.3986],[1.7533,45.3986],[1.7509,45.3987],[1.7501,45.3988],[1.7491,45.3992],[1.7487,45.3992],[1.748,45.3991],[1.7477,45.399],[1.7476,45.3988],[1.7477,45.3973],[1.7476,45.397],[1.7473,45.3969],[1.7456,45.3967],[1.7438,45.3964],[1.7395,45.3954],[1.7391,45.3954],[1.7385,45.3955],[1.737,45.396],[1.7355,45.3964],[1.7354,45.3963],[1.7348,45.3961],[1.7346,45.3959],[1.7343,45.3949],[1.7326,45.3928],[1.7323,45.3926],[1.7318,45.3924],[1.7313,45.3923],[1.7309,45.3924],[1.7297,45.3929],[1.7289,45.3929],[1.7285,45.3928],[1.7282,45.3925],[1.7279,45.3918],[1.7279,45.3915],[1.7287,45.3907],[1.7288,45.3903],[1.7287,45.3901],[1.7282,45.3898],[1.7278,45.3899],[1.726,45.3902],[1.7255,45.3903],[1.7248,45.3902],[1.7244,45.39],[1.7223,45.3883],[1.7221,45.3883]]}},{"type":"Feature","properties":{"rang":"departementale"},"geometry":{"type":"LineString","coordinates":[[1.6113,45.4973],[1.6113,45.4965],[1.6115,45.4962],[1.6119,45.4957],[1.6121,45.4952],[1.6121,45.4946],[1.612,45.4943],[1.6117,45.4938],[1.6111,45.4927],[1.6109,45.4923],[1.6109,45.4917],[1.6107,45.4912],[1.6107,45.4909],[1.611,45.4897],[1.611,45.4896],[1.6108,45.489],[1.6108,45.4881],[1.6108,45.4879],[1.6102,45.4868],[1.6099,45.4866],[1.6092,45.4865],[1.609,45.4864],[1.6088,45.4862],[1.6082,45.484],[1.6076,45.4835],[1.6069,45.4825],[1.6065,45.4817],[1.6057,45.4809],[1.6055,45.4808],[1.6041,45.4804],[1.6038,45.4801],[1.6034,45.4794],[1.603,45.4789],[1.6025,45.478],[1.6016,45.4769],[1.6015,45.4764],[1.6016,45.4752],[1.6015,45.4747],[1.601,45.4739],[1.6006,45.4732],[1.6007,45.4728],[1.601,45.4724],[1.6012,45.4721],[1.6012,45.4717],[1.6008,45.471],[1.6007,45.4708],[1.5999,45.4704],[1.5989,45.4698],[1.5981,45.4695],[1.5969,45.4691],[1.596,45.4687],[1.5952,45.4681],[1.5939,45.4675]]}},{"type":"Feature","properties":{"rang":"departementale"},"geometry":{"type":"LineString","coordinates":[[1.6598,45.2809],[1.6598,45.2809]]}},{"type":"Feature","properties":{"rang":"departementale"},"geometry":{"type":"LineString","coordinates":[[1.6551,45.3226],[1.652,45.323],[1.6516,45.3229],[1.6491,45.3222],[1.6474,45.3218],[1.6469,45.3217],[1.6462,45.3221],[1.6456,45.3223],[1.6452,45.3226],[1.6451,45.3235],[1.6448,45.3237],[1.6434,45.3243],[1.643,45.3244],[1.6413,45.3246],[1.6407,45.3247],[1.6403,45.3249],[1.6397,45.3253],[1.6394,45.3254],[1.6385,45.3256],[1.6377,45.3259],[1.6372,45.3262],[1.6369,45.3264],[1.6348,45.3269],[1.6345,45.327],[1.6323,45.3281],[1.6316,45.3283],[1.6286,45.3286],[1.6255,45.329],[1.625,45.3292],[1.6249,45.3294],[1.6245,45.3305],[1.6242,45.3309],[1.6212,45.333],[1.6208,45.3332],[1.6205,45.3333],[1.6196,45.3334],[1.619,45.3334],[1.6171,45.3333],[1.6165,45.3333],[1.6155,45.3337],[1.615,45.3337],[1.6143,45.3337],[1.614,45.3335],[1.6133,45.3331],[1.6127,45.3328],[1.6119,45.3326],[1.61,45.3323]]}},{"type":"Feature","properties":{"rang":"departementale"},"geometry":{"type":"LineString","coordinates":[[1.367,45.3848],[1.3668,45.3844],[1.3663,45.3839]]}},{"type":"Feature","properties":{"rang":"departementale"},"geometry":{"type":"LineString","coordinates":[[1.3673,45.3849],[1.3672,45.3852]]}},{"type":"Feature","properties":{"rang":"departementale"},"geometry":{"type":"LineString","coordinates":[[1.5309,45.4592],[1.5312,45.4591],[1.5318,45.4591],[1.5322,45.4591],[1.5332,45.4593],[1.534,45.4594],[1.5344,45.4593],[1.5358,45.4588],[1.5365,45.4588],[1.5399,45.4587],[1.5405,45.4587],[1.5414,45.4588],[1.5419,45.4589],[1.5433,45.4588],[1.544,45.4588],[1.5445,45.459],[1.5476,45.4605],[1.5482,45.4607],[1.5487,45.4608],[1.5492,45.4608],[1.5497,45.4607],[1.5511,45.4603],[1.5516,45.4601],[1.5526,45.4594],[1.5532,45.4591],[1.5537,45.4591],[1.5549,45.4591]]}},{"type":"Feature","properties":{"rang":"departementale"},"geometry":{"type":"LineString","coordinates":[[1.516,45.4643],[1.5166,45.4644],[1.5161,45.4645]]}},{"type":"Feature","properties":{"rang":"departementale"},"geometry":{"type":"LineString","coordinates":[[1.4425,45.4856],[1.4423,45.4858]]}},{"type":"Feature","properties":{"rang":"departementale"},"geometry":{"type":"LineString","coordinates":[[1.5761,45.4256],[1.5764,45.4258],[1.5766,45.4261],[1.5768,45.4265],[1.5772,45.4274]]}},{"type":"Feature","properties":{"rang":"departementale"},"geometry":{"type":"LineString","coordinates":[[1.4135,45.2574],[1.4135,45.2578],[1.4131,45.2595],[1.4129,45.2608],[1.4127,45.2612],[1.4119,45.262],[1.4114,45.2626]]}},{"type":"Feature","properties":{"rang":"departementale"},"geometry":{"type":"LineString","coordinates":[[1.4145,45.2547],[1.4143,45.2549],[1.4142,45.2548],[1.4145,45.2547]]}},{"type":"Feature","properties":{"rang":"departementale"},"geometry":{"type":"LineString","coordinates":[[1.5744,45.3958],[1.5741,45.3959]]}},{"type":"Feature","properties":{"rang":"departementale"},"geometry":{"type":"LineString","coordinates":[[1.5906,45.229],[1.5907,45.2287],[1.5898,45.2287],[1.5891,45.2285],[1.5886,45.2283],[1.5861,45.2267],[1.5855,45.2262],[1.5849,45.2256],[1.5848,45.2253],[1.5847,45.2248],[1.5845,45.2234],[1.5845,45.2228],[1.5847,45.2222],[1.5848,45.2217],[1.5854,45.2202],[1.5856,45.2196],[1.5857,45.2194]]}},{"type":"Feature","properties":{"rang":"departementale"},"geometry":{"type":"LineString","coordinates":[[1.461,45.2511],[1.4608,45.2516]]}},{"type":"Feature","properties":{"rang":"departementale"},"geometry":{"type":"LineString","coordinates":[[1.4608,45.2516],[1.4613,45.252]]}},{"type":"Feature","properties":{"rang":"departementale"},"geometry":{"type":"LineString","coordinates":[[1.7133,45.367],[1.7132,45.366],[1.7131,45.3656]]}},{"type":"Feature","properties":{"rang":"departementale"},"geometry":{"type":"LineString","coordinates":[[1.5655,45.4328],[1.5656,45.4326]]}},{"type":"Feature","properties":{"rang":"departementale"},"geometry":{"type":"LineString","coordinates":[[1.4144,45.2549],[1.4144,45.2553],[1.4136,45.2572],[1.4135,45.2574]]}},{"type":"Feature","properties":{"rang":"departementale"},"geometry":{"type":"LineString","coordinates":[[1.4606,45.2515],[1.4616,45.2503],[1.4622,45.2495],[1.4626,45.2492]]}},{"type":"Feature","properties":{"rang":"departementale"},"geometry":{"type":"LineString","coordinates":[[1.5909,45.2287],[1.5907,45.2287]]}},{"type":"Feature","properties":{"rang":"departementale"},"geometry":{"type":"LineString","coordinates":[[1.3996,45.4396],[1.3994,45.4396]]}},{"type":"Feature","properties":{"rang":"departementale"},"geometry":{"type":"LineString","coordinates":[[1.7006,45.2186],[1.7002,45.2187]]}},{"type":"Feature","properties":{"rang":"departementale"},"geometry":{"type":"LineString","coordinates":[[1.5484,45.3936],[1.5517,45.3948],[1.5527,45.3952],[1.5533,45.3954],[1.5537,45.3954]]}},{"type":"Feature","properties":{"rang":"departementale"},"geometry":{"type":"LineString","coordinates":[[1.4366,45.33],[1.4363,45.3299]]}},{"type":"Feature","properties":{"rang":"departementale"},"geometry":{"type":"LineString","coordinates":[[1.4389,45.3306],[1.4385,45.3306],[1.438,45.3308],[1.4376,45.3307],[1.4371,45.3304],[1.4369,45.3301],[1.4366,45.33]]}},{"type":"Feature","properties":{"rang":"departementale"},"geometry":{"type":"LineString","coordinates":[[1.3456,45.3728],[1.3488,45.3743],[1.3492,45.3746],[1.3495,45.3748],[1.3502,45.3755],[1.3515,45.377],[1.352,45.3775],[1.3537,45.3788],[1.3542,45.3792],[1.3547,45.3794],[1.3553,45.3796],[1.3587,45.3802],[1.36,45.3805],[1.3606,45.3806],[1.361,45.3809],[1.3624,45.3818],[1.3628,45.3821],[1.3659,45.3837],[1.3663,45.3839]]}},{"type":"Feature","properties":{"rang":"departementale"},"geometry":{"type":"LineString","coordinates":[[1.3989,45.4472],[1.399,45.4474]]}},{"type":"Feature","properties":{"rang":"departementale"},"geometry":{"type":"LineString","coordinates":[[1.3991,45.4474],[1.3987,45.4474]]}},{"type":"Feature","properties":{"rang":"departementale"},"geometry":{"type":"LineString","coordinates":[[1.3899,45.4857],[1.3897,45.484],[1.3894,45.4811],[1.3894,45.4805],[1.3903,45.4771],[1.3907,45.4753],[1.3908,45.4749],[1.3907,45.4745],[1.3888,45.4696],[1.3886,45.4691],[1.3885,45.4687],[1.3886,45.4681],[1.3888,45.4676],[1.3892,45.4671],[1.3902,45.4661],[1.3905,45.4656],[1.3907,45.4651],[1.3909,45.4644],[1.3911,45.4629],[1.3917,45.4598]]}},{"type":"Feature","properties":{"rang":"departementale"},"geometry":{"type":"LineString","coordinates":[[1.5377,45.2496],[1.5375,45.2492]]}},{"type":"Feature","properties":{"rang":"departementale"},"geometry":{"type":"LineString","coordinates":[[1.5379,45.2503],[1.5377,45.2499]]}},{"type":"Feature","properties":{"rang":"departementale"},"geometry":{"type":"LineString","coordinates":[[1.5389,45.2523],[1.5392,45.2526],[1.5386,45.2524]]}},{"type":"Feature","properties":{"rang":"departementale"},"geometry":{"type":"LineString","coordinates":[[1.4416,45.3313],[1.4389,45.3306]]}},{"type":"Feature","properties":{"rang":"departementale"},"geometry":{"type":"LineString","coordinates":[[1.5392,45.2526],[1.5395,45.2528],[1.5405,45.2531],[1.5408,45.2533],[1.5415,45.2542],[1.5417,45.2546]]}},{"type":"Feature","properties":{"rang":"departementale"},"geometry":{"type":"LineString","coordinates":[[1.68,45.3236],[1.6793,45.3235],[1.679,45.3235],[1.6787,45.3238],[1.6785,45.3242],[1.6781,45.3244],[1.6779,45.3244],[1.6763,45.3241],[1.6759,45.3242],[1.6753,45.3244],[1.6751,45.3244],[1.6749,45.3241],[1.6746,45.324],[1.6743,45.324],[1.6737,45.3241],[1.6733,45.3241],[1.6728,45.3239],[1.6723,45.3236],[1.6713,45.323],[1.6693,45.3223],[1.6688,45.3222],[1.6665,45.3221],[1.6661,45.322],[1.6658,45.3219],[1.6644,45.3209],[1.664,45.3207],[1.6629,45.3206],[1.6616,45.3206],[1.6611,45.3208],[1.6604,45.3212],[1.6597,45.3214],[1.6593,45.3215],[1.659,45.3218],[1.6586,45.322],[1.6574,45.3223],[1.6551,45.3226]]}},{"type":"Feature","properties":{"rang":"departementale"},"geometry":{"type":"LineString","coordinates":[[1.5806,45.449],[1.5807,45.4494]]}},{"type":"Feature","properties":{"rang":"departementale"},"geometry":{"type":"LineString","coordinates":[[1.5804,45.4489],[1.5798,45.4488]]}},{"type":"Feature","properties":{"rang":"departementale"},"geometry":{"type":"LineString","coordinates":[[1.3989,45.4468],[1.3988,45.4456],[1.3987,45.4449],[1.3985,45.4443],[1.3979,45.4433],[1.3977,45.4427],[1.3975,45.4417],[1.3973,45.4407],[1.3973,45.4403],[1.3975,45.4401],[1.3978,45.4399],[1.3983,45.4398],[1.3989,45.4397]]}},{"type":"Feature","properties":{"rang":"departementale"},"geometry":{"type":"LineString","coordinates":[[1.3988,45.4474],[1.3989,45.4471],[1.3989,45.4468]]}},{"type":"Feature","properties":{"rang":"departementale"},"geometry":{"type":"LineString","coordinates":[[1.7008,45.2186],[1.7006,45.2186]]}},{"type":"Feature","properties":{"rang":"departementale"},"geometry":{"type":"LineString","coordinates":[[1.7003,45.2168],[1.7003,45.2168]]}},{"type":"Feature","properties":{"rang":"departementale"},"geometry":{"type":"LineString","coordinates":[[1.701,45.2184],[1.7012,45.2185]]}},{"type":"Feature","properties":{"rang":"departementale"},"geometry":{"type":"LineString","coordinates":[[1.6387,45.2647],[1.6391,45.2646]]}},{"type":"Feature","properties":{"rang":"departementale"},"geometry":{"type":"LineString","coordinates":[[1.6391,45.2646],[1.639,45.2642],[1.6393,45.2645]]}},{"type":"Feature","properties":{"rang":"departementale"},"geometry":{"type":"LineString","coordinates":[[1.639,45.2647],[1.6387,45.2647]]}},{"type":"Feature","properties":{"rang":"departementale"},"geometry":{"type":"LineString","coordinates":[[1.6394,45.2645],[1.64,45.2648]]}},{"type":"Feature","properties":{"rang":"departementale"},"geometry":{"type":"LineString","coordinates":[[1.6392,45.2648],[1.639,45.2651],[1.639,45.2647]]}},{"type":"Feature","properties":{"rang":"departementale"},"geometry":{"type":"LineString","coordinates":[[1.6642,45.2707],[1.6649,45.2709],[1.6657,45.2713]]}},{"type":"Feature","properties":{"rang":"departementale"},"geometry":{"type":"LineString","coordinates":[[1.6654,45.2715],[1.6651,45.2711],[1.6648,45.2709],[1.6612,45.2694]]}},{"type":"Feature","properties":{"rang":"departementale"},"geometry":{"type":"LineString","coordinates":[[1.666,45.2715],[1.6661,45.2716],[1.6668,45.2717],[1.667,45.2719]]}},{"type":"Feature","properties":{"rang":"departementale"},"geometry":{"type":"LineString","coordinates":[[1.5273,45.2273],[1.5275,45.2271],[1.5275,45.2263]]}},{"type":"Feature","properties":{"rang":"departementale"},"geometry":{"type":"LineString","coordinates":[[1.7134,45.367],[1.7134,45.367]]}},{"type":"Feature","properties":{"rang":"departementale"},"geometry":{"type":"LineString","coordinates":[[1.5807,45.299],[1.581,45.2989]]}},{"type":"Feature","properties":{"rang":"departementale"},"geometry":{"type":"LineString","coordinates":[[1.5802,45.2989],[1.5806,45.299]]}},{"type":"Feature","properties":{"rang":"departementale"},"geometry":{"type":"LineString","coordinates":[[1.5806,45.2991],[1.5802,45.2989]]}},{"type":"Feature","properties":{"rang":"departementale"},"geometry":{"type":"LineString","coordinates":[[1.5475,45.2608],[1.5472,45.2606]]}},{"type":"Feature","properties":{"rang":"departementale"},"geometry":{"type":"LineString","coordinates":[[1.5472,45.2606],[1.5471,45.2606]]}},{"type":"Feature","properties":{"rang":"departementale"},"geometry":{"type":"LineString","coordinates":[[1.7246,45.3704],[1.7256,45.3704]]}},{"type":"Feature","properties":{"rang":"departementale"},"geometry":{"type":"LineString","coordinates":[[1.7256,45.3705],[1.7246,45.3704]]}},{"type":"Feature","properties":{"rang":"departementale"},"geometry":{"type":"LineString","coordinates":[[1.7134,45.367],[1.7135,45.3672]]}},{"type":"Feature","properties":{"rang":"departementale"},"geometry":{"type":"LineString","coordinates":[[1.7221,45.3881],[1.7223,45.3883]]}},{"type":"Feature","properties":{"rang":"departementale"},"geometry":{"type":"LineString","coordinates":[[1.6335,45.2731],[1.6334,45.2731]]}},{"type":"Feature","properties":{"rang":"departementale"},"geometry":{"type":"LineString","coordinates":[[1.4252,45.2292],[1.4257,45.2291]]}},{"type":"Feature","properties":{"rang":"departementale"},"geometry":{"type":"LineString","coordinates":[[1.4258,45.2293],[1.4252,45.2292]]}},{"type":"Feature","properties":{"rang":"departementale"},"geometry":{"type":"LineString","coordinates":[[1.4259,45.2298],[1.4259,45.2294],[1.4258,45.2293]]}},{"type":"Feature","properties":{"rang":"departementale"},"geometry":{"type":"LineString","coordinates":[[1.4261,45.2293],[1.4259,45.2298]]}},{"type":"Feature","properties":{"rang":"departementale"},"geometry":{"type":"LineString","coordinates":[[1.4257,45.229],[1.4257,45.2287],[1.4261,45.2289]]}},{"type":"Feature","properties":{"rang":"departementale"},"geometry":{"type":"LineString","coordinates":[[1.4254,45.2336],[1.4254,45.2331],[1.4256,45.2314],[1.4257,45.2311]]}},{"type":"Feature","properties":{"rang":"departementale"},"geometry":{"type":"LineString","coordinates":[[1.4115,45.2471],[1.4113,45.2475],[1.4112,45.2471]]}},{"type":"Feature","properties":{"rang":"departementale"},"geometry":{"type":"LineString","coordinates":[[1.4127,45.2529],[1.4124,45.2518]]}},{"type":"Feature","properties":{"rang":"departementale"},"geometry":{"type":"LineString","coordinates":[[1.4136,45.2539],[1.4129,45.2533],[1.4129,45.2533]]}},{"type":"Feature","properties":{"rang":"departementale"},"geometry":{"type":"LineString","coordinates":[[1.6389,45.2646],[1.639,45.2644]]}},{"type":"Feature","properties":{"rang":"departementale"},"geometry":{"type":"LineString","coordinates":[[1.3895,45.4056],[1.3892,45.4055],[1.3895,45.4054],[1.3895,45.4056]]}},{"type":"Feature","properties":{"rang":"departementale"},"geometry":{"type":"LineString","coordinates":[[1.3896,45.4057],[1.3899,45.4061],[1.39,45.4064]]}},{"type":"Feature","properties":{"rang":"departementale"},"geometry":{"type":"LineString","coordinates":[[1.3893,45.4054],[1.3894,45.4052]]}},{"type":"Feature","properties":{"rang":"departementale"},"geometry":{"type":"LineString","coordinates":[[1.3896,45.4057],[1.3894,45.4056]]}},{"type":"Feature","properties":{"rang":"departementale"},"geometry":{"type":"LineString","coordinates":[[1.3896,45.4055],[1.3896,45.4057]]}},{"type":"Feature","properties":{"rang":"departementale"},"geometry":{"type":"LineString","coordinates":[[1.523,45.2213],[1.5227,45.2207],[1.5227,45.2204],[1.5229,45.2199],[1.5233,45.2192]]}},{"type":"Feature","properties":{"rang":"departementale"},"geometry":{"type":"LineString","coordinates":[[1.4995,45.2992],[1.5,45.2996],[1.5003,45.2997],[1.5016,45.3003],[1.5024,45.3006],[1.5056,45.302],[1.5091,45.3035],[1.5095,45.3039],[1.5103,45.3049]]}},{"type":"Feature","properties":{"rang":"departementale"},"geometry":{"type":"LineString","coordinates":[[1.7404,45.2959],[1.7393,45.2961],[1.739,45.2961],[1.7384,45.2959],[1.738,45.2959],[1.7377,45.2959],[1.7357,45.2966],[1.7356,45.2968],[1.7355,45.2974],[1.7354,45.2976],[1.7349,45.2982],[1.7342,45.2986],[1.7341,45.299]]}},{"type":"Feature","properties":{"rang":"departementale"},"geometry":{"type":"LineString","coordinates":[[1.5745,45.4255],[1.5754,45.4255],[1.5759,45.4255],[1.5761,45.4256]]}},{"type":"Feature","properties":{"rang":"departementale"},"geometry":{"type":"LineString","coordinates":[[1.4191,45.4487],[1.4189,45.4487]]}},{"type":"Feature","properties":{"rang":"departementale"},"geometry":{"type":"LineString","coordinates":[[1.4223,45.449],[1.4219,45.449]]}},{"type":"Feature","properties":{"rang":"departementale"},"geometry":{"type":"LineString","coordinates":[[1.4226,45.4487],[1.4229,45.4486],[1.4231,45.4485],[1.4247,45.4471],[1.4251,45.4467],[1.4257,45.4464],[1.4263,45.4461],[1.4289,45.4449],[1.4296,45.4446],[1.4298,45.4443]]}},{"type":"Feature","properties":{"rang":"departementale"},"geometry":{"type":"LineString","coordinates":[[1.5857,45.2194],[1.5856,45.2198],[1.5855,45.2204],[1.5851,45.221]]}},{"type":"Feature","properties":{"rang":"departementale"},"geometry":{"type":"LineString","coordinates":[[1.5857,45.2183],[1.5858,45.2177],[1.5857,45.2188],[1.5856,45.2194]]}},{"type":"Feature","properties":{"rang":"departementale"},"geometry":{"type":"LineString","coordinates":[[1.5856,45.2196],[1.5857,45.2183]]}},{"type":"Feature","properties":{"rang":"departementale"},"geometry":{"type":"LineString","coordinates":[[1.4297,45.4442],[1.4301,45.4442],[1.4301,45.4444],[1.4299,45.4444],[1.4297,45.4442]]}},{"type":"Feature","properties":{"rang":"departementale"},"geometry":{"type":"LineString","coordinates":[[1.3947,45.4341],[1.3949,45.4341],[1.3949,45.4343],[1.3945,45.4343],[1.3945,45.4341],[1.3947,45.4341]]}},{"type":"Feature","properties":{"rang":"departementale"},"geometry":{"type":"LineString","coordinates":[[1.7011,45.2183],[1.7012,45.2184]]}},{"type":"Feature","properties":{"rang":"departementale"},"geometry":{"type":"LineString","coordinates":[[1.5857,45.2188],[1.5857,45.2194]]}},{"type":"Feature","properties":{"rang":"departementale"},"geometry":{"type":"LineString","coordinates":[[1.6843,45.3415],[1.6844,45.3418],[1.6855,45.3428],[1.6858,45.3433],[1.686,45.3442],[1.6862,45.3446],[1.6866,45.345],[1.687,45.3451],[1.688,45.3453]]}},{"type":"Feature","properties":{"rang":"departementale"},"geometry":{"type":"LineString","coordinates":[[1.4757,45.2571],[1.4761,45.2571]]}},{"type":"Feature","properties":{"rang":"departementale"},"geometry":{"type":"LineString","coordinates":[[1.7438,45.2947],[1.7432,45.295],[1.7404,45.2959]]}},{"type":"Feature","properties":{"rang":"departementale"},"geometry":{"type":"LineString","coordinates":[[1.3926,45.4207],[1.3921,45.4209],[1.3918,45.4212],[1.3916,45.4215]]}},{"type":"Feature","properties":{"rang":"departementale"},"geometry":{"type":"LineString","coordinates":[[1.6681,45.2902],[1.6684,45.2907],[1.6687,45.2916],[1.6692,45.2932]]}},{"type":"Feature","properties":{"rang":"departementale"},"geometry":{"type":"LineString","coordinates":[[1.6615,45.2819],[1.6619,45.2822],[1.6623,45.2826],[1.6629,45.2839],[1.6633,45.2843],[1.6643,45.2849],[1.6649,45.2854],[1.6652,45.2858],[1.6655,45.2863],[1.666,45.2879],[1.6663,45.2883],[1.6675,45.2894],[1.6678,45.2898],[1.6681,45.2902]]}},{"type":"Feature","properties":{"rang":"departementale"},"geometry":{"type":"LineString","coordinates":[[1.5128,45.2287],[1.5129,45.2288],[1.5133,45.2296],[1.5137,45.2301]]}},{"type":"Feature","properties":{"rang":"departementale"},"geometry":{"type":"LineString","coordinates":[[1.3902,45.4876],[1.3902,45.4875],[1.3899,45.4857]]}},{"type":"Feature","properties":{"rang":"departementale"},"geometry":{"type":"LineString","coordinates":[[1.5243,45.4629],[1.5265,45.4619],[1.5269,45.4616],[1.5281,45.4601],[1.5284,45.4599],[1.5287,45.4597],[1.5309,45.4592]]}},{"type":"Feature","properties":{"rang":"departementale"},"geometry":{"type":"LineString","coordinates":[[1.5166,45.4644],[1.5186,45.4645],[1.5192,45.4645],[1.5208,45.464],[1.5229,45.4635],[1.5243,45.4629]]}},{"type":"Feature","properties":{"rang":"departementale"},"geometry":{"type":"LineString","coordinates":[[1.548,45.2611],[1.5506,45.264],[1.5515,45.2646],[1.5534,45.2657]]}},{"type":"Feature","properties":{"rang":"departementale"},"geometry":{"type":"LineString","coordinates":[[1.4748,45.2622],[1.4747,45.2624]]}},{"type":"Feature","properties":{"rang":"departementale"},"geometry":{"type":"LineString","coordinates":[[1.5176,45.3798],[1.5179,45.3797],[1.5185,45.379]]}},{"type":"Feature","properties":{"rang":"departementale"},"geometry":{"type":"LineString","coordinates":[[1.4748,45.2622],[1.4747,45.2615]]}},{"type":"Feature","properties":{"rang":"departementale"},"geometry":{"type":"LineString","coordinates":[[1.635,45.2726],[1.6347,45.2726],[1.6338,45.2729]]}},{"type":"Feature","properties":{"rang":"departementale"},"geometry":{"type":"LineString","coordinates":[[1.4416,45.3313],[1.4419,45.3312],[1.4425,45.3312],[1.443,45.331],[1.4431,45.3307],[1.443,45.3306],[1.4424,45.33],[1.4425,45.3293]]}},{"type":"Feature","properties":{"rang":"departementale"},"geometry":{"type":"LineString","coordinates":[[1.6599,45.2811],[1.6615,45.2819]]}},{"type":"Feature","properties":{"rang":"departementale"},"geometry":{"type":"LineString","coordinates":[[1.4301,45.4442],[1.4305,45.4442],[1.4302,45.4443]]}},{"type":"Feature","properties":{"rang":"departementale"},"geometry":{"type":"LineString","coordinates":[[1.4299,45.4444],[1.4296,45.4446]]}},{"type":"Feature","properties":{"rang":"departementale"},"geometry":{"type":"LineString","coordinates":[[1.3945,45.4342],[1.3943,45.4339]]}},{"type":"Feature","properties":{"rang":"departementale"},"geometry":{"type":"LineString","coordinates":[[1.3948,45.4343],[1.3948,45.4347],[1.3946,45.4344]]}},{"type":"Feature","properties":{"rang":"departementale"},"geometry":{"type":"LineString","coordinates":[[1.5735,45.4258],[1.5745,45.4255]]}},{"type":"Feature","properties":{"rang":"departementale"},"geometry":{"type":"LineString","coordinates":[[1.8804,45.4849],[1.8805,45.4837],[1.8806,45.4834],[1.8813,45.4827],[1.8814,45.4824],[1.8813,45.4815],[1.8813,45.4813],[1.8809,45.4806],[1.881,45.4803],[1.8812,45.4797],[1.8814,45.4792],[1.8815,45.4791],[1.8824,45.479],[1.8826,45.479],[1.8833,45.4785],[1.8841,45.4782],[1.8847,45.4776],[1.8854,45.4773],[1.8862,45.4772],[1.8864,45.4772],[1.8867,45.4769],[1.8868,45.4766],[1.8868,45.4762],[1.887,45.4759],[1.887,45.4756],[1.8868,45.4754],[1.8859,45.4753],[1.8855,45.475],[1.8855,45.4746],[1.8857,45.4739],[1.8861,45.4734],[1.8863,45.4733],[1.8867,45.4731],[1.8875,45.473],[1.8877,45.4726],[1.8891,45.4717],[1.8893,45.4713],[1.8893,45.4705],[1.8899,45.4694],[1.8904,45.4685],[1.8907,45.4682],[1.8909,45.4677],[1.8917,45.4664],[1.8918,45.4657],[1.8925,45.4633],[1.8925,45.4631],[1.8922,45.4627],[1.892,45.462],[1.8917,45.4619],[1.8905,45.4617],[1.8902,45.4615],[1.8902,45.4612],[1.8904,45.4609],[1.8902,45.4607],[1.89,45.4607],[1.8891,45.4609],[1.8873,45.4613],[1.8871,45.4613],[1.8864,45.4611],[1.886,45.4611],[1.8852,45.4613],[1.8849,45.4613],[1.8846,45.4611],[1.8844,45.4609],[1.8843,45.4605],[1.8843,45.4603],[1.8849,45.4597],[1.8849,45.4595],[1.8847,45.4593],[1.8842,45.459],[1.8842,45.4586],[1.8841,45.4583],[1.8836,45.4581],[1.8833,45.4578],[1.8829,45.457],[1.8826,45.4568],[1.8819,45.456],[1.8814,45.4557],[1.881,45.455],[1.8807,45.4546],[1.8803,45.4539],[1.88,45.453],[1.8798,45.4522],[1.88,45.4511],[1.8799,45.4506],[1.8798,45.4503],[1.8792,45.4498],[1.8787,45.4491],[1.8785,45.4483],[1.878,45.4462],[1.8771,45.4429],[1.8769,45.4425],[1.8762,45.4418],[1.8759,45.4416],[1.8755,45.4414],[1.8733,45.4411],[1.8727,45.441],[1.8722,45.4407],[1.8684,45.438],[1.8681,45.4377],[1.8678,45.4373],[1.8674,45.437],[1.8654,45.4363],[1.8649,45.4361],[1.8645,45.4355],[1.8641,45.4347],[1.8639,45.4344],[1.8623,45.4333],[1.8621,45.4332],[1.8614,45.4329],[1.86,45.4326],[1.8596,45.4326],[1.8588,45.4327],[1.8582,45.4328],[1.8578,45.4327],[1.8575,45.4325],[1.8563,45.4312],[1.8559,45.4309],[1.8552,45.4305],[1.8549,45.4303],[1.854,45.4301],[1.8535,45.4301],[1.853,45.4302],[1.8527,45.4302],[1.8521,45.43],[1.851,45.4299],[1.8507,45.4298],[1.8502,45.4295],[1.8499,45.4287],[1.8497,45.4284],[1.8493,45.4282],[1.8491,45.4279],[1.8491,45.4272],[1.8489,45.4269],[1.8485,45.4263],[1.8479,45.4258],[1.8476,45.4257],[1.8472,45.4256],[1.8451,45.4259],[1.8446,45.4259],[1.8433,45.4247],[1.843,45.4245],[1.8428,45.4245],[1.8417,45.4245],[1.8385,45.4244],[1.838,45.4243],[1.8376,45.4241],[1.838,45.4239],[1.8395,45.4233],[1.8402,45.423],[1.8413,45.4222],[1.8418,45.4221],[1.8424,45.4221],[1.8435,45.4224],[1.8447,45.4228],[1.8452,45.4229],[1.8457,45.4229],[1.8462,45.4228],[1.8468,45.4225],[1.8481,45.4219],[1.8495,45.4212],[1.8502,45.421],[1.8513,45.4208],[1.8518,45.4205],[1.8521,45.4201],[1.8522,45.4199],[1.8522,45.4195],[1.852,45.4189],[1.852,45.4185],[1.8524,45.4161],[1.8526,45.4157],[1.8534,45.4143],[1.8537,45.4138],[1.8539,45.4136],[1.8545,45.4133],[1.8554,45.4131],[1.8561,45.4128],[1.8573,45.4118],[1.8576,45.4113],[1.8576,45.4111],[1.8578,45.4084],[1.8577,45.4079],[1.8574,45.4072],[1.8573,45.4064],[1.8574,45.4052],[1.8575,45.4048],[1.858,45.4043],[1.8582,45.4039],[1.8585,45.403],[1.8588,45.4023],[1.8591,45.402],[1.8598,45.4012],[1.8599,45.4008],[1.8599,45.3999],[1.86,45.3995],[1.8605,45.3989],[1.8606,45.3986],[1.8608,45.398],[1.8611,45.3975],[1.8616,45.3971],[1.8621,45.3968],[1.8629,45.3964],[1.8632,45.3963],[1.8635,45.3958],[1.8634,45.3951],[1.8636,45.3943],[1.8635,45.3939],[1.8633,45.3935],[1.863,45.3931],[1.8627,45.3926],[1.8626,45.3921],[1.8627,45.3916],[1.8629,45.391],[1.8633,45.3903],[1.8637,45.3897],[1.8653,45.3876],[1.8657,45.3872],[1.8667,45.3865],[1.867,45.3861],[1.8672,45.3855],[1.8669,45.3851],[1.8647,45.3834],[1.8646,45.3832],[1.8644,45.3829],[1.8644,45.3825],[1.8647,45.382],[1.8648,45.3815],[1.8649,45.3806],[1.8648,45.3797]]}},{"type":"Feature","properties":{"rang":"departementale"},"geometry":{"type":"LineString","coordinates":[[1.7737,45.2699],[1.7736,45.2698],[1.7728,45.2694],[1.7724,45.269],[1.7721,45.2684],[1.772,45.268],[1.7719,45.2678],[1.7715,45.2672],[1.7719,45.2671],[1.7722,45.2675],[1.7726,45.2684],[1.7729,45.2687],[1.7742,45.2696]]}},{"type":"Feature","properties":{"rang":"departementale"},"geometry":{"type":"LineString","coordinates":[[1.7725,45.2684],[1.7721,45.2684]]}},{"type":"Feature","properties":{"rang":"departementale"},"geometry":{"type":"LineString","coordinates":[[1.769,45.2802],[1.7687,45.2798],[1.7688,45.2795],[1.7692,45.279],[1.7694,45.2787],[1.7695,45.2783],[1.7697,45.2778],[1.7701,45.2773],[1.7702,45.277],[1.7703,45.2764],[1.7704,45.2762],[1.7708,45.2759],[1.7712,45.2746],[1.7716,45.2743],[1.7723,45.274],[1.7725,45.2737],[1.7724,45.2734],[1.7716,45.273],[1.7713,45.2727],[1.769,45.2704],[1.7689,45.2702],[1.769,45.27],[1.7696,45.2691],[1.77,45.2684],[1.77,45.2683],[1.7707,45.2676],[1.7715,45.2672],[1.7709,45.2666],[1.7701,45.2659]]}},{"type":"Feature","properties":{"rang":"departementale"},"geometry":{"type":"LineString","coordinates":[[1.7579,45.2608],[1.7576,45.2607],[1.7572,45.2611],[1.757,45.2614],[1.7566,45.2617],[1.7563,45.2616],[1.756,45.2615],[1.7551,45.2605],[1.7547,45.2599],[1.7546,45.2597]]}},{"type":"Feature","properties":{"rang":"departementale"},"geometry":{"type":"LineString","coordinates":[[1.7579,45.2611],[1.7579,45.2608],[1.7581,45.2607],[1.7588,45.2608],[1.7594,45.2611],[1.76,45.2614],[1.7607,45.2622],[1.761,45.2624],[1.7624,45.263],[1.7631,45.2633],[1.7644,45.2636],[1.7656,45.2638]]}},{"type":"Feature","properties":{"rang":"departementale"},"geometry":{"type":"LineString","coordinates":[[1.7712,45.2851],[1.771,45.2851],[1.7713,45.2849]]}},{"type":"Feature","properties":{"rang":"departementale"},"geometry":{"type":"LineString","coordinates":[[1.7704,45.2861],[1.77,45.2861],[1.7691,45.286],[1.7687,45.2861],[1.768,45.2864],[1.7673,45.2864],[1.7667,45.2863],[1.7662,45.2859],[1.7656,45.2855],[1.7653,45.2854],[1.7639,45.2858],[1.7635,45.2859],[1.763,45.2858],[1.7622,45.2855],[1.7616,45.2854],[1.7606,45.2857],[1.7603,45.2858],[1.7601,45.2861],[1.7606,45.2868],[1.7605,45.2874],[1.7603,45.2876],[1.7598,45.288],[1.7592,45.2883],[1.7588,45.2884],[1.7582,45.2884],[1.7575,45.2886],[1.7566,45.289],[1.7557,45.2891],[1.7552,45.2892],[1.7547,45.2894],[1.754,45.2893],[1.7524,45.2888],[1.7518,45.2885],[1.7515,45.2885],[1.7513,45.2887],[1.7514,45.2891],[1.7514,45.2893],[1.7508,45.2896],[1.7507,45.2899],[1.7513,45.2902],[1.7519,45.2908],[1.7521,45.2913],[1.752,45.2922],[1.752,45.294],[1.7518,45.2943],[1.7512,45.2945],[1.7499,45.2945],[1.7495,45.2944],[1.7487,45.2939],[1.7483,45.2935],[1.748,45.2934],[1.7468,45.2932],[1.7463,45.2933],[1.7459,45.2939],[1.7455,45.2941],[1.7444,45.2943],[1.7441,45.2944],[1.7438,45.2947]]}},{"type":"Feature","properties":{"rang":"departementale"},"geometry":{"type":"LineString","coordinates":[[1.7526,45.2593],[1.7522,45.2593],[1.7512,45.2594],[1.7501,45.2597],[1.7493,45.26],[1.7481,45.2604],[1.747,45.2608],[1.7462,45.2611],[1.7456,45.2612],[1.7447,45.2616],[1.7445,45.2616]]}},{"type":"Feature","properties":{"rang":"departementale"},"geometry":{"type":"LineString","coordinates":[[1.7523,45.2597],[1.7525,45.2595],[1.7525,45.2593]]}},{"type":"Feature","properties":{"rang":"departementale"},"geometry":{"type":"LineString","coordinates":[[1.7524,45.2589],[1.7525,45.2586],[1.753,45.2577],[1.7535,45.2574],[1.7542,45.2572],[1.7555,45.2565]]}},{"type":"Feature","properties":{"rang":"departementale"},"geometry":{"type":"LineString","coordinates":[[1.7558,45.2624],[1.7557,45.2626],[1.7559,45.2626],[1.7562,45.2626],[1.7569,45.2626],[1.7579,45.2624],[1.7587,45.2623],[1.7592,45.2625],[1.7596,45.2628],[1.7597,45.263],[1.7596,45.2632],[1.759,45.2636],[1.7589,45.2638],[1.7589,45.264],[1.7593,45.2641],[1.7604,45.264],[1.7623,45.2648],[1.7634,45.2651],[1.7636,45.2653],[1.7638,45.2656],[1.7641,45.2657],[1.7646,45.2654],[1.7651,45.265],[1.7653,45.2649],[1.7662,45.265],[1.7668,45.2654],[1.7673,45.2658],[1.7678,45.2661],[1.7689,45.2669],[1.769,45.2672],[1.7689,45.2676],[1.7682,45.2683],[1.7674,45.2692],[1.7674,45.2694],[1.7677,45.2696],[1.7681,45.2696],[1.7686,45.2694],[1.7688,45.2694],[1.7692,45.2696]]}},{"type":"Feature","properties":{"rang":"departementale"},"geometry":{"type":"LineString","coordinates":[[1.77,45.2655],[1.7699,45.2653],[1.7695,45.2648],[1.7691,45.2646]]}},{"type":"Feature","properties":{"rang":"departementale"},"geometry":{"type":"LineString","coordinates":[[1.7572,45.2605],[1.7574,45.2606],[1.7573,45.2609]]}},{"type":"Feature","properties":{"rang":"departementale"},"geometry":{"type":"LineString","coordinates":[[1.7527,45.2592],[1.7542,45.2594],[1.7546,45.2596]]}},{"type":"Feature","properties":{"rang":"departementale"},"geometry":{"type":"LineString","coordinates":[[1.7604,45.2618],[1.7596,45.2623],[1.7595,45.2623]]}},{"type":"Feature","properties":{"rang":"departementale"},"geometry":{"type":"LineString","coordinates":[[2.0827,45.2755],[2.0828,45.2751],[2.0829,45.2747],[2.0828,45.2735],[2.0829,45.2732],[2.0834,45.2721],[2.0835,45.2716],[2.0834,45.2713],[2.0831,45.2704],[2.0831,45.2701],[2.0834,45.2697],[2.0839,45.2692],[2.0841,45.2688],[2.0843,45.2658],[2.084,45.2649],[2.0839,45.2644],[2.084,45.2641],[2.0846,45.2617],[2.0849,45.2614],[2.0862,45.2603],[2.0864,45.26],[2.0869,45.2591],[2.0873,45.2588],[2.0893,45.2576],[2.0905,45.2571],[2.0908,45.257],[2.0947,45.2564],[2.0953,45.2563],[2.0969,45.2561],[2.1034,45.2552],[2.1059,45.2548],[2.1077,45.2545],[2.1084,45.2546],[2.1087,45.2547],[2.1089,45.255],[2.1089,45.2557],[2.1089,45.2563],[2.1089,45.2572],[2.109,45.2577],[2.1093,45.258],[2.1097,45.2581],[2.1102,45.2581],[2.1106,45.2583],[2.1111,45.2588],[2.1116,45.2591],[2.112,45.2592],[2.1131,45.2591],[2.1135,45.2591],[2.1139,45.2593],[2.1144,45.2595],[2.1147,45.2595],[2.1152,45.2595],[2.1159,45.2591],[2.1171,45.2582],[2.1175,45.258],[2.1178,45.258],[2.12,45.2581],[2.1203,45.258],[2.1207,45.2579],[2.1208,45.2577],[2.1208,45.2573],[2.1206,45.2568],[2.1207,45.2563],[2.1213,45.2556],[2.1219,45.2553],[2.1223,45.2552],[2.1228,45.2551],[2.123,45.2546],[2.1233,45.2543],[2.1238,45.2542],[2.1241,45.2543],[2.1248,45.2547],[2.1251,45.255],[2.1256,45.2551],[2.1259,45.255],[2.1266,45.2548],[2.1269,45.2547],[2.1273,45.2548],[2.1275,45.255],[2.1278,45.2555],[2.1284,45.2561],[2.1287,45.2566],[2.129,45.2572],[2.1297,45.2588],[2.1302,45.2599],[2.1302,45.2601],[2.1294,45.2611],[2.1293,45.2614],[2.1296,45.2617],[2.1299,45.2618],[2.131,45.2621],[2.1316,45.2624],[2.1318,45.2627],[2.1324,45.2636],[2.1327,45.2642],[2.1333,45.2669],[2.1334,45.2671],[2.1337,45.2673],[2.1341,45.2673],[2.135,45.2673],[2.1358,45.2671],[2.1367,45.267],[2.1376,45.2671],[2.1384,45.2671],[2.1387,45.2669],[2.1392,45.2667],[2.1405,45.2657],[2.1408,45.2654],[2.141,45.265],[2.1416,45.2635],[2.1418,45.2632],[2.1421,45.2629],[2.1436,45.262],[2.1443,45.2617],[2.1448,45.2617],[2.1456,45.2617],[2.1461,45.2615],[2.1466,45.2613],[2.1475,45.2609],[2.1482,45.2608],[2.1485,45.2609],[2.1489,45.2613],[2.1492,45.2614],[2.1495,45.2613],[2.1496,45.2612],[2.1493,45.2607],[2.1493,45.2604],[2.1489,45.2596],[2.1489,45.259],[2.1488,45.2586],[2.1483,45.2582],[2.1482,45.258],[2.1483,45.2576],[2.1487,45.2574],[2.1493,45.2573],[2.1494,45.2571],[2.1496,45.2567],[2.1496,45.2557],[2.1501,45.2549],[2.1509,45.254],[2.1513,45.2536],[2.1516,45.2534],[2.1519,45.2533],[2.1528,45.2534],[2.1532,45.2534],[2.1534,45.2532],[2.1533,45.2528],[2.1529,45.2524],[2.1524,45.252],[2.1523,45.2518],[2.1525,45.2514],[2.1531,45.2508],[2.1537,45.2504],[2.1545,45.2498],[2.1547,45.2495],[2.1551,45.2488],[2.1553,45.248],[2.1555,45.2477],[2.1563,45.2465],[2.1566,45.2462],[2.157,45.2459],[2.1575,45.2459],[2.158,45.2463],[2.1584,45.2466],[2.1591,45.2471],[2.1592,45.2473],[2.1591,45.2479],[2.1594,45.2484],[2.1597,45.2487],[2.1601,45.2487],[2.1605,45.2485],[2.1609,45.2479],[2.1612,45.2479],[2.1615,45.2482],[2.1618,45.2484],[2.1625,45.2485],[2.1632,45.2484],[2.1634,45.2485],[2.1635,45.2487],[2.1637,45.2496],[2.1641,45.251],[2.1645,45.2518],[2.165,45.2522],[2.1662,45.2531],[2.1668,45.2534],[2.1677,45.2539],[2.168,45.254],[2.1684,45.2539],[2.1685,45.2537],[2.1685,45.2534],[2.1683,45.2532],[2.1677,45.253],[2.1664,45.2521],[2.1659,45.2516],[2.1657,45.2512],[2.1656,45.2503],[2.1657,45.2498],[2.1655,45.249],[2.1657,45.2481],[2.1656,45.2477],[2.1655,45.2462],[2.1649,45.2457],[2.1647,45.2452],[2.1639,45.2445],[2.1631,45.2438],[2.1622,45.2433],[2.1616,45.2432],[2.1602,45.2434],[2.1599,45.2434],[2.1594,45.243],[2.1592,45.2427],[2.159,45.2423],[2.159,45.242],[2.159,45.2418],[2.1594,45.2414],[2.1607,45.2404],[2.1609,45.2402],[2.161,45.2397],[2.1609,45.2386],[2.1606,45.2382],[2.1606,45.2378],[2.1603,45.2374],[2.1597,45.2368],[2.1594,45.2364],[2.1594,45.2362],[2.1596,45.2361],[2.1603,45.2361],[2.1614,45.2365],[2.1623,45.2367],[2.1628,45.2368],[2.1631,45.2369],[2.1638,45.2368],[2.1641,45.2371],[2.1645,45.2373],[2.1652,45.2374],[2.166,45.2374],[2.1666,45.2373],[2.1673,45.2373],[2.1679,45.2371],[2.1686,45.2368],[2.1692,45.2364],[2.1695,45.236],[2.1699,45.2354],[2.1699,45.2349],[2.1699,45.2342],[2.1697,45.2336],[2.1689,45.2317],[2.1686,45.2314],[2.1682,45.2303],[2.1682,45.23],[2.1685,45.2294],[2.169,45.2289],[2.1694,45.2287],[2.1696,45.2284],[2.1697,45.2281],[2.1696,45.2272],[2.1698,45.2267],[2.17,45.2264],[2.1701,45.226],[2.17,45.2252],[2.1701,45.2247],[2.1704,45.2244],[2.1709,45.224],[2.1726,45.2232],[2.1733,45.223],[2.1768,45.2223],[2.1771,45.2223],[2.1777,45.2224],[2.1783,45.2224],[2.1809,45.2224],[2.1814,45.2223],[2.1816,45.2221],[2.1828,45.2211],[2.183,45.221],[2.1835,45.221],[2.1841,45.2211],[2.1846,45.2215],[2.1863,45.2225],[2.1867,45.2229],[2.1871,45.2234],[2.1872,45.2237],[2.1876,45.2246],[2.1878,45.2248],[2.1882,45.2249],[2.1887,45.2247],[2.189,45.2244],[2.1899,45.2234],[2.1906,45.2225],[2.1914,45.2216],[2.1919,45.2212],[2.1931,45.2205],[2.1937,45.2201],[2.1946,45.2199],[2.1952,45.2199],[2.1957,45.2202],[2.199,45.2214],[2.1993,45.2215],[2.2006,45.2217],[2.2013,45.2217],[2.2019,45.2218],[2.2023,45.2219],[2.2025,45.2219],[2.2031,45.2216],[2.204,45.2216],[2.205,45.2216],[2.2051,45.2218],[2.2048,45.2224],[2.2046,45.2229],[2.2046,45.2234],[2.2047,45.224],[2.2051,45.2253],[2.2052,45.226],[2.2054,45.2265],[2.206,45.2274],[2.2062,45.2276],[2.207,45.2277],[2.2083,45.228],[2.2097,45.2282],[2.2109,45.2283],[2.2115,45.2285],[2.2118,45.2287],[2.213,45.2299],[2.2134,45.2302],[2.2152,45.2314],[2.2153,45.2315],[2.2158,45.2321],[2.2162,45.2327],[2.2167,45.2334],[2.217,45.2337],[2.2185,45.2351],[2.2191,45.2356],[2.2196,45.236],[2.2202,45.2364],[2.2208,45.2365],[2.2215,45.2369],[2.2218,45.2371],[2.2223,45.2374],[2.2225,45.2377],[2.2229,45.2379],[2.2235,45.2386],[2.2236,45.2391],[2.2241,45.2395],[2.2245,45.2397],[2.2247,45.24],[2.2252,45.2402],[2.2254,45.2405],[2.2254,45.2409],[2.2259,45.2414],[2.226,45.2418],[2.2263,45.2422],[2.2263,45.2426],[2.2264,45.2429],[2.2264,45.2431],[2.2259,45.2435],[2.2255,45.2437],[2.2248,45.2437],[2.2243,45.2437],[2.2237,45.2435],[2.2234,45.2432],[2.2233,45.243],[2.2234,45.2423],[2.2231,45.2418],[2.2228,45.2417],[2.2224,45.2413],[2.2219,45.241],[2.2214,45.2407],[2.2209,45.2401],[2.2204,45.2399],[2.2201,45.2396],[2.219,45.2389],[2.2185,45.2386],[2.2181,45.2385],[2.2178,45.2385],[2.2171,45.239],[2.2169,45.2393],[2.2168,45.2402],[2.2165,45.2407],[2.2163,45.2411],[2.2155,45.2418],[2.2152,45.2419],[2.2148,45.2419],[2.2143,45.2419],[2.2139,45.2417],[2.2135,45.2417],[2.2133,45.2418],[2.2132,45.2423],[2.2129,45.2428],[2.2126,45.2431],[2.2118,45.2434],[2.2115,45.2435],[2.2108,45.2435],[2.2104,45.2436],[2.2103,45.2439],[2.2098,45.2441],[2.2096,45.2446],[2.2098,45.2452],[2.2101,45.2455],[2.2102,45.2458],[2.2102,45.2468],[2.2106,45.2471],[2.2106,45.2473],[2.2102,45.2478],[2.2103,45.2483],[2.2104,45.2485],[2.2108,45.2486],[2.2116,45.2487],[2.212,45.2489],[2.2132,45.2493],[2.2135,45.2494],[2.2147,45.2495],[2.2153,45.2497],[2.2157,45.2502],[2.2162,45.2504],[2.2167,45.2508]]}},{"type":"Feature","properties":{"rang":"departementale"},"geometry":{"type":"LineString","coordinates":[[2.0798,45.2472],[2.0806,45.2456],[2.081,45.2448],[2.0813,45.2437],[2.0814,45.2429],[2.0813,45.2415],[2.0814,45.2408],[2.0816,45.2403],[2.0818,45.2401],[2.0829,45.2394],[2.0837,45.2389],[2.0841,45.2384],[2.0846,45.2381],[2.0851,45.238],[2.0862,45.2379],[2.0874,45.2381],[2.0877,45.238],[2.0883,45.2377],[2.0888,45.2373],[2.089,45.2369],[2.0895,45.2365],[2.0901,45.2359],[2.0904,45.2358],[2.0911,45.2357],[2.0914,45.2356],[2.0919,45.2353],[2.092,45.2351],[2.0921,45.2345],[2.092,45.234],[2.0922,45.2337],[2.0929,45.2328],[2.0932,45.2326],[2.0937,45.2322],[2.0945,45.2313],[2.0945,45.2311],[2.0944,45.2306],[2.0953,45.2291],[2.0955,45.2289],[2.0961,45.2288],[2.0968,45.2286],[2.0972,45.2286],[2.0978,45.2288],[2.0983,45.2287],[2.0989,45.2285],[2.0991,45.2286],[2.0997,45.2288],[2.1001,45.2288],[2.101,45.2286],[2.1018,45.2286],[2.1028,45.2286],[2.1032,45.2284],[2.1034,45.2282],[2.1035,45.2276],[2.1036,45.2275],[2.104,45.2273],[2.1043,45.2269],[2.1044,45.2265],[2.1043,45.2263],[2.104,45.2261],[2.103,45.226],[2.1029,45.2259],[2.1031,45.2258],[2.1038,45.2255],[2.1049,45.2249],[2.1049,45.2248],[2.1044,45.2244],[2.1046,45.2242],[2.1053,45.2243],[2.1059,45.2243],[2.1071,45.2247],[2.1076,45.225],[2.1079,45.2254],[2.1082,45.2256],[2.1084,45.2257],[2.1086,45.2256],[2.1086,45.2252],[2.1083,45.2243],[2.1081,45.2239],[2.108,45.2237],[2.1082,45.2228],[2.1086,45.2223],[2.1089,45.2219],[2.1088,45.2216],[2.1084,45.2215],[2.1078,45.2214],[2.1074,45.2214],[2.1075,45.2212],[2.1077,45.2212],[2.1089,45.2214],[2.1092,45.2214],[2.1092,45.2213],[2.109,45.2212],[2.1079,45.2209],[2.1066,45.2207],[2.106,45.2207],[2.1061,45.2205],[2.1071,45.2206],[2.1091,45.2206],[2.1095,45.2206],[2.1099,45.2208],[2.11,45.2206],[2.1088,45.2203],[2.108,45.2202],[2.1072,45.2202],[2.1072,45.22],[2.1074,45.22],[2.1083,45.22],[2.1089,45.2201],[2.1089,45.2199],[2.1085,45.2199],[2.1072,45.2198],[2.1057,45.2195],[2.1051,45.2195],[2.1053,45.2194],[2.1062,45.2194],[2.1071,45.2194],[2.1084,45.2192],[2.1092,45.2191],[2.1098,45.2193],[2.1099,45.2195],[2.1102,45.2196],[2.1101,45.2194],[2.1096,45.219],[2.1095,45.2188],[2.1098,45.2188],[2.1101,45.2192],[2.1105,45.2194],[2.1114,45.2201],[2.1116,45.2202],[2.1137,45.2198],[2.1138,45.2197],[2.1137,45.219],[2.1135,45.2184],[2.1132,45.2178]]}},{"type":"Feature","properties":{"rang":"departementale"},"geometry":{"type":"LineString","coordinates":[[1.7921,45.3381],[1.7918,45.3378],[1.7916,45.3378],[1.7901,45.3384],[1.7898,45.3384],[1.7893,45.3383],[1.7892,45.338],[1.7894,45.3378],[1.7903,45.3376],[1.7907,45.3374],[1.7908,45.3371],[1.7908,45.3369],[1.7905,45.3364],[1.7901,45.3355],[1.7897,45.3351],[1.7891,45.335],[1.7885,45.3351],[1.7882,45.3354],[1.7881,45.3358],[1.7879,45.3362],[1.7874,45.3364],[1.7869,45.3364],[1.7864,45.3363],[1.7857,45.336],[1.7852,45.3358],[1.7848,45.3358],[1.784,45.3361],[1.7837,45.3362],[1.7824,45.3364],[1.7818,45.3363],[1.7812,45.336],[1.7798,45.3357],[1.779,45.3353],[1.7785,45.3353],[1.7776,45.3353],[1.7768,45.3351],[1.776,45.3345],[1.7755,45.3343],[1.775,45.3341],[1.7736,45.3339],[1.7733,45.3338],[1.773,45.3335],[1.7725,45.3323],[1.7722,45.3317],[1.7717,45.3312],[1.7709,45.3308],[1.7706,45.3306],[1.7701,45.3298],[1.7695,45.3292],[1.7692,45.3288],[1.769,45.3281],[1.7688,45.3279]]}},{"type":"Feature","properties":{"rang":"departementale"},"geometry":{"type":"LineString","coordinates":[[1.7563,45.2597],[1.7565,45.2601],[1.7567,45.2603],[1.7572,45.2605],[1.7581,45.2607]]}},{"type":"Feature","properties":{"rang":"departementale"},"geometry":{"type":"LineString","coordinates":[[1.7596,45.2623],[1.7585,45.2615],[1.758,45.2612],[1.7579,45.2611]]}},{"type":"Feature","properties":{"rang":"departementale"},"geometry":{"type":"LineString","coordinates":[[1.7585,45.2615],[1.7568,45.2624],[1.7563,45.2624],[1.7558,45.2624],[1.755,45.262],[1.7545,45.2617],[1.7535,45.2607],[1.7531,45.2602],[1.7526,45.2598],[1.7523,45.2598]]}},{"type":"Feature","properties":{"rang":"departementale"},"geometry":{"type":"LineString","coordinates":[[1.7594,45.2578],[1.7585,45.2583],[1.7577,45.2585],[1.7569,45.2589]]}},{"type":"Feature","properties":{"rang":"departementale"},"geometry":{"type":"LineString","coordinates":[[1.7607,45.2527],[1.76,45.2524],[1.7593,45.2522],[1.7581,45.2524]]}},{"type":"Feature","properties":{"rang":"departementale"},"geometry":{"type":"LineString","coordinates":[[1.7574,45.2525],[1.7581,45.2523],[1.7585,45.252],[1.759,45.252],[1.7597,45.2522],[1.7602,45.2524],[1.7607,45.2527]]}},{"type":"Feature","properties":{"rang":"departementale"},"geometry":{"type":"LineString","coordinates":[[1.7607,45.2536],[1.7587,45.2544],[1.7587,45.2544],[1.7606,45.2536],[1.7607,45.2535]]}},{"type":"Feature","properties":{"rang":"departementale"},"geometry":{"type":"LineString","coordinates":[[1.7608,45.2535],[1.7609,45.2532],[1.7609,45.253],[1.7607,45.2527]]}},{"type":"Feature","properties":{"rang":"departementale"},"geometry":{"type":"LineString","coordinates":[[1.7608,45.2535],[1.7608,45.2535]]}},{"type":"Feature","properties":{"rang":"departementale"},"geometry":{"type":"LineString","coordinates":[[1.7657,45.251],[1.7652,45.2518],[1.7649,45.2521],[1.7641,45.2527],[1.764,45.2528],[1.764,45.2533],[1.764,45.2536],[1.7634,45.2546],[1.7632,45.255],[1.7629,45.2552],[1.7616,45.2559],[1.7609,45.2564],[1.7605,45.2569],[1.7599,45.2575],[1.7594,45.2578]]}},{"type":"Feature","properties":{"rang":"departementale"},"geometry":{"type":"LineString","coordinates":[[2.0501,45.407],[2.0502,45.407]]}},{"type":"Feature","properties":{"rang":"departementale"},"geometry":{"type":"LineString","coordinates":[[2.0654,45.4029],[2.0656,45.4028],[2.066,45.4034],[2.0682,45.4035],[2.0696,45.4036],[2.0703,45.4036],[2.071,45.4034],[2.0732,45.4027],[2.0756,45.4018]]}},{"type":"Feature","properties":{"rang":"departementale"},"geometry":{"type":"LineString","coordinates":[[2.0601,45.4067],[2.0599,45.4065],[2.0602,45.4065],[2.0602,45.407],[2.0601,45.4073],[2.0602,45.4077],[2.0608,45.4085],[2.0609,45.4089],[2.0609,45.4095],[2.0604,45.4111],[2.0604,45.4114],[2.0606,45.414],[2.0606,45.415],[2.0605,45.4154],[2.0601,45.4159],[2.0597,45.4162],[2.0588,45.4167],[2.0585,45.4168]]}},{"type":"Feature","properties":{"rang":"departementale"},"geometry":{"type":"LineString","coordinates":[[2.0624,45.4053],[2.0656,45.4035],[2.066,45.4034]]}},{"type":"Feature","properties":{"rang":"departementale"},"geometry":{"type":"LineString","coordinates":[[2.0233,45.4016],[2.0229,45.4017]]}},{"type":"Feature","properties":{"rang":"departementale"},"geometry":{"type":"LineString","coordinates":[[2.0379,45.4024],[2.0377,45.4024],[2.0377,45.4022],[2.0379,45.4024]]}},{"type":"Feature","properties":{"rang":"departementale"},"geometry":{"type":"LineString","coordinates":[[2.0379,45.4023],[2.0386,45.4022],[2.0393,45.4022],[2.0407,45.4024],[2.0415,45.4024],[2.0417,45.4026],[2.0423,45.4026],[2.0426,45.4024],[2.0431,45.4024],[2.044,45.4024],[2.046,45.4026]]}},{"type":"Feature","properties":{"rang":"departementale"},"geometry":{"type":"LineString","coordinates":[[2.0202,45.4018],[2.022,45.4017],[2.0224,45.4016]]}},{"type":"Feature","properties":{"rang":"departementale"},"geometry":{"type":"LineString","coordinates":[[2.0378,45.4022],[2.038,45.4015],[2.0381,45.4013],[2.0386,45.4011],[2.0391,45.401]]}},{"type":"Feature","properties":{"rang":"departementale"},"geometry":{"type":"LineString","coordinates":[[2.0393,45.4009],[2.0411,45.4],[2.0416,45.3998],[2.0421,45.3992],[2.0425,45.3991],[2.0428,45.3991],[2.0446,45.3995],[2.0452,45.3995],[2.0472,45.3993],[2.0479,45.3992],[2.0489,45.3994],[2.0495,45.3995],[2.051,45.3999],[2.0515,45.4001],[2.0536,45.4013],[2.0538,45.4014],[2.0565,45.4021],[2.0568,45.4022],[2.0584,45.4033]]}},{"type":"Feature","properties":{"rang":"departementale"},"geometry":{"type":"LineString","coordinates":[[2.0383,45.4775],[2.0372,45.4779],[2.0371,45.4779],[2.0367,45.4778],[2.0353,45.4767],[2.0353,45.4763],[2.0381,45.4737],[2.0383,45.4734],[2.0382,45.4732],[2.0377,45.4729],[2.0369,45.4725],[2.0356,45.4717],[2.0348,45.4715],[2.0344,45.4713],[2.0343,45.4711],[2.0341,45.4699],[2.0338,45.4694],[2.0338,45.4692],[2.0339,45.4687],[2.0338,45.4685],[2.0334,45.4683],[2.0325,45.4682],[2.0322,45.4682],[2.0317,45.4683],[2.0314,45.4683],[2.0304,45.4679],[2.0302,45.4676],[2.0303,45.4673],[2.03,45.4669],[2.0292,45.4666],[2.029,45.4664],[2.0292,45.4659],[2.0292,45.4656],[2.029,45.4654],[2.0286,45.4652],[2.0275,45.4651],[2.0272,45.4648],[2.0272,45.4643],[2.027,45.4641],[2.0264,45.464],[2.0261,45.4637],[2.026,45.4635],[2.0262,45.4632],[2.0261,45.4629],[2.0261,45.4626],[2.0263,45.4624],[2.0267,45.4622],[2.027,45.4623],[2.0274,45.4624],[2.0277,45.4622],[2.0276,45.4617],[2.0274,45.4615],[2.0267,45.4615],[2.0265,45.4614],[2.0263,45.4609],[2.0262,45.46],[2.026,45.4593],[2.0262,45.459],[2.0267,45.459],[2.0268,45.4588],[2.027,45.4585],[2.0273,45.4582],[2.0274,45.458],[2.0274,45.4577],[2.0275,45.4574],[2.0277,45.4572],[2.0279,45.4568],[2.028,45.4566],[2.0287,45.4562],[2.0288,45.456],[2.0296,45.4538],[2.03,45.4528],[2.0301,45.4525],[2.0295,45.4508],[2.0295,45.4504],[2.0295,45.4499],[2.0295,45.4492],[2.0294,45.4488],[2.029,45.4486],[2.0284,45.4483],[2.0283,45.4481],[2.0284,45.4475],[2.0283,45.447],[2.0279,45.4464],[2.028,45.4461],[2.0281,45.4457],[2.028,45.4452],[2.0274,45.4441],[2.0267,45.4428],[2.0265,45.4419],[2.0264,45.4417],[2.0245,45.4395],[2.024,45.4392],[2.0234,45.439],[2.0231,45.4388],[2.0228,45.4383],[2.0227,45.438],[2.0227,45.4378],[2.023,45.4374],[2.0233,45.4368],[2.0236,45.4364],[2.0242,45.4359],[2.0243,45.4355],[2.0244,45.4351],[2.0247,45.4342],[2.0247,45.4338],[2.0243,45.4332],[2.0243,45.4327],[2.0241,45.432],[2.0243,45.4316],[2.0243,45.431],[2.0244,45.4309],[2.0249,45.4302],[2.0254,45.4298],[2.0259,45.4292],[2.0264,45.4287],[2.0266,45.4285],[2.0267,45.428],[2.0269,45.4275]]}},{"type":"Feature","properties":{"rang":"departementale"},"geometry":{"type":"LineString","coordinates":[[2.0377,45.4024],[2.0377,45.4031],[2.0381,45.4047],[2.0381,45.405],[2.0381,45.4057],[2.0379,45.4066],[2.0379,45.4073],[2.038,45.4077],[2.0383,45.4082],[2.0382,45.4085],[2.0374,45.4096],[2.0374,45.4099]]}},{"type":"Feature","properties":{"rang":"departementale"},"geometry":{"type":"LineString","coordinates":[[1.9744,45.4495],[1.9741,45.4489],[1.9742,45.4476],[1.9741,45.4472],[1.9735,45.4466],[1.9732,45.446],[1.9727,45.4454],[1.9718,45.4448],[1.9713,45.4446],[1.971,45.4443],[1.9709,45.444],[1.971,45.4436],[1.9709,45.4433],[1.9706,45.443],[1.9706,45.4424],[1.9704,45.4422],[1.9694,45.4416],[1.9691,45.4415],[1.9685,45.4415],[1.9673,45.4409],[1.967,45.4408],[1.9666,45.4404],[1.9658,45.4404],[1.9648,45.4402],[1.9641,45.4402],[1.9634,45.4404],[1.9629,45.4403],[1.9622,45.4401],[1.9614,45.4396],[1.9602,45.4383],[1.9601,45.4381],[1.9602,45.4374],[1.9601,45.4372],[1.9598,45.437],[1.959,45.437],[1.9584,45.437],[1.9582,45.4369],[1.9576,45.4364],[1.9552,45.4357],[1.9547,45.4355],[1.9545,45.4354],[1.9533,45.4357],[1.9529,45.4357],[1.9523,45.4355],[1.9519,45.4352],[1.9512,45.4349],[1.9444,45.4324],[1.9442,45.4322],[1.9441,45.4318],[1.9443,45.4294],[1.9442,45.4291],[1.9437,45.4289],[1.9437,45.4287],[1.9441,45.4281],[1.944,45.4279],[1.9434,45.4279],[1.9431,45.4278],[1.9429,45.4274],[1.9429,45.4271],[1.9432,45.4264],[1.9432,45.4262],[1.943,45.4261],[1.9423,45.4263],[1.9418,45.4263],[1.9415,45.4261],[1.941,45.4256],[1.9407,45.4256],[1.9401,45.4257],[1.9393,45.4259],[1.9388,45.4258],[1.9386,45.4255],[1.9384,45.4253],[1.9383,45.4246],[1.9384,45.4239],[1.9386,45.4236],[1.9391,45.4231],[1.9392,45.4227],[1.9393,45.4216],[1.9393,45.4212],[1.9392,45.4208],[1.9394,45.4197],[1.9396,45.419],[1.9394,45.4188],[1.9392,45.4186],[1.9386,45.4178],[1.9384,45.4174],[1.9382,45.4172],[1.9376,45.4168],[1.9373,45.4165],[1.9373,45.4159],[1.9373,45.4157],[1.9379,45.4147],[1.9379,45.4144],[1.9378,45.414],[1.9379,45.4138],[1.9384,45.4134],[1.9384,45.4131],[1.9381,45.4122],[1.9381,45.4119],[1.9384,45.4113],[1.9386,45.4106],[1.9385,45.4102],[1.9383,45.4101],[1.9379,45.41],[1.9374,45.4098],[1.9377,45.4096],[1.9376,45.4094],[1.9376,45.4092],[1.9387,45.4092],[1.9397,45.4089],[1.94,45.4087],[1.9403,45.4084],[1.9403,45.408],[1.9399,45.4071],[1.94,45.4068],[1.9406,45.406],[1.9409,45.4057],[1.9421,45.4048],[1.9426,45.4043],[1.9427,45.404],[1.9428,45.4034],[1.9429,45.4031],[1.9432,45.4029],[1.9435,45.4027],[1.9439,45.4026],[1.9448,45.4025],[1.9459,45.4025],[1.9464,45.4023],[1.9467,45.4022],[1.9474,45.4014],[1.9478,45.4013],[1.9489,45.401],[1.9494,45.4009],[1.9504,45.4002],[1.9514,45.3998],[1.9517,45.3997],[1.9527,45.3986],[1.9531,45.3983],[1.9542,45.3981],[1.9551,45.3978],[1.956,45.3976],[1.9567,45.3977],[1.9574,45.398],[1.9577,45.398],[1.958,45.3979],[1.9584,45.3975],[1.9587,45.3974],[1.9592,45.3974],[1.9596,45.3975],[1.96,45.3977],[1.9608,45.398],[1.9619,45.3981],[1.9629,45.3985],[1.9632,45.3985],[1.9643,45.3985],[1.9647,45.3985],[1.9652,45.3983],[1.9666,45.397],[1.9673,45.3964],[1.9676,45.3962],[1.9679,45.3961],[1.9686,45.3962],[1.9705,45.3967],[1.9719,45.3971],[1.973,45.3974],[1.9734,45.3974],[1.9738,45.3974],[1.9742,45.3973],[1.9745,45.397],[1.9748,45.3967],[1.9751,45.3965],[1.9755,45.3963],[1.977,45.3961],[1.9777,45.3959],[1.978,45.3956],[1.9787,45.395],[1.9789,45.3949],[1.9794,45.395],[1.9806,45.3954],[1.981,45.3957],[1.9813,45.3962],[1.9817,45.3965],[1.9823,45.3968],[1.9829,45.3968],[1.9868,45.3966],[1.9872,45.3966],[1.9878,45.3967],[1.9901,45.3974],[1.9905,45.3975],[1.991,45.3974],[1.9918,45.3973],[1.9923,45.3972],[1.9935,45.3973],[1.994,45.3974],[1.9945,45.3976],[1.9972,45.3987],[1.9984,45.3991],[1.9986,45.3992],[1.9993,45.3992],[2.0013,45.399],[2.0017,45.399],[2.0022,45.3992],[2.003,45.3998],[2.0035,45.4],[2.0048,45.4001],[2.0072,45.4008],[2.0086,45.4011],[2.0106,45.4018],[2.0113,45.402],[2.0121,45.402],[2.0126,45.4021],[2.0137,45.4024],[2.0142,45.4024],[2.0152,45.4024],[2.0156,45.4023],[2.0165,45.4021],[2.0172,45.402],[2.0202,45.4018]]}},{"type":"Feature","properties":{"rang":"departementale"},"geometry":{"type":"LineString","coordinates":[[2.0536,45.3931],[2.054,45.3927],[2.0549,45.3916],[2.0552,45.3912],[2.0556,45.3903],[2.056,45.3898],[2.057,45.3891],[2.0574,45.3888]]}},{"type":"Feature","properties":{"rang":"departementale"},"geometry":{"type":"LineString","coordinates":[[2.0534,45.3934],[2.0536,45.3931]]}},{"type":"Feature","properties":{"rang":"departementale"},"geometry":{"type":"LineString","coordinates":[[2.0465,45.4025],[2.0465,45.4027]]}},{"type":"Feature","properties":{"rang":"departementale"},"geometry":{"type":"LineString","coordinates":[[2.0464,45.4026],[2.0465,45.4025],[2.0467,45.4016],[2.0467,45.4012],[2.0465,45.3996],[2.0464,45.3993],[2.047,45.3984],[2.0472,45.3981],[2.0475,45.3979],[2.0485,45.3973],[2.0488,45.3971],[2.0505,45.3967],[2.0509,45.3964],[2.0521,45.3951],[2.0528,45.3944],[2.0534,45.3934]]}},{"type":"Feature","properties":{"rang":"departementale"},"geometry":{"type":"LineString","coordinates":[[2.06,45.4065],[2.0599,45.4062],[2.0603,45.4058],[2.0604,45.4057],[2.0606,45.4047],[2.0606,45.404],[2.0606,45.4038],[2.0603,45.4036],[2.0595,45.4035],[2.0586,45.4034],[2.0584,45.4033]]}},{"type":"Feature","properties":{"rang":"departementale"},"geometry":{"type":"LineString","coordinates":[[2.0654,45.4029],[2.0651,45.4029],[2.0626,45.4036],[2.0621,45.4037],[2.0613,45.4038],[2.0606,45.4038]]}},{"type":"Feature","properties":{"rang":"departementale"},"geometry":{"type":"LineString","coordinates":[[2.0331,45.4016],[2.0341,45.4019],[2.0346,45.402],[2.0354,45.4022],[2.0371,45.4023],[2.0376,45.4023]]}},{"type":"Feature","properties":{"rang":"departementale"},"geometry":{"type":"LineString","coordinates":[[2.033,45.4016],[2.0331,45.4016]]}},{"type":"Feature","properties":{"rang":"departementale"},"geometry":{"type":"LineString","coordinates":[[2.0362,45.4136],[2.0366,45.4123],[2.0369,45.4118],[2.0371,45.4115],[2.0371,45.4108],[2.0372,45.4101],[2.0374,45.4099]]}},{"type":"Feature","properties":{"rang":"departementale"},"geometry":{"type":"LineString","coordinates":[[2.0576,45.3889],[2.0574,45.3888],[2.0574,45.3886],[2.0577,45.3886],[2.0578,45.3887],[2.0576,45.3889]]}},{"type":"Feature","properties":{"rang":"departementale"},"geometry":{"type":"LineString","coordinates":[[2.0319,45.3925],[2.0327,45.3925],[2.0333,45.3924],[2.0345,45.3923],[2.0361,45.3923],[2.0382,45.3925],[2.039,45.3925],[2.0397,45.3924],[2.0405,45.3922],[2.0439,45.3913],[2.0447,45.3911],[2.0454,45.3907],[2.0461,45.3903],[2.0477,45.3891],[2.0492,45.3881],[2.0503,45.3872],[2.0508,45.387],[2.0513,45.3868],[2.052,45.3867],[2.0526,45.3866],[2.0531,45.3867],[2.0536,45.3868],[2.0542,45.387],[2.0563,45.3881],[2.057,45.3884],[2.0575,45.3886]]}},{"type":"Feature","properties":{"rang":"departementale"},"geometry":{"type":"LineString","coordinates":[[2.0742,45.366],[2.0748,45.3655],[2.0753,45.3651],[2.0764,45.3646],[2.077,45.3643],[2.0772,45.364],[2.0773,45.3638],[2.0774,45.363],[2.0775,45.3628],[2.0779,45.3624],[2.0783,45.3622],[2.0796,45.3618],[2.0804,45.3617],[2.0834,45.3616],[2.0842,45.3617],[2.0846,45.3617],[2.0853,45.3615],[2.0933,45.3594],[2.094,45.359],[2.0942,45.3588],[2.0965,45.3555],[2.0966,45.3553],[2.0969,45.3545],[2.097,45.3535],[2.0971,45.3532],[2.0981,45.3501],[2.0987,45.3485],[2.0989,45.3481],[2.1005,45.3466],[2.101,45.3457],[2.1014,45.3454],[2.1024,45.3448],[2.1027,45.3444],[2.1031,45.3432],[2.1033,45.3428],[2.1037,45.3423],[2.1038,45.3419],[2.1037,45.3413],[2.1034,45.3397],[2.1031,45.3382],[2.1032,45.3378],[2.1036,45.3369],[2.1037,45.3366],[2.104,45.3346],[2.1043,45.3331],[2.1044,45.3321],[2.1046,45.331],[2.1048,45.3305],[2.105,45.3301],[2.1053,45.3296],[2.1076,45.328],[2.1084,45.3274],[2.1095,45.3266],[2.1097,45.3264],[2.1099,45.3259],[2.1107,45.3235],[2.1109,45.323],[2.1115,45.3225],[2.1117,45.3224],[2.1153,45.3209],[2.1156,45.3207],[2.1173,45.3197],[2.1178,45.3195],[2.1192,45.3189],[2.1203,45.3184],[2.1208,45.318],[2.1214,45.3174],[2.1219,45.3168],[2.1224,45.3163],[2.1243,45.3149],[2.1249,45.3145],[2.1257,45.3142],[2.1273,45.314],[2.1278,45.3138],[2.1308,45.3128],[2.1319,45.3125],[2.1346,45.312],[2.1352,45.3119],[2.1358,45.3116],[2.1364,45.3111],[2.1377,45.3094],[2.1382,45.3086],[2.1402,45.306],[2.1408,45.3051],[2.1414,45.3046],[2.1423,45.3038],[2.1428,45.3033],[2.1432,45.3027],[2.1442,45.3015],[2.1445,45.3012],[2.1451,45.3009],[2.1457,45.3007],[2.1475,45.3002],[2.1481,45.2999],[2.1483,45.2998],[2.1511,45.298],[2.1513,45.2977],[2.1517,45.2976],[2.1528,45.2969],[2.1533,45.2966],[2.1543,45.2962],[2.155,45.2961],[2.1572,45.2959],[2.1574,45.2958],[2.1588,45.2952],[2.1596,45.295],[2.162,45.295],[2.1624,45.2949],[2.1667,45.2934],[2.1693,45.2925],[2.1698,45.2922],[2.17,45.2919],[2.1701,45.2911],[2.17,45.2907],[2.1698,45.2905],[2.1689,45.29],[2.1687,45.2898],[2.1686,45.2895],[2.1686,45.2887],[2.1685,45.2884],[2.1682,45.2881],[2.1677,45.2875],[2.1671,45.2871],[2.1664,45.2867],[2.1662,45.2865],[2.1662,45.2862],[2.1662,45.2859],[2.1664,45.2857],[2.1676,45.2847],[2.1683,45.2845],[2.1687,45.2843],[2.1693,45.2839],[2.1704,45.2831],[2.1711,45.2828],[2.1714,45.2826],[2.1721,45.282],[2.1726,45.2817],[2.1735,45.2812],[2.1742,45.2807],[2.1749,45.2806],[2.1754,45.2806],[2.1757,45.2808],[2.1758,45.281],[2.1757,45.2817],[2.1757,45.2819],[2.1764,45.2823],[2.1766,45.2826],[2.1768,45.2831],[2.1769,45.2832],[2.1775,45.2832],[2.1787,45.283],[2.1794,45.283],[2.1796,45.2832],[2.1797,45.2835],[2.1794,45.2838],[2.1793,45.2842],[2.1793,45.285],[2.179,45.2854],[2.1784,45.2858],[2.1782,45.2861],[2.1782,45.2867],[2.1783,45.2867],[2.1787,45.2867],[2.1788,45.2867],[2.1788,45.2869],[2.1786,45.2875],[2.1778,45.2886],[2.1777,45.289],[2.1779,45.2896],[2.1783,45.2902],[2.1788,45.2906],[2.1794,45.2908],[2.1798,45.2909],[2.1807,45.291],[2.1812,45.2912],[2.1815,45.2915],[2.1817,45.292],[2.1819,45.2921],[2.1824,45.2923],[2.1827,45.2923],[2.1829,45.2921],[2.1833,45.2914],[2.1832,45.2911],[2.1828,45.2904],[2.1826,45.2902],[2.1818,45.2897],[2.1815,45.2896],[2.1803,45.2895],[2.1801,45.2892],[2.1804,45.2886],[2.1806,45.2883],[2.181,45.2881],[2.1813,45.2881],[2.1815,45.2883],[2.1818,45.2886],[2.1824,45.2888],[2.1831,45.2888],[2.1834,45.2886],[2.1833,45.2884],[2.1827,45.2882],[2.1825,45.2878],[2.1826,45.2871],[2.1829,45.2866],[2.1831,45.286],[2.1834,45.2852],[2.1836,45.2847],[2.1837,45.2844],[2.1839,45.2842],[2.1845,45.2841],[2.1855,45.2842],[2.1859,45.2843],[2.1863,45.2844],[2.1866,45.285],[2.187,45.2853],[2.1883,45.2861],[2.1887,45.2862],[2.1891,45.2861],[2.1896,45.286],[2.1901,45.2859],[2.1903,45.2859],[2.1917,45.2864],[2.1919,45.2864],[2.1923,45.2864],[2.1924,45.286],[2.1919,45.2855],[2.1917,45.2852],[2.1916,45.2849],[2.1916,45.2838],[2.1918,45.2832],[2.1924,45.2825],[2.1925,45.2821],[2.1925,45.2819],[2.1923,45.2815],[2.1918,45.2812],[2.1906,45.2807],[2.19,45.2804],[2.1896,45.28],[2.1893,45.2792],[2.1894,45.2789],[2.1897,45.2788],[2.1924,45.2788],[2.193,45.2789],[2.1933,45.279],[2.1944,45.2797],[2.1948,45.2801],[2.1951,45.2805],[2.1953,45.2806],[2.1957,45.2804],[2.1957,45.2803],[2.1954,45.2799],[2.1956,45.2795],[2.1964,45.2788],[2.1967,45.2787],[2.1979,45.2786],[2.1982,45.2785],[2.1985,45.2782],[2.1984,45.2778],[2.1982,45.2776],[2.1977,45.2774],[2.1973,45.277],[2.1969,45.2766],[2.197,45.2764],[2.1974,45.2763],[2.1981,45.2762],[2.1995,45.276],[2.1999,45.2759],[2.2006,45.2757],[2.2012,45.2754],[2.2026,45.275],[2.2033,45.275],[2.2036,45.2752],[2.2043,45.2761],[2.2046,45.2762],[2.2058,45.277],[2.2068,45.2775],[2.2074,45.2779],[2.2082,45.2782],[2.2086,45.2782],[2.209,45.2782],[2.2098,45.278],[2.21,45.2779],[2.2112,45.277],[2.2117,45.2765],[2.212,45.276],[2.2121,45.2756],[2.2124,45.2742],[2.2125,45.2735],[2.2124,45.273],[2.212,45.2724],[2.212,45.272],[2.2123,45.2713],[2.2127,45.2708],[2.2129,45.2707],[2.2133,45.2706],[2.2141,45.2707],[2.215,45.2707],[2.2156,45.2707],[2.2164,45.2709],[2.2177,45.2708],[2.2193,45.2704],[2.2205,45.2702],[2.2209,45.27],[2.2211,45.2694],[2.221,45.2686],[2.2212,45.2684],[2.2219,45.2681],[2.2226,45.2675],[2.2228,45.2673],[2.2229,45.2668],[2.2231,45.2664],[2.2231,45.2662],[2.2223,45.2643],[2.2221,45.2637],[2.222,45.2629],[2.2218,45.2625],[2.2213,45.2615],[2.2211,45.261],[2.2209,45.2607],[2.221,45.2604],[2.2213,45.2603],[2.2228,45.26],[2.2232,45.2598],[2.2236,45.2589],[2.2237,45.2582],[2.2237,45.2577],[2.2235,45.2572],[2.2231,45.2567],[2.2221,45.2559],[2.2218,45.2555],[2.2216,45.2549],[2.2207,45.2543],[2.2202,45.2539],[2.2196,45.2532],[2.2182,45.2518],[2.218,45.2516],[2.2171,45.2511],[2.2167,45.2508]]}},{"type":"Feature","properties":{"rang":"departementale"},"geometry":{"type":"LineString","coordinates":[[2.0332,45.4163],[2.0336,45.416],[2.0351,45.4149],[2.0357,45.4143],[2.0362,45.4136]]}},{"type":"Feature","properties":{"rang":"departementale"},"geometry":{"type":"LineString","coordinates":[[1.8742,45.3718],[1.8737,45.3713],[1.8733,45.3699],[1.8728,45.3693],[1.8725,45.3691],[1.8725,45.3687],[1.8729,45.3679],[1.8729,45.3676],[1.8727,45.3671],[1.8728,45.3667],[1.8731,45.3665],[1.8737,45.3662],[1.874,45.3659],[1.8744,45.3656],[1.8747,45.3654],[1.8748,45.365],[1.875,45.3646],[1.8753,45.3644],[1.8758,45.3642],[1.8763,45.3643],[1.8773,45.3644],[1.8775,45.3643],[1.8776,45.3641],[1.8775,45.3638],[1.877,45.3632],[1.8763,45.3623],[1.8761,45.3622],[1.8753,45.3621],[1.8745,45.3616],[1.8743,45.3613],[1.8742,45.3608],[1.8741,45.3606],[1.8737,45.3603],[1.8724,45.3599],[1.8722,45.3596],[1.8721,45.3593],[1.8722,45.359],[1.8736,45.3571],[1.8739,45.3568],[1.8746,45.3563],[1.875,45.356],[1.876,45.3557],[1.8763,45.3554],[1.8764,45.3551],[1.8763,45.3549],[1.8755,45.354],[1.8753,45.3537],[1.8753,45.3535],[1.8755,45.3532],[1.8758,45.3531],[1.8765,45.3529],[1.8768,45.3528],[1.877,45.3525],[1.8769,45.3523],[1.8757,45.3507],[1.8755,45.3502],[1.8758,45.3471],[1.8757,45.3465],[1.875,45.3452],[1.8749,45.3448],[1.8743,45.3422],[1.8744,45.3414],[1.8746,45.3404],[1.8759,45.3381],[1.8747,45.3375],[1.8728,45.3367],[1.8725,45.3364],[1.8724,45.3361],[1.872,45.3342],[1.8719,45.3338],[1.8717,45.3336],[1.8704,45.3323],[1.87,45.3317],[1.8689,45.33],[1.869,45.3296]]}},{"type":"Feature","properties":{"rang":"departementale"},"geometry":{"type":"LineString","coordinates":[[1.8744,45.3727],[1.874,45.3738],[1.8737,45.3741],[1.873,45.3744],[1.8729,45.3746],[1.8733,45.3753],[1.8733,45.3755],[1.8731,45.3758],[1.8724,45.3762],[1.8719,45.3764],[1.8712,45.3765],[1.8693,45.3761],[1.8684,45.376],[1.8669,45.3761],[1.8665,45.3761],[1.8662,45.3761],[1.8659,45.3763],[1.8656,45.3766],[1.865,45.3783],[1.8648,45.3789],[1.8648,45.3797]]}},{"type":"Feature","properties":{"rang":"departementale"},"geometry":{"type":"LineString","coordinates":[[1.7855,45.251],[1.7858,45.2512],[1.7863,45.2514],[1.7872,45.2515],[1.7881,45.2516],[1.789,45.2515],[1.7902,45.2512],[1.791,45.2511],[1.7921,45.2509],[1.7926,45.2509],[1.7938,45.2514],[1.7942,45.2515],[1.7956,45.2517],[1.7966,45.2519],[1.7982,45.2524],[1.7988,45.2525],[1.8,45.2524],[1.8006,45.2525],[1.801,45.2526],[1.8022,45.2533],[1.803,45.2539],[1.8033,45.2543],[1.8033,45.2551],[1.8031,45.2556],[1.8026,45.2564],[1.8026,45.2569],[1.8028,45.2572],[1.8033,45.2574],[1.8051,45.2579],[1.806,45.2583],[1.8077,45.2591],[1.8095,45.2602],[1.8102,45.2604],[1.811,45.2605],[1.8114,45.2607],[1.8119,45.2613],[1.8128,45.2619],[1.8134,45.2625],[1.8141,45.2636],[1.8142,45.264],[1.8144,45.2647],[1.8145,45.2671],[1.8145,45.2674],[1.8148,45.2683],[1.8151,45.2689],[1.8154,45.2695],[1.8159,45.27],[1.8169,45.2706],[1.8193,45.2727],[1.8204,45.2731],[1.8211,45.2735],[1.8221,45.2738],[1.823,45.2744],[1.8234,45.2747],[1.8242,45.2757],[1.8245,45.276],[1.8256,45.2767],[1.826,45.277],[1.827,45.2779],[1.8278,45.2786],[1.8283,45.2789],[1.8289,45.279],[1.8302,45.279],[1.8306,45.2791],[1.8317,45.2794],[1.8322,45.2795],[1.8335,45.2796],[1.8351,45.2796],[1.8356,45.2796],[1.8364,45.2794],[1.8371,45.2792],[1.8376,45.279],[1.838,45.279],[1.8384,45.2792],[1.8398,45.2801],[1.8406,45.2805],[1.8414,45.2807],[1.842,45.2807],[1.8426,45.2805],[1.8431,45.2805],[1.8439,45.2807],[1.8446,45.2811],[1.845,45.2814],[1.8453,45.2818],[1.8456,45.2824],[1.8459,45.2829],[1.846,45.2832],[1.846,45.284],[1.846,45.2845],[1.8458,45.2849],[1.8458,45.2852],[1.846,45.2857],[1.8466,45.2864],[1.8469,45.2866],[1.8473,45.2868],[1.8477,45.2868],[1.8481,45.2868],[1.8488,45.2867],[1.8495,45.2867],[1.8499,45.2869],[1.8506,45.2873],[1.851,45.2875],[1.8518,45.2875],[1.8528,45.2872],[1.8534,45.2871],[1.8574,45.2867],[1.8583,45.2866],[1.8599,45.2863],[1.8605,45.2863],[1.8616,45.2866],[1.8623,45.2866],[1.8672,45.2867],[1.8679,45.2868],[1.8691,45.2872],[1.8709,45.2879],[1.8713,45.2881],[1.8753,45.2892],[1.876,45.2893],[1.8767,45.2894],[1.8796,45.2895],[1.8826,45.2897],[1.8866,45.2898],[1.8878,45.2897],[1.8885,45.2894],[1.8895,45.2888],[1.8903,45.2886],[1.8909,45.2887],[1.8916,45.2889],[1.8938,45.2901],[1.8943,45.2902],[1.8947,45.2903],[1.8952,45.2903],[1.8974,45.2902],[1.8982,45.29],[1.8985,45.2899],[1.8998,45.2891],[1.9032,45.2879],[1.9037,45.2876],[1.9043,45.2871],[1.905,45.2863],[1.9052,45.286],[1.9057,45.2857],[1.9095,45.2837],[1.9099,45.2835],[1.9107,45.2833],[1.9138,45.2829],[1.9146,45.283],[1.9151,45.2831],[1.9159,45.2835],[1.9165,45.2837],[1.9171,45.2837],[1.9181,45.2835],[1.9191,45.2835],[1.9208,45.2835],[1.9213,45.2835],[1.9218,45.2833],[1.9247,45.2813],[1.9251,45.2811],[1.9258,45.2808],[1.9265,45.2807],[1.9273,45.2807],[1.9287,45.2808],[1.9291,45.2807],[1.9343,45.2801],[1.936,45.2799],[1.9378,45.2795],[1.9383,45.2794],[1.939,45.2794],[1.9407,45.2798],[1.9423,45.2799],[1.9435,45.2799],[1.9444,45.2799],[1.9461,45.2797],[1.9474,45.2797],[1.9479,45.2797],[1.9487,45.2795],[1.9495,45.2793],[1.9499,45.2791],[1.9517,45.2783],[1.9526,45.2779],[1.9533,45.2776],[1.9536,45.2775],[1.9544,45.2775],[1.9552,45.2775],[1.9557,45.2777],[1.9562,45.2779],[1.9568,45.2784],[1.9577,45.2794],[1.9582,45.2798],[1.9587,45.2801],[1.9592,45.2802],[1.9596,45.2802],[1.9601,45.28],[1.9605,45.2798],[1.961,45.2797],[1.9618,45.2797],[1.9624,45.2796],[1.9631,45.2792],[1.9637,45.2791],[1.9647,45.279],[1.9657,45.2787],[1.9667,45.2785],[1.9674,45.2784],[1.969,45.2785],[1.97,45.2788],[1.9706,45.2789],[1.9708,45.2789],[1.972,45.2781],[1.9721,45.2781],[1.9728,45.2784],[1.9751,45.2791],[1.9753,45.2791],[1.9756,45.279],[1.9763,45.2786],[1.9787,45.2782],[1.9842,45.2771],[1.9864,45.2767],[1.9887,45.2763],[1.9898,45.2761],[1.9906,45.276],[1.9917,45.2759],[1.9922,45.2759],[1.9926,45.276],[1.9929,45.2762],[1.9938,45.2771],[1.9945,45.2773],[1.995,45.2772],[1.9953,45.277],[1.996,45.2764],[1.9963,45.2762],[1.9968,45.2762],[1.9974,45.2764],[2.0012,45.2785],[2.002,45.2789],[2.0024,45.2791],[2.0029,45.2792],[2.0037,45.2791],[2.0041,45.279],[2.0044,45.2788],[2.0074,45.2764],[2.0077,45.2762],[2.0082,45.2761],[2.0089,45.2761],[2.0092,45.2763],[2.0103,45.2772],[2.0106,45.2775],[2.0109,45.2782],[2.0114,45.2785],[2.0125,45.2787],[2.013,45.2787],[2.0134,45.2787],[2.0147,45.2784],[2.0151,45.2783],[2.0162,45.2783],[2.0165,45.2783],[2.0171,45.278],[2.0178,45.2777],[2.0182,45.2774],[2.0198,45.2757],[2.0202,45.2751],[2.0208,45.2742],[2.0212,45.2734],[2.0215,45.273],[2.0219,45.2728],[2.0236,45.2719],[2.0243,45.2717],[2.0263,45.2714],[2.0266,45.2713],[2.0269,45.271],[2.0272,45.271],[2.0278,45.2713],[2.0275,45.2713],[2.0271,45.271]]}},{"type":"Feature","properties":{"rang":"departementale"},"geometry":{"type":"LineString","coordinates":[[2.0602,45.3765],[2.0599,45.3764],[2.06,45.3763],[2.0603,45.3764],[2.0604,45.3761],[2.0625,45.3738],[2.0631,45.3733],[2.0648,45.3724],[2.0657,45.3719],[2.0691,45.37],[2.0699,45.3698],[2.0709,45.3696],[2.0715,45.3694],[2.0719,45.3693],[2.0722,45.369],[2.073,45.3681],[2.0731,45.3679],[2.0732,45.3673],[2.0733,45.3668],[2.0742,45.366]]}},{"type":"Feature","properties":{"rang":"departementale"},"geometry":{"type":"LineString","coordinates":[[1.8405,45.3039],[1.8405,45.3039]]}},{"type":"Feature","properties":{"rang":"departementale"},"geometry":{"type":"LineString","coordinates":[[1.8405,45.3039],[1.8405,45.304],[1.8409,45.3047],[1.8409,45.3051],[1.841,45.3053],[1.8415,45.3056],[1.8428,45.3058],[1.8439,45.3058],[1.8447,45.3059],[1.8453,45.3059],[1.8457,45.3059],[1.846,45.3059],[1.847,45.3053],[1.8478,45.3044],[1.8487,45.3048],[1.8497,45.305],[1.8501,45.3052],[1.8506,45.3058],[1.8509,45.3058],[1.8513,45.3057],[1.8521,45.3056],[1.8526,45.3057],[1.8528,45.3057],[1.8532,45.3055],[1.8537,45.3053],[1.8542,45.3053],[1.8548,45.3053],[1.8555,45.3055],[1.8558,45.3056],[1.8563,45.3055],[1.8575,45.3054],[1.8582,45.3055],[1.8595,45.306],[1.8607,45.3067],[1.861,45.3068],[1.8612,45.3068],[1.8619,45.3065],[1.8623,45.3062],[1.8627,45.3063],[1.8633,45.3066],[1.864,45.3067],[1.8647,45.3069],[1.8665,45.307],[1.8678,45.307],[1.8686,45.3072],[1.8689,45.3074],[1.8689,45.3076],[1.8691,45.3079],[1.8707,45.3084],[1.8713,45.3086],[1.872,45.3091],[1.8733,45.3095],[1.874,45.3097],[1.8754,45.3095],[1.8756,45.3094],[1.8764,45.3088],[1.8771,45.3086],[1.8772,45.3085],[1.878,45.3077],[1.8781,45.3071],[1.8789,45.3062]]}},{"type":"Feature","properties":{"rang":"departementale"},"geometry":{"type":"LineString","coordinates":[[1.8187,45.2722],[1.8183,45.2724],[1.818,45.2728],[1.8177,45.2729],[1.8174,45.2729],[1.8169,45.2726],[1.8164,45.2725],[1.816,45.2727],[1.8158,45.2729],[1.8158,45.2732],[1.816,45.2736],[1.8166,45.274],[1.8169,45.2742],[1.817,45.2746],[1.8168,45.2749],[1.8164,45.275],[1.8162,45.2752],[1.816,45.276],[1.8162,45.277],[1.8161,45.2773],[1.8158,45.2777],[1.8153,45.2784],[1.8148,45.2787],[1.8144,45.2788],[1.8142,45.2787],[1.814,45.2783],[1.8136,45.2783],[1.8131,45.2787],[1.813,45.2799],[1.8127,45.2803],[1.8124,45.2804],[1.8123,45.2803],[1.8121,45.2799],[1.8119,45.2797],[1.8115,45.2799],[1.8111,45.2799],[1.81,45.2796],[1.8095,45.2795],[1.8087,45.2791],[1.808,45.279],[1.8073,45.2786],[1.8064,45.2783],[1.8061,45.278],[1.8059,45.2777],[1.8054,45.2776],[1.805,45.2774],[1.8044,45.2769],[1.804,45.2768],[1.8031,45.2769],[1.8025,45.2769],[1.8022,45.2766],[1.8018,45.276],[1.8014,45.2743],[1.8011,45.2741],[1.8009,45.2741],[1.7998,45.2741],[1.7993,45.2741],[1.7985,45.2743],[1.7981,45.2745],[1.7975,45.2746],[1.797,45.2744],[1.7964,45.2739],[1.7957,45.2735],[1.7954,45.2735],[1.7944,45.2734],[1.7938,45.2735],[1.7935,45.2736],[1.7929,45.2738],[1.7925,45.2739],[1.7918,45.2738],[1.791,45.2736],[1.7906,45.2736],[1.7902,45.2734],[1.7893,45.2734]]}},{"type":"Feature","properties":{"rang":"departementale"},"geometry":{"type":"LineString","coordinates":[[1.8404,45.3037],[1.8403,45.3035],[1.8406,45.3027],[1.8406,45.3023],[1.8403,45.302],[1.8395,45.3019],[1.8393,45.3018],[1.8391,45.3016],[1.839,45.3009],[1.8387,45.3008],[1.8382,45.3008],[1.8373,45.3011],[1.8368,45.3014],[1.836,45.3021],[1.8357,45.3022],[1.8354,45.3022],[1.8353,45.302],[1.8353,45.3015],[1.8355,45.3008],[1.8357,45.2998],[1.8357,45.2997],[1.8353,45.2996],[1.8352,45.2996],[1.8346,45.3002],[1.8339,45.3009],[1.8336,45.3011],[1.8333,45.3011],[1.833,45.3009],[1.8327,45.3005],[1.8326,45.3001],[1.8325,45.2994],[1.8323,45.299],[1.8319,45.2987],[1.8317,45.2984],[1.8317,45.297],[1.8314,45.2958],[1.8312,45.2951],[1.8307,45.2944],[1.8303,45.2942],[1.8266,45.2937],[1.8249,45.2935],[1.8235,45.2934],[1.8228,45.2932],[1.8224,45.2932],[1.8218,45.2934],[1.8207,45.2942],[1.8202,45.2942],[1.8196,45.2941],[1.819,45.2936],[1.8178,45.2927],[1.8168,45.2916],[1.816,45.291],[1.8153,45.2905],[1.8146,45.2899],[1.8142,45.2894],[1.8138,45.2888],[1.8136,45.2881],[1.8137,45.2878],[1.8138,45.2875],[1.8142,45.2871],[1.8143,45.2866],[1.8142,45.2863],[1.814,45.286],[1.8136,45.2857],[1.8128,45.2854],[1.8122,45.2851],[1.8114,45.2842],[1.811,45.2839],[1.8099,45.2834],[1.8096,45.2833],[1.8093,45.2828],[1.8094,45.2822],[1.8093,45.2817],[1.809,45.2813],[1.8087,45.281],[1.8081,45.2806],[1.8067,45.2802],[1.8061,45.2799],[1.8049,45.2793],[1.804,45.2788],[1.8032,45.2782],[1.8028,45.2776],[1.8026,45.2773],[1.8025,45.2769]]}},{"type":"Feature","properties":{"rang":"departementale"},"geometry":{"type":"LineString","coordinates":[[1.8793,45.3213],[1.8797,45.3206],[1.8801,45.32],[1.8805,45.3198],[1.8811,45.3196],[1.8816,45.3193],[1.8819,45.3191],[1.8833,45.3172],[1.8849,45.3153],[1.8856,45.3143],[1.8865,45.3132],[1.8868,45.3128],[1.8869,45.3123],[1.887,45.3121],[1.8866,45.3119],[1.8854,45.3114],[1.885,45.3112],[1.884,45.3111],[1.8838,45.3109],[1.8834,45.3103],[1.8833,45.3099],[1.883,45.3094],[1.8826,45.3093],[1.8822,45.3094],[1.8818,45.3093],[1.8814,45.3087],[1.8811,45.3082],[1.881,45.308],[1.8804,45.3077],[1.8801,45.3076],[1.8785,45.3058],[1.878,45.3055],[1.8776,45.3053],[1.8739,45.3043],[1.8731,45.3042],[1.8719,45.3039],[1.8716,45.3038],[1.8713,45.3035],[1.871,45.3033],[1.8706,45.3033],[1.8693,45.3028],[1.8688,45.3027],[1.8686,45.3024],[1.8686,45.302],[1.8688,45.3017],[1.8704,45.301],[1.8706,45.3009],[1.8705,45.3006],[1.87,45.2996],[1.8693,45.2984],[1.8692,45.298],[1.8694,45.2978],[1.8701,45.2972],[1.8706,45.2969],[1.8708,45.2966],[1.8708,45.2961],[1.8709,45.2952],[1.8709,45.2948],[1.8708,45.2946],[1.8703,45.2943],[1.8691,45.2936],[1.8689,45.2934],[1.8688,45.293],[1.869,45.2926],[1.8694,45.292],[1.8694,45.2918],[1.8691,45.2913],[1.8692,45.2909],[1.8696,45.2905],[1.8701,45.29],[1.8702,45.2897],[1.87,45.2893],[1.87,45.2891],[1.8708,45.288],[1.8712,45.2876],[1.8722,45.2871],[1.8727,45.2866],[1.8734,45.2863],[1.8748,45.2853],[1.875,45.285],[1.875,45.2847],[1.8752,45.2844],[1.8766,45.2835],[1.8768,45.2833],[1.8772,45.2825],[1.8774,45.2822],[1.8799,45.2796],[1.8806,45.2789],[1.8807,45.2783],[1.8804,45.2776],[1.8802,45.2774],[1.8797,45.2773],[1.879,45.2768],[1.8788,45.2767],[1.878,45.2767],[1.8777,45.2765],[1.8777,45.2764],[1.8779,45.2757],[1.8777,45.2755],[1.8771,45.2754],[1.8765,45.275],[1.876,45.2748],[1.8759,45.2746],[1.876,45.2739],[1.8761,45.2736],[1.8764,45.2732],[1.8766,45.2731],[1.8778,45.2726],[1.878,45.2723],[1.8773,45.2712],[1.8771,45.271],[1.8759,45.2707],[1.8755,45.2705],[1.8746,45.2698],[1.8739,45.2695],[1.8732,45.2695],[1.8729,45.2694],[1.8724,45.269],[1.8721,45.2688],[1.8722,45.2685],[1.8727,45.2679],[1.8728,45.2677],[1.8728,45.2675],[1.8726,45.2668],[1.872,45.2666],[1.8724,45.2661],[1.8728,45.2647],[1.8727,45.2645],[1.872,45.264],[1.8718,45.2637],[1.8718,45.2633],[1.8726,45.2621],[1.8727,45.2616],[1.873,45.2612],[1.8731,45.2607],[1.8735,45.2602],[1.8737,45.2597],[1.8737,45.2591],[1.8735,45.2589],[1.8731,45.2589],[1.8724,45.259],[1.8721,45.2589],[1.8718,45.2587],[1.8717,45.2584],[1.8719,45.2582],[1.8737,45.2563],[1.8739,45.256],[1.8745,45.2542],[1.8746,45.2539],[1.8748,45.2537],[1.8752,45.2537],[1.8757,45.2538],[1.8762,45.2542],[1.8765,45.2543],[1.8772,45.2542],[1.8777,45.2539],[1.8783,45.2538],[1.8785,45.2537],[1.8785,45.2534],[1.8786,45.2531],[1.8801,45.2521],[1.8804,45.2518],[1.8808,45.2509],[1.8811,45.2509],[1.8814,45.2512],[1.8816,45.2513],[1.8822,45.2512],[1.8825,45.2514],[1.8826,45.252],[1.8827,45.2521],[1.8837,45.2523],[1.8846,45.2523],[1.8847,45.2522],[1.8851,45.2517],[1.8853,45.2517],[1.8864,45.2518],[1.8867,45.2518],[1.8872,45.2516],[1.8884,45.2513],[1.8886,45.2513],[1.8886,45.251],[1.8881,45.2507],[1.8881,45.2504],[1.8881,45.2494],[1.8882,45.2491],[1.8888,45.2487],[1.8889,45.2482],[1.8889,45.2479],[1.8892,45.2477],[1.8899,45.2475],[1.89,45.2472],[1.8898,45.2468],[1.8897,45.2465],[1.8899,45.2462],[1.8904,45.2458],[1.8904,45.2457],[1.8899,45.2454],[1.8897,45.2452],[1.8896,45.2449],[1.8897,45.2445],[1.8901,45.2435],[1.8899,45.2432],[1.8891,45.2428],[1.8888,45.2423],[1.8886,45.2421],[1.8887,45.2416],[1.8892,45.2408],[1.8899,45.2402],[1.8904,45.2401],[1.8908,45.2398],[1.8912,45.2394],[1.8913,45.2392],[1.8911,45.239],[1.8903,45.2387],[1.8901,45.2386],[1.8908,45.2365],[1.891,45.2364],[1.8915,45.2363],[1.8916,45.2357],[1.8919,45.2354],[1.8925,45.2352],[1.8945,45.2352],[1.8949,45.2354],[1.8952,45.2357],[1.8957,45.2357],[1.8971,45.235],[1.8978,45.2346],[1.8991,45.2334],[1.8992,45.2331],[1.8986,45.2326],[1.8983,45.2322],[1.8979,45.2314],[1.8977,45.2309],[1.8975,45.2307],[1.8972,45.2304],[1.8971,45.2303],[1.8971,45.2298],[1.897,45.229],[1.8967,45.2284],[1.8966,45.228],[1.8967,45.2275],[1.8966,45.2272],[1.8954,45.2261],[1.8952,45.2259],[1.8945,45.2247],[1.8938,45.2242],[1.8935,45.2239],[1.8929,45.2236],[1.8921,45.2232],[1.8919,45.2228],[1.892,45.2225],[1.8919,45.2221],[1.8918,45.2216],[1.8919,45.2209],[1.8919,45.2208],[1.8925,45.2205],[1.894,45.2191],[1.8945,45.2189],[1.8952,45.2188],[1.8962,45.2187],[1.8964,45.2185],[1.8968,45.2181],[1.8963,45.2175],[1.8961,45.2173],[1.8963,45.2167]]}},{"type":"Feature","properties":{"rang":"departementale"},"geometry":{"type":"LineString","coordinates":[[1.8787,45.3287],[1.8778,45.3284],[1.8776,45.3281],[1.8775,45.3277],[1.8777,45.3268],[1.8776,45.3265],[1.8773,45.3262],[1.8771,45.3257],[1.8773,45.3251],[1.8775,45.325],[1.8776,45.3247],[1.8776,45.3242],[1.8775,45.324],[1.8771,45.3236],[1.8769,45.3234],[1.8771,45.323],[1.8775,45.3227],[1.8781,45.3226],[1.8792,45.3215],[1.8793,45.3213]]}},{"type":"Feature","properties":{"rang":"departementale"},"geometry":{"type":"LineString","coordinates":[[1.8942,45.2694],[1.8964,45.2681],[1.8967,45.2679],[1.898,45.2676],[1.8985,45.2674],[1.8995,45.2667],[1.9003,45.2663],[1.9018,45.2653],[1.9025,45.2649],[1.9038,45.2643],[1.9057,45.2632],[1.9061,45.2628],[1.9064,45.2623],[1.9067,45.2621],[1.9074,45.2618],[1.9076,45.2617],[1.9092,45.2607],[1.9116,45.2591],[1.9136,45.2581],[1.9144,45.258],[1.9147,45.2578],[1.9148,45.2574],[1.915,45.2573],[1.9169,45.2562],[1.9181,45.2554],[1.9191,45.2549],[1.9199,45.2546],[1.9224,45.2537],[1.9227,45.2535],[1.9316,45.249],[1.932,45.2489],[1.9351,45.2487],[1.9365,45.2483],[1.9391,45.2479],[1.9404,45.2475],[1.9435,45.2473],[1.9438,45.2473]]}},{"type":"Feature","properties":{"rang":"departementale"},"geometry":{"type":"LineString","coordinates":[[1.9797,45.2282],[1.9812,45.2279],[1.9825,45.2279],[1.9828,45.2278],[1.9837,45.2271],[1.9841,45.2269],[1.9847,45.2268],[1.9853,45.2268],[1.9855,45.2271],[1.9853,45.2278],[1.9852,45.2283],[1.985,45.2285],[1.985,45.2287],[1.9851,45.2289],[1.9857,45.2289],[1.986,45.2291],[1.9865,45.2295],[1.9868,45.2296],[1.9869,45.2299],[1.9871,45.2304],[1.9871,45.2307],[1.9869,45.2311],[1.9869,45.2312],[1.9873,45.2313],[1.9876,45.2311],[1.9883,45.2303],[1.9884,45.2302],[1.9884,45.2298],[1.9882,45.2292],[1.9876,45.2287],[1.9876,45.2285],[1.9878,45.2284],[1.9886,45.2283],[1.9889,45.2282],[1.9896,45.2279],[1.9902,45.2278],[1.991,45.2277],[1.9918,45.2275],[1.9925,45.2275],[1.9936,45.2271],[1.9944,45.2265],[1.9951,45.2263],[1.9954,45.226],[1.996,45.2257],[1.9963,45.2258],[1.9966,45.2259],[1.9973,45.2269],[1.9983,45.2276],[1.999,45.2279],[1.9992,45.2279],[2.0002,45.2278],[2.0007,45.2278],[2.0011,45.2278],[2.0019,45.2272],[2.0019,45.2271],[2.0022,45.2262],[2.0026,45.2256],[2.0028,45.2251],[2.0029,45.2242],[2.0031,45.2239],[2.004,45.2232],[2.0047,45.2228],[2.0049,45.2227]]}},{"type":"Feature","properties":{"rang":"departementale"},"geometry":{"type":"LineString","coordinates":[[1.9348,45.4071],[1.9345,45.4066],[1.9346,45.4064],[1.9349,45.4062],[1.9354,45.4061],[1.936,45.4058],[1.9361,45.4055],[1.9357,45.4052],[1.9354,45.4045],[1.9353,45.4041],[1.9356,45.4036],[1.9353,45.4034],[1.9346,45.4032],[1.9343,45.403],[1.9341,45.4029],[1.9336,45.4019],[1.9335,45.4018],[1.9327,45.4016],[1.9324,45.4012],[1.9324,45.4008],[1.9326,45.4005],[1.9332,45.4],[1.9334,45.3998],[1.9334,45.3995],[1.9332,45.3993],[1.9329,45.3992],[1.9323,45.3991],[1.932,45.3989],[1.9319,45.3986],[1.932,45.3977],[1.9322,45.3975],[1.9328,45.3973],[1.933,45.3969],[1.933,45.3967],[1.9328,45.3961],[1.9328,45.3958],[1.9329,45.3951],[1.9329,45.3949],[1.9324,45.3945],[1.9315,45.3944],[1.9312,45.3943],[1.931,45.3941],[1.9309,45.3937],[1.9304,45.3924],[1.9301,45.3913],[1.9299,45.3909],[1.9298,45.3907],[1.9286,45.39],[1.9283,45.3898],[1.9263,45.3881],[1.926,45.3879],[1.9244,45.3851],[1.924,45.3847],[1.9236,45.3844],[1.9232,45.3838],[1.9235,45.3834],[1.9236,45.3832],[1.9236,45.3829],[1.9232,45.3822],[1.9233,45.3819],[1.9245,45.3815],[1.9247,45.3813],[1.9247,45.3811],[1.9244,45.3805],[1.9241,45.379],[1.924,45.3788],[1.9237,45.3786],[1.9236,45.3782],[1.9238,45.3778],[1.924,45.3774],[1.9241,45.3762],[1.9241,45.3759],[1.9238,45.3755],[1.9237,45.3753],[1.9239,45.3741],[1.9239,45.3738],[1.9236,45.3732],[1.9228,45.3723],[1.9227,45.372],[1.9225,45.3714],[1.9217,45.3701],[1.9216,45.3699],[1.9217,45.3693],[1.9214,45.3687],[1.9214,45.3685],[1.9217,45.3681],[1.9224,45.3678],[1.9226,45.3676],[1.9226,45.3673],[1.9222,45.3665],[1.9219,45.3662],[1.9214,45.3659],[1.9212,45.3654],[1.9209,45.3652],[1.9183,45.3638],[1.9179,45.3636],[1.9169,45.3633],[1.9166,45.3631],[1.9156,45.3622],[1.9149,45.3612],[1.9133,45.3586],[1.9132,45.3584],[1.9117,45.3573],[1.9115,45.3571],[1.911,45.3562],[1.9108,45.3559],[1.9103,45.3555],[1.9099,45.355],[1.909,45.3544],[1.9084,45.3542],[1.9079,45.3538],[1.9078,45.3535],[1.9079,45.3526],[1.9077,45.3523],[1.9074,45.3521],[1.9058,45.3519],[1.9051,45.3517],[1.9043,45.3512],[1.9034,45.3508],[1.9027,45.3504],[1.9023,45.3503],[1.9005,45.3504],[1.9001,45.3504],[1.8989,45.35],[1.8961,45.3489],[1.8957,45.3487],[1.8943,45.3478],[1.8918,45.3467],[1.8915,45.3465],[1.8901,45.3455],[1.8894,45.345],[1.881,45.3407],[1.876,45.3381],[1.8759,45.3381],[1.8768,45.3365],[1.8774,45.3355],[1.8793,45.332]]}},{"type":"Feature","properties":{"rang":"departementale"},"geometry":{"type":"LineString","coordinates":[[1.9326,45.4005],[1.9322,45.4004],[1.9318,45.4007],[1.9307,45.4012],[1.9303,45.4013],[1.9292,45.4013],[1.9289,45.4012],[1.9285,45.4011],[1.928,45.4008],[1.9273,45.4006],[1.927,45.4005],[1.9264,45.4006],[1.9252,45.4011],[1.9225,45.4025],[1.922,45.4031],[1.9215,45.4036],[1.9212,45.4042],[1.9209,45.4044],[1.9204,45.4046],[1.9201,45.4048],[1.9199,45.4055],[1.9196,45.4059],[1.919,45.4065],[1.9187,45.4067],[1.9179,45.407],[1.9175,45.4073],[1.9174,45.408],[1.9176,45.4086],[1.9175,45.4091],[1.9172,45.4096],[1.9172,45.4102],[1.9176,45.4105],[1.9176,45.4109],[1.9171,45.4116],[1.9167,45.4117],[1.9159,45.4117],[1.9156,45.4118],[1.915,45.4121],[1.9134,45.4132],[1.9131,45.4135],[1.9128,45.4137],[1.912,45.4137],[1.9108,45.414],[1.9098,45.4141],[1.909,45.4145],[1.9086,45.4145],[1.9082,45.4148],[1.9082,45.415],[1.9085,45.4154],[1.9085,45.4157],[1.9081,45.4158],[1.9071,45.4157],[1.906,45.4157],[1.9054,45.4158],[1.9042,45.4158],[1.9035,45.4159],[1.9015,45.4166],[1.9011,45.4166],[1.8997,45.4166],[1.8993,45.4167],[1.8989,45.417],[1.8987,45.4172],[1.8984,45.418],[1.898,45.4187],[1.8977,45.4193],[1.8975,45.4195],[1.8966,45.4198],[1.8964,45.42],[1.8962,45.4204],[1.896,45.4205],[1.8955,45.4205],[1.8948,45.4197],[1.8942,45.4194],[1.8941,45.4193],[1.894,45.4186],[1.8939,45.4184],[1.8935,45.4178],[1.8932,45.4176],[1.8926,45.4171],[1.8918,45.4169],[1.8914,45.4169],[1.8911,45.417],[1.8908,45.4172],[1.8905,45.4178],[1.8901,45.4184],[1.8896,45.4187],[1.8891,45.4188],[1.8883,45.4188],[1.8879,45.4188],[1.8876,45.4191],[1.8876,45.4194],[1.8874,45.4199],[1.8872,45.4201],[1.8869,45.4203],[1.8862,45.4205],[1.8853,45.4204],[1.8847,45.4206],[1.8844,45.4208],[1.8842,45.4208],[1.8837,45.4202],[1.8834,45.42],[1.8829,45.42],[1.882,45.42],[1.8814,45.4202],[1.8812,45.4203],[1.8808,45.4209],[1.8803,45.4211],[1.8798,45.4211],[1.8778,45.4211],[1.8775,45.4211],[1.8765,45.4213],[1.8757,45.4215],[1.8754,45.4217],[1.8747,45.4225],[1.8737,45.4234],[1.8732,45.4241],[1.8727,45.4243],[1.8724,45.4242],[1.8717,45.4237],[1.8713,45.4236],[1.8709,45.4237],[1.8704,45.4239],[1.8701,45.4243],[1.8696,45.4244],[1.869,45.4242],[1.8682,45.4235],[1.8676,45.4234],[1.867,45.4234],[1.8654,45.4237],[1.8642,45.424],[1.8638,45.4241],[1.8606,45.4241],[1.8602,45.4241],[1.8595,45.4244],[1.8592,45.4244],[1.8587,45.4242],[1.8584,45.4239],[1.8581,45.4238],[1.8574,45.4238],[1.8565,45.4235],[1.8561,45.4235],[1.855,45.4237],[1.8537,45.4237],[1.8533,45.4236],[1.8523,45.4234],[1.8515,45.4234],[1.851,45.4234],[1.8489,45.4229],[1.8486,45.4228],[1.8481,45.4226],[1.8474,45.4222]]}},{"type":"Feature","properties":{"rang":"departementale"},"geometry":{"type":"LineString","coordinates":[[1.8091,45.4436],[1.8101,45.4435],[1.8106,45.4432],[1.8107,45.4429],[1.8105,45.4416],[1.8105,45.4412],[1.811,45.4404],[1.8116,45.4394],[1.8121,45.4389],[1.8123,45.4385],[1.8122,45.438],[1.8123,45.4377],[1.8126,45.4374],[1.8129,45.4373],[1.8145,45.4364],[1.8149,45.4363],[1.8153,45.4363],[1.816,45.4364],[1.8164,45.4364],[1.8168,45.4362],[1.8172,45.436],[1.8176,45.4355],[1.8186,45.4345],[1.819,45.4344],[1.8195,45.4343],[1.8206,45.4344],[1.8215,45.4344],[1.8219,45.4344],[1.8222,45.4343],[1.8223,45.434],[1.8224,45.4335],[1.8226,45.4332],[1.823,45.4329],[1.8252,45.4318],[1.8273,45.4306],[1.8283,45.43],[1.8289,45.4298],[1.8301,45.4296],[1.8306,45.4294],[1.8311,45.4291],[1.8317,45.4281],[1.8319,45.4279],[1.8323,45.4275],[1.8327,45.4273],[1.8337,45.4271],[1.834,45.4269],[1.8342,45.4266],[1.8344,45.4265],[1.8349,45.4263],[1.8352,45.4262],[1.8359,45.4255],[1.8361,45.4253],[1.8362,45.4247],[1.8346,45.4247],[1.8342,45.4246],[1.8336,45.4242],[1.8334,45.424],[1.8326,45.422],[1.8324,45.4218],[1.8312,45.421],[1.8309,45.4208],[1.8304,45.4199],[1.8301,45.4191],[1.8301,45.4182],[1.8303,45.4176],[1.8304,45.4174],[1.8307,45.4173],[1.8312,45.4172],[1.8316,45.4168],[1.8315,45.4165],[1.8312,45.4157],[1.831,45.4154],[1.8301,45.4147],[1.8289,45.4138],[1.8283,45.4133],[1.8266,45.4119],[1.8264,45.4116],[1.8266,45.409],[1.8268,45.4063],[1.8267,45.4054],[1.8265,45.405],[1.8262,45.4046],[1.8257,45.4038],[1.8257,45.4036],[1.8258,45.4028],[1.8256,45.4014],[1.8257,45.4009],[1.8258,45.4006],[1.8267,45.3995],[1.8269,45.3992],[1.8275,45.3979],[1.8275,45.3975],[1.8273,45.3972],[1.8267,45.3968],[1.8255,45.3964],[1.8248,45.3959],[1.8245,45.3954],[1.8244,45.3949],[1.8246,45.394],[1.8247,45.393],[1.8245,45.3925],[1.8239,45.3915],[1.8235,45.3909],[1.823,45.3906],[1.8224,45.3905],[1.8208,45.3906],[1.8176,45.3906],[1.8164,45.3904],[1.816,45.3904],[1.8154,45.3902],[1.8145,45.3899],[1.814,45.3897],[1.8136,45.3895],[1.813,45.3889],[1.8128,45.3888],[1.8118,45.3883],[1.8091,45.3869],[1.8089,45.3868],[1.8074,45.3854],[1.8067,45.3849],[1.8061,45.3844],[1.8053,45.3833],[1.8045,45.382],[1.8042,45.3818],[1.8036,45.3813],[1.8034,45.3808],[1.8033,45.3805],[1.8033,45.3796],[1.8032,45.3793],[1.8028,45.3784],[1.8027,45.3781],[1.8028,45.3772],[1.8029,45.3767],[1.8033,45.376],[1.8033,45.3756],[1.8025,45.3742],[1.8021,45.3731],[1.8017,45.3727],[1.8002,45.372],[1.7999,45.3719],[1.7996,45.3714],[1.7989,45.37],[1.7987,45.3695],[1.7984,45.3692],[1.7968,45.3679],[1.7963,45.3673],[1.7954,45.3657],[1.7951,45.3651],[1.7951,45.3648],[1.7954,45.3629],[1.7954,45.3624],[1.7955,45.3617],[1.7958,45.3612],[1.7967,45.3604],[1.7969,45.3601],[1.797,45.3592],[1.7972,45.3583],[1.7971,45.358],[1.7964,45.3561],[1.7962,45.3557],[1.7953,45.3548],[1.7951,45.3544],[1.7951,45.3541],[1.7955,45.3535],[1.7956,45.3531],[1.7955,45.3528],[1.7948,45.3523],[1.7944,45.3518],[1.7939,45.35],[1.7939,45.3494],[1.7942,45.3489],[1.7945,45.3484],[1.7946,45.348],[1.7942,45.3476],[1.7936,45.3472],[1.7934,45.347],[1.7929,45.3463],[1.7926,45.3458],[1.7924,45.3454],[1.7924,45.3447],[1.7926,45.3429],[1.7925,45.3422],[1.7923,45.3418],[1.792,45.3413],[1.7917,45.341],[1.7914,45.3408],[1.791,45.3406],[1.7906,45.3404],[1.7905,45.3401],[1.7905,45.3398],[1.7906,45.3395],[1.7909,45.3393],[1.792,45.3385],[1.7922,45.3383],[1.7921,45.3381]]}},{"type":"Feature","properties":{"rang":"departementale"},"geometry":{"type":"LineString","coordinates":[[1.7884,45.4457],[1.7883,45.4443],[1.7883,45.444],[1.7876,45.4423],[1.7873,45.442],[1.7852,45.441],[1.7837,45.44],[1.7836,45.4398],[1.7837,45.4395],[1.7835,45.4392],[1.783,45.439],[1.7825,45.4389],[1.7812,45.439],[1.7809,45.4389],[1.7803,45.4386],[1.7796,45.4384],[1.7771,45.4385],[1.7765,45.4384],[1.7761,45.4382],[1.7743,45.4367],[1.7733,45.436],[1.7728,45.4357],[1.7685,45.4335],[1.7673,45.4327],[1.7671,45.4323],[1.7672,45.432],[1.768,45.431],[1.7682,45.4306],[1.7684,45.429],[1.7683,45.4287],[1.7677,45.428],[1.7676,45.4279],[1.7676,45.4275],[1.7682,45.4259],[1.7685,45.4222],[1.7689,45.4183],[1.7692,45.4176],[1.7701,45.416],[1.7701,45.4156],[1.7699,45.4154],[1.7699,45.4152],[1.7702,45.4142],[1.7708,45.4132],[1.7708,45.4129],[1.7705,45.4123],[1.7695,45.4115]]}},{"type":"Feature","properties":{"rang":"departementale"},"geometry":{"type":"LineString","coordinates":[[2.0231,45.2526],[2.0218,45.252],[2.0204,45.2515],[2.02,45.2513],[2.0195,45.2508],[2.0192,45.2505],[2.0187,45.2495],[2.0186,45.2491],[2.0185,45.2486],[2.0188,45.2472],[2.0188,45.2469],[2.0187,45.2458],[2.0187,45.2453],[2.0189,45.2445],[2.0195,45.2426],[2.0202,45.2407],[2.0205,45.2397],[2.0205,45.2391],[2.0203,45.2379],[2.0199,45.2359],[2.0198,45.2347],[2.0196,45.234],[2.0195,45.2337],[2.0191,45.2333],[2.0187,45.2329],[2.018,45.2325],[2.0158,45.2315],[2.014,45.2307],[2.0137,45.2304],[2.0132,45.23],[2.011,45.2281],[2.0103,45.2275],[2.0085,45.2263],[2.0077,45.2259],[2.0068,45.2254],[2.0061,45.2251],[2.0055,45.2245],[2.0052,45.2242],[2.0051,45.2237]]}},{"type":"Feature","properties":{"rang":"departementale"},"geometry":{"type":"LineString","coordinates":[[2.0453,45.4814],[2.0456,45.4816],[2.0462,45.4817],[2.0465,45.4819],[2.0468,45.4826],[2.0469,45.4829],[2.0468,45.4832],[2.0466,45.4835],[2.0466,45.4837],[2.0467,45.4841],[2.0463,45.4845],[2.046,45.485],[2.0456,45.4855],[2.0456,45.4857],[2.0457,45.4858],[2.0461,45.4857],[2.0467,45.4853],[2.0472,45.4851],[2.0475,45.4853],[2.0475,45.4856],[2.0477,45.4858],[2.0483,45.4858],[2.0488,45.4859],[2.0493,45.486],[2.0495,45.4862],[2.0499,45.487],[2.0499,45.4875],[2.05,45.4877],[2.0507,45.4886],[2.051,45.4888],[2.0518,45.4891],[2.0523,45.4891],[2.0539,45.4888],[2.0543,45.4888],[2.0563,45.4892],[2.0566,45.4893],[2.0575,45.4896],[2.0582,45.4899],[2.0586,45.4903],[2.0587,45.4907],[2.0587,45.491],[2.0586,45.4913],[2.0579,45.4918],[2.0579,45.492],[2.0581,45.4922],[2.0584,45.4923],[2.0597,45.4926],[2.0602,45.493],[2.0609,45.4936],[2.0611,45.494],[2.0611,45.4943],[2.0608,45.4946],[2.0603,45.495],[2.0602,45.4953],[2.0602,45.4963],[2.0601,45.4969],[2.0603,45.4972],[2.0608,45.4974],[2.0618,45.4977],[2.0624,45.4978],[2.0626,45.4981],[2.0625,45.4987],[2.0626,45.4992],[2.0635,45.5002],[2.0636,45.5005],[2.0633,45.5008],[2.0633,45.5013],[2.0635,45.5016],[2.0647,45.5026],[2.0652,45.5027],[2.0654,45.5025],[2.0655,45.5023],[2.0655,45.5019],[2.0656,45.5018],[2.0659,45.5017],[2.0666,45.5022],[2.0669,45.5025],[2.0676,45.5031],[2.068,45.5036],[2.0686,45.5045],[2.069,45.5049],[2.0695,45.5053],[2.07,45.5058],[2.0705,45.5061],[2.0712,45.5065],[2.0715,45.5068],[2.0718,45.5071],[2.0726,45.5075],[2.0732,45.508],[2.0734,45.5081],[2.0741,45.5084],[2.0754,45.5091],[2.0759,45.5093],[2.0763,45.5093],[2.0766,45.5093],[2.0769,45.5093],[2.0779,45.5097],[2.0781,45.5098],[2.0794,45.5099],[2.0802,45.5098],[2.0807,45.5097]]}},{"type":"Feature","properties":{"rang":"departementale"},"geometry":{"type":"LineString","coordinates":[[1.7547,45.2596],[1.7547,45.2596]]}},{"type":"Feature","properties":{"rang":"departementale"},"geometry":{"type":"LineString","coordinates":[[1.7547,45.2596],[1.7556,45.2594]]}},{"type":"Feature","properties":{"rang":"departementale"},"geometry":{"type":"LineString","coordinates":[[2.0503,45.4069],[2.055,45.4072],[2.0572,45.4073],[2.0577,45.4073],[2.0582,45.4072],[2.0594,45.4069],[2.0599,45.4066]]}},{"type":"Feature","properties":{"rang":"departementale"},"geometry":{"type":"LineString","coordinates":[[1.8792,45.5136],[1.8801,45.5136],[1.8809,45.5134],[1.8811,45.5132],[1.8822,45.5123],[1.8828,45.5117],[1.8832,45.5107],[1.8835,45.5104],[1.8837,45.5101],[1.8837,45.5089],[1.8838,45.5086],[1.8841,45.508],[1.8843,45.5073],[1.8844,45.5069],[1.885,45.5063],[1.8858,45.5051],[1.8861,45.5045],[1.8863,45.5038],[1.8863,45.5033],[1.8862,45.5023],[1.8862,45.5018],[1.8865,45.5014],[1.8874,45.5007],[1.8883,45.5003],[1.889,45.5003],[1.8894,45.5005],[1.8896,45.5006],[1.8898,45.5013],[1.89,45.5014],[1.8904,45.5015],[1.8906,45.5014],[1.8911,45.501],[1.8914,45.5009],[1.892,45.5007],[1.8923,45.5005],[1.8925,45.5],[1.8928,45.4996],[1.893,45.4992],[1.893,45.4988],[1.8931,45.4985],[1.894,45.4978],[1.8942,45.4973],[1.8942,45.497],[1.8947,45.4959],[1.8954,45.4951],[1.8965,45.4932],[1.8969,45.4926],[1.8972,45.4923],[1.8978,45.492],[1.8986,45.4916],[1.8995,45.4915],[1.9025,45.4912],[1.9031,45.491],[1.9035,45.4908],[1.905,45.4901],[1.9065,45.4896],[1.9073,45.4889],[1.9076,45.4888],[1.908,45.4887],[1.9087,45.4886],[1.9092,45.4884],[1.9095,45.4881],[1.9095,45.4876],[1.9097,45.4873],[1.9107,45.4859],[1.9109,45.4857],[1.9112,45.4856],[1.9116,45.4856],[1.9122,45.4859],[1.913,45.4859],[1.9136,45.4861],[1.9139,45.4863],[1.9143,45.4866],[1.9153,45.4874],[1.9156,45.4876],[1.9159,45.4877],[1.9168,45.4876],[1.9172,45.4874],[1.9173,45.4873],[1.9174,45.4869],[1.9173,45.4863],[1.9175,45.4857],[1.9176,45.4855],[1.9184,45.4846],[1.9192,45.4839],[1.9197,45.4836],[1.92,45.4832],[1.9197,45.4828],[1.9198,45.4825],[1.9201,45.4824],[1.9207,45.4823],[1.9211,45.4821],[1.9215,45.4816],[1.9224,45.4799],[1.9225,45.4797],[1.9225,45.4793],[1.9223,45.4787],[1.9219,45.4779],[1.9215,45.4773],[1.9217,45.4771],[1.922,45.4769],[1.9221,45.4766],[1.9218,45.4761],[1.9214,45.4751],[1.9209,45.4743],[1.921,45.474],[1.9212,45.4738],[1.9216,45.4735],[1.9223,45.4733],[1.9227,45.4732],[1.9239,45.4732],[1.9256,45.4733],[1.9262,45.4732],[1.9264,45.473],[1.9266,45.4728],[1.9274,45.4711],[1.9275,45.4709],[1.9278,45.4709],[1.9283,45.471],[1.9285,45.471],[1.929,45.4714],[1.9294,45.4717],[1.9299,45.4717],[1.9304,45.4716],[1.931,45.4713],[1.9316,45.4709],[1.932,45.4706],[1.9325,45.4703],[1.9329,45.4698],[1.9335,45.4696],[1.9343,45.4694],[1.9347,45.4692],[1.9357,45.4687],[1.936,45.4685],[1.9363,45.468],[1.9373,45.4671],[1.9377,45.4669],[1.9386,45.4665],[1.9396,45.4659],[1.94,45.4658],[1.9404,45.4658],[1.9409,45.4658],[1.9412,45.4657],[1.9413,45.4655],[1.9412,45.4651],[1.9413,45.4649],[1.9416,45.4647],[1.9422,45.4644],[1.9427,45.4644],[1.9431,45.4646],[1.9434,45.4651],[1.9435,45.4658],[1.9436,45.4663],[1.9439,45.4668],[1.9441,45.4669],[1.9451,45.4673],[1.9456,45.4677],[1.9464,45.4687],[1.9466,45.4689],[1.9471,45.4688],[1.9473,45.4686],[1.9468,45.4676],[1.9467,45.4673],[1.9467,45.4668],[1.9471,45.4657],[1.9471,45.4653],[1.9471,45.4646],[1.9469,45.4637],[1.947,45.4633],[1.9479,45.462],[1.9484,45.4617],[1.9493,45.4611],[1.9497,45.4605],[1.9511,45.4594],[1.9515,45.4591],[1.9521,45.4589],[1.9525,45.4588],[1.953,45.4588],[1.9546,45.4591],[1.9551,45.4593],[1.9554,45.4595],[1.9561,45.46],[1.9567,45.4603],[1.9573,45.4603],[1.9594,45.4599],[1.9607,45.4597],[1.9614,45.4595],[1.9619,45.459],[1.9623,45.4585],[1.9626,45.4582],[1.9629,45.4581],[1.9648,45.4576],[1.9653,45.4575],[1.9663,45.4574],[1.9673,45.4574],[1.9696,45.4575],[1.9699,45.4574],[1.9706,45.4571],[1.9733,45.4543],[1.9746,45.453],[1.9751,45.4525],[1.9756,45.452],[1.9764,45.4516],[1.9782,45.4504],[1.979,45.4501],[1.9797,45.4499],[1.9803,45.4496],[1.983,45.4475],[1.9835,45.4472],[1.9841,45.4471],[1.986,45.4468],[1.9865,45.4468],[1.9873,45.4468],[1.9879,45.4467],[1.9884,45.4464],[1.9887,45.4459],[1.989,45.4456],[1.9912,45.4439],[1.9915,45.4436],[1.9916,45.4432],[1.9914,45.4429],[1.9908,45.4421],[1.9906,45.4417],[1.9907,45.4413],[1.9908,45.4411],[1.9913,45.4407],[1.992,45.4405],[1.9933,45.4403],[1.9938,45.4401],[1.994,45.4399],[1.9969,45.4374],[1.9971,45.4372],[1.9974,45.4365],[1.9982,45.435],[1.9984,45.4346],[1.9987,45.4343],[1.9997,45.4336],[2.0,45.4334],[2.0006,45.4332],[2.0011,45.4331],[2.0058,45.4326],[2.0075,45.4323],[2.0085,45.4323],[2.0096,45.4323],[2.0101,45.4322],[2.0105,45.4321],[2.011,45.4317],[2.0115,45.4315],[2.012,45.4314],[2.0126,45.4315],[2.013,45.4317],[2.0139,45.4324],[2.0144,45.4326],[2.0148,45.4327],[2.0153,45.4328],[2.0162,45.4326],[2.0168,45.4324],[2.0179,45.4318],[2.0184,45.4314],[2.0188,45.431],[2.0191,45.4304],[2.0194,45.43],[2.0198,45.4296],[2.022,45.4283],[2.0231,45.4278],[2.0237,45.4277],[2.0242,45.4276],[2.0253,45.4276],[2.0267,45.4275],[2.0271,45.4274],[2.0275,45.427],[2.0288,45.4249],[2.0296,45.4239],[2.0298,45.4236],[2.03,45.423],[2.0306,45.4209],[2.0307,45.4205],[2.0317,45.419],[2.0319,45.4186],[2.0326,45.4172],[2.0328,45.4168],[2.0332,45.4163]]}},{"type":"Feature","properties":{"rang":"departementale"},"geometry":{"type":"LineString","coordinates":[[1.9883,45.4812],[1.9882,45.4808],[1.9881,45.4806],[1.9867,45.4799],[1.9854,45.4793],[1.9848,45.4786],[1.9847,45.4783],[1.9849,45.4771],[1.9848,45.4768],[1.9846,45.4767],[1.9834,45.4763],[1.9827,45.4759],[1.9825,45.4756],[1.9824,45.4752],[1.9825,45.4746],[1.9827,45.4739],[1.983,45.4736],[1.983,45.4729],[1.9832,45.4724],[1.9829,45.472],[1.9829,45.4718],[1.9833,45.4709],[1.9836,45.4706],[1.9852,45.4699],[1.9854,45.4697],[1.9852,45.4696],[1.9844,45.4694],[1.9838,45.4691],[1.9833,45.4685],[1.9832,45.4683],[1.9832,45.4679],[1.9833,45.4676],[1.9842,45.4664],[1.9843,45.4663],[1.9849,45.4661],[1.985,45.4659],[1.985,45.4657],[1.9851,45.4655],[1.9854,45.4653],[1.9856,45.4651],[1.9855,45.4649],[1.9851,45.4649],[1.9845,45.4649],[1.9842,45.4651],[1.9838,45.465],[1.9828,45.4645],[1.9826,45.4643],[1.9826,45.4638],[1.9824,45.4635],[1.9814,45.4625],[1.9811,45.4622],[1.9811,45.4619],[1.9816,45.4616],[1.9822,45.4612],[1.9824,45.461],[1.9828,45.4607],[1.9828,45.4604],[1.983,45.4602],[1.9835,45.4598],[1.984,45.4593],[1.9845,45.459],[1.9855,45.4583],[1.9862,45.4578],[1.9864,45.4576],[1.9868,45.4568],[1.987,45.4567],[1.9878,45.4565],[1.9881,45.4564],[1.9888,45.4559],[1.9887,45.4556],[1.9884,45.4554],[1.9884,45.4552],[1.9886,45.455],[1.9885,45.4548],[1.988,45.4547],[1.9879,45.4544],[1.9881,45.454],[1.9886,45.4537],[1.989,45.4536],[1.9894,45.4536],[1.9898,45.4533],[1.9902,45.4533],[1.9906,45.4534],[1.9908,45.4534],[1.9913,45.4532],[1.9917,45.4531],[1.992,45.453],[1.9926,45.4522],[1.9926,45.452],[1.9923,45.4517],[1.9916,45.4511],[1.9914,45.4508],[1.9915,45.4504],[1.9914,45.4501],[1.991,45.4497],[1.991,45.4492],[1.9907,45.449],[1.9906,45.4489],[1.9899,45.4489],[1.9897,45.4488],[1.9897,45.4484],[1.9897,45.4482],[1.9892,45.4478],[1.989,45.4475],[1.9889,45.4472],[1.9889,45.4462],[1.9891,45.4459],[1.9891,45.4457],[1.989,45.4456]]}},{"type":"Feature","properties":{"rang":"departementale"},"geometry":{"type":"LineString","coordinates":[[1.9883,45.4813],[1.9883,45.4812]]}},{"type":"Feature","properties":{"rang":"departementale"},"geometry":{"type":"LineString","coordinates":[[2.0589,45.3343],[2.0594,45.3339],[2.0604,45.3336],[2.0618,45.3329],[2.0623,45.3325],[2.0625,45.3323],[2.0632,45.3314],[2.0635,45.3311],[2.0643,45.3306],[2.0647,45.3302],[2.0649,45.3299],[2.0651,45.3292],[2.0651,45.3271],[2.065,45.3265],[2.0647,45.3258],[2.0642,45.3252],[2.0638,45.3248],[2.0633,45.3245],[2.0626,45.3241],[2.061,45.3233],[2.0604,45.3229],[2.0602,45.3224],[2.0601,45.3222],[2.0603,45.3211],[2.0603,45.3207],[2.0599,45.3201],[2.0586,45.3183],[2.0582,45.3179],[2.0574,45.3172],[2.0559,45.3162],[2.0557,45.316],[2.0552,45.3152],[2.055,45.315],[2.0541,45.3146],[2.0538,45.3143],[2.0536,45.3139],[2.0534,45.3134],[2.0532,45.313],[2.0527,45.3126],[2.0524,45.3122],[2.0523,45.3114],[2.0522,45.3111],[2.0519,45.3107],[2.0511,45.31],[2.0508,45.3095],[2.0494,45.3061],[2.0488,45.3053],[2.0487,45.3049],[2.049,45.3042],[2.0491,45.3038],[2.049,45.3026],[2.0488,45.3022],[2.0483,45.301],[2.0483,45.3006],[2.0484,45.3004],[2.049,45.2999],[2.0492,45.2997],[2.0493,45.2993],[2.0492,45.299],[2.0489,45.2986],[2.0473,45.2971],[2.0472,45.2968],[2.047,45.2965],[2.0468,45.2949],[2.0468,45.2946],[2.0471,45.2941],[2.0476,45.2936],[2.0478,45.2932],[2.0477,45.293],[2.0475,45.2926],[2.0471,45.2923],[2.0461,45.2919],[2.0449,45.2912],[2.0444,45.2909],[2.0441,45.2905],[2.0441,45.2902],[2.0441,45.2892],[2.044,45.2884],[2.0437,45.2878],[2.0434,45.2873],[2.0428,45.2867],[2.0406,45.2851],[2.0404,45.2848],[2.0401,45.2844],[2.0391,45.2827],[2.0389,45.2824],[2.0378,45.2811],[2.0373,45.2806],[2.0358,45.2785],[2.0356,45.2781],[2.0354,45.2772],[2.0349,45.2766],[2.0349,45.2764],[2.0351,45.2765],[2.0379,45.2774],[2.0388,45.2776],[2.042,45.2778],[2.0423,45.2779],[2.0433,45.2782],[2.0438,45.2786],[2.0442,45.279],[2.0444,45.2793],[2.0444,45.2797],[2.0446,45.28],[2.0455,45.2804],[2.0466,45.2807],[2.0472,45.2809],[2.048,45.2813],[2.0486,45.2815],[2.0495,45.2815],[2.0501,45.2816],[2.0514,45.2821],[2.0518,45.2822],[2.0527,45.2822],[2.0529,45.2823],[2.0544,45.283],[2.0559,45.2837],[2.0572,45.2841],[2.0577,45.2842],[2.058,45.284],[2.0589,45.2834],[2.0594,45.2832],[2.0619,45.2828],[2.0623,45.2828],[2.0643,45.2827],[2.0646,45.2827],[2.0653,45.283],[2.0659,45.2832],[2.0672,45.2834],[2.0681,45.2832],[2.0713,45.2819],[2.0718,45.2816],[2.0746,45.2789],[2.0749,45.2787],[2.0754,45.2784],[2.0802,45.2764],[2.0808,45.2762],[2.0821,45.2759],[2.0824,45.2757],[2.0827,45.2755]]}},{"type":"Feature","properties":{"rang":"departementale"},"geometry":{"type":"LineString","coordinates":[[1.9652,45.2402],[1.9647,45.2405],[1.9645,45.241],[1.9644,45.2413],[1.9637,45.2418],[1.9635,45.2421],[1.9633,45.2422],[1.9629,45.2421],[1.9619,45.2421],[1.9613,45.2423],[1.9606,45.2427],[1.9603,45.2427],[1.9595,45.2425],[1.9586,45.2426],[1.9577,45.2427],[1.9574,45.2427],[1.9566,45.2425],[1.9561,45.2424],[1.9546,45.2425],[1.9544,45.2426],[1.9531,45.2435],[1.9523,45.2438],[1.9521,45.2439],[1.9511,45.245],[1.9506,45.2453],[1.9501,45.2456],[1.9485,45.2463],[1.9479,45.2464],[1.9477,45.2467],[1.9474,45.2475],[1.9471,45.2479],[1.9465,45.2482],[1.9462,45.2482],[1.9456,45.2481],[1.9451,45.2479],[1.9446,45.2478],[1.9442,45.2479],[1.9438,45.2473]]}},{"type":"Feature","properties":{"rang":"departementale"},"geometry":{"type":"LineString","coordinates":[[2.0275,45.2713],[2.0263,45.2714]]}},{"type":"Feature","properties":{"rang":"departementale"},"geometry":{"type":"LineString","coordinates":[[2.0583,45.3721],[2.0571,45.3696],[2.0569,45.3692],[2.0564,45.368],[2.0563,45.3674],[2.0564,45.3669],[2.0568,45.3653],[2.057,45.3645],[2.0571,45.363],[2.0574,45.359],[2.0575,45.3579],[2.0577,45.355],[2.0579,45.3542],[2.058,45.3537],[2.0582,45.3531],[2.0586,45.3524],[2.0588,45.352],[2.0595,45.351],[2.06,45.3504],[2.0601,45.3499],[2.0607,45.3479],[2.061,45.3474],[2.0615,45.3467],[2.0625,45.3457],[2.0626,45.3453],[2.0626,45.3449],[2.0622,45.3433],[2.0621,45.3428],[2.0621,45.3415],[2.0621,45.3407],[2.062,45.3404],[2.0619,45.3401],[2.0616,45.3399],[2.0596,45.3382],[2.0593,45.3379],[2.0592,45.3376],[2.0593,45.3374],[2.0597,45.3366],[2.0597,45.3361],[2.0594,45.3357],[2.0587,45.3351],[2.0586,45.3348],[2.0587,45.3345],[2.0589,45.3343]]}},{"type":"Feature","properties":{"rang":"departementale"},"geometry":{"type":"LineString","coordinates":[[2.0466,45.3993],[2.0465,45.3995]]}},{"type":"Feature","properties":{"rang":"departementale"},"geometry":{"type":"LineString","coordinates":[[2.1168,45.3887],[2.1165,45.3886],[2.1163,45.3887],[2.1161,45.389],[2.1158,45.3891],[2.1155,45.3894],[2.1149,45.3899],[2.1146,45.3903],[2.1142,45.3906],[2.1136,45.3906],[2.1133,45.3904],[2.112,45.3898],[2.1111,45.3896],[2.1106,45.3895],[2.1098,45.3891],[2.1094,45.3888],[2.1085,45.3886],[2.1082,45.3883],[2.1078,45.3883],[2.1072,45.3885],[2.1064,45.3884],[2.1055,45.3884],[2.1052,45.3884],[2.1046,45.3881],[2.1039,45.3876],[2.1032,45.3874],[2.1028,45.3872],[2.1024,45.3871],[2.1016,45.3874],[2.1013,45.3875],[2.1009,45.3873],[2.1,45.3865],[2.0995,45.3864],[2.0989,45.3867],[2.0986,45.3867],[2.0977,45.3863],[2.0972,45.3859],[2.0962,45.3852],[2.0958,45.3851],[2.0953,45.3851],[2.0947,45.3851],[2.0941,45.3852],[2.0935,45.3854],[2.0917,45.3863],[2.0892,45.388],[2.0882,45.3887],[2.0879,45.3889],[2.0874,45.3896],[2.0867,45.39],[2.0865,45.3903],[2.0865,45.3909],[2.0867,45.3912],[2.0877,45.3914],[2.0879,45.3916],[2.0881,45.3921],[2.0884,45.3927],[2.0888,45.3932],[2.0894,45.3938],[2.0895,45.3942],[2.089,45.3952],[2.0888,45.3955],[2.0885,45.3957],[2.088,45.3958],[2.0871,45.3964],[2.0867,45.3966],[2.0861,45.3967],[2.0853,45.3971],[2.0845,45.3971],[2.0839,45.3973],[2.0837,45.3974],[2.083,45.398],[2.0823,45.3986],[2.0819,45.399],[2.0806,45.3995],[2.0796,45.4001],[2.0767,45.4014],[2.0756,45.4018]]}},{"type":"Feature","properties":{"rang":"departementale"},"geometry":{"type":"LineString","coordinates":[[1.9374,45.4098],[1.9369,45.4097],[1.9367,45.4096],[1.9359,45.4088],[1.9348,45.4071]]}},{"type":"Feature","properties":{"rang":"departementale"},"geometry":{"type":"LineString","coordinates":[[2.0327,45.3925],[2.032,45.3927]]}},{"type":"Feature","properties":{"rang":"departementale"},"geometry":{"type":"LineString","coordinates":[[2.0224,45.4018],[2.022,45.4017]]}},{"type":"Feature","properties":{"rang":"departementale"},"geometry":{"type":"LineString","coordinates":[[2.0233,45.4016],[2.0262,45.4012],[2.0264,45.4012],[2.0281,45.4013],[2.03,45.4014],[2.0322,45.4015],[2.033,45.4016]]}},{"type":"Feature","properties":{"rang":"departementale"},"geometry":{"type":"LineString","coordinates":[[2.0228,45.4016],[2.0233,45.4016]]}},{"type":"Feature","properties":{"rang":"departementale"},"geometry":{"type":"LineString","coordinates":[[1.9924,45.5052],[1.9926,45.5051],[1.9925,45.5048],[1.9922,45.5046],[1.9918,45.5046],[1.9913,45.5045],[1.9904,45.5038],[1.9898,45.503],[1.9895,45.5028],[1.9889,45.5025],[1.9886,45.5022],[1.9884,45.5003],[1.9884,45.5],[1.9881,45.4994],[1.9881,45.4986],[1.9882,45.4974],[1.9881,45.4968],[1.9883,45.4963],[1.9888,45.4956],[1.9889,45.4953],[1.9887,45.495],[1.9877,45.4938],[1.9876,45.4933],[1.9887,45.4913],[1.9888,45.4909],[1.9887,45.4903],[1.9886,45.4898],[1.9886,45.4896],[1.9893,45.4885],[1.9893,45.4882],[1.989,45.4872],[1.989,45.4868],[1.9894,45.4857],[1.9893,45.4855],[1.9887,45.485],[1.9885,45.4845],[1.9883,45.4842],[1.9883,45.484],[1.9886,45.4835],[1.9886,45.4831],[1.9883,45.4826],[1.9881,45.482],[1.9883,45.4813]]}},{"type":"Feature","properties":{"rang":"departementale"},"geometry":{"type":"LineString","coordinates":[[1.7656,45.405],[1.766,45.4054],[1.7665,45.4059],[1.7665,45.4061],[1.7664,45.4068],[1.7665,45.407],[1.7668,45.4077],[1.767,45.408],[1.7684,45.4093],[1.7687,45.4102],[1.7689,45.4108],[1.7691,45.4111],[1.7695,45.4115]]}},{"type":"Feature","properties":{"rang":"departementale"},"geometry":{"type":"LineString","coordinates":[[1.7663,45.2637],[1.767,45.2635],[1.7677,45.2634],[1.7686,45.2634],[1.7693,45.2637],[1.7696,45.2639],[1.77,45.2645],[1.7703,45.2653]]}},{"type":"Feature","properties":{"rang":"departementale"},"geometry":{"type":"LineString","coordinates":[[1.7659,45.2643],[1.7656,45.2644],[1.7645,45.2643],[1.7632,45.2642],[1.7621,45.2639],[1.7614,45.2636],[1.7606,45.2633],[1.76,45.2626],[1.7596,45.2623]]}},{"type":"Feature","properties":{"rang":"departementale"},"geometry":{"type":"LineString","coordinates":[[1.9797,45.2282],[1.9796,45.2291],[1.9796,45.2293],[1.9792,45.2297],[1.979,45.2301],[1.9786,45.2308],[1.9786,45.2313],[1.9787,45.2315],[1.9793,45.2325],[1.9795,45.2327],[1.9794,45.2336],[1.979,45.2346],[1.9787,45.2351],[1.978,45.2359],[1.9776,45.2365],[1.9775,45.2369],[1.9774,45.238],[1.9769,45.2382],[1.9763,45.2383],[1.9751,45.2384],[1.9735,45.2391],[1.973,45.2392],[1.9721,45.2391],[1.9709,45.2387],[1.9706,45.2387],[1.9685,45.2396],[1.9681,45.2395],[1.9677,45.2393],[1.9672,45.2392],[1.9667,45.2394],[1.9652,45.2402]]}},{"type":"Feature","properties":{"rang":"departementale"},"geometry":{"type":"LineString","coordinates":[[2.0466,45.3991],[2.0466,45.3993]]}},{"type":"Feature","properties":{"rang":"departementale"},"geometry":{"type":"LineString","coordinates":[[1.7726,45.2684],[1.7725,45.2684]]}},{"type":"Feature","properties":{"rang":"departementale"},"geometry":{"type":"LineString","coordinates":[[1.771,45.2851],[1.7708,45.2853],[1.7709,45.2858],[1.7708,45.2859],[1.7704,45.2861]]}},{"type":"Feature","properties":{"rang":"departementale"},"geometry":{"type":"LineString","coordinates":[[1.7689,45.2799],[1.7687,45.2797]]}},{"type":"Feature","properties":{"rang":"departementale"},"geometry":{"type":"LineString","coordinates":[[1.766,45.2643],[1.7659,45.2643]]}},{"type":"Feature","properties":{"rang":"departementale"},"geometry":{"type":"LineString","coordinates":[[2.0278,45.2713],[2.0283,45.2715],[2.0288,45.2719],[2.0296,45.2722],[2.0301,45.2725],[2.0317,45.2729],[2.0319,45.2732],[2.0328,45.2744],[2.0335,45.275],[2.0346,45.2762],[2.0349,45.2764]]}},{"type":"Feature","properties":{"rang":"departementale"},"geometry":{"type":"LineString","coordinates":[[1.759,45.258],[1.7594,45.2577]]}},{"type":"Feature","properties":{"rang":"departementale"},"geometry":{"type":"LineString","coordinates":[[1.7581,45.2584],[1.7584,45.2583],[1.76,45.2574]]}},{"type":"Feature","properties":{"rang":"departementale"},"geometry":{"type":"LineString","coordinates":[[1.7597,45.2623],[1.7597,45.2623],[1.7604,45.2619]]}},{"type":"Feature","properties":{"rang":"departementale"},"geometry":{"type":"LineString","coordinates":[[1.7705,45.2657],[1.7714,45.2666],[1.7719,45.2671]]}},{"type":"Feature","properties":{"rang":"departementale"},"geometry":{"type":"LineString","coordinates":[[1.7563,45.2559],[1.7564,45.2558],[1.7575,45.255],[1.7586,45.2544]]}},{"type":"Feature","properties":{"rang":"departementale"},"geometry":{"type":"LineString","coordinates":[[2.0406,45.4792],[2.0404,45.479],[2.0405,45.4786],[2.0408,45.478],[2.0408,45.4778],[2.0403,45.4771],[2.04,45.4769],[2.0396,45.477],[2.0383,45.4775]]}},{"type":"Feature","properties":{"rang":"departementale"},"geometry":{"type":"LineString","coordinates":[[2.0287,45.2719],[2.0288,45.2712],[2.029,45.2709],[2.0294,45.2705],[2.0306,45.2699],[2.0309,45.2698],[2.0313,45.2693],[2.0314,45.2691],[2.0314,45.2688],[2.0315,45.2683],[2.0314,45.2672],[2.0312,45.2666],[2.0302,45.2653],[2.0299,45.2649],[2.0295,45.264],[2.0291,45.2633],[2.0279,45.2614],[2.0276,45.2606],[2.0273,45.2594],[2.0273,45.2588],[2.0278,45.2579],[2.0279,45.2573],[2.0278,45.256],[2.0278,45.2556],[2.0276,45.2553],[2.0273,45.255],[2.0268,45.2546],[2.0263,45.2543],[2.0258,45.2541],[2.0252,45.2539],[2.0247,45.2537],[2.0236,45.2529],[2.0231,45.2526]]}},{"type":"Feature","properties":{"rang":"departementale"},"geometry":{"type":"LineString","coordinates":[[2.0793,45.2489],[2.0793,45.2483],[2.0794,45.2479],[2.0798,45.2472]]}},{"type":"Feature","properties":{"rang":"departementale"},"geometry":{"type":"LineString","coordinates":[[2.0817,45.2544],[2.0809,45.2534],[2.0801,45.2528],[2.0795,45.2521],[2.0793,45.2517],[2.0791,45.2512],[2.0792,45.2501],[2.0793,45.2489]]}},{"type":"Feature","properties":{"rang":"departementale"},"geometry":{"type":"LineString","coordinates":[[1.7822,45.4816],[1.7828,45.4818],[1.7832,45.4819],[1.7853,45.4817],[1.786,45.4816],[1.7863,45.4815],[1.7865,45.4812],[1.7867,45.4807],[1.787,45.4806],[1.789,45.4803],[1.7895,45.4802],[1.7913,45.4804],[1.7915,45.4803],[1.7917,45.4801],[1.7929,45.4772],[1.7929,45.4768],[1.7927,45.4765],[1.7921,45.4759],[1.7914,45.4745],[1.7913,45.474],[1.7914,45.4728],[1.7914,45.4725],[1.792,45.4722],[1.7921,45.4719],[1.7921,45.4717],[1.7913,45.4704],[1.7913,45.4701],[1.7913,45.4694],[1.7915,45.4691],[1.7917,45.469],[1.7922,45.4689],[1.7935,45.4688],[1.7939,45.4685],[1.7938,45.4683],[1.7929,45.4676],[1.7928,45.4672],[1.7923,45.4654],[1.7924,45.4649],[1.7927,45.4644],[1.7938,45.4633],[1.7941,45.4628],[1.7948,45.4613],[1.7948,45.4611],[1.7945,45.4606],[1.7916,45.4587],[1.7887,45.4568],[1.7884,45.4565],[1.7882,45.4562],[1.7884,45.4543],[1.7883,45.454],[1.7881,45.4536],[1.7873,45.4529],[1.7866,45.4519],[1.7865,45.4516],[1.7864,45.451],[1.7865,45.4504],[1.7866,45.4501],[1.7869,45.4498],[1.7876,45.4495],[1.7883,45.4495],[1.7887,45.4496],[1.7891,45.4498],[1.7895,45.4501],[1.79,45.4504],[1.7906,45.4505],[1.7913,45.4505],[1.7916,45.4503],[1.792,45.4495],[1.7924,45.4491],[1.793,45.4489],[1.7939,45.4488],[1.7943,45.4488],[1.7948,45.4485],[1.7955,45.4476],[1.7961,45.4472],[1.7965,45.4471],[1.7972,45.4471],[1.7977,45.4471],[1.7981,45.4472],[1.7985,45.4475],[1.7991,45.4481],[1.7996,45.4485],[1.8007,45.4489],[1.8017,45.4491],[1.8024,45.4493],[1.8031,45.4495],[1.8037,45.4497],[1.804,45.4498],[1.8044,45.4497],[1.8047,45.4495],[1.8052,45.449],[1.8052,45.4487],[1.8051,45.4481],[1.8049,45.4473],[1.805,45.447],[1.8053,45.4468],[1.8054,45.4465],[1.8051,45.446],[1.8051,45.4457],[1.8054,45.4455],[1.8069,45.4448],[1.8073,45.4445],[1.8082,45.4439],[1.8091,45.4436]]}},{"type":"Feature","properties":{"rang":"departementale"},"geometry":{"type":"LineString","coordinates":[[1.8795,45.3318],[1.8795,45.3317],[1.8803,45.3303],[1.8802,45.33],[1.8795,45.3291],[1.8792,45.3288],[1.8787,45.3287]]}},{"type":"Feature","properties":{"rang":"departementale"},"geometry":{"type":"LineString","coordinates":[[2.0658,45.4034],[2.0654,45.4029]]}},{"type":"Feature","properties":{"rang":"departementale"},"geometry":{"type":"LineString","coordinates":[[2.0581,45.3884],[2.0602,45.387],[2.0605,45.3868],[2.0608,45.3865],[2.0609,45.386],[2.0607,45.3856],[2.0604,45.385],[2.0603,45.3845],[2.0603,45.3837],[2.0607,45.3822],[2.0608,45.3816],[2.0608,45.3812],[2.0607,45.3805],[2.0602,45.3793],[2.0599,45.3785],[2.0599,45.3777],[2.0599,45.3771],[2.0603,45.3764]]}},{"type":"Feature","properties":{"rang":"departementale"},"geometry":{"type":"LineString","coordinates":[[2.0598,45.3761],[2.0592,45.3744],[2.0586,45.3728],[2.0583,45.3721]]}},{"type":"Feature","properties":{"rang":"departementale"},"geometry":{"type":"LineString","coordinates":[[1.9754,45.4522],[1.9752,45.4521],[1.9752,45.4519],[1.9755,45.4509],[1.9754,45.4505],[1.9746,45.4498],[1.9744,45.4495]]}},{"type":"Feature","properties":{"rang":"departementale"},"geometry":{"type":"LineString","coordinates":[[2.0406,45.4792],[2.0411,45.4792],[2.0419,45.4791],[2.0422,45.4791],[2.0427,45.4793],[2.0435,45.4794],[2.044,45.4797],[2.0447,45.4806],[2.0453,45.4814]]}},{"type":"Feature","properties":{"rang":"departementale"},"geometry":{"type":"LineString","coordinates":[[1.8365,45.4244],[1.8362,45.4247]]}},{"type":"Feature","properties":{"rang":"departementale"},"geometry":{"type":"LineString","coordinates":[[1.8376,45.4241],[1.8373,45.4242],[1.8365,45.4244]]}},{"type":"Feature","properties":{"rang":"departementale"},"geometry":{"type":"LineString","coordinates":[[1.7545,45.2596],[1.754,45.2594]]}},{"type":"Feature","properties":{"rang":"departementale"},"geometry":{"type":"LineString","coordinates":[[1.7525,45.2592],[1.7524,45.2589],[1.7527,45.2593],[1.7525,45.2595]]}},{"type":"Feature","properties":{"rang":"departementale"},"geometry":{"type":"LineString","coordinates":[[1.7531,45.2593],[1.7527,45.2593]]}},{"type":"Feature","properties":{"rang":"departementale"},"geometry":{"type":"LineString","coordinates":[[1.7524,45.2597],[1.7526,45.2598]]}},{"type":"Feature","properties":{"rang":"departementale"},"geometry":{"type":"LineString","coordinates":[[1.7522,45.2593],[1.7526,45.2592]]}},{"type":"Feature","properties":{"rang":"departementale"},"geometry":{"type":"LineString","coordinates":[[1.7689,45.3278],[1.769,45.3281]]}},{"type":"Feature","properties":{"rang":"departementale"},"geometry":{"type":"LineString","coordinates":[[1.8742,45.3718],[1.8745,45.3721],[1.8744,45.3727]]}},{"type":"Feature","properties":{"rang":"departementale"},"geometry":{"type":"LineString","coordinates":[[2.0286,45.2717],[2.0288,45.2717]]}},{"type":"Feature","properties":{"rang":"departementale"},"geometry":{"type":"LineString","coordinates":[[2.0576,45.3886],[2.0581,45.3884],[2.0578,45.3887]]}},{"type":"Feature","properties":{"rang":"departementale"},"geometry":{"type":"LineString","coordinates":[[2.0574,45.3887],[2.057,45.3884]]}},{"type":"Feature","properties":{"rang":"departementale"},"geometry":{"type":"LineString","coordinates":[[2.0575,45.3889],[2.057,45.3891]]}},{"type":"Feature","properties":{"rang":"departementale"},"geometry":{"type":"LineString","coordinates":[[1.7657,45.2509],[1.7657,45.2508]]}},{"type":"Feature","properties":{"rang":"departementale"},"geometry":{"type":"LineString","coordinates":[[1.8802,45.2774],[1.8808,45.277],[1.881,45.2769],[1.8812,45.2763],[1.8817,45.2756],[1.8818,45.2754],[1.8821,45.2753],[1.8827,45.2753],[1.8833,45.2754],[1.8838,45.2754],[1.884,45.2754],[1.8844,45.2751],[1.8851,45.2749],[1.8855,45.2746],[1.8871,45.2743],[1.8875,45.2741],[1.8876,45.2739],[1.8878,45.2733],[1.8881,45.2727],[1.8883,45.2726],[1.889,45.2725],[1.8896,45.2722],[1.8902,45.2718],[1.8907,45.2716],[1.8913,45.2714],[1.8917,45.2711],[1.892,45.271],[1.8925,45.2709],[1.8929,45.2705],[1.8934,45.2701],[1.8938,45.2696],[1.8942,45.2694]]}},{"type":"Feature","properties":{"rang":"departementale"},"geometry":{"type":"LineString","coordinates":[[2.1294,45.3821],[2.1283,45.3819],[2.1275,45.382],[2.1268,45.3823],[2.1263,45.3822],[2.1259,45.3822],[2.1248,45.3825],[2.1243,45.3828],[2.1241,45.383],[2.1236,45.3841],[2.1232,45.3844],[2.1225,45.3842],[2.1222,45.3842],[2.1211,45.3844],[2.121,45.3846],[2.1209,45.385],[2.1208,45.3853],[2.1206,45.3859],[2.1206,45.3861],[2.1209,45.3874],[2.1208,45.3878],[2.1206,45.3881],[2.12,45.3885],[2.1193,45.3893],[2.1191,45.3894],[2.1187,45.389],[2.1182,45.389],[2.1178,45.3888],[2.1176,45.3888],[2.1173,45.389],[2.117,45.389],[2.1168,45.3887]]}},{"type":"Feature","properties":{"rang":"departementale"},"geometry":{"type":"LineString","coordinates":[[1.7562,45.256],[1.7555,45.2565]]}},{"type":"Feature","properties":{"rang":"departementale"},"geometry":{"type":"LineString","coordinates":[[2.0871,45.2585],[2.0849,45.2577],[2.0845,45.2575],[2.0837,45.2571],[2.0827,45.2568],[2.0822,45.2561],[2.0821,45.2559],[2.0822,45.2553],[2.0821,45.255],[2.0817,45.2544]]}},{"type":"Feature","properties":{"rang":"departementale"},"geometry":{"type":"LineString","coordinates":[[1.7562,45.2559],[1.7562,45.2559]]}},{"type":"Feature","properties":{"rang":"departementale"},"geometry":{"type":"LineString","coordinates":[[1.7822,45.2482],[1.7827,45.2486],[1.7831,45.2488],[1.7838,45.249],[1.7841,45.2492],[1.7842,45.2495],[1.7843,45.2498],[1.7844,45.2501],[1.7851,45.2506],[1.7855,45.251]]}},{"type":"Feature","properties":{"rang":"departementale"},"geometry":{"type":"LineString","coordinates":[[1.7766,45.246],[1.7772,45.246],[1.7775,45.2462],[1.7779,45.2465],[1.778,45.247],[1.7783,45.2473],[1.779,45.2477],[1.7794,45.2478],[1.78,45.248],[1.7805,45.248],[1.7815,45.248],[1.7822,45.2482]]}},{"type":"Feature","properties":{"rang":"departementale"},"geometry":{"type":"LineString","coordinates":[[1.7876,45.4495],[1.7879,45.4492],[1.7881,45.4489],[1.7885,45.4482],[1.7886,45.4475],[1.7884,45.4457]]}},{"type":"Feature","properties":{"rang":"departementale"},"geometry":{"type":"LineString","coordinates":[[1.7809,45.4828],[1.7811,45.4816],[1.7812,45.4814],[1.7817,45.4814],[1.7822,45.4816]]}},{"type":"Feature","properties":{"rang":"departementale"},"geometry":{"type":"LineString","coordinates":[[1.8751,45.4926],[1.8757,45.4924],[1.8761,45.4922],[1.8763,45.4919],[1.8767,45.4913],[1.8772,45.4905],[1.8775,45.4898],[1.8779,45.489],[1.8782,45.4888],[1.8791,45.4885],[1.8796,45.4882],[1.88,45.488],[1.8801,45.4877],[1.8803,45.4873],[1.8805,45.4872],[1.8808,45.4867],[1.8809,45.4864],[1.8808,45.4862],[1.8804,45.4856],[1.8804,45.4849]]}},{"type":"Feature","properties":{"rang":"departementale"},"geometry":{"type":"LineString","coordinates":[[1.7525,45.2593],[1.7524,45.2592]]}},{"type":"Feature","properties":{"rang":"departementale"},"geometry":{"type":"LineString","coordinates":[[2.0602,45.4065],[2.0611,45.406],[2.0624,45.4053]]}},{"type":"Feature","properties":{"rang":"departementale"},"geometry":{"type":"LineString","coordinates":[[2.0875,45.2586],[2.0871,45.2585]]}},{"type":"Feature","properties":{"rang":"departementale"},"geometry":{"type":"LineString","coordinates":[[2.0273,45.271],[2.0274,45.2711],[2.0273,45.2713]]}},{"type":"Feature","properties":{"rang":"departementale"},"geometry":{"type":"LineString","coordinates":[[2.4997,45.4003],[2.5001,45.4009],[2.5003,45.4014],[2.5013,45.4038],[2.5013,45.4041],[2.5018,45.4057],[2.5025,45.4078],[2.5028,45.4091],[2.5034,45.4112],[2.5037,45.4119],[2.5038,45.4122],[2.5046,45.4127],[2.5048,45.4129],[2.5048,45.4132],[2.504,45.4145],[2.5039,45.4152],[2.5037,45.4157],[2.503,45.417],[2.5028,45.4171],[2.5025,45.4169],[2.5025,45.4168],[2.5028,45.4165],[2.5029,45.4156],[2.5025,45.4155],[2.5024,45.4157],[2.5023,45.4162],[2.5019,45.4169],[2.5017,45.4175]]}},{"type":"Feature","properties":{"rang":"departementale"},"geometry":{"type":"LineString","coordinates":[[2.4997,45.4003],[2.4997,45.4001],[2.4993,45.3994],[2.4974,45.3963],[2.4973,45.3959],[2.4972,45.3951],[2.497,45.3947],[2.4962,45.3929],[2.4959,45.3927]]}},{"type":"Feature","properties":{"rang":"departementale"},"geometry":{"type":"LineString","coordinates":[[2.4997,45.4004],[2.4997,45.4004]]}},{"type":"Feature","properties":{"rang":"departementale"},"geometry":{"type":"LineString","coordinates":[[2.2685,45.3781],[2.2688,45.3776],[2.2693,45.3769],[2.2703,45.3759],[2.2706,45.3756],[2.271,45.3747],[2.2711,45.3744],[2.2716,45.3738],[2.2717,45.3733],[2.2715,45.3729],[2.2703,45.3709],[2.2701,45.3704],[2.2701,45.3701],[2.2702,45.3698],[2.2706,45.3691],[2.2707,45.3688],[2.2708,45.3682],[2.2708,45.3676],[2.2708,45.3671],[2.2705,45.3664],[2.2697,45.3648],[2.2696,45.3643],[2.2696,45.3637],[2.2697,45.363],[2.2698,45.362],[2.2703,45.3584],[2.2703,45.3579],[2.2701,45.3576],[2.2698,45.3573],[2.2695,45.3569],[2.2695,45.3564],[2.2697,45.3561],[2.27,45.3558],[2.2701,45.3555],[2.27,45.3549],[2.2701,45.3545],[2.2705,45.3538],[2.2708,45.353],[2.2709,45.3528],[2.2713,45.3526],[2.2721,45.3523],[2.2725,45.3521],[2.2728,45.3518],[2.2731,45.3512],[2.2732,45.3509],[2.273,45.3503],[2.2723,45.3486],[2.2719,45.3476],[2.2718,45.3472],[2.2719,45.3468],[2.2722,45.3457],[2.2722,45.345],[2.272,45.3439],[2.272,45.3432],[2.2723,45.3405],[2.2723,45.3398],[2.2723,45.3394],[2.2721,45.3389],[2.2721,45.3385],[2.2722,45.3382],[2.2727,45.3374],[2.2727,45.3369],[2.2725,45.3365],[2.272,45.3358],[2.2716,45.3354],[2.2714,45.3351],[2.2712,45.3347],[2.271,45.3336],[2.2709,45.3331],[2.2712,45.3311],[2.2713,45.3305],[2.2712,45.3288],[2.2713,45.3284],[2.2714,45.328],[2.2723,45.3269],[2.2723,45.3266],[2.2723,45.3263],[2.272,45.3257],[2.272,45.3253],[2.2722,45.3249],[2.2723,45.3246],[2.2722,45.3243],[2.272,45.324],[2.2713,45.3236],[2.2708,45.3232],[2.2707,45.3226],[2.2708,45.3223],[2.271,45.322],[2.2713,45.3217],[2.2719,45.3214],[2.2723,45.3209],[2.2726,45.3204],[2.2729,45.3199],[2.2735,45.3195],[2.2739,45.3194],[2.2756,45.3191],[2.2758,45.3189],[2.2758,45.3187],[2.2757,45.3182],[2.2758,45.3179],[2.2764,45.3172],[2.2766,45.3166],[2.2767,45.3164],[2.2766,45.3156],[2.277,45.3143],[2.2772,45.3141],[2.2779,45.3138],[2.2785,45.3132],[2.2798,45.3127],[2.2803,45.3123],[2.2807,45.3119],[2.281,45.3117],[2.2818,45.311],[2.2822,45.3109],[2.2827,45.3105],[2.2831,45.3105],[2.2834,45.3103],[2.2837,45.3097],[2.2839,45.3096],[2.2846,45.3095],[2.2853,45.3097],[2.286,45.3096],[2.2863,45.3095],[2.2876,45.3098],[2.2879,45.3098],[2.2882,45.3097],[2.2884,45.3093],[2.2886,45.3092],[2.289,45.3091],[2.2892,45.3092],[2.2898,45.3094],[2.2903,45.3095],[2.2912,45.3094],[2.2918,45.3095],[2.2922,45.3102],[2.293,45.311],[2.2935,45.3112],[2.2939,45.3112],[2.2945,45.3112],[2.2948,45.3112],[2.2951,45.3112],[2.2957,45.3111],[2.2964,45.3112],[2.2969,45.3111],[2.2972,45.3111],[2.2979,45.3114],[2.2981,45.3113],[2.2985,45.3109],[2.2989,45.3108],[2.2995,45.3109],[2.3003,45.3105],[2.3004,45.3102],[2.3003,45.3097],[2.3008,45.3091],[2.301,45.3088],[2.301,45.3084],[2.3008,45.308],[2.3004,45.3077],[2.3002,45.3073],[2.2997,45.3065],[2.2995,45.3061],[2.2993,45.3059],[2.2989,45.3052],[2.2986,45.3042],[2.2986,45.3035],[2.2982,45.3023],[2.2981,45.3012],[2.2978,45.3006],[2.2975,45.3004],[2.2974,45.2998],[2.2973,45.2996],[2.2966,45.2992],[2.2961,45.2987],[2.2948,45.2978],[2.2944,45.2978],[2.2935,45.2984],[2.2932,45.2985],[2.293,45.2984],[2.2929,45.2973],[2.2931,45.2967],[2.2932,45.2962],[2.293,45.296],[2.2925,45.2956],[2.2924,45.2955],[2.2922,45.2945],[2.2918,45.2942],[2.2915,45.293],[2.291,45.2922],[2.2907,45.292],[2.2899,45.2909],[2.2897,45.2904],[2.2888,45.2893],[2.2881,45.2884],[2.2876,45.2881],[2.2864,45.288],[2.2859,45.288],[2.2848,45.2884],[2.284,45.2887],[2.2838,45.2887],[2.2821,45.2885],[2.2818,45.2886],[2.2814,45.2888],[2.2802,45.2887],[2.2801,45.2886],[2.2796,45.2864],[2.2797,45.2862],[2.2801,45.286],[2.281,45.2855],[2.2812,45.2851],[2.2811,45.2843],[2.2813,45.2841],[2.2816,45.284],[2.2819,45.284],[2.2826,45.2843],[2.283,45.2843],[2.2836,45.2843],[2.2839,45.2841],[2.2842,45.2838],[2.2844,45.2833],[2.2845,45.283],[2.2842,45.2819],[2.2842,45.2815],[2.2844,45.281],[2.2844,45.2808],[2.2839,45.2805],[2.2837,45.2801],[2.2835,45.2799],[2.283,45.2797],[2.2828,45.2795],[2.2825,45.2788],[2.2824,45.2787],[2.2825,45.2781],[2.2828,45.2777],[2.2829,45.2774],[2.2828,45.2764],[2.283,45.2762],[2.2841,45.276],[2.2852,45.2758],[2.2859,45.2758],[2.2869,45.2758],[2.2875,45.2756],[2.288,45.2753],[2.2883,45.2751],[2.2886,45.2743],[2.2902,45.2727],[2.2903,45.2722],[2.2903,45.272],[2.2898,45.2713],[2.2897,45.2712],[2.2898,45.2705],[2.29,45.2703],[2.2904,45.2701],[2.2915,45.2699],[2.2923,45.2697],[2.2926,45.2694],[2.2928,45.2691],[2.2927,45.2688],[2.2922,45.2684],[2.2919,45.2677],[2.2915,45.267],[2.2911,45.2665],[2.2904,45.2659],[2.2901,45.2653],[2.2899,45.2651],[2.2885,45.2641],[2.2882,45.2637],[2.2882,45.2635],[2.2886,45.2634],[2.2897,45.2639],[2.2901,45.2638],[2.2902,45.2635],[2.2902,45.2629],[2.2903,45.2627],[2.2908,45.2622],[2.291,45.2615],[2.291,45.2609],[2.2914,45.2605],[2.2916,45.2602],[2.2916,45.26],[2.2913,45.2593],[2.2912,45.2585],[2.2914,45.2573],[2.2913,45.257],[2.2912,45.2567],[2.2908,45.2565],[2.2901,45.2563],[2.2894,45.2563],[2.2887,45.2562],[2.2881,45.256],[2.2877,45.2556],[2.2876,45.2554],[2.2874,45.2549],[2.2875,45.2545],[2.2879,45.2538],[2.2899,45.2511],[2.2901,45.2506],[2.2902,45.2502],[2.2905,45.2489],[2.2905,45.2485],[2.2903,45.248],[2.2887,45.2441],[2.2886,45.2438],[2.2889,45.2433],[2.2928,45.2434],[2.2933,45.2434],[2.2939,45.2433],[2.2945,45.2431],[2.2949,45.2429],[2.2953,45.2426],[2.2957,45.2422],[2.2968,45.2408],[2.2973,45.2403],[2.3008,45.2379],[2.3014,45.2375],[2.3018,45.2371],[2.3023,45.2365],[2.3027,45.236],[2.3033,45.2349],[2.3055,45.2312],[2.3059,45.2306],[2.3067,45.23],[2.3072,45.2297],[2.3077,45.2295],[2.3084,45.2292],[2.3118,45.2285],[2.3133,45.2282],[2.3138,45.2281],[2.3144,45.2279],[2.3154,45.2273],[2.3181,45.2259],[2.3188,45.2255],[2.3192,45.2251],[2.3194,45.2245],[2.3194,45.2238],[2.3194,45.2232],[2.3195,45.2229],[2.3198,45.2226],[2.3203,45.222],[2.3208,45.2216],[2.3211,45.2215],[2.3216,45.2212],[2.3223,45.2211],[2.3237,45.2211],[2.3241,45.2211],[2.3246,45.2212],[2.3258,45.2218]]}},{"type":"Feature","properties":{"rang":"departementale"},"geometry":{"type":"LineString","coordinates":[[2.426,45.2287],[2.4266,45.2287],[2.4277,45.2287],[2.4281,45.2288],[2.4283,45.2291],[2.4283,45.2293]]}},{"type":"Feature","properties":{"rang":"departementale"},"geometry":{"type":"LineString","coordinates":[[2.3428,45.2218],[2.3426,45.2217],[2.3419,45.2215],[2.3413,45.2215],[2.34,45.2218],[2.3396,45.2218],[2.3391,45.2218],[2.339,45.2218],[2.3377,45.2223],[2.3371,45.2224],[2.336,45.2221],[2.3328,45.2214],[2.3324,45.2214],[2.3288,45.2218],[2.3284,45.2219],[2.327,45.2222],[2.3266,45.2223],[2.3264,45.2222],[2.3258,45.2218]]}},{"type":"Feature","properties":{"rang":"departementale"},"geometry":{"type":"LineString","coordinates":[[2.4526,45.4201],[2.4522,45.4203],[2.4518,45.4206],[2.4504,45.4225],[2.45,45.4228],[2.4498,45.4229],[2.4465,45.4241],[2.446,45.4242],[2.4455,45.4242],[2.4435,45.4238],[2.4429,45.4238],[2.4426,45.4239],[2.438,45.4248],[2.4377,45.4249],[2.4372,45.4256],[2.4355,45.427],[2.4348,45.4272],[2.4345,45.4274],[2.4342,45.4275],[2.4335,45.4274],[2.4332,45.4276],[2.4328,45.4283],[2.4326,45.4284],[2.432,45.4285],[2.4313,45.4287],[2.431,45.4288],[2.431,45.429],[2.431,45.4297],[2.4308,45.4302],[2.4304,45.4306],[2.4298,45.4311],[2.4292,45.4315],[2.4292,45.4317],[2.4292,45.4321],[2.4289,45.4322],[2.4278,45.4322],[2.4275,45.4321],[2.4273,45.4317],[2.4267,45.4314],[2.4264,45.4313],[2.4261,45.4313],[2.4254,45.4315],[2.4251,45.4315],[2.4248,45.4313],[2.4244,45.4309],[2.424,45.4308],[2.4228,45.4306],[2.4223,45.4305],[2.421,45.4299],[2.4204,45.4298],[2.4195,45.4298],[2.4174,45.4296],[2.4164,45.4298],[2.4159,45.4296],[2.4152,45.429],[2.4148,45.4287],[2.4142,45.4285],[2.4138,45.4285],[2.4136,45.4288],[2.4134,45.4301],[2.4134,45.4303],[2.413,45.4307],[2.4118,45.4315],[2.4116,45.4318],[2.4118,45.4327],[2.4119,45.433],[2.412,45.4332],[2.4123,45.4335],[2.4126,45.4339],[2.4127,45.4344],[2.4126,45.4346],[2.4122,45.4348],[2.4119,45.4349],[2.411,45.4348],[2.4106,45.4348],[2.4103,45.435],[2.4099,45.4353],[2.4096,45.4354],[2.4088,45.4352],[2.4072,45.435],[2.4068,45.4351],[2.4061,45.4356],[2.4058,45.4358],[2.4053,45.436],[2.4052,45.4361],[2.4052,45.4366],[2.4053,45.4369],[2.4053,45.4373],[2.4054,45.4378],[2.4059,45.438],[2.406,45.4384],[2.4058,45.4386],[2.4053,45.4386],[2.4048,45.4387],[2.4043,45.4389],[2.4042,45.4391],[2.4041,45.4395],[2.4039,45.4397],[2.4038,45.4401],[2.4035,45.4402],[2.4031,45.4399],[2.4028,45.4395],[2.4026,45.4394],[2.4019,45.4392],[2.4016,45.4393],[2.401,45.44],[2.4009,45.4402],[2.4012,45.4406],[2.4011,45.4408],[2.4004,45.4408],[2.3999,45.4409],[2.3998,45.4407],[2.3998,45.4401],[2.3996,45.4398],[2.3994,45.4395],[2.3986,45.4389],[2.3981,45.4387],[2.3975,45.4377],[2.3975,45.4372],[2.3973,45.4369],[2.3971,45.4367],[2.3967,45.4367],[2.3965,45.4369],[2.3961,45.437],[2.3958,45.437],[2.3954,45.4365],[2.3955,45.4363],[2.3958,45.4362],[2.3962,45.4358],[2.3966,45.4357],[2.3969,45.4356],[2.3978,45.4354],[2.3983,45.4353],[2.3985,45.4354],[2.399,45.4354],[2.3992,45.4353],[2.3988,45.4346],[2.3988,45.4339],[2.3991,45.4336],[2.3991,45.4334],[2.3988,45.4332],[2.3982,45.4331],[2.3975,45.4332],[2.397,45.4331],[2.397,45.4329],[2.3974,45.4326],[2.3973,45.4324],[2.3968,45.4321],[2.3963,45.4318],[2.3961,45.4317],[2.3959,45.431],[2.3961,45.4307],[2.396,45.4302],[2.3958,45.4298],[2.3952,45.4294],[2.3951,45.4292],[2.3954,45.429],[2.3962,45.4285],[2.3965,45.4282],[2.3965,45.428],[2.3959,45.4274],[2.3956,45.4272],[2.3956,45.4269],[2.396,45.4265],[2.396,45.4261],[2.3952,45.4248],[2.3949,45.4247],[2.3947,45.4247],[2.3944,45.4249],[2.3935,45.4254],[2.3931,45.4254],[2.3929,45.4252],[2.3928,45.4247],[2.3929,45.4241],[2.3928,45.4235],[2.3927,45.4233],[2.3919,45.4229],[2.3917,45.4223],[2.3914,45.422],[2.3895,45.4209],[2.3884,45.4207],[2.3879,45.4206],[2.387,45.4202],[2.3857,45.4195],[2.3853,45.4195],[2.3851,45.4196],[2.3839,45.4203],[2.3837,45.4206],[2.3834,45.4215],[2.3832,45.4217],[2.3827,45.4219],[2.3821,45.4218],[2.3819,45.4218],[2.3806,45.4224],[2.3804,45.4225],[2.3799,45.4231],[2.3796,45.4233],[2.3747,45.4244],[2.3706,45.4255],[2.3668,45.4267],[2.3662,45.4268],[2.3653,45.4268],[2.3627,45.4263],[2.3623,45.4262],[2.3617,45.4263],[2.3598,45.4269],[2.3574,45.4276],[2.357,45.4276],[2.3567,45.4274],[2.3562,45.4267],[2.3561,45.4261],[2.356,45.4259],[2.3556,45.4257],[2.3545,45.4257],[2.3539,45.4259],[2.3537,45.4261],[2.3536,45.4264],[2.353,45.4273],[2.3527,45.4276],[2.3523,45.4276],[2.352,45.4275],[2.3516,45.4275],[2.3513,45.4277],[2.351,45.4284],[2.351,45.4287],[2.3508,45.4288],[2.3505,45.4288],[2.3503,45.4287],[2.3504,45.4267],[2.3503,45.4265],[2.35,45.4261],[2.3496,45.426],[2.3488,45.426],[2.3484,45.4258],[2.3483,45.4256],[2.348,45.4252],[2.3474,45.4252],[2.347,45.4251],[2.3463,45.4248],[2.346,45.4243],[2.346,45.4239],[2.3462,45.4236],[2.3462,45.4234],[2.3458,45.423],[2.3454,45.4227],[2.3423,45.4216],[2.3406,45.421],[2.3386,45.4202],[2.338,45.4201],[2.3377,45.4199],[2.3374,45.4193],[2.3363,45.4181],[2.3359,45.4178],[2.3356,45.4174],[2.3354,45.4169],[2.3348,45.4162],[2.3339,45.416],[2.3337,45.4157],[2.3336,45.4148],[2.3335,45.4143],[2.3333,45.4141],[2.3329,45.4137],[2.3328,45.4133],[2.3326,45.4121],[2.3327,45.4117],[2.333,45.4113],[2.333,45.411],[2.3329,45.4101],[2.3328,45.4095],[2.3325,45.4092],[2.3322,45.4085],[2.3321,45.4081],[2.3322,45.4077],[2.3329,45.407],[2.333,45.4066],[2.3329,45.4055],[2.3326,45.4034],[2.3325,45.4032],[2.3306,45.4007],[2.3302,45.4002],[2.3293,45.3996],[2.3287,45.3993],[2.3275,45.3988],[2.3264,45.3981],[2.3258,45.3976],[2.3254,45.3974],[2.3249,45.3973],[2.3247,45.3972],[2.3245,45.397],[2.3247,45.3964],[2.3264,45.394],[2.3265,45.3937],[2.3265,45.3935],[2.3255,45.3918],[2.3252,45.3908],[2.3253,45.3903],[2.3251,45.39],[2.3242,45.3895],[2.3239,45.3893],[2.3234,45.3887],[2.3226,45.3881],[2.3218,45.3873],[2.3208,45.3863],[2.3205,45.3861],[2.3194,45.3857],[2.3189,45.3854],[2.3187,45.385],[2.3181,45.3825],[2.3177,45.3819],[2.3171,45.381],[2.3169,45.3806],[2.317,45.3803],[2.3176,45.3792],[2.3177,45.379],[2.3176,45.3785],[2.3172,45.3781],[2.3162,45.3774],[2.3145,45.3765],[2.3139,45.3764],[2.3137,45.3765],[2.312,45.377],[2.3116,45.377],[2.3113,45.3769],[2.3102,45.3765],[2.3098,45.3764],[2.3094,45.3764],[2.3092,45.3765],[2.3088,45.3769],[2.3084,45.3771],[2.3073,45.3772],[2.3067,45.3771],[2.3048,45.3757],[2.3045,45.3756],[2.3042,45.3757],[2.3039,45.3759],[2.3024,45.3769],[2.3021,45.3771],[2.3016,45.3772],[2.3013,45.377],[2.301,45.3766],[2.3003,45.3764],[2.2997,45.3764],[2.2994,45.3765],[2.2986,45.3769],[2.2982,45.3769],[2.2977,45.3768],[2.2974,45.3767],[2.2968,45.3769],[2.2964,45.3769],[2.2945,45.3765],[2.294,45.3766],[2.2938,45.3767],[2.2939,45.3771],[2.2945,45.3777],[2.2946,45.3782],[2.2945,45.3795],[2.2942,45.3808],[2.2939,45.3812],[2.2935,45.3814],[2.2911,45.3824],[2.2906,45.3827],[2.2895,45.3839],[2.2886,45.3842],[2.2884,45.3846],[2.2885,45.3849],[2.2888,45.3854],[2.2889,45.3857],[2.2887,45.3859],[2.2883,45.3861],[2.288,45.386],[2.2868,45.3857],[2.2848,45.3854],[2.2846,45.3854],[2.2844,45.3856],[2.2842,45.3861],[2.2835,45.3867],[2.2832,45.3868],[2.2828,45.3867],[2.2822,45.3865],[2.2819,45.3862],[2.2806,45.3848],[2.2804,45.3846],[2.2801,45.3846],[2.2786,45.3848],[2.278,45.3847],[2.2776,45.3845],[2.2772,45.3843]]}},{"type":"Feature","properties":{"rang":"departementale"},"geometry":{"type":"LineString","coordinates":[[2.2716,45.3808],[2.2712,45.3808],[2.2709,45.3809],[2.2703,45.3809],[2.27,45.3808],[2.2699,45.3804],[2.2698,45.3802],[2.2693,45.3799],[2.2685,45.3798],[2.2683,45.3796],[2.2684,45.3786],[2.2685,45.3781]]}},{"type":"Feature","properties":{"rang":"departementale"},"geometry":{"type":"LineString","coordinates":[[2.2707,45.3855],[2.2694,45.3856],[2.269,45.3855],[2.2686,45.3853],[2.2685,45.3851],[2.2683,45.3847],[2.2684,45.3837],[2.2684,45.3831],[2.268,45.3825],[2.2672,45.3816],[2.2671,45.3814],[2.267,45.381],[2.2671,45.3806],[2.2673,45.3804],[2.268,45.3799],[2.2684,45.3797]]}},{"type":"Feature","properties":{"rang":"departementale"},"geometry":{"type":"LineString","coordinates":[[2.2822,45.4062],[2.2829,45.4077]]}},{"type":"Feature","properties":{"rang":"departementale"},"geometry":{"type":"LineString","coordinates":[[2.4236,45.229],[2.4232,45.2291],[2.4223,45.2296],[2.4218,45.2298],[2.4209,45.2299],[2.4196,45.2303],[2.4186,45.2307],[2.4182,45.2311],[2.4179,45.2313],[2.4175,45.2314],[2.4172,45.2314],[2.4166,45.2312],[2.4164,45.2309],[2.4164,45.2305],[2.4165,45.2303],[2.4169,45.2301],[2.4175,45.2298],[2.4176,45.2294],[2.4174,45.2292],[2.4169,45.2291],[2.4153,45.2293],[2.4136,45.2294],[2.412,45.2293],[2.4117,45.2294],[2.4112,45.2295],[2.4082,45.2306],[2.4075,45.2309],[2.4065,45.2314],[2.4059,45.2318],[2.4054,45.2324],[2.405,45.2327],[2.4046,45.2328],[2.4041,45.2329],[2.4034,45.2329],[2.4022,45.2327],[2.4014,45.2326],[2.3994,45.2331],[2.3986,45.2334],[2.3955,45.2353],[2.3953,45.2355],[2.3934,45.2362],[2.3929,45.2363],[2.392,45.2364],[2.3912,45.2366],[2.3908,45.2368],[2.3904,45.2369],[2.3895,45.2376],[2.3889,45.2379],[2.3885,45.238],[2.3878,45.238],[2.3867,45.2377],[2.3856,45.2373],[2.384,45.2365],[2.3833,45.2362],[2.3822,45.236],[2.3809,45.2359],[2.3798,45.2356],[2.3705,45.2339],[2.3698,45.2336],[2.3655,45.2312],[2.3616,45.2291],[2.3609,45.2287],[2.3585,45.2278],[2.357,45.2272],[2.3555,45.2264],[2.3551,45.2263],[2.3533,45.2265],[2.3531,45.2265],[2.3523,45.2269],[2.3509,45.2274]]}},{"type":"Feature","properties":{"rang":"departementale"},"geometry":{"type":"LineString","coordinates":[[2.1328,45.4782],[2.1341,45.4759],[2.1347,45.475],[2.135,45.4747],[2.1355,45.4743],[2.1396,45.4716],[2.1415,45.4704],[2.1422,45.47],[2.1426,45.4695],[2.1434,45.4677],[2.1435,45.4673]]}},{"type":"Feature","properties":{"rang":"departementale"},"geometry":{"type":"LineString","coordinates":[[2.1328,45.4782],[2.1326,45.4789],[2.1326,45.4794],[2.1329,45.4807],[2.1329,45.481],[2.1329,45.4814],[2.1327,45.4819],[2.1309,45.4853],[2.1304,45.486],[2.1292,45.4877],[2.129,45.488],[2.1283,45.4925],[2.1283,45.4928],[2.1283,45.4938],[2.1286,45.4942],[2.129,45.4946],[2.1298,45.495],[2.1301,45.4952],[2.1303,45.4955],[2.1312,45.4971],[2.1314,45.4974],[2.1325,45.4983],[2.1328,45.4987],[2.1329,45.499],[2.133,45.4994],[2.133,45.5005],[2.133,45.5008],[2.1332,45.5013],[2.1335,45.5016],[2.1361,45.5042],[2.1363,45.5045],[2.1365,45.5048],[2.1365,45.5053],[2.1365,45.5068],[2.1364,45.5071],[2.1363,45.5075],[2.1357,45.5082],[2.1355,45.5084],[2.1344,45.5092],[2.1324,45.5107],[2.132,45.511],[2.1308,45.5127],[2.1306,45.5133],[2.1307,45.5138],[2.131,45.5142],[2.1317,45.515],[2.1332,45.5165],[2.1338,45.5169],[2.1349,45.5174],[2.1353,45.5177],[2.1357,45.5182],[2.1359,45.5185],[2.1363,45.5202],[2.1363,45.5205],[2.136,45.5213],[2.1359,45.5218],[2.1361,45.5222],[2.1365,45.5226],[2.1373,45.523]]}},{"type":"Feature","properties":{"rang":"departementale"},"geometry":{"type":"LineString","coordinates":[[2.1517,45.2976],[2.1511,45.298]]}},{"type":"Feature","properties":{"rang":"departementale"},"geometry":{"type":"LineString","coordinates":[[2.5045,45.3955],[2.5036,45.3957],[2.5025,45.3964],[2.5021,45.3965],[2.5002,45.397],[2.4999,45.3972],[2.4996,45.3975],[2.4995,45.3978],[2.4997,45.3981],[2.4996,45.3987],[2.4995,45.3991],[2.4993,45.3993]]}},{"type":"Feature","properties":{"rang":"departementale"},"geometry":{"type":"LineString","coordinates":[[2.2168,45.3811],[2.2164,45.3812],[2.2163,45.3814],[2.2162,45.3818],[2.2166,45.3824],[2.2167,45.3829],[2.2165,45.3833],[2.216,45.3839],[2.2158,45.384],[2.2153,45.3841],[2.2141,45.3841],[2.2129,45.3842],[2.2121,45.3842],[2.2106,45.384],[2.2099,45.384],[2.2096,45.3841],[2.2092,45.3843],[2.2082,45.3851],[2.2075,45.3855],[2.2071,45.3856],[2.2065,45.3856],[2.2047,45.3852],[2.2038,45.3851],[2.2021,45.385],[2.2015,45.3849],[2.201,45.3845],[2.2007,45.3841],[2.2002,45.3831],[2.1999,45.3826],[2.1997,45.3823],[2.199,45.3817],[2.1951,45.3799],[2.1945,45.3797],[2.1917,45.3788],[2.1904,45.3784],[2.1881,45.3777],[2.1856,45.3769],[2.1849,45.3766],[2.184,45.376],[2.1829,45.3756],[2.1807,45.3743],[2.1803,45.3741],[2.1796,45.374],[2.1786,45.374],[2.178,45.374],[2.1766,45.3745],[2.1741,45.3747],[2.1726,45.3749],[2.1721,45.375],[2.1712,45.3755],[2.1708,45.3756],[2.1702,45.3756],[2.1691,45.3759],[2.1688,45.3757],[2.1677,45.3746],[2.1673,45.3743],[2.1662,45.3739],[2.1658,45.3738],[2.165,45.3738],[2.1647,45.3739],[2.164,45.374],[2.1637,45.3742],[2.1633,45.3746],[2.1633,45.375],[2.1635,45.3753],[2.1643,45.3759],[2.1643,45.3761],[2.164,45.3764],[2.1637,45.3764],[2.163,45.376],[2.1623,45.3757],[2.1621,45.3757],[2.1613,45.3758],[2.1608,45.3758],[2.1601,45.3757],[2.1594,45.3755],[2.1582,45.3749],[2.1577,45.3748],[2.1574,45.3749],[2.155,45.3756],[2.1543,45.3757],[2.1535,45.3758],[2.1533,45.3759],[2.1526,45.3771],[2.1527,45.3777],[2.1525,45.3779],[2.1522,45.378],[2.1519,45.3783],[2.1518,45.3787],[2.1516,45.379],[2.15,45.3803],[2.1495,45.3806],[2.1489,45.3805],[2.148,45.3801],[2.1475,45.3798],[2.1463,45.3789],[2.146,45.3786],[2.1457,45.3782],[2.1454,45.3777],[2.1453,45.377],[2.1449,45.3765],[2.1446,45.3764],[2.1443,45.3764],[2.1437,45.3764],[2.1433,45.3763],[2.1431,45.3757],[2.1427,45.3753],[2.1423,45.3751],[2.141,45.3746],[2.1403,45.3746],[2.1402,45.3746],[2.1397,45.3749],[2.1394,45.3749],[2.1392,45.3748],[2.1391,45.3743],[2.139,45.3741],[2.1386,45.3739],[2.1382,45.3738],[2.1378,45.3737],[2.1373,45.3736],[2.1371,45.3736],[2.1362,45.3741],[2.1354,45.3741],[2.1352,45.3743],[2.1351,45.3747],[2.1353,45.375],[2.1358,45.3753],[2.136,45.3755],[2.1361,45.3757],[2.1359,45.376],[2.1359,45.3764],[2.1356,45.3769],[2.1356,45.3771],[2.1358,45.3776],[2.136,45.3781],[2.1365,45.3788],[2.1365,45.3791],[2.1364,45.3801],[2.1358,45.3807],[2.1359,45.381],[2.1364,45.3812],[2.1364,45.3814],[2.1362,45.3814],[2.1352,45.3814],[2.1345,45.3813],[2.1338,45.3815],[2.1333,45.3818],[2.1325,45.382],[2.132,45.3822],[2.1313,45.3822],[2.1309,45.3821],[2.1306,45.3821],[2.1301,45.3822],[2.1299,45.3823],[2.1294,45.3821]]}},{"type":"Feature","properties":{"rang":"departementale"},"geometry":{"type":"LineString","coordinates":[[2.1635,45.4128],[2.1641,45.4134],[2.1642,45.4135],[2.1644,45.4144],[2.1646,45.4147],[2.1653,45.4154],[2.1663,45.4159],[2.1671,45.4163],[2.1679,45.4169],[2.1686,45.4178],[2.169,45.4182],[2.1698,45.4189],[2.1699,45.4191],[2.1699,45.4194],[2.1695,45.4197],[2.1695,45.4201],[2.1699,45.4205],[2.17,45.4216],[2.1696,45.4246],[2.1694,45.4253],[2.169,45.4265],[2.169,45.4275],[2.1688,45.4288],[2.1687,45.4292],[2.1675,45.43],[2.1676,45.4303],[2.1682,45.431],[2.1681,45.4314],[2.1677,45.4321],[2.1677,45.4326],[2.1679,45.4329],[2.1682,45.4333],[2.1683,45.4336],[2.1683,45.4342],[2.1685,45.4352],[2.1685,45.4356],[2.1684,45.4363],[2.1686,45.4369],[2.1685,45.4373],[2.168,45.4378],[2.1679,45.4383],[2.1682,45.4387],[2.1682,45.4391],[2.1681,45.4398],[2.1677,45.4406],[2.1673,45.4415],[2.1672,45.4423],[2.1673,45.4425],[2.1684,45.4432],[2.1694,45.4438],[2.1699,45.4443],[2.1701,45.4446],[2.1704,45.4454],[2.1705,45.4456],[2.1703,45.4459],[2.1698,45.446],[2.1695,45.4462],[2.1695,45.4466],[2.1697,45.4473],[2.17,45.4477],[2.1706,45.4483],[2.1708,45.4487],[2.1708,45.4499],[2.1709,45.4509],[2.1707,45.451],[2.1699,45.4516],[2.1698,45.4518],[2.1699,45.4522],[2.1699,45.4525],[2.1696,45.4527],[2.1695,45.4529],[2.1693,45.4536],[2.1697,45.4539],[2.1697,45.4541],[2.1691,45.4544],[2.1689,45.4546],[2.1688,45.455],[2.169,45.4554],[2.1693,45.4556],[2.17,45.456],[2.1706,45.456],[2.1707,45.4562],[2.1706,45.4563],[2.17,45.4563],[2.169,45.4563],[2.1685,45.4565],[2.1683,45.4568],[2.1682,45.4573],[2.1676,45.4581],[2.1675,45.4586],[2.1668,45.459]]}},{"type":"Feature","properties":{"rang":"departementale"},"geometry":{"type":"LineString","coordinates":[[2.1587,45.4704],[2.1589,45.4702],[2.1598,45.4692],[2.1599,45.4689],[2.16,45.4686],[2.1599,45.4682],[2.1595,45.4675],[2.1595,45.4672],[2.1596,45.4663],[2.1597,45.4658],[2.1595,45.4651],[2.1595,45.4647],[2.1601,45.4639],[2.1601,45.4633],[2.1603,45.4631],[2.1612,45.462],[2.1616,45.4618],[2.1627,45.4615],[2.1631,45.4611],[2.1639,45.4607],[2.1644,45.4606],[2.1646,45.4604],[2.1648,45.4601],[2.165,45.4599],[2.1656,45.4597],[2.166,45.4595],[2.1668,45.459]]}},{"type":"Feature","properties":{"rang":"departementale"},"geometry":{"type":"LineString","coordinates":[[2.3435,45.2222],[2.3434,45.2221],[2.3428,45.2218]]}},{"type":"Feature","properties":{"rang":"departementale"},"geometry":{"type":"LineString","coordinates":[[2.2864,45.4203],[2.286,45.4191],[2.2858,45.4186],[2.2856,45.4184],[2.285,45.418],[2.2847,45.4175],[2.2847,45.4171],[2.2854,45.4147],[2.2857,45.4125],[2.2858,45.412],[2.2855,45.4115],[2.2849,45.4108],[2.2847,45.4105],[2.2845,45.4092],[2.2843,45.4089],[2.284,45.4086],[2.2832,45.4083],[2.283,45.4081],[2.2829,45.4077]]}},{"type":"Feature","properties":{"rang":"departementale"},"geometry":{"type":"LineString","coordinates":[[2.2884,45.4398],[2.287,45.4391],[2.2865,45.4388],[2.2862,45.4386],[2.2859,45.4382],[2.2853,45.437],[2.285,45.4361],[2.2848,45.4351],[2.2846,45.4347],[2.2842,45.4341],[2.2841,45.4338],[2.2841,45.4335],[2.2844,45.433],[2.2853,45.4325],[2.2856,45.4321],[2.2857,45.4317],[2.2856,45.431],[2.2857,45.4306],[2.2859,45.4304],[2.2865,45.4299],[2.2867,45.4296],[2.2873,45.4286],[2.2874,45.4284],[2.2878,45.4269],[2.2879,45.4264],[2.2879,45.4256],[2.2878,45.4252],[2.2869,45.4232],[2.2868,45.4226],[2.2867,45.4212],[2.2864,45.4203]]}},{"type":"Feature","properties":{"rang":"departementale"},"geometry":{"type":"LineString","coordinates":[[2.2931,45.4463],[2.2931,45.4455],[2.293,45.4447],[2.2926,45.4441],[2.2921,45.4436],[2.2912,45.4429],[2.2904,45.4422],[2.2901,45.4419],[2.2895,45.4408],[2.2892,45.4405],[2.2889,45.4401],[2.2884,45.4398]]}},{"type":"Feature","properties":{"rang":"departementale"},"geometry":{"type":"LineString","coordinates":[[2.3082,45.4792],[2.3097,45.4773],[2.3101,45.4768],[2.3104,45.4763],[2.3105,45.4759],[2.3104,45.4752],[2.3103,45.4747],[2.3094,45.4727],[2.3081,45.4697],[2.3078,45.469],[2.3074,45.4683],[2.307,45.4678],[2.3064,45.4671],[2.3039,45.4645],[2.3035,45.4639],[2.303,45.4629],[2.3025,45.4623],[2.3022,45.462],[2.2998,45.4599],[2.2988,45.4591],[2.2985,45.4588],[2.2981,45.458],[2.2981,45.4575],[2.298,45.4562],[2.298,45.4557],[2.2979,45.4552],[2.2976,45.4546],[2.297,45.4538],[2.2967,45.4535],[2.2961,45.4532],[2.2956,45.453],[2.2951,45.4529],[2.2939,45.4527],[2.2931,45.4525],[2.2926,45.4523],[2.2921,45.4519],[2.2918,45.4516],[2.2916,45.4512],[2.2915,45.4507],[2.2915,45.4497],[2.2918,45.449],[2.2926,45.4476],[2.2929,45.4469],[2.2931,45.4463]]}},{"type":"Feature","properties":{"rang":"departementale"},"geometry":{"type":"LineString","coordinates":[[2.3071,45.4807],[2.3074,45.4803],[2.3082,45.4792]]}},{"type":"Feature","properties":{"rang":"departementale"},"geometry":{"type":"LineString","coordinates":[[2.3081,45.4887],[2.3075,45.4883],[2.3072,45.4881],[2.3069,45.4878],[2.3066,45.4871],[2.3067,45.4864],[2.3071,45.4843],[2.3072,45.4836],[2.3072,45.4825],[2.307,45.4812],[2.3071,45.4807]]}},{"type":"Feature","properties":{"rang":"departementale"},"geometry":{"type":"LineString","coordinates":[[2.2728,45.3926],[2.2725,45.3932],[2.2724,45.3938],[2.2726,45.394],[2.273,45.3943],[2.2738,45.3946],[2.2742,45.3948],[2.2746,45.3953],[2.2751,45.3965],[2.2753,45.3969],[2.2757,45.3973],[2.276,45.3975],[2.2764,45.3976],[2.2776,45.3978],[2.2779,45.3979],[2.2785,45.3982],[2.2787,45.3986],[2.2822,45.4062]]}},{"type":"Feature","properties":{"rang":"departementale"},"geometry":{"type":"LineString","coordinates":[[2.2771,45.3843],[2.2769,45.3842],[2.277,45.3841],[2.2771,45.3843]]}},{"type":"Feature","properties":{"rang":"departementale"},"geometry":{"type":"LineString","coordinates":[[2.271,45.3855],[2.271,45.3853],[2.2711,45.3854],[2.271,45.3855]]}},{"type":"Feature","properties":{"rang":"departementale"},"geometry":{"type":"LineString","coordinates":[[2.2729,45.3816],[2.2734,45.3819],[2.2748,45.383],[2.2756,45.3835],[2.2768,45.3839],[2.2769,45.3841]]}},{"type":"Feature","properties":{"rang":"departementale"},"geometry":{"type":"LineString","coordinates":[[2.4762,45.349],[2.4748,45.3493],[2.4743,45.3496],[2.4733,45.3505],[2.4718,45.3514],[2.4713,45.3517],[2.4707,45.3518],[2.47,45.3519],[2.4694,45.352],[2.4686,45.3523],[2.4682,45.3525],[2.4678,45.3529],[2.4673,45.3535],[2.4669,45.3537],[2.466,45.3541],[2.4656,45.3541],[2.4649,45.3541],[2.4646,45.3541],[2.464,45.3538],[2.4637,45.3538]]}},{"type":"Feature","properties":{"rang":"departementale"},"geometry":{"type":"LineString","coordinates":[[2.4795,45.335],[2.48,45.335],[2.4804,45.3349],[2.4805,45.3347],[2.4824,45.3339],[2.4827,45.3336],[2.4832,45.3324],[2.4836,45.332],[2.4842,45.3317],[2.4866,45.3306],[2.4868,45.3304],[2.487,45.3301],[2.4873,45.3293],[2.4873,45.329],[2.4871,45.3287],[2.4856,45.3277],[2.4854,45.3275],[2.4856,45.3267],[2.4855,45.3265],[2.485,45.3263],[2.4849,45.3261],[2.4849,45.3258],[2.4853,45.3255],[2.487,45.3254],[2.4873,45.3254],[2.4877,45.3252],[2.4885,45.3244],[2.4888,45.3242],[2.4893,45.3241],[2.4902,45.3242],[2.4905,45.3241],[2.4903,45.3238],[2.4896,45.3237],[2.4892,45.3234],[2.4887,45.323],[2.4886,45.3228],[2.489,45.3227],[2.4897,45.3227],[2.4901,45.3226],[2.4903,45.3224],[2.4904,45.3222],[2.4902,45.3221],[2.4895,45.322],[2.4889,45.3218],[2.4881,45.3216],[2.4879,45.3215],[2.4881,45.3214],[2.4887,45.3214],[2.4904,45.3213],[2.4912,45.3212],[2.4925,45.3208],[2.4932,45.3205],[2.4939,45.3203],[2.4944,45.32],[2.4949,45.3196],[2.4957,45.3192],[2.496,45.3189],[2.4962,45.3185],[2.4961,45.3178],[2.4959,45.317],[2.4955,45.3167],[2.4949,45.3164],[2.4946,45.3162],[2.494,45.3153],[2.4938,45.315],[2.4933,45.312],[2.4934,45.3117],[2.4951,45.308],[2.4967,45.3049],[2.4975,45.3039],[2.4978,45.3037],[2.4988,45.3031],[2.4989,45.3029],[2.4989,45.3026],[2.4987,45.302],[2.4987,45.3018],[2.4991,45.3011],[2.4993,45.3007],[2.4992,45.3001],[2.4993,45.2998],[2.4998,45.2986],[2.4999,45.2978],[2.5002,45.2971],[2.5004,45.2968],[2.5008,45.2966],[2.5013,45.2966],[2.5017,45.2965],[2.5021,45.2961],[2.5025,45.2955],[2.504,45.2942],[2.5045,45.2939],[2.505,45.2937],[2.5064,45.2933],[2.507,45.2932],[2.5079,45.2928],[2.5099,45.2925],[2.5108,45.2922],[2.5117,45.2917],[2.5124,45.2915],[2.5145,45.2908],[2.5152,45.2905],[2.5161,45.2899],[2.5171,45.2888],[2.5174,45.288],[2.5176,45.2878],[2.5181,45.2873],[2.5184,45.2869],[2.5188,45.2854],[2.5188,45.285],[2.5186,45.2845],[2.5183,45.2836],[2.5183,45.2832],[2.5185,45.2824],[2.5183,45.2818],[2.5181,45.2813],[2.5175,45.2809],[2.5173,45.2808],[2.5171,45.2804],[2.5172,45.2796],[2.5173,45.2794],[2.5182,45.2785]]}},{"type":"Feature","properties":{"rang":"departementale"},"geometry":{"type":"LineString","coordinates":[[2.496,45.3926],[2.4962,45.3929]]}},{"type":"Feature","properties":{"rang":"departementale"},"geometry":{"type":"LineString","coordinates":[[2.1436,45.4674],[2.1434,45.4677]]}},{"type":"Feature","properties":{"rang":"departementale"},"geometry":{"type":"LineString","coordinates":[[2.4772,45.3483],[2.478,45.3476],[2.4782,45.3473],[2.4782,45.3463],[2.4784,45.3457],[2.4787,45.3455],[2.4802,45.3441],[2.4805,45.3436],[2.4807,45.3428],[2.4807,45.3425],[2.4805,45.3422],[2.4799,45.3416],[2.4796,45.3413],[2.4793,45.3404],[2.4792,45.3401],[2.4792,45.3395],[2.4793,45.3391],[2.4797,45.3383],[2.4797,45.3378],[2.4794,45.3368],[2.4794,45.3362],[2.4795,45.3359],[2.4794,45.3353],[2.4795,45.335]]}},{"type":"Feature","properties":{"rang":"departementale"},"geometry":{"type":"LineString","coordinates":[[2.4769,45.3486],[2.4772,45.3483]]}},{"type":"Feature","properties":{"rang":"departementale"},"geometry":{"type":"LineString","coordinates":[[2.223,45.3763],[2.2226,45.3762],[2.2218,45.3761],[2.2203,45.3755],[2.2195,45.3752],[2.2188,45.3749],[2.2175,45.374],[2.2172,45.3739],[2.2169,45.374],[2.216,45.3746],[2.2159,45.3749],[2.216,45.3752],[2.2165,45.3754],[2.2166,45.3756],[2.2165,45.3759],[2.216,45.3762],[2.2159,45.3765],[2.2165,45.3771],[2.2166,45.3774],[2.2167,45.3783],[2.2168,45.3787],[2.2174,45.3797],[2.2175,45.3799],[2.2172,45.3803],[2.2172,45.3805],[2.2173,45.3809],[2.2171,45.381],[2.2168,45.3811]]}},{"type":"Feature","properties":{"rang":"departementale"},"geometry":{"type":"LineString","coordinates":[[2.4584,45.4624],[2.458,45.4617],[2.4578,45.4614],[2.4567,45.4608],[2.4564,45.4605],[2.4557,45.4596],[2.4556,45.4593],[2.456,45.4586],[2.4562,45.4578],[2.4564,45.4575],[2.4572,45.4564],[2.4577,45.4558],[2.4577,45.4556],[2.4568,45.4534],[2.4565,45.4529],[2.4546,45.4502],[2.4526,45.4475],[2.4512,45.4457],[2.45,45.4446],[2.4494,45.444],[2.449,45.4438],[2.448,45.4435],[2.4473,45.4432],[2.4443,45.4417]]}},{"type":"Feature","properties":{"rang":"departementale"},"geometry":{"type":"LineString","coordinates":[[2.1434,45.4671],[2.1436,45.4674]]}},{"type":"Feature","properties":{"rang":"departementale"},"geometry":{"type":"LineString","coordinates":[[2.4762,45.349],[2.4765,45.3488],[2.4769,45.3486]]}},{"type":"Feature","properties":{"rang":"departementale"},"geometry":{"type":"LineString","coordinates":[[2.3915,45.489],[2.3921,45.4887],[2.3929,45.4885],[2.3934,45.4883],[2.3944,45.4878],[2.3946,45.4875],[2.3947,45.4873],[2.3945,45.4867],[2.3947,45.4862],[2.3947,45.4853],[2.395,45.4849],[2.3952,45.4847],[2.3968,45.4837],[2.3972,45.4836],[2.3977,45.4835],[2.3993,45.4834],[2.4008,45.4831],[2.4011,45.4828],[2.4015,45.4824],[2.4031,45.4807],[2.4036,45.4806],[2.4048,45.4805],[2.4054,45.4804],[2.4058,45.4802],[2.4062,45.4799],[2.4069,45.4793],[2.4072,45.4792],[2.4091,45.4783],[2.4097,45.4781],[2.4111,45.4778],[2.4118,45.4775],[2.4126,45.4771],[2.4131,45.4767],[2.4136,45.4763],[2.4139,45.4759],[2.414,45.4754],[2.4141,45.4749],[2.414,45.4746],[2.4136,45.4736],[2.4135,45.4729],[2.4136,45.4725],[2.4139,45.472],[2.4143,45.4716],[2.4152,45.4709],[2.4156,45.4704],[2.4158,45.47],[2.4161,45.4693],[2.4163,45.4684],[2.4164,45.4677],[2.4164,45.4665],[2.4165,45.466],[2.4169,45.4655],[2.4174,45.4652],[2.4187,45.4645],[2.4194,45.464],[2.4197,45.4635],[2.4201,45.4631],[2.4209,45.4625],[2.4227,45.4615],[2.4233,45.461],[2.4238,45.4606],[2.4245,45.4598],[2.4258,45.4587],[2.4261,45.4583],[2.4265,45.4573],[2.4268,45.4571],[2.4274,45.4568],[2.4282,45.4561],[2.4285,45.456],[2.4292,45.4559],[2.4297,45.4557],[2.4305,45.4555],[2.4309,45.4554],[2.4312,45.4551],[2.4316,45.455],[2.4323,45.4548],[2.4329,45.4545],[2.4336,45.4542],[2.4345,45.4534],[2.4348,45.4529],[2.4348,45.4522],[2.435,45.4519],[2.4356,45.4515],[2.4366,45.4512],[2.437,45.4511],[2.4376,45.4512],[2.4381,45.4512],[2.4385,45.4511],[2.4388,45.4508],[2.4393,45.4503],[2.4397,45.45],[2.4401,45.4499],[2.4406,45.4499],[2.4411,45.45],[2.4416,45.4499],[2.4418,45.4497],[2.4419,45.4495],[2.4418,45.4492],[2.4413,45.4483],[2.4413,45.4481],[2.4416,45.4477],[2.4426,45.4471],[2.4429,45.4468],[2.443,45.4464],[2.4428,45.4457],[2.4429,45.4451],[2.4458,45.4381],[2.4455,45.4378]]}},{"type":"Feature","properties":{"rang":"departementale"},"geometry":{"type":"LineString","coordinates":[[2.2338,45.3755],[2.2325,45.3763],[2.232,45.3765],[2.2316,45.3765],[2.231,45.3762],[2.2307,45.3761],[2.2305,45.3763],[2.2302,45.3768],[2.2298,45.3769],[2.2295,45.3772],[2.2291,45.3774],[2.2285,45.3774],[2.2275,45.3773],[2.2271,45.3772],[2.2266,45.3769],[2.2258,45.3769],[2.2251,45.377],[2.2245,45.3773],[2.2242,45.3773],[2.2238,45.3771],[2.2233,45.3768],[2.223,45.3763]]}},{"type":"Feature","properties":{"rang":"departementale"},"geometry":{"type":"LineString","coordinates":[[2.3508,45.2273],[2.3515,45.2272]]}},{"type":"Feature","properties":{"rang":"departementale"},"geometry":{"type":"LineString","coordinates":[[2.2548,45.3754],[2.2551,45.3753],[2.2556,45.3748],[2.256,45.3747],[2.2563,45.3747],[2.2568,45.3747],[2.2575,45.3747],[2.2578,45.3748],[2.2581,45.375],[2.2584,45.3751],[2.2589,45.3751],[2.2597,45.3751],[2.2604,45.3751],[2.261,45.3753],[2.2612,45.3754],[2.2617,45.3761],[2.262,45.3763],[2.2629,45.3763],[2.2637,45.3762],[2.2642,45.3763],[2.2654,45.3769],[2.2657,45.377],[2.2665,45.3768],[2.2671,45.3768],[2.2675,45.3769],[2.2679,45.3771],[2.2682,45.3778],[2.2685,45.3781]]}},{"type":"Feature","properties":{"rang":"departementale"},"geometry":{"type":"LineString","coordinates":[[2.2716,45.3858],[2.2726,45.3864],[2.2733,45.3867],[2.2735,45.3868],[2.2736,45.3872],[2.2737,45.3884],[2.2737,45.3887],[2.2734,45.3892],[2.2732,45.3899],[2.2733,45.3903],[2.2734,45.3915],[2.2733,45.3919],[2.2728,45.3926]]}},{"type":"Feature","properties":{"rang":"departementale"},"geometry":{"type":"LineString","coordinates":[[2.2711,45.3854],[2.271,45.3855]]}},{"type":"Feature","properties":{"rang":"departementale"},"geometry":{"type":"LineString","coordinates":[[2.2709,45.3855],[2.2708,45.3854]]}},{"type":"Feature","properties":{"rang":"departementale"},"geometry":{"type":"LineString","coordinates":[[2.2712,45.3856],[2.2716,45.3858]]}},{"type":"Feature","properties":{"rang":"departementale"},"geometry":{"type":"LineString","coordinates":[[2.2263,45.2433],[2.2266,45.2434],[2.2269,45.2436],[2.227,45.244],[2.2273,45.2442],[2.2281,45.2445],[2.2283,45.2447],[2.2293,45.2451],[2.23,45.2451],[2.2304,45.2453],[2.2307,45.2453],[2.2317,45.2445],[2.2319,45.244],[2.232,45.2436],[2.2324,45.2435],[2.2336,45.2439],[2.2339,45.2439],[2.2344,45.2437],[2.2356,45.2437],[2.2365,45.2439],[2.2368,45.2439],[2.238,45.2433],[2.2383,45.2433],[2.2385,45.2434],[2.2388,45.2439],[2.239,45.2443],[2.2393,45.2445],[2.2395,45.2444],[2.2399,45.244],[2.2407,45.2438],[2.2409,45.2436],[2.2409,45.2431],[2.2413,45.2427],[2.2416,45.2426],[2.2421,45.2426],[2.2435,45.2426],[2.244,45.2426],[2.2445,45.2424],[2.2448,45.2416],[2.245,45.2414],[2.2464,45.2406],[2.2466,45.2406],[2.2474,45.2406],[2.2485,45.2407],[2.25,45.2407],[2.2505,45.2408],[2.2522,45.2413],[2.2535,45.2416],[2.2538,45.2418],[2.2546,45.2421],[2.255,45.2424],[2.2561,45.2434],[2.2565,45.2436],[2.2571,45.2439],[2.2577,45.2441],[2.2592,45.2445],[2.2603,45.2449],[2.2613,45.2452],[2.2617,45.2454],[2.2625,45.2455],[2.265,45.2459],[2.2683,45.2464],[2.2691,45.2465],[2.2697,45.2465],[2.2711,45.2463],[2.2718,45.2462],[2.2743,45.2455],[2.2769,45.2449],[2.2774,45.2447],[2.2779,45.2445],[2.2786,45.2438],[2.2792,45.2434],[2.2794,45.2433],[2.2801,45.2431],[2.2805,45.243],[2.2821,45.2431],[2.2874,45.2432],[2.2889,45.2433]]}},{"type":"Feature","properties":{"rang":"departementale"},"geometry":{"type":"LineString","coordinates":[[2.4462,45.4375],[2.446,45.4377],[2.4458,45.4381]]}},{"type":"Feature","properties":{"rang":"departementale"},"geometry":{"type":"LineString","coordinates":[[2.4997,45.239],[2.4994,45.239],[2.4989,45.2392],[2.498,45.2394],[2.4972,45.2395],[2.4966,45.2397],[2.4959,45.2398],[2.4952,45.2398],[2.4948,45.2399],[2.4944,45.2401],[2.494,45.2403],[2.4932,45.2403],[2.4925,45.2407],[2.4921,45.2408],[2.4915,45.2407],[2.4909,45.2408],[2.4903,45.2409],[2.4897,45.241],[2.4893,45.241],[2.4879,45.2407],[2.4874,45.2405],[2.4868,45.2401],[2.4865,45.24],[2.4848,45.2394],[2.4844,45.2394],[2.4833,45.2395],[2.4828,45.2396],[2.4816,45.2394],[2.4812,45.2393],[2.4799,45.2395],[2.4795,45.2395],[2.4778,45.2394],[2.477,45.2393],[2.4749,45.2388],[2.4729,45.2384],[2.4717,45.2379],[2.4715,45.2376],[2.4718,45.2374],[2.4732,45.2369],[2.4739,45.2365],[2.4741,45.2362],[2.4739,45.2361],[2.4732,45.2362],[2.4718,45.2362],[2.4704,45.236],[2.4696,45.2359],[2.4689,45.2357],[2.4686,45.2356],[2.4672,45.2357],[2.4666,45.2359],[2.4648,45.2365],[2.4645,45.2367],[2.4634,45.2377],[2.4629,45.2379],[2.4622,45.2381],[2.4616,45.2383],[2.4607,45.2387],[2.4602,45.2389],[2.4593,45.2391],[2.4588,45.2391],[2.4579,45.2391],[2.4573,45.2388],[2.4563,45.2381],[2.4556,45.2378],[2.4553,45.2377],[2.4545,45.2377],[2.4518,45.2377],[2.4513,45.2377],[2.4502,45.2375],[2.4496,45.2376],[2.4485,45.2377],[2.4482,45.2377],[2.447,45.2373],[2.4467,45.2373],[2.4451,45.2372],[2.4442,45.2373],[2.4427,45.2374],[2.4417,45.2376],[2.4409,45.2376],[2.4395,45.2379],[2.4392,45.238],[2.4384,45.238],[2.4381,45.238],[2.4371,45.2378],[2.4359,45.2378],[2.435,45.2379],[2.4344,45.238],[2.4332,45.238],[2.4325,45.2381],[2.4321,45.2381],[2.4307,45.2379],[2.4303,45.238],[2.4288,45.2383],[2.4274,45.2384],[2.4266,45.2384],[2.4256,45.2382],[2.4251,45.2381],[2.424,45.2381],[2.423,45.238],[2.4221,45.238],[2.4212,45.238],[2.4206,45.2382],[2.4197,45.2387],[2.4194,45.2388],[2.419,45.2389],[2.4184,45.2387],[2.4181,45.2385],[2.4179,45.2381],[2.418,45.2378],[2.4184,45.2375],[2.4191,45.2373],[2.4193,45.2371],[2.4194,45.2369],[2.4192,45.2366],[2.4187,45.2363],[2.4188,45.2359],[2.4194,45.235],[2.4198,45.2348],[2.4205,45.2348],[2.4211,45.2345],[2.4216,45.2341],[2.4221,45.2338],[2.4229,45.2336],[2.4232,45.2335],[2.4238,45.2331],[2.4244,45.2328],[2.4251,45.2324],[2.4255,45.2322],[2.4262,45.2315],[2.427,45.231],[2.4276,45.2305],[2.4281,45.2301],[2.4283,45.2297],[2.4283,45.2293]]}},{"type":"Feature","properties":{"rang":"departementale"},"geometry":{"type":"LineString","coordinates":[[2.504,45.2416],[2.5038,45.2412],[2.5029,45.241],[2.5019,45.2406],[2.5014,45.2405],[2.5002,45.2404],[2.4999,45.2401],[2.4998,45.2398],[2.4998,45.2391],[2.4997,45.239]]}},{"type":"Feature","properties":{"rang":"departementale"},"geometry":{"type":"LineString","coordinates":[[2.5061,45.2417],[2.5054,45.2417],[2.5044,45.2419],[2.5041,45.2418],[2.504,45.2416]]}},{"type":"Feature","properties":{"rang":"departementale"},"geometry":{"type":"LineString","coordinates":[[2.4637,45.3537],[2.464,45.3538]]}},{"type":"Feature","properties":{"rang":"departementale"},"geometry":{"type":"LineString","coordinates":[[2.2716,45.3808],[2.272,45.3809],[2.2729,45.3816]]}},{"type":"Feature","properties":{"rang":"departementale"},"geometry":{"type":"LineString","coordinates":[[2.2681,45.3798],[2.2683,45.3795]]}},{"type":"Feature","properties":{"rang":"departementale"},"geometry":{"type":"LineString","coordinates":[[2.2531,45.3749],[2.2544,45.3753],[2.2548,45.3754]]}},{"type":"Feature","properties":{"rang":"departementale"},"geometry":{"type":"LineString","coordinates":[[2.2498,45.3754],[2.2499,45.3753],[2.2504,45.3746],[2.2508,45.3742],[2.2513,45.3741],[2.2518,45.3741],[2.2525,45.3747],[2.2531,45.3749]]}},{"type":"Feature","properties":{"rang":"departementale"},"geometry":{"type":"LineString","coordinates":[[2.2495,45.3756],[2.2498,45.3754]]}},{"type":"Feature","properties":{"rang":"departementale"},"geometry":{"type":"LineString","coordinates":[[2.2411,45.3739],[2.242,45.3737],[2.2423,45.3737],[2.2458,45.3736],[2.2463,45.3738],[2.247,45.3743],[2.2478,45.3748],[2.2488,45.3754],[2.249,45.3755],[2.2495,45.3756]]}},{"type":"Feature","properties":{"rang":"departementale"},"geometry":{"type":"LineString","coordinates":[[2.2407,45.3739],[2.2394,45.3742],[2.2371,45.3742],[2.2361,45.3744],[2.2355,45.3746],[2.2338,45.3755]]}},{"type":"Feature","properties":{"rang":"departementale"},"geometry":{"type":"LineString","coordinates":[[2.508,45.3922],[2.5079,45.3927],[2.5073,45.3936],[2.5072,45.3938],[2.5069,45.3941],[2.5058,45.3945],[2.5056,45.3946],[2.505,45.3952],[2.5045,45.3955]]}},{"type":"Feature","properties":{"rang":"departementale"},"geometry":{"type":"LineString","coordinates":[[2.1687,45.3765],[2.1682,45.3769],[2.1678,45.3772],[2.1677,45.3777],[2.1676,45.3781],[2.1678,45.3784],[2.1682,45.3787],[2.1693,45.3793],[2.1704,45.3799],[2.1712,45.3806],[2.1713,45.3807],[2.1711,45.3809],[2.1705,45.3813],[2.1704,45.3816],[2.1707,45.3821],[2.1711,45.3824],[2.1712,45.3826],[2.1709,45.3829],[2.1702,45.3831],[2.1701,45.3836],[2.1694,45.3839],[2.1678,45.3835],[2.167,45.3833],[2.1662,45.3829],[2.1655,45.3826],[2.165,45.3827],[2.1632,45.3828],[2.1629,45.3831],[2.1622,45.3839],[2.1616,45.3846],[2.1613,45.385],[2.1611,45.3855],[2.161,45.386],[2.161,45.3878],[2.1611,45.3881],[2.1614,45.3892],[2.1615,45.3895],[2.1626,45.391],[2.1627,45.3913],[2.1629,45.3919],[2.1631,45.393],[2.1631,45.3935],[2.163,45.3942],[2.1627,45.3954],[2.1627,45.3959],[2.163,45.3977],[2.163,45.3985],[2.1635,45.3995],[2.1637,45.4005],[2.1639,45.401],[2.1638,45.4014],[2.1633,45.4023],[2.163,45.4029],[2.1624,45.4044],[2.1623,45.4049],[2.1621,45.4055],[2.1622,45.4073],[2.1621,45.408],[2.1622,45.4089],[2.1622,45.41],[2.1622,45.4103],[2.1626,45.4117],[2.1628,45.412],[2.1635,45.4128]]}},{"type":"Feature","properties":{"rang":"departementale"},"geometry":{"type":"LineString","coordinates":[[2.4566,45.4208],[2.4562,45.4208],[2.4541,45.4202],[2.4526,45.4201]]}},{"type":"Feature","properties":{"rang":"departementale"},"geometry":{"type":"LineString","coordinates":[[2.2411,45.3739],[2.2407,45.3739]]}},{"type":"Feature","properties":{"rang":"departementale"},"geometry":{"type":"LineString","coordinates":[[2.4236,45.229],[2.4249,45.2287],[2.4255,45.2285],[2.426,45.2287]]}},{"type":"Feature","properties":{"rang":"departementale"},"geometry":{"type":"LineString","coordinates":[[2.1443,45.4678],[2.1437,45.4675],[2.1435,45.4675]]}},{"type":"Feature","properties":{"rang":"departementale"},"geometry":{"type":"LineString","coordinates":[[2.1696,45.3758],[2.1693,45.3761],[2.1687,45.3765]]}},{"type":"Feature","properties":{"rang":"departementale"},"geometry":{"type":"LineString","coordinates":[[2.4604,45.5095],[2.4605,45.5094],[2.4626,45.4993],[2.465,45.4882],[2.4649,45.4877],[2.4639,45.4862],[2.4638,45.4857],[2.4639,45.4853],[2.4648,45.4833],[2.4649,45.483],[2.4656,45.4805],[2.4656,45.48],[2.465,45.4777],[2.4644,45.4759],[2.4644,45.4757],[2.4645,45.4754],[2.4652,45.4747],[2.4654,45.4744],[2.4654,45.4741],[2.4652,45.4736],[2.4644,45.4726],[2.4636,45.4713],[2.4635,45.4709],[2.4636,45.4694],[2.4634,45.4691],[2.4626,45.4685],[2.4619,45.4676],[2.4616,45.4664],[2.4613,45.4658],[2.4611,45.4653],[2.4608,45.465],[2.4604,45.4648],[2.4598,45.4646],[2.4596,45.4645],[2.4594,45.4642],[2.4592,45.4638],[2.4587,45.4633],[2.4584,45.4624]]}},{"type":"Feature","properties":{"rang":"departementale"},"geometry":{"type":"LineString","coordinates":[[1.4997,45.6198],[1.4989,45.6189],[1.4983,45.6183],[1.497,45.6169],[1.4954,45.6154],[1.4952,45.6151],[1.4943,45.6148],[1.4931,45.6145],[1.4899,45.6139],[1.4885,45.6136],[1.4881,45.6134],[1.4872,45.613],[1.4868,45.6128],[1.4854,45.6118],[1.4846,45.6112],[1.4841,45.6106],[1.4836,45.61],[1.4835,45.6094],[1.4835,45.6086],[1.4833,45.6081],[1.4831,45.6076],[1.4829,45.6073],[1.4825,45.607],[1.4823,45.6066],[1.4821,45.6059],[1.482,45.6053],[1.4822,45.605],[1.4829,45.6045],[1.4838,45.6043],[1.4841,45.6042],[1.4843,45.6039],[1.4844,45.603],[1.4845,45.5997],[1.4844,45.5994],[1.4841,45.5992],[1.4835,45.5989],[1.4833,45.5985],[1.4832,45.5981],[1.4832,45.5973],[1.4832,45.597],[1.4827,45.5968],[1.482,45.5968],[1.4807,45.597],[1.48,45.5969],[1.4797,45.5967],[1.4775,45.5945],[1.4758,45.5928],[1.4756,45.5925],[1.4747,45.5898],[1.4746,45.5892],[1.475,45.5867],[1.4749,45.586],[1.4747,45.5856],[1.4743,45.5852],[1.4739,45.5849],[1.471,45.5829],[1.4695,45.582],[1.4692,45.5817],[1.4686,45.5812],[1.4678,45.5808],[1.4675,45.5806],[1.4645,45.5786],[1.463,45.5774],[1.4626,45.5771],[1.4622,45.5769],[1.4615,45.5768],[1.4611,45.5765],[1.4601,45.575],[1.4598,45.5746],[1.4571,45.5717],[1.4564,45.571],[1.4554,45.5702],[1.4548,45.5696],[1.4513,45.5663],[1.4505,45.5656],[1.4493,45.5649],[1.4474,45.5638],[1.4468,45.5634],[1.4457,45.5624],[1.4447,45.5617],[1.4443,45.5612],[1.4437,45.5604],[1.4431,45.5598],[1.4427,45.5594],[1.4424,45.5591],[1.4424,45.5588],[1.4427,45.558],[1.4424,45.5575],[1.4421,45.5573],[1.4419,45.5569],[1.4419,45.5566],[1.442,45.5564],[1.4424,45.5562],[1.4429,45.5559],[1.4432,45.5557],[1.4433,45.5553],[1.443,45.555],[1.4425,45.5546],[1.4412,45.5537],[1.4405,45.5533],[1.4391,45.5525],[1.4384,45.552],[1.4377,45.5512],[1.4361,45.5493],[1.4357,45.5485],[1.4346,45.5479],[1.4343,45.5475],[1.4338,45.5468],[1.4336,45.5466],[1.4333,45.5464],[1.4329,45.5463],[1.4324,45.5463],[1.4307,45.5462],[1.4304,45.5461],[1.4301,45.5459],[1.4292,45.5448],[1.429,45.5444],[1.4289,45.544],[1.4291,45.5437],[1.4299,45.5433],[1.4302,45.5429],[1.4302,45.5427],[1.4302,45.5424],[1.4298,45.5418],[1.4288,45.5401],[1.4285,45.5397],[1.4279,45.5393],[1.4277,45.5388],[1.4277,45.5385],[1.4278,45.5382],[1.4286,45.5372],[1.4293,45.5361],[1.4294,45.5354],[1.4293,45.5349],[1.429,45.5341],[1.4282,45.5323],[1.4281,45.532],[1.4281,45.5316],[1.4284,45.5305],[1.4284,45.5301],[1.4283,45.5298],[1.4279,45.5295],[1.4272,45.5293],[1.4268,45.5294],[1.4256,45.5295],[1.4251,45.5295],[1.4246,45.5294],[1.4242,45.5292],[1.4237,45.5287],[1.423,45.528],[1.4227,45.5277],[1.4222,45.5276],[1.4212,45.5274],[1.4208,45.5272],[1.4203,45.527],[1.42,45.5267],[1.4193,45.5254],[1.4192,45.5251],[1.4192,45.5247],[1.4193,45.524],[1.4194,45.5236],[1.4191,45.523],[1.4186,45.5223],[1.4183,45.5216],[1.418,45.5208],[1.4178,45.5202],[1.4172,45.5193],[1.4166,45.5187],[1.4164,45.5182],[1.4163,45.5178],[1.4165,45.5173],[1.4169,45.5169],[1.4177,45.5163],[1.4179,45.5158],[1.418,45.5149],[1.4182,45.5145],[1.4187,45.5137],[1.4188,45.5134],[1.4188,45.5128],[1.4185,45.5122],[1.4175,45.5103],[1.4171,45.5099],[1.4163,45.5092],[1.4158,45.5087],[1.4143,45.506],[1.4138,45.5054],[1.4105,45.5026],[1.4057,45.4985],[1.4036,45.4967],[1.4021,45.4955],[1.4018,45.4953],[1.3992,45.4936],[1.3985,45.4932],[1.3912,45.4886],[1.3906,45.4881],[1.3902,45.4876]]}},{"type":"Feature","properties":{"rang":"departementale"},"geometry":{"type":"LineString","coordinates":[[1.4932,45.572],[1.4929,45.572],[1.4923,45.572],[1.492,45.5721],[1.4914,45.5726],[1.4909,45.5728],[1.488,45.5733],[1.4872,45.5735],[1.4866,45.5737],[1.4855,45.5741],[1.485,45.5745],[1.4814,45.577],[1.4811,45.5771],[1.4806,45.5773],[1.4794,45.5776],[1.4723,45.5794],[1.4719,45.5796],[1.4702,45.5806],[1.4629,45.5848],[1.4621,45.5853],[1.4609,45.5863],[1.4587,45.5883],[1.4571,45.59],[1.4544,45.5925],[1.4535,45.5935],[1.4509,45.5955],[1.4503,45.596],[1.4498,45.5965],[1.4493,45.5972]]}},{"type":"Feature","properties":{"rang":"departementale"},"geometry":{"type":"LineString","coordinates":[[1.5539,45.6752],[1.5543,45.6748],[1.5546,45.6744],[1.5549,45.6737],[1.555,45.6734],[1.5554,45.6726],[1.5559,45.6717],[1.5564,45.6709],[1.5567,45.6705],[1.557,45.6702],[1.5574,45.6699],[1.5583,45.6694],[1.5588,45.669],[1.5598,45.6679],[1.5612,45.6663],[1.5624,45.6649],[1.5628,45.6644],[1.5631,45.6641],[1.5636,45.6639],[1.5652,45.6634],[1.5656,45.6632],[1.5672,45.6621],[1.5691,45.6607],[1.5712,45.6592],[1.5742,45.657],[1.5744,45.6567]]}},{"type":"Feature","properties":{"rang":"departementale"},"geometry":{"type":"LineString","coordinates":[[1.5085,45.6348],[1.5088,45.6344],[1.509,45.6338],[1.5089,45.6332],[1.5082,45.6317],[1.5078,45.6309],[1.5076,45.6297],[1.5074,45.6293],[1.5071,45.629],[1.5051,45.6281],[1.505,45.6279],[1.504,45.627],[1.5035,45.6265],[1.5033,45.6256],[1.5033,45.6252],[1.5035,45.6249],[1.5039,45.6246],[1.5046,45.6242],[1.5041,45.6236],[1.5025,45.622],[1.5014,45.6212],[1.5002,45.6205],[1.4997,45.6198]]}},{"type":"Feature","properties":{"rang":"departementale"},"geometry":{"type":"LineString","coordinates":[[1.5848,45.6939],[1.5869,45.6912],[1.5871,45.6908],[1.5871,45.6905],[1.5865,45.6888],[1.5849,45.6842],[1.5845,45.6836],[1.5843,45.6834],[1.5838,45.6832],[1.5828,45.6829],[1.5772,45.6814],[1.5736,45.6797],[1.5712,45.6785],[1.5707,45.678],[1.568,45.6747],[1.5678,45.6744],[1.5676,45.6739],[1.5673,45.672],[1.5666,45.6679],[1.5665,45.667],[1.5665,45.6659],[1.5665,45.6656],[1.5661,45.6653],[1.565,45.665],[1.5644,45.6651],[1.5637,45.6655],[1.5633,45.6656],[1.5624,45.6652],[1.5622,45.6651],[1.562,45.662],[1.5618,45.6614],[1.5589,45.6581],[1.558,45.6571],[1.5577,45.6568],[1.557,45.6565],[1.552,45.6556],[1.5506,45.6554],[1.5502,45.6553],[1.5468,45.6542],[1.5462,45.6539],[1.5438,45.6524],[1.5432,45.6518],[1.5386,45.6458],[1.5384,45.6454],[1.5376,45.6438],[1.537,45.6426],[1.5366,45.6421],[1.5338,45.6391],[1.5335,45.6388],[1.5318,45.637],[1.5316,45.6367],[1.5316,45.6364],[1.5325,45.6346],[1.5327,45.6341],[1.5327,45.6338],[1.5324,45.6333],[1.5303,45.6318],[1.53,45.6316],[1.5298,45.6315],[1.5295,45.6316],[1.5293,45.6317],[1.5282,45.6327],[1.5279,45.633],[1.5264,45.6338],[1.526,45.634],[1.5257,45.634],[1.5242,45.6338],[1.5232,45.6338],[1.5227,45.6336],[1.5226,45.6332],[1.5227,45.6328],[1.5235,45.6318],[1.5235,45.6315],[1.5232,45.6313],[1.5224,45.6309],[1.5219,45.631],[1.5205,45.6313],[1.5199,45.6312],[1.5194,45.631],[1.5193,45.6308],[1.5194,45.6303],[1.5199,45.6292],[1.52,45.6289],[1.5199,45.6287],[1.5191,45.6268],[1.5186,45.6256],[1.5183,45.6253],[1.518,45.6252],[1.5176,45.6252],[1.5161,45.6254],[1.5156,45.6256],[1.5153,45.6257],[1.5145,45.6263],[1.514,45.6264],[1.5137,45.6264],[1.5112,45.6261],[1.5106,45.6261],[1.509,45.6256],[1.5085,45.6256],[1.5076,45.6257],[1.507,45.6258],[1.5063,45.6257],[1.5057,45.6254],[1.5053,45.6252],[1.5051,45.625],[1.5046,45.6242]]}},{"type":"Feature","properties":{"rang":"departementale"},"geometry":{"type":"LineString","coordinates":[[1.5657,45.5373],[1.5663,45.5373],[1.567,45.5375],[1.5674,45.5378],[1.5675,45.5382],[1.5675,45.5399],[1.5677,45.5404],[1.5686,45.5413],[1.5693,45.5419],[1.5694,45.5421],[1.5694,45.5425],[1.5695,45.5428],[1.5698,45.5429],[1.5702,45.5431],[1.5724,45.5433],[1.5763,45.5443],[1.5768,45.5446],[1.5783,45.5467],[1.5799,45.5488],[1.5804,45.5491],[1.582,45.5496],[1.5835,45.5501],[1.584,45.5503],[1.5878,45.5526],[1.5894,45.5536],[1.5926,45.5553],[1.5936,45.5559],[1.5939,45.5561],[1.5953,45.5563],[1.5961,45.5565],[1.5968,45.557],[1.5974,45.5575],[1.598,45.5576],[1.6004,45.5575],[1.6007,45.5575],[1.6028,45.557],[1.6033,45.5568],[1.6052,45.5554],[1.6059,45.5551],[1.6071,45.5548],[1.6075,45.5547],[1.6079,45.5548],[1.6106,45.5559],[1.6109,45.556],[1.6114,45.5561],[1.6135,45.5561],[1.618,45.5562],[1.6186,45.5564],[1.6192,45.5566],[1.6196,45.5567],[1.6201,45.5567],[1.6205,45.5567],[1.6263,45.5554],[1.6269,45.5553],[1.6276,45.5554],[1.6281,45.5556],[1.6293,45.5564],[1.6296,45.5566],[1.6302,45.5567],[1.6315,45.5566],[1.6323,45.5566],[1.6333,45.5567],[1.635,45.557],[1.6353,45.5571],[1.6366,45.557],[1.6373,45.5571],[1.6381,45.5574],[1.6396,45.5581],[1.64,45.5583],[1.6404,45.5583],[1.6409,45.5582],[1.6417,45.5576],[1.6422,45.5575],[1.6426,45.5576],[1.643,45.5578],[1.6434,45.5579],[1.6441,45.558],[1.6445,45.5581],[1.6447,45.5582],[1.6452,45.5588],[1.6455,45.559],[1.6459,45.5591],[1.6474,45.5591],[1.6479,45.5592],[1.6483,45.5594],[1.6498,45.5594],[1.6499,45.559],[1.65,45.5587],[1.6502,45.5586],[1.6502,45.5582],[1.649,45.5581],[1.6487,45.5578],[1.6485,45.5565],[1.6486,45.5559],[1.6486,45.5557],[1.6482,45.5551],[1.6476,45.554],[1.6469,45.5534],[1.6463,45.5517],[1.6456,45.5498],[1.6456,45.5496],[1.6458,45.5488],[1.6457,45.5485],[1.6454,45.5482],[1.6446,45.5481],[1.6443,45.5479],[1.6441,45.5477],[1.644,45.5473],[1.644,45.547],[1.6442,45.5465],[1.6442,45.5462],[1.6436,45.5454],[1.6434,45.5452],[1.6429,45.545],[1.6411,45.5442],[1.6403,45.544],[1.6399,45.5438],[1.6395,45.5434],[1.6389,45.5421],[1.6389,45.5409],[1.6387,45.5404],[1.6384,45.54],[1.6363,45.5367],[1.636,45.5361],[1.6358,45.5359],[1.6354,45.5358],[1.6339,45.5354],[1.6326,45.5349],[1.632,45.5344],[1.6317,45.5343],[1.6309,45.5343],[1.6303,45.5343],[1.6296,45.5344],[1.6293,45.5341],[1.6293,45.5339],[1.6295,45.5333],[1.6296,45.5329],[1.6295,45.5325],[1.6297,45.5314],[1.6295,45.5312],[1.6289,45.531],[1.6287,45.5307],[1.6286,45.53],[1.6285,45.5298],[1.6281,45.5296],[1.6261,45.529],[1.6237,45.5282],[1.6232,45.5279],[1.6219,45.5266],[1.6215,45.526],[1.6209,45.5247],[1.6206,45.5243],[1.6201,45.5242],[1.6196,45.524],[1.6189,45.5237],[1.6186,45.5237],[1.6181,45.5237],[1.6177,45.5237],[1.6171,45.5236],[1.6155,45.5233],[1.6152,45.5232],[1.6143,45.5226],[1.6137,45.5216],[1.6134,45.5213],[1.612,45.5205],[1.6117,45.5202],[1.6113,45.5191],[1.6111,45.5188],[1.6103,45.5176],[1.6101,45.5172],[1.6095,45.5168],[1.6085,45.5159],[1.608,45.5153],[1.6075,45.5137],[1.6075,45.5134],[1.6079,45.5125],[1.6079,45.5122],[1.6079,45.5107],[1.6078,45.5096],[1.6079,45.5092],[1.6084,45.5083],[1.6085,45.5074],[1.6101,45.5044],[1.6103,45.5041],[1.6113,45.5032],[1.6114,45.5029],[1.612,45.5],[1.612,45.4995],[1.6114,45.4984],[1.6113,45.4981],[1.6113,45.4973]]}},{"type":"Feature","properties":{"rang":"departementale"},"geometry":{"type":"LineString","coordinates":[[1.546,45.6253],[1.5464,45.6245],[1.5468,45.6243]]}},{"type":"Feature","properties":{"rang":"departementale"},"geometry":{"type":"LineString","coordinates":[[1.7082,45.563],[1.7096,45.5638],[1.7103,45.5643],[1.7107,45.5647],[1.7108,45.5653],[1.711,45.5657],[1.7113,45.566],[1.7121,45.5663],[1.714,45.567],[1.7146,45.5673],[1.7151,45.5677],[1.7152,45.5681],[1.7152,45.5687],[1.7149,45.5692],[1.7143,45.5702],[1.7142,45.5709],[1.7141,45.574],[1.7141,45.5746],[1.7142,45.575],[1.7144,45.5754],[1.7146,45.5756],[1.7151,45.576],[1.7161,45.5764],[1.7164,45.5767],[1.7166,45.5771],[1.7165,45.5777],[1.7167,45.578],[1.7184,45.5794],[1.7198,45.5804],[1.72,45.5807],[1.7208,45.5819],[1.7211,45.5824],[1.7214,45.5826],[1.722,45.582],[1.7223,45.5818],[1.7227,45.5817],[1.7231,45.5818],[1.7236,45.582],[1.7238,45.582],[1.7242,45.582],[1.7246,45.5817],[1.725,45.5811]]}},{"type":"Feature","properties":{"rang":"departementale"},"geometry":{"type":"LineString","coordinates":[[1.7214,45.5826],[1.7212,45.583],[1.7198,45.584],[1.7196,45.5843],[1.7192,45.5846],[1.7187,45.5846],[1.718,45.5848],[1.7175,45.585],[1.7171,45.5853],[1.7165,45.5856],[1.7159,45.5858],[1.7154,45.586],[1.7145,45.5864],[1.7136,45.5869],[1.7134,45.587],[1.7127,45.5871],[1.7124,45.5872],[1.7119,45.5878],[1.7117,45.5884],[1.7114,45.5902],[1.7111,45.5907],[1.7098,45.5926],[1.7095,45.5929],[1.7083,45.5941],[1.7079,45.5945],[1.7073,45.5956],[1.707,45.5958],[1.706,45.5963],[1.7057,45.5965],[1.7055,45.5968],[1.7054,45.5976],[1.7051,45.5981],[1.7046,45.5985],[1.7042,45.5988],[1.7038,45.5989],[1.7025,45.5989],[1.7019,45.5992],[1.7015,45.5997],[1.7011,45.6006],[1.7009,45.601],[1.7002,45.6017],[1.7,45.6021],[1.6996,45.6032],[1.6993,45.6036],[1.699,45.6039],[1.6986,45.6041],[1.6956,45.6056],[1.6948,45.606],[1.6938,45.6063],[1.6927,45.6065],[1.69,45.6066],[1.6889,45.6068],[1.6881,45.6069],[1.6874,45.6073],[1.6867,45.6076],[1.6862,45.608],[1.6843,45.6097],[1.683,45.611],[1.6827,45.6112],[1.6822,45.6114],[1.6816,45.6116],[1.6809,45.6116],[1.6802,45.6115],[1.6797,45.6113],[1.679,45.6109],[1.6778,45.6099],[1.6774,45.6097],[1.6767,45.6094],[1.6751,45.609],[1.6743,45.6088],[1.6722,45.6085],[1.6715,45.6084],[1.6708,45.6081],[1.6701,45.6075],[1.6699,45.6071],[1.6695,45.6062],[1.6692,45.6058],[1.6688,45.6055],[1.6684,45.6053],[1.6676,45.6051],[1.6672,45.605],[1.6665,45.6051],[1.6653,45.6053],[1.6644,45.6054],[1.6633,45.6055],[1.6626,45.6056],[1.6617,45.6057],[1.6605,45.6059],[1.6602,45.6059],[1.6597,45.6057],[1.6594,45.6056],[1.6588,45.6049],[1.6582,45.6046],[1.6578,45.6046],[1.6519,45.6048],[1.6518,45.6049],[1.6494,45.6062],[1.649,45.6064],[1.6488,45.6067],[1.6486,45.6074],[1.6487,45.6077],[1.6491,45.6083],[1.649,45.6087],[1.6488,45.6088],[1.6481,45.6091],[1.6465,45.6098],[1.6452,45.6106],[1.6449,45.6107],[1.644,45.6111],[1.6426,45.6114],[1.6421,45.6116],[1.6415,45.612],[1.6413,45.6123],[1.641,45.613],[1.64,45.6148],[1.6397,45.6151],[1.6392,45.6154],[1.6387,45.6157],[1.6383,45.6159],[1.6375,45.6161],[1.6371,45.616],[1.6368,45.6159],[1.6354,45.6151],[1.6351,45.615],[1.6342,45.6149],[1.6337,45.6149],[1.6328,45.615],[1.6322,45.6152],[1.6318,45.6153],[1.6315,45.6157],[1.6313,45.6161],[1.6313,45.6169],[1.6316,45.6175],[1.6315,45.6177],[1.6312,45.6178],[1.6293,45.6182],[1.629,45.6182],[1.6286,45.6181],[1.6284,45.6179],[1.6276,45.6166],[1.6271,45.6161],[1.6264,45.6158],[1.6257,45.6153],[1.6252,45.6151],[1.6249,45.6151],[1.6219,45.6151],[1.6215,45.6151],[1.621,45.6153],[1.6194,45.6161],[1.6187,45.6164],[1.6173,45.6166],[1.6166,45.6167],[1.6135,45.6179],[1.6125,45.6183],[1.6119,45.6188],[1.6112,45.619],[1.6096,45.6194],[1.6087,45.6198],[1.6064,45.6211],[1.6001,45.6245],[1.5996,45.6247],[1.5982,45.6249],[1.5971,45.6251],[1.5966,45.6253],[1.592,45.6274],[1.5907,45.6279],[1.59,45.6281],[1.588,45.6283],[1.5871,45.6284],[1.5852,45.6289],[1.5824,45.6296],[1.5821,45.6298],[1.5769,45.6357],[1.5752,45.6374],[1.5736,45.6391],[1.5734,45.6393],[1.5735,45.6396],[1.5737,45.6402],[1.5738,45.6405],[1.5751,45.642],[1.5752,45.6422],[1.5752,45.6426],[1.5748,45.6433],[1.5748,45.6443],[1.5748,45.6446],[1.5746,45.6449],[1.5741,45.6454],[1.574,45.6456],[1.574,45.6461],[1.5739,45.6466],[1.5739,45.6472],[1.5735,45.6479],[1.5733,45.6486],[1.573,45.649],[1.5723,45.6496],[1.5721,45.6502],[1.5719,45.6526],[1.5722,45.6529],[1.5734,45.6533],[1.5738,45.6536],[1.5741,45.6551],[1.5744,45.6567]]}},{"type":"Feature","properties":{"rang":"departementale"},"geometry":{"type":"LineString","coordinates":[[1.7025,45.5029],[1.7037,45.5021],[1.704,45.5019],[1.7042,45.5015],[1.7045,45.5013],[1.7048,45.5012],[1.706,45.5012],[1.7063,45.5012],[1.707,45.5009],[1.7071,45.5008]]}},{"type":"Feature","properties":{"rang":"departementale"},"geometry":{"type":"LineString","coordinates":[[1.6968,45.4997],[1.6963,45.4996],[1.6953,45.4995],[1.6947,45.4993],[1.6941,45.4992],[1.6919,45.4984],[1.6913,45.4983],[1.6907,45.4983],[1.6901,45.4986],[1.6899,45.4988],[1.6898,45.4992],[1.6895,45.4994],[1.688,45.4996],[1.6876,45.4996],[1.686,45.4994],[1.6854,45.4992],[1.685,45.4991],[1.6848,45.4992],[1.6824,45.5006],[1.682,45.5006],[1.6813,45.5005],[1.6803,45.5004],[1.6792,45.5003],[1.6786,45.5003],[1.6781,45.5005],[1.6778,45.5007],[1.6775,45.5009],[1.677,45.5011],[1.6765,45.5014],[1.6761,45.5019],[1.6759,45.502],[1.6755,45.502],[1.6747,45.5018],[1.674,45.5018],[1.6737,45.502],[1.6734,45.5024],[1.6731,45.5026],[1.6724,45.5028],[1.6719,45.5029],[1.6715,45.5028],[1.6711,45.5027],[1.6709,45.5024],[1.6708,45.5019],[1.6705,45.5015],[1.67,45.5013],[1.6675,45.5015],[1.667,45.5014]]}},{"type":"Feature","properties":{"rang":"departementale"},"geometry":{"type":"LineString","coordinates":[[1.5824,45.6292],[1.5831,45.6293],[1.5834,45.6294]]}},{"type":"Feature","properties":{"rang":"departementale"},"geometry":{"type":"LineString","coordinates":[[1.5445,45.6264],[1.544,45.6267],[1.5436,45.6272],[1.5432,45.6274],[1.542,45.6276],[1.5416,45.6278],[1.5406,45.6291],[1.5404,45.6294],[1.5397,45.6297],[1.5391,45.6301],[1.5378,45.6312],[1.5374,45.6316],[1.537,45.6318],[1.5363,45.6322],[1.5347,45.6326],[1.5329,45.6332],[1.5324,45.6333]]}},{"type":"Feature","properties":{"rang":"departementale"},"geometry":{"type":"LineString","coordinates":[[1.5668,45.6305],[1.5637,45.6304],[1.563,45.6302],[1.5611,45.6295],[1.5584,45.6284],[1.5577,45.6282],[1.5554,45.6276],[1.5551,45.6275],[1.5543,45.627],[1.551,45.6247],[1.5505,45.6245],[1.5492,45.624],[1.5489,45.6239],[1.5484,45.6239],[1.547,45.6242],[1.5468,45.6243]]}},{"type":"Feature","properties":{"rang":"departementale"},"geometry":{"type":"LineString","coordinates":[[1.5453,45.626],[1.5456,45.6258],[1.546,45.6253]]}},{"type":"Feature","properties":{"rang":"departementale"},"geometry":{"type":"LineString","coordinates":[[1.3706,45.4913],[1.3714,45.4914],[1.3753,45.493],[1.3758,45.4932],[1.3769,45.4932],[1.3778,45.4932],[1.3784,45.4931],[1.3789,45.4928],[1.3833,45.4888],[1.3836,45.4887],[1.384,45.4885],[1.3899,45.4878],[1.3902,45.4876]]}},{"type":"Feature","properties":{"rang":"departementale"},"geometry":{"type":"LineString","coordinates":[[1.4065,45.5351],[1.407,45.5352],[1.4086,45.535],[1.4093,45.5349],[1.4098,45.535],[1.4119,45.5355],[1.4121,45.5356],[1.4125,45.5358],[1.413,45.5364],[1.4132,45.5368],[1.4132,45.5372],[1.413,45.5381],[1.413,45.5386],[1.413,45.539],[1.4134,45.5394],[1.4159,45.541],[1.4163,45.5411],[1.417,45.541],[1.4176,45.5409],[1.4194,45.5411],[1.42,45.5414],[1.4208,45.542],[1.424,45.5448],[1.4244,45.545],[1.425,45.5453],[1.4255,45.5453],[1.4265,45.5449],[1.4268,45.5449],[1.4279,45.5453],[1.4285,45.5453],[1.4295,45.5451]]}},{"type":"Feature","properties":{"rang":"departementale"},"geometry":{"type":"LineString","coordinates":[[1.7236,45.5895],[1.7237,45.5903],[1.7236,45.5907],[1.7227,45.5925],[1.7226,45.5928],[1.7226,45.5932],[1.7228,45.5934],[1.7234,45.594],[1.7234,45.5942],[1.7233,45.5944],[1.7228,45.5947],[1.7227,45.5949],[1.7225,45.5956],[1.7227,45.5965],[1.7226,45.5969],[1.7223,45.5972],[1.7219,45.5975],[1.7209,45.5979],[1.7205,45.5981],[1.7202,45.5984],[1.72,45.5988],[1.7191,45.6],[1.719,45.6003],[1.7192,45.6006],[1.7192,45.6013],[1.7193,45.6018],[1.7193,45.6022],[1.7187,45.6039],[1.7185,45.6052],[1.7183,45.6059],[1.7184,45.6064],[1.7187,45.607],[1.7188,45.6073],[1.7186,45.6078],[1.7186,45.6084],[1.7181,45.6091],[1.718,45.6094],[1.7179,45.6103],[1.7182,45.611],[1.7183,45.6121],[1.7183,45.6124],[1.7181,45.6131],[1.7181,45.6134],[1.7183,45.6139],[1.7184,45.6141],[1.7183,45.6144],[1.7179,45.615],[1.7177,45.6157],[1.7177,45.6165],[1.7173,45.6172],[1.7172,45.6177],[1.717,45.6182],[1.7169,45.6184],[1.717,45.619],[1.717,45.6194],[1.7168,45.6197],[1.7164,45.62],[1.7157,45.6206],[1.7149,45.6214],[1.7147,45.6217],[1.7146,45.622],[1.7148,45.6223],[1.7154,45.6229],[1.7156,45.6233],[1.7155,45.6242],[1.7157,45.6249],[1.7158,45.6255],[1.716,45.6259],[1.7163,45.6261],[1.7174,45.6268],[1.7179,45.6272],[1.718,45.6276],[1.7181,45.6279],[1.7179,45.6293],[1.7182,45.6317],[1.7181,45.632],[1.7178,45.6325],[1.717,45.6332],[1.7165,45.634],[1.7163,45.6343],[1.716,45.6345],[1.715,45.6351],[1.7137,45.636],[1.7133,45.6366],[1.7129,45.637],[1.7128,45.6373],[1.713,45.6378],[1.7133,45.638],[1.7138,45.638],[1.7142,45.6378],[1.7146,45.6374],[1.715,45.6367],[1.7154,45.6365],[1.7157,45.6365],[1.7165,45.6369],[1.7169,45.637],[1.7174,45.6371],[1.7183,45.637],[1.7194,45.6371],[1.7203,45.6371],[1.7207,45.6372],[1.7209,45.6374],[1.7212,45.6381],[1.7211,45.6384],[1.7208,45.6386]]}},{"type":"Feature","properties":{"rang":"departementale"},"geometry":{"type":"LineString","coordinates":[[1.7237,45.5893],[1.7234,45.5894],[1.7234,45.5892],[1.7237,45.5893]]}},{"type":"Feature","properties":{"rang":"departementale"},"geometry":{"type":"LineString","coordinates":[[1.5132,45.5271],[1.5121,45.5268],[1.5117,45.5268]]}},{"type":"Feature","properties":{"rang":"departementale"},"geometry":{"type":"LineString","coordinates":[[1.5156,45.5276],[1.5157,45.5278],[1.5154,45.5279],[1.5151,45.5277],[1.5152,45.5276],[1.5156,45.5276]]}},{"type":"Feature","properties":{"rang":"departementale"},"geometry":{"type":"LineString","coordinates":[[1.5138,45.5273],[1.5132,45.5271]]}},{"type":"Feature","properties":{"rang":"departementale"},"geometry":{"type":"LineString","coordinates":[[1.6502,45.5586],[1.6507,45.5586],[1.6511,45.5584],[1.6521,45.5583],[1.6523,45.5583],[1.6531,45.5584],[1.6547,45.5586],[1.6552,45.5585],[1.6556,45.5583],[1.6562,45.5576],[1.6564,45.5577],[1.656,45.5581],[1.6559,45.5588],[1.6561,45.5591],[1.6566,45.5593],[1.6573,45.5597],[1.6581,45.5597],[1.6586,45.5599],[1.6595,45.5605],[1.6598,45.5606],[1.6603,45.5607],[1.6607,45.5606],[1.6637,45.5597],[1.6642,45.5596],[1.6648,45.5596],[1.6655,45.5596],[1.666,45.5597],[1.6667,45.56],[1.6694,45.5612],[1.6698,45.5614],[1.6702,45.5614],[1.6709,45.5613],[1.6713,45.5613],[1.6718,45.5614],[1.6724,45.5614],[1.6741,45.5613],[1.6748,45.561],[1.6753,45.5608],[1.6757,45.5605],[1.677,45.5589],[1.678,45.5581],[1.6795,45.5569],[1.6816,45.5553],[1.6826,45.5545],[1.6834,45.554],[1.6842,45.5536],[1.6849,45.5534],[1.686,45.5531],[1.6873,45.5528],[1.6893,45.5525],[1.6902,45.5523],[1.6908,45.5519]]}},{"type":"Feature","properties":{"rang":"departementale"},"geometry":{"type":"LineString","coordinates":[[1.5349,45.5393],[1.5347,45.5393],[1.5347,45.5391],[1.535,45.5392],[1.5349,45.5393]]}},{"type":"Feature","properties":{"rang":"departementale"},"geometry":{"type":"LineString","coordinates":[[1.5307,45.532],[1.5312,45.5329],[1.5313,45.5333],[1.5314,45.5341],[1.5311,45.5348],[1.5311,45.5354],[1.5312,45.5359],[1.5315,45.5366],[1.5317,45.5369],[1.5323,45.5373],[1.5336,45.5381],[1.5348,45.5391]]}},{"type":"Feature","properties":{"rang":"departementale"},"geometry":{"type":"LineString","coordinates":[[1.5307,45.532],[1.5305,45.5315],[1.53,45.5309],[1.5295,45.5305],[1.5291,45.5302],[1.5281,45.5298],[1.5234,45.5282],[1.5229,45.5281],[1.5222,45.5279],[1.5215,45.5279],[1.521,45.528],[1.5198,45.5283],[1.5187,45.5284],[1.518,45.5284],[1.5168,45.5282],[1.5157,45.5279],[1.5155,45.5279]]}},{"type":"Feature","properties":{"rang":"departementale"},"geometry":{"type":"LineString","coordinates":[[1.5157,45.5278],[1.5161,45.528]]}},{"type":"Feature","properties":{"rang":"departementale"},"geometry":{"type":"LineString","coordinates":[[1.5353,45.539],[1.535,45.5392]]}},{"type":"Feature","properties":{"rang":"departementale"},"geometry":{"type":"LineString","coordinates":[[1.7069,45.5004],[1.7075,45.5002],[1.7077,45.4999],[1.7079,45.4998],[1.7083,45.4998],[1.7097,45.5001],[1.7099,45.5002],[1.7101,45.5005],[1.7105,45.502],[1.7106,45.5022],[1.711,45.5024],[1.7122,45.503],[1.7126,45.5029],[1.7133,45.5026],[1.7144,45.5026],[1.7149,45.5026],[1.7156,45.5029],[1.7166,45.5035],[1.7171,45.5037],[1.7189,45.5036],[1.7193,45.5036],[1.7201,45.5032],[1.7204,45.5031],[1.7211,45.5031],[1.7215,45.503],[1.7218,45.5028],[1.7221,45.5023],[1.7224,45.5021],[1.7227,45.5021],[1.7233,45.5022],[1.7237,45.5022],[1.7248,45.502],[1.7256,45.5017],[1.7259,45.5017],[1.7292,45.5017],[1.7296,45.5018],[1.7302,45.5021],[1.7305,45.5022],[1.7311,45.5023],[1.7315,45.5024],[1.732,45.5029],[1.7339,45.5039],[1.7343,45.504],[1.737,45.5043],[1.7375,45.5044],[1.7385,45.505],[1.7397,45.5053],[1.7409,45.5056],[1.7412,45.5056],[1.7421,45.5052],[1.7425,45.5051],[1.745,45.5051],[1.7454,45.5052],[1.7467,45.5055],[1.7474,45.5058],[1.7478,45.506],[1.7489,45.5071],[1.7492,45.5072],[1.7539,45.5082],[1.7556,45.5084],[1.7562,45.5086],[1.7583,45.5093],[1.7586,45.5094],[1.7604,45.5098],[1.7607,45.5099],[1.7622,45.5104],[1.7624,45.5106],[1.7628,45.5113],[1.763,45.5115],[1.7637,45.5117],[1.7647,45.5123],[1.7651,45.5126],[1.7652,45.5128],[1.7652,45.5133],[1.765,45.5137],[1.765,45.5142],[1.7651,45.5145],[1.7655,45.5149],[1.7665,45.5158],[1.7667,45.516],[1.7676,45.5172],[1.7696,45.52],[1.7721,45.5239],[1.7726,45.5246],[1.773,45.5249],[1.7736,45.5252],[1.7741,45.5256],[1.7744,45.5261],[1.7746,45.5268],[1.7748,45.527],[1.7757,45.5279],[1.7764,45.5288],[1.7771,45.5294],[1.7777,45.5296],[1.7809,45.5301],[1.7833,45.5305],[1.7836,45.5306],[1.7855,45.5313],[1.7857,45.5315],[1.786,45.5319],[1.7866,45.5325],[1.7868,45.5325]]}},{"type":"Feature","properties":{"rang":"departementale"},"geometry":{"type":"LineString","coordinates":[[1.707,45.5004],[1.7071,45.5008]]}},{"type":"Feature","properties":{"rang":"departementale"},"geometry":{"type":"LineString","coordinates":[[1.5702,45.6289],[1.5699,45.629],[1.5686,45.6297],[1.5673,45.6304],[1.5668,45.6305]]}},{"type":"Feature","properties":{"rang":"departementale"},"geometry":{"type":"LineString","coordinates":[[1.5824,45.6292],[1.5824,45.6296]]}},{"type":"Feature","properties":{"rang":"departementale"},"geometry":{"type":"LineString","coordinates":[[1.5824,45.6292],[1.5755,45.629],[1.5707,45.6288],[1.5702,45.6289]]}},{"type":"Feature","properties":{"rang":"departementale"},"geometry":{"type":"LineString","coordinates":[[1.5835,45.6325],[1.5835,45.6323],[1.5831,45.6312],[1.5825,45.63],[1.5824,45.6297]]}},{"type":"Feature","properties":{"rang":"departementale"},"geometry":{"type":"LineString","coordinates":[[1.692,45.552],[1.6913,45.5517]]}},{"type":"Feature","properties":{"rang":"departementale"},"geometry":{"type":"LineString","coordinates":[[1.502,45.6414],[1.5023,45.6411],[1.5028,45.6407],[1.5055,45.6384],[1.5057,45.6381],[1.5073,45.6357],[1.5076,45.6354],[1.5085,45.6348]]}},{"type":"Feature","properties":{"rang":"departementale"},"geometry":{"type":"LineString","coordinates":[[1.4065,45.5351],[1.4064,45.535],[1.405,45.5335],[1.4048,45.5333],[1.4043,45.5331],[1.4038,45.533],[1.402,45.5327],[1.4015,45.5329],[1.4014,45.5331],[1.4013,45.5339],[1.4011,45.5341],[1.4008,45.5343],[1.3997,45.5342],[1.3989,45.5343],[1.3984,45.5343],[1.3982,45.5342],[1.3974,45.5337],[1.396,45.5331],[1.3956,45.533],[1.395,45.533]]}},{"type":"Feature","properties":{"rang":"departementale"},"geometry":{"type":"LineString","coordinates":[[1.7397,45.5687],[1.7393,45.5685],[1.7388,45.5686],[1.7389,45.5684],[1.7391,45.5684],[1.7394,45.5685],[1.7397,45.5687]]}},{"type":"Feature","properties":{"rang":"departementale"},"geometry":{"type":"LineString","coordinates":[[1.7369,45.5717],[1.7367,45.5719],[1.7365,45.5721],[1.7365,45.5723],[1.737,45.574],[1.7371,45.5746],[1.7368,45.5751],[1.736,45.5762],[1.7357,45.5765],[1.7352,45.5768],[1.7349,45.5769],[1.7343,45.577],[1.7326,45.5771],[1.7313,45.5773],[1.7303,45.5775],[1.7294,45.5777],[1.7281,45.5782],[1.7278,45.5784],[1.7276,45.5791],[1.7274,45.5794],[1.727,45.5797],[1.7268,45.5799],[1.7267,45.5803],[1.7265,45.5806],[1.7262,45.5808],[1.7258,45.5809],[1.7253,45.5809],[1.725,45.5811]]}},{"type":"Feature","properties":{"rang":"departementale"},"geometry":{"type":"LineString","coordinates":[[1.7387,45.5688],[1.7386,45.5696],[1.7385,45.5699],[1.7382,45.5702],[1.7377,45.5706],[1.7374,45.5708],[1.7373,45.5713],[1.7372,45.5715],[1.7369,45.5717]]}},{"type":"Feature","properties":{"rang":"departementale"},"geometry":{"type":"LineString","coordinates":[[1.7599,45.5612],[1.7596,45.5612],[1.7587,45.5615],[1.7583,45.5617],[1.7578,45.562],[1.7569,45.563],[1.7563,45.5635],[1.7556,45.564],[1.7545,45.5646],[1.7541,45.5649],[1.7537,45.5654],[1.7532,45.5664],[1.753,45.567],[1.7529,45.5679],[1.7527,45.5683],[1.7522,45.5688],[1.7509,45.5695],[1.7505,45.5697],[1.7499,45.5701],[1.7481,45.5716],[1.7478,45.5718],[1.7473,45.5721],[1.7468,45.5723],[1.7463,45.5724],[1.7455,45.5724],[1.7449,45.5723],[1.7442,45.5721],[1.7436,45.5718],[1.7425,45.5711],[1.7418,45.5707],[1.7413,45.5703],[1.7405,45.5693],[1.7397,45.5687]]}},{"type":"Feature","properties":{"rang":"departementale"},"geometry":{"type":"LineString","coordinates":[[1.5624,45.6649],[1.5622,45.6649]]}},{"type":"Feature","properties":{"rang":"departementale"},"geometry":{"type":"LineString","coordinates":[[1.5622,45.6646],[1.5625,45.6648]]}},{"type":"Feature","properties":{"rang":"departementale"},"geometry":{"type":"LineString","coordinates":[[1.5145,45.5274],[1.5138,45.5273]]}},{"type":"Feature","properties":{"rang":"departementale"},"geometry":{"type":"LineString","coordinates":[[1.5151,45.5277],[1.515,45.5276],[1.5145,45.5274],[1.5152,45.5276]]}},{"type":"Feature","properties":{"rang":"departementale"},"geometry":{"type":"LineString","coordinates":[[1.5154,45.5279],[1.5152,45.5282],[1.5152,45.5278]]}},{"type":"Feature","properties":{"rang":"departementale"},"geometry":{"type":"LineString","coordinates":[[1.5193,45.538],[1.5192,45.5382],[1.5185,45.5392],[1.5182,45.5395],[1.5177,45.5399],[1.5171,45.5402],[1.5167,45.5407],[1.5165,45.5413],[1.5164,45.5422],[1.5163,45.5429],[1.5163,45.5432],[1.5165,45.5436],[1.5168,45.5438],[1.5172,45.5439],[1.518,45.5439],[1.5184,45.544],[1.5189,45.5442],[1.5208,45.5453],[1.5214,45.5459],[1.5216,45.5464],[1.522,45.5481],[1.5221,45.5488],[1.522,45.5491],[1.5218,45.5495],[1.5215,45.55],[1.5209,45.5507],[1.5208,45.5511],[1.5209,45.5515],[1.5217,45.5536],[1.5218,45.554],[1.5218,45.5546],[1.5216,45.555],[1.5214,45.5555],[1.5209,45.556],[1.518,45.559],[1.5176,45.5594]]}},{"type":"Feature","properties":{"rang":"departementale"},"geometry":{"type":"LineString","coordinates":[[1.7214,45.5826],[1.7217,45.5827],[1.7223,45.5832],[1.7225,45.5838],[1.7228,45.5847],[1.7231,45.5854],[1.7234,45.5867],[1.7236,45.5889],[1.7236,45.5892]]}},{"type":"Feature","properties":{"rang":"departementale"},"geometry":{"type":"LineString","coordinates":[[1.477,45.5268],[1.4771,45.5269]]}},{"type":"Feature","properties":{"rang":"departementale"},"geometry":{"type":"LineString","coordinates":[[1.7157,45.6495],[1.7157,45.6493],[1.7158,45.6486],[1.716,45.6481],[1.7161,45.6477],[1.7158,45.6471],[1.7157,45.6468],[1.7158,45.6465],[1.716,45.6462],[1.7172,45.6453],[1.7174,45.6451],[1.7173,45.6447],[1.7173,45.6443],[1.7175,45.6438],[1.7177,45.6437],[1.7183,45.6435],[1.7183,45.6432],[1.7182,45.643],[1.7179,45.6427],[1.7173,45.6423],[1.7172,45.642],[1.7172,45.6416],[1.7171,45.6414],[1.7166,45.6411],[1.7161,45.6407],[1.7159,45.6403],[1.716,45.6401],[1.7172,45.6393],[1.7176,45.6388],[1.7179,45.6386],[1.7184,45.6384],[1.7189,45.6384],[1.7194,45.6384],[1.7203,45.6387],[1.7208,45.6386]]}},{"type":"Feature","properties":{"rang":"departementale"},"geometry":{"type":"LineString","coordinates":[[1.5462,45.5414],[1.5466,45.5412],[1.5469,45.5409],[1.5469,45.5403],[1.547,45.54],[1.5473,45.5398],[1.5481,45.5395],[1.5486,45.5393],[1.549,45.5392],[1.5503,45.5393],[1.5519,45.5391],[1.5529,45.5392],[1.5574,45.539],[1.5581,45.5388],[1.5584,45.5386],[1.5589,45.5381],[1.56,45.5374],[1.5603,45.5373],[1.5608,45.5372],[1.5613,45.5373],[1.5621,45.5374],[1.5635,45.5378],[1.5639,45.5378],[1.5643,45.5377],[1.5657,45.5373]]}},{"type":"Feature","properties":{"rang":"departementale"},"geometry":{"type":"LineString","coordinates":[[1.5415,45.54],[1.5419,45.5402],[1.5427,45.5408],[1.5431,45.5412],[1.5437,45.5414],[1.5446,45.5416],[1.5455,45.5416],[1.5462,45.5414]]}},{"type":"Feature","properties":{"rang":"departementale"},"geometry":{"type":"LineString","coordinates":[[1.707,45.5004],[1.7069,45.5004]]}},{"type":"Feature","properties":{"rang":"departementale"},"geometry":{"type":"LineString","coordinates":[[1.6914,45.5516],[1.6921,45.552],[1.6926,45.5521],[1.6939,45.552],[1.6944,45.552],[1.695,45.5523],[1.696,45.5527],[1.6974,45.5533],[1.6983,45.5536],[1.7001,45.5544],[1.7004,45.5546],[1.7008,45.5549],[1.701,45.5553],[1.7011,45.5558],[1.7014,45.5562],[1.704,45.5578],[1.7043,45.5581],[1.7053,45.5603],[1.7054,45.5606],[1.7071,45.5622],[1.7074,45.5625],[1.7082,45.563]]}},{"type":"Feature","properties":{"rang":"departementale"},"geometry":{"type":"LineString","coordinates":[[1.5152,45.5282],[1.5155,45.5285],[1.5161,45.5286],[1.5166,45.5288],[1.5168,45.529],[1.5179,45.5305],[1.518,45.5309],[1.5189,45.5347],[1.5192,45.5367],[1.5193,45.5373],[1.5193,45.538]]}},{"type":"Feature","properties":{"rang":"departementale"},"geometry":{"type":"LineString","coordinates":[[1.7236,45.5895],[1.7234,45.5894]]}},{"type":"Feature","properties":{"rang":"departementale"},"geometry":{"type":"LineString","coordinates":[[1.7236,45.5893],[1.7236,45.5895]]}},{"type":"Feature","properties":{"rang":"departementale"},"geometry":{"type":"LineString","coordinates":[[1.7234,45.5891],[1.7236,45.5889]]}},{"type":"Feature","properties":{"rang":"departementale"},"geometry":{"type":"LineString","coordinates":[[1.7421,45.7327],[1.7421,45.7321],[1.7423,45.7313],[1.7423,45.731],[1.7417,45.7298],[1.7416,45.7292],[1.7414,45.729],[1.741,45.7289],[1.7407,45.7288],[1.7407,45.7283],[1.7406,45.728],[1.7404,45.728],[1.74,45.7281],[1.739,45.7285],[1.7386,45.7286],[1.7378,45.7285],[1.7373,45.7285],[1.7371,45.7284],[1.7366,45.7278],[1.7364,45.7276],[1.7361,45.7266],[1.7361,45.7263],[1.7363,45.7257],[1.7366,45.7253],[1.7372,45.7248],[1.7372,45.7246],[1.7371,45.7243],[1.736,45.7233],[1.7358,45.7232],[1.7352,45.7233],[1.7345,45.7234],[1.7341,45.7232],[1.7338,45.723],[1.733,45.7221],[1.7325,45.7213],[1.732,45.721],[1.7314,45.7208],[1.7306,45.7202],[1.7304,45.72],[1.7303,45.7191],[1.73,45.7185],[1.7298,45.7183],[1.7294,45.7181],[1.7291,45.7182],[1.7281,45.7184],[1.7273,45.7185],[1.7266,45.7182],[1.7263,45.7179],[1.7262,45.7177],[1.7265,45.7173],[1.7271,45.7167],[1.7273,45.7164],[1.7274,45.7161],[1.7274,45.7158],[1.727,45.7146],[1.7269,45.7143],[1.7261,45.713],[1.726,45.7127],[1.7257,45.7116],[1.7256,45.7113],[1.7258,45.7109],[1.7266,45.7105],[1.7269,45.7103],[1.7278,45.7085],[1.7279,45.7082],[1.7278,45.7078],[1.7276,45.7077],[1.7271,45.7072],[1.7266,45.7064],[1.7262,45.7061],[1.7258,45.7059],[1.7251,45.7059],[1.7249,45.7059],[1.7248,45.7055],[1.7259,45.7042],[1.7266,45.7033],[1.7267,45.7029],[1.7269,45.7026],[1.7272,45.7025],[1.7277,45.7023],[1.7278,45.7021],[1.7278,45.7016],[1.7279,45.7014],[1.7284,45.7012],[1.7288,45.7008],[1.729,45.7005],[1.7289,45.6999],[1.7287,45.6995],[1.728,45.6989],[1.7276,45.6982],[1.7273,45.698],[1.7264,45.6975],[1.7263,45.6972],[1.7263,45.6971],[1.7266,45.6968],[1.7267,45.6966],[1.7266,45.6964],[1.7262,45.6955],[1.7262,45.6947],[1.7265,45.6937],[1.7266,45.6928],[1.7266,45.6917],[1.7265,45.6912],[1.7258,45.6906],[1.7256,45.6902],[1.7256,45.6894],[1.7254,45.6885],[1.725,45.6872],[1.7243,45.6863],[1.7241,45.6861],[1.724,45.6855],[1.7245,45.6829],[1.7248,45.6809],[1.725,45.6799],[1.7249,45.6794],[1.7242,45.6785],[1.7239,45.6782],[1.723,45.6777],[1.7226,45.6774],[1.7225,45.677],[1.7225,45.6768],[1.7227,45.6765],[1.723,45.6762],[1.7231,45.6761],[1.723,45.6757],[1.7227,45.6754],[1.7218,45.6747],[1.7214,45.6742],[1.7213,45.6737],[1.7214,45.6733],[1.7213,45.673],[1.721,45.6728],[1.7202,45.6725],[1.7198,45.6722],[1.7193,45.6717],[1.7184,45.6705],[1.7183,45.6702],[1.7179,45.67],[1.7165,45.6701],[1.7157,45.6699],[1.7151,45.6698],[1.715,45.6695],[1.7151,45.669],[1.7149,45.6683],[1.7148,45.6681],[1.7144,45.6678],[1.7142,45.6676],[1.7139,45.6667],[1.7137,45.6665],[1.7134,45.6665],[1.7127,45.6668],[1.7121,45.6669],[1.7119,45.6667],[1.7114,45.6662],[1.7111,45.666],[1.7108,45.666],[1.7102,45.6662],[1.7098,45.6661],[1.7093,45.6657],[1.709,45.6655],[1.7087,45.6654],[1.7073,45.6654],[1.7066,45.6653],[1.7057,45.6651],[1.7054,45.6649],[1.7053,45.6647],[1.7054,45.6643],[1.7063,45.6629],[1.7073,45.6613],[1.7077,45.661],[1.7089,45.6605],[1.7092,45.6603],[1.7093,45.6601],[1.7092,45.6584],[1.709,45.6581],[1.7086,45.6577],[1.7075,45.657],[1.7069,45.6568],[1.7058,45.6567],[1.7055,45.6565],[1.7052,45.6562],[1.7047,45.6554],[1.7047,45.6551],[1.705,45.6547],[1.7051,45.6546],[1.7075,45.6534],[1.7078,45.6531],[1.7082,45.6524],[1.7085,45.6521],[1.7089,45.6519],[1.7093,45.6517],[1.7107,45.6511],[1.7114,45.651],[1.7136,45.651],[1.7141,45.6508],[1.7147,45.6502],[1.7155,45.6496],[1.7157,45.6495]]}},{"type":"Feature","properties":{"rang":"departementale"},"geometry":{"type":"LineString","coordinates":[[1.536,45.5389],[1.5366,45.5387],[1.537,45.5387],[1.5397,45.5395],[1.5415,45.54]]}},{"type":"Feature","properties":{"rang":"departementale"},"geometry":{"type":"LineString","coordinates":[[1.5346,45.5391],[1.5345,45.5388]]}},{"type":"Feature","properties":{"rang":"departementale"},"geometry":{"type":"LineString","coordinates":[[1.5349,45.5391],[1.536,45.5389]]}},{"type":"Feature","properties":{"rang":"departementale"},"geometry":{"type":"LineString","coordinates":[[1.699,45.5026],[1.6987,45.5023],[1.6986,45.5019],[1.6984,45.5014],[1.6981,45.5008],[1.6978,45.5004],[1.6968,45.4997]]}},{"type":"Feature","properties":{"rang":"departementale"},"geometry":{"type":"LineString","coordinates":[[1.699,45.5026],[1.7013,45.5029],[1.7018,45.503],[1.7021,45.503],[1.7025,45.5029]]}},{"type":"Feature","properties":{"rang":"departementale"},"geometry":{"type":"LineString","coordinates":[[1.5453,45.626],[1.5451,45.6261],[1.5445,45.6264]]}},{"type":"Feature","properties":{"rang":"departementale"},"geometry":{"type":"LineString","coordinates":[[1.7413,45.7387],[1.7415,45.739],[1.7422,45.7395],[1.7427,45.7397],[1.7437,45.7397],[1.7444,45.7397],[1.7448,45.7395],[1.745,45.7393],[1.7454,45.7386],[1.7459,45.7379],[1.7467,45.7375],[1.7473,45.7375],[1.7484,45.7374],[1.7486,45.7376],[1.7487,45.7379],[1.7494,45.7385]]}},{"type":"Feature","properties":{"rang":"departementale"},"geometry":{"type":"LineString","coordinates":[[1.741,45.7387],[1.7407,45.7382],[1.7407,45.7377],[1.7411,45.7373],[1.7415,45.737],[1.7416,45.7365],[1.7414,45.7361],[1.7414,45.7358],[1.7421,45.7347],[1.7425,45.7343],[1.7427,45.734],[1.7427,45.7337],[1.7426,45.7334],[1.7422,45.7329],[1.7421,45.7327]]}},{"type":"Feature","properties":{"rang":"departementale"},"geometry":{"type":"LineString","coordinates":[[1.9417,45.5984],[1.9433,45.6003],[1.9434,45.6006],[1.9432,45.601],[1.9433,45.6013],[1.9439,45.6023],[1.9442,45.6025],[1.9448,45.6028],[1.9451,45.6032],[1.9457,45.6035],[1.9461,45.604],[1.9464,45.6048],[1.9467,45.6049],[1.9476,45.6053],[1.9478,45.6055],[1.9486,45.6066],[1.949,45.6068],[1.9501,45.6071],[1.9506,45.6071],[1.9515,45.607],[1.952,45.6071],[1.9532,45.6075],[1.9546,45.6082],[1.9555,45.6089],[1.9562,45.6093],[1.9566,45.6097],[1.9567,45.6099],[1.957,45.6116],[1.9572,45.6122],[1.9574,45.6125],[1.9601,45.6141],[1.9605,45.6143],[1.9612,45.6144],[1.9625,45.6146],[1.963,45.6149],[1.9639,45.6159],[1.964,45.6161],[1.9641,45.6167],[1.9644,45.6172],[1.9647,45.6175],[1.965,45.6177],[1.9656,45.6177],[1.9663,45.618],[1.9666,45.6181],[1.9673,45.6182],[1.9677,45.6184],[1.968,45.6187],[1.9682,45.6188],[1.9693,45.619],[1.9697,45.619],[1.9703,45.6189],[1.9707,45.6189],[1.971,45.6189],[1.9719,45.6193],[1.9719,45.6195],[1.9713,45.6202],[1.9713,45.6203],[1.9715,45.6205],[1.9722,45.6205],[1.9727,45.6201],[1.9732,45.62],[1.9765,45.6207],[1.9777,45.6207],[1.9781,45.6207],[1.9794,45.6203],[1.9796,45.6201],[1.9797,45.6199],[1.9799,45.6197],[1.9808,45.6191],[1.9811,45.6188],[1.9812,45.6184],[1.9816,45.6182],[1.9824,45.6178],[1.9827,45.6176],[1.9833,45.6176],[1.9839,45.6174],[1.9847,45.6169],[1.9852,45.6164],[1.9856,45.6163],[1.9858,45.6165],[1.9858,45.6173],[1.986,45.6178],[1.9864,45.6181],[1.987,45.6183],[1.9875,45.6183],[1.9885,45.618],[1.9887,45.6178],[1.9892,45.6174],[1.991,45.6163],[1.9913,45.6162],[1.9915,45.6164],[1.9915,45.6171],[1.9916,45.6174],[1.9918,45.6179],[1.9919,45.6182],[1.9918,45.6185],[1.992,45.6188],[1.9925,45.6192],[1.9933,45.6194],[1.9934,45.6197],[1.993,45.6201],[1.9929,45.6204],[1.993,45.6206],[1.9936,45.6213],[1.9942,45.6223],[1.9945,45.6225],[1.9952,45.6227],[1.9957,45.6231],[1.9963,45.6235],[1.9965,45.6237],[1.9964,45.6241],[1.9965,45.6246],[1.9968,45.6248],[1.9983,45.6252],[1.9986,45.6254],[1.9987,45.6257],[1.9991,45.6261],[1.9995,45.6263],[1.9998,45.6264],[2.0003,45.6264],[2.0015,45.6264],[2.0019,45.6264],[2.0021,45.6265],[2.0026,45.6272],[2.0031,45.6275],[2.0035,45.6277],[2.0041,45.6277],[2.0045,45.6279],[2.0052,45.6284],[2.0057,45.6285],[2.0062,45.6285],[2.0066,45.6285],[2.0069,45.6287],[2.0074,45.6292],[2.0079,45.6293],[2.0092,45.6297],[2.0104,45.6302],[2.0109,45.6303],[2.0113,45.6301],[2.0117,45.6301],[2.0123,45.6303],[2.0129,45.6303],[2.0133,45.6304],[2.0193,45.6327],[2.0204,45.6331],[2.0211,45.6331],[2.0214,45.6329],[2.022,45.6324],[2.0225,45.6322],[2.0229,45.6322],[2.0233,45.6323],[2.0246,45.6325],[2.0254,45.6327],[2.026,45.633],[2.0264,45.633],[2.0272,45.6326],[2.0276,45.6321],[2.0279,45.632],[2.0296,45.6317],[2.0302,45.6315],[2.0306,45.6313],[2.0309,45.6312],[2.0315,45.6311],[2.0325,45.6313],[2.0332,45.6315],[2.0337,45.6316],[2.0341,45.6315],[2.0347,45.6311],[2.0352,45.631],[2.0359,45.631],[2.0375,45.6316],[2.0379,45.6318],[2.0386,45.6322],[2.0398,45.6324],[2.0399,45.6325],[2.0399,45.6329],[2.0408,45.6333],[2.041,45.6334],[2.0415,45.6341],[2.0414,45.6348],[2.0415,45.6351],[2.0419,45.6357],[2.0423,45.636],[2.0432,45.6367],[2.0442,45.6373],[2.0447,45.6375],[2.0467,45.6378],[2.0481,45.6383],[2.0491,45.639],[2.0494,45.6391],[2.0499,45.6389],[2.0503,45.6388],[2.0514,45.6391],[2.0519,45.6393],[2.0528,45.6396],[2.0531,45.6398],[2.0536,45.6402],[2.0538,45.6405],[2.0538,45.641],[2.054,45.6413],[2.0545,45.6414],[2.0548,45.6414],[2.0566,45.6413],[2.0582,45.6412],[2.0602,45.6409],[2.0618,45.641],[2.0624,45.641],[2.0655,45.6408],[2.0659,45.6408],[2.0667,45.6411],[2.0671,45.6411],[2.0683,45.641],[2.0687,45.641],[2.0691,45.6408],[2.0696,45.6407],[2.0712,45.6408],[2.0716,45.6408],[2.0722,45.6406],[2.0727,45.6406],[2.0752,45.6414],[2.0764,45.6417],[2.0767,45.6417],[2.0834,45.6412],[2.0858,45.6412],[2.0861,45.6413],[2.0865,45.6415],[2.0868,45.6417],[2.0878,45.643],[2.0883,45.6433],[2.0886,45.6432],[2.089,45.643],[2.0902,45.6422],[2.0905,45.6421],[2.0912,45.642],[2.0945,45.6427],[2.0936,45.6445],[2.0937,45.6441],[2.094,45.6439]]}},{"type":"Feature","properties":{"rang":"departementale"},"geometry":{"type":"LineString","coordinates":[[2.0969,45.6683],[2.0967,45.6675],[2.0965,45.6662],[2.0957,45.6624],[2.0949,45.6583]]}},{"type":"Feature","properties":{"rang":"departementale"},"geometry":{"type":"LineString","coordinates":[[1.7613,45.736],[1.7613,45.7361],[1.7624,45.7362],[1.7629,45.7364],[1.7639,45.7378],[1.7642,45.7381],[1.7651,45.7387],[1.7659,45.7397],[1.7669,45.7406],[1.7679,45.7416],[1.7685,45.7421],[1.7697,45.7426],[1.77,45.7428],[1.7703,45.7434],[1.7704,45.7437],[1.7707,45.745],[1.7709,45.7454],[1.7713,45.7455],[1.7723,45.7456],[1.7729,45.7458],[1.7734,45.7461],[1.7739,45.7465],[1.7746,45.7472],[1.7754,45.7481],[1.776,45.7487],[1.7769,45.7492],[1.7773,45.7497],[1.7778,45.751],[1.7782,45.7512],[1.779,45.7513],[1.7794,45.7513],[1.7802,45.7512],[1.7808,45.7512],[1.7812,45.7513],[1.7816,45.7515],[1.7824,45.7517],[1.7833,45.7518],[1.7841,45.7518],[1.7855,45.7516],[1.786,45.7517],[1.7877,45.752],[1.788,45.7522],[1.7885,45.7526],[1.7888,45.7529],[1.7893,45.7537],[1.7895,45.7538],[1.7907,45.754],[1.7915,45.7541],[1.7921,45.7542],[1.7926,45.7545],[1.7932,45.7551],[1.7936,45.7553],[1.7941,45.7555],[1.7955,45.756],[1.7958,45.7563],[1.7961,45.7569],[1.7964,45.7571],[1.8001,45.7582],[1.8008,45.7583],[1.8035,45.7582],[1.804,45.7581],[1.8045,45.7579],[1.8051,45.7579],[1.8065,45.7588],[1.8069,45.7589],[1.808,45.7591],[1.8084,45.7591],[1.8097,45.7586],[1.8106,45.7583],[1.8113,45.7582],[1.8138,45.758],[1.814,45.7579]]}},{"type":"Feature","properties":{"rang":"departementale"},"geometry":{"type":"LineString","coordinates":[[2.0945,45.6427],[2.0948,45.6422],[2.0951,45.6412],[2.0953,45.6411],[2.0968,45.6404],[2.0975,45.6402],[2.0977,45.6401],[2.098,45.6396],[2.098,45.6389],[2.0983,45.6379],[2.0983,45.6374],[2.0983,45.6369],[2.0987,45.6364],[2.1,45.635],[2.1019,45.6331],[2.1026,45.6321],[2.1027,45.6317],[2.1027,45.6308],[2.1028,45.6293],[2.1029,45.6287],[2.1037,45.627],[2.105,45.6241],[2.1061,45.6217],[2.1078,45.6197],[2.109,45.6179],[2.1092,45.6176],[2.1093,45.6172],[2.1093,45.6166],[2.1091,45.6153],[2.1087,45.6124],[2.1086,45.6117],[2.1087,45.6113],[2.1093,45.6099],[2.1096,45.6094],[2.1111,45.6076],[2.1127,45.6055],[2.1136,45.6048],[2.1153,45.6037],[2.1172,45.6024],[2.1183,45.6016],[2.1191,45.6013],[2.1219,45.6001],[2.1237,45.5994],[2.1243,45.5991],[2.1259,45.5982],[2.1263,45.5979],[2.1274,45.5962],[2.1277,45.5956],[2.1287,45.5927],[2.1296,45.5901],[2.1304,45.5877],[2.1306,45.5871],[2.1305,45.5866],[2.1304,45.5862],[2.13,45.5858],[2.1296,45.5855],[2.1284,45.5846],[2.1279,45.5842],[2.1277,45.5839],[2.1276,45.5835],[2.1276,45.5831],[2.1277,45.5827],[2.128,45.5818],[2.1281,45.5815],[2.1283,45.5812]]}},{"type":"Feature","properties":{"rang":"departementale"},"geometry":{"type":"LineString","coordinates":[[2.0826,45.5089],[2.0828,45.5087],[2.0831,45.5086],[2.0841,45.5086],[2.0845,45.5084],[2.085,45.5079],[2.0852,45.5078],[2.0862,45.5075],[2.0865,45.5073],[2.0866,45.5069],[2.0869,45.5068],[2.087,45.507],[2.087,45.5074],[2.0868,45.5076],[2.0866,45.5081],[2.0861,45.5089],[2.0863,45.5092],[2.0866,45.5093],[2.0869,45.5093],[2.0873,45.5092],[2.0881,45.5092],[2.0885,45.5091],[2.0887,45.5087],[2.0892,45.5085],[2.09,45.5083],[2.0902,45.5083],[2.0907,45.5085],[2.0909,45.5086],[2.0908,45.5091],[2.0908,45.5093],[2.0911,45.5095],[2.0919,45.5096],[2.0926,45.5091],[2.093,45.5091],[2.0935,45.5091],[2.0941,45.5093],[2.0943,45.5096],[2.0942,45.51],[2.0943,45.5103],[2.0951,45.5113],[2.0954,45.5115],[2.0959,45.5115],[2.0961,45.5116],[2.0973,45.5126],[2.0975,45.5129],[2.0974,45.5133],[2.096,45.5147],[2.0959,45.515],[2.0961,45.5151],[2.0968,45.5155],[2.097,45.5157],[2.0971,45.516],[2.0973,45.5162],[2.0984,45.5166],[2.0999,45.5179],[2.1005,45.5186],[2.1007,45.5191],[2.1009,45.5192],[2.1016,45.5196],[2.1018,45.5199],[2.102,45.5202],[2.1022,45.5213],[2.1022,45.5218],[2.1019,45.5225],[2.1019,45.5228],[2.1022,45.5234],[2.1027,45.524],[2.1029,45.5243],[2.1032,45.5246],[2.1033,45.5248],[2.103,45.5254],[2.103,45.5259],[2.1033,45.5266],[2.1037,45.5276],[2.1042,45.5281],[2.1044,45.5282],[2.1048,45.5282],[2.1056,45.528],[2.1058,45.528],[2.1064,45.5282],[2.1079,45.529],[2.1084,45.529],[2.1089,45.5289],[2.1095,45.529],[2.1099,45.529],[2.111,45.5287],[2.1114,45.5285],[2.1121,45.5281],[2.1125,45.5281],[2.1133,45.5281],[2.1136,45.528],[2.1146,45.5273],[2.1148,45.527],[2.1147,45.5265],[2.1148,45.5262],[2.1151,45.5261],[2.1155,45.526],[2.1158,45.5261],[2.1167,45.5264],[2.1176,45.5265],[2.1177,45.5266],[2.118,45.5265],[2.1185,45.5258]]}},{"type":"Feature","properties":{"rang":"departementale"},"geometry":{"type":"LineString","coordinates":[[2.0969,45.6683],[2.0968,45.6689],[2.0954,45.671],[2.0952,45.6715],[2.0952,45.6719],[2.0952,45.6722],[2.0954,45.6726],[2.096,45.6731],[2.0967,45.6734],[2.0979,45.6739],[2.0985,45.6742],[2.099,45.6746],[2.0994,45.6751],[2.0998,45.6762],[2.1,45.6767],[2.1012,45.6798],[2.1014,45.6803],[2.1013,45.6807],[2.1007,45.6827],[2.1006,45.6832],[2.1008,45.6835],[2.1016,45.6849],[2.1018,45.6854],[2.1019,45.6861],[2.1018,45.6864],[2.1009,45.6888],[2.1009,45.6891],[2.1012,45.6899],[2.1015,45.6902],[2.1022,45.6905],[2.1034,45.6907],[2.104,45.691],[2.1043,45.6913],[2.1044,45.6917],[2.1047,45.6938],[2.1049,45.6941],[2.1051,45.6945],[2.1068,45.6961],[2.1076,45.6968],[2.1084,45.6976],[2.11,45.699],[2.1102,45.6994],[2.1105,45.7002],[2.112,45.7038],[2.1135,45.7075],[2.1136,45.7079],[2.1136,45.7082],[2.1134,45.7085],[2.113,45.7089],[2.112,45.7094],[2.1117,45.7097],[2.1116,45.7101],[2.1114,45.7112],[2.111,45.714],[2.1109,45.7147],[2.1109,45.7151],[2.1123,45.7176],[2.1124,45.718],[2.1119,45.7192],[2.1119,45.7196],[2.1125,45.7203],[2.1126,45.7204],[2.1126,45.7209],[2.1127,45.7212],[2.1132,45.7219],[2.1134,45.7233],[2.1136,45.7235],[2.1139,45.7237],[2.1149,45.7241],[2.1182,45.7254],[2.1186,45.7256],[2.1197,45.7263],[2.1218,45.7276],[2.1223,45.7281],[2.1252,45.7318],[2.1256,45.7322],[2.1261,45.7325],[2.1284,45.7337],[2.1309,45.735],[2.1348,45.737],[2.1354,45.7374],[2.1359,45.738],[2.1391,45.7421],[2.1424,45.7463]]}},{"type":"Feature","properties":{"rang":"departementale"},"geometry":{"type":"LineString","coordinates":[[1.7999,45.546],[1.799,45.5469],[1.7984,45.5473],[1.7979,45.5475],[1.7973,45.5476],[1.7937,45.5481],[1.7929,45.5481],[1.7924,45.548],[1.7918,45.5479],[1.7915,45.548],[1.7908,45.5489],[1.7898,45.5497],[1.7893,45.55],[1.7883,45.5501],[1.7877,45.55],[1.7866,45.5497],[1.7861,45.5496],[1.7854,45.5495],[1.7847,45.5495],[1.7842,45.5496],[1.7808,45.5503],[1.7789,45.5507],[1.7783,45.5509],[1.7778,45.5511],[1.776,45.5521],[1.7757,45.5524],[1.7753,45.5529],[1.7751,45.5536],[1.7747,45.5542],[1.7744,45.5545],[1.774,45.5548],[1.7732,45.5551],[1.7683,45.5568],[1.7675,45.5571],[1.7664,45.5576],[1.7658,45.558],[1.765,45.5585],[1.7643,45.5591],[1.7632,45.5601],[1.7626,45.5606],[1.7622,45.5608],[1.7617,45.561],[1.761,45.5611],[1.7599,45.5612]]}},{"type":"Feature","properties":{"rang":"departementale"},"geometry":{"type":"LineString","coordinates":[[2.1246,45.5277],[2.1244,45.5278],[2.1238,45.5285],[2.1234,45.5288],[2.1229,45.5291],[2.1225,45.5293],[2.1221,45.5293],[2.1197,45.5288],[2.1193,45.5286],[2.1193,45.5284],[2.1194,45.5272],[2.1196,45.5267],[2.1196,45.5264],[2.1194,45.5262],[2.1185,45.5258]]}},{"type":"Feature","properties":{"rang":"departementale"},"geometry":{"type":"LineString","coordinates":[[1.9275,45.5958],[1.9275,45.596],[1.9272,45.5964],[1.9272,45.5969],[1.9273,45.5972],[1.9276,45.5976]]}},{"type":"Feature","properties":{"rang":"departementale"},"geometry":{"type":"LineString","coordinates":[[1.9245,45.5935],[1.9251,45.5938],[1.9258,45.5942],[1.9263,45.5946],[1.9269,45.5954],[1.9275,45.5958]]}},{"type":"Feature","properties":{"rang":"departementale"},"geometry":{"type":"LineString","coordinates":[[1.8031,45.5328],[1.8031,45.533],[1.803,45.5335],[1.8027,45.5339],[1.8024,45.5343],[1.8012,45.535],[1.8008,45.5355],[1.8007,45.5359],[1.8007,45.5364]]}},{"type":"Feature","properties":{"rang":"departementale"},"geometry":{"type":"LineString","coordinates":[[1.9267,45.5952],[1.9271,45.5948],[1.9272,45.5946],[1.9272,45.5942],[1.9273,45.594],[1.9278,45.5935],[1.9281,45.5933],[1.9293,45.5926],[1.9297,45.5922],[1.9303,45.5916],[1.9306,45.5914],[1.9307,45.5911],[1.9305,45.5904],[1.9308,45.5897],[1.9309,45.5889],[1.9308,45.5886],[1.9297,45.5877],[1.9283,45.5866],[1.9282,45.5862],[1.9284,45.5852],[1.9285,45.5844],[1.9285,45.5841],[1.9288,45.5837],[1.929,45.5831],[1.929,45.5828],[1.9287,45.5819],[1.9281,45.581],[1.9277,45.5806],[1.9271,45.5803],[1.9269,45.58],[1.9268,45.5795],[1.9269,45.5788],[1.9269,45.5785],[1.9266,45.578],[1.9266,45.5777],[1.9269,45.5769],[1.927,45.5767],[1.9275,45.5763],[1.9276,45.5761],[1.9274,45.5757],[1.9274,45.5755],[1.9276,45.5751],[1.928,45.575],[1.9289,45.5749],[1.9294,45.5748],[1.93,45.5745],[1.9303,45.5742],[1.9303,45.5737],[1.9307,45.5733],[1.9316,45.573],[1.9319,45.5728],[1.9333,45.5718],[1.9339,45.5715],[1.9344,45.5713],[1.9349,45.5713],[1.9355,45.5711],[1.9358,45.5708],[1.9359,45.5703],[1.9364,45.5692],[1.9369,45.5688],[1.9371,45.5685],[1.9373,45.5678],[1.9374,45.5676],[1.9379,45.5671],[1.9379,45.5668],[1.9375,45.5662],[1.9375,45.5657],[1.9376,45.565],[1.9377,45.5646],[1.9383,45.5642],[1.9386,45.5637],[1.9388,45.5636],[1.9393,45.5634],[1.9394,45.5633],[1.9393,45.5631],[1.939,45.5628],[1.9388,45.5626],[1.9388,45.5623],[1.9393,45.5614],[1.9396,45.5611],[1.9401,45.561],[1.9402,45.5609],[1.9401,45.5605],[1.9399,45.5603],[1.9392,45.5602],[1.939,45.56],[1.9391,45.5598],[1.9398,45.5591],[1.9401,45.5589],[1.9409,45.5587],[1.9425,45.5579],[1.9428,45.5578],[1.9428,45.5574],[1.9426,45.557],[1.9428,45.5566],[1.9439,45.5559],[1.9446,45.5553],[1.9449,45.5548],[1.9452,45.5532],[1.9453,45.5527],[1.9456,45.5522],[1.9459,45.5522],[1.9466,45.5523],[1.947,45.5522],[1.9475,45.5517],[1.9484,45.5513],[1.9492,45.551],[1.9495,45.5508],[1.9506,45.55],[1.9509,45.5495],[1.9515,45.5485],[1.952,45.5478],[1.9522,45.5471],[1.9523,45.5469],[1.9535,45.5466],[1.9542,45.5466],[1.9545,45.5465],[1.9547,45.5462],[1.9548,45.5455],[1.955,45.5453],[1.9553,45.5452],[1.956,45.5452],[1.9571,45.5452],[1.9577,45.5448],[1.958,45.5442],[1.9585,45.5438],[1.9587,45.5435],[1.9587,45.5431],[1.9588,45.5428],[1.9594,45.5424],[1.9596,45.5423],[1.9606,45.5421],[1.9609,45.5419],[1.9615,45.5414],[1.9617,45.5408],[1.9619,45.5406],[1.9622,45.5406],[1.9628,45.5409],[1.9631,45.5409],[1.964,45.5407],[1.9644,45.5407],[1.9653,45.5409],[1.9659,45.5408],[1.9663,45.5407],[1.967,45.5403],[1.9671,45.5399],[1.967,45.5395],[1.9671,45.5393],[1.9673,45.539],[1.9676,45.5389],[1.9688,45.5386],[1.9692,45.5384],[1.9695,45.5382],[1.9699,45.5378],[1.9709,45.5372],[1.9714,45.5371],[1.9739,45.5371],[1.9747,45.5371],[1.9751,45.537],[1.9759,45.5366],[1.977,45.5356],[1.9773,45.5353],[1.9779,45.5351],[1.979,45.535],[1.9794,45.5349],[1.9804,45.5351],[1.9809,45.535],[1.9812,45.5349],[1.983,45.5337],[1.9837,45.5333],[1.9838,45.533],[1.9837,45.5325],[1.9833,45.5318],[1.9833,45.5314],[1.9827,45.5311],[1.9825,45.5309],[1.9824,45.5305],[1.9824,45.5297],[1.9824,45.5295],[1.9828,45.5293],[1.9836,45.5293],[1.9843,45.5291],[1.9853,45.5286],[1.9855,45.5284],[1.9858,45.528],[1.9859,45.5277],[1.9858,45.5272],[1.9859,45.527],[1.9863,45.5264],[1.9862,45.5259],[1.986,45.5257],[1.9846,45.5251],[1.9843,45.5249],[1.984,45.5245],[1.9835,45.5231],[1.9835,45.5221],[1.9837,45.5217],[1.9843,45.5212],[1.9846,45.5207],[1.9846,45.5203],[1.9846,45.52],[1.9843,45.5192],[1.9841,45.5183],[1.9841,45.5177],[1.984,45.5174],[1.9836,45.5168],[1.9831,45.5156],[1.983,45.5145],[1.9825,45.5134],[1.9822,45.5125],[1.9822,45.5118],[1.9821,45.5111],[1.9822,45.5109],[1.9827,45.5097],[1.9829,45.5095],[1.9833,45.5091],[1.984,45.5086],[1.9845,45.5083],[1.9853,45.5081],[1.9866,45.5071],[1.9867,45.507],[1.9871,45.5061],[1.9873,45.5059],[1.9877,45.5057],[1.9884,45.5056],[1.9892,45.5053],[1.9896,45.5052],[1.9901,45.5052],[1.9911,45.5052],[1.9915,45.5052],[1.992,45.5054],[1.9923,45.5054],[1.9924,45.5052]]}},{"type":"Feature","properties":{"rang":"departementale"},"geometry":{"type":"LineString","coordinates":[[1.7946,45.5376],[1.7946,45.5377],[1.7957,45.5379],[1.7965,45.5382],[1.7969,45.5383],[1.797,45.5384],[1.797,45.5387],[1.7968,45.5389],[1.796,45.5389],[1.7954,45.5389],[1.7951,45.5391],[1.7953,45.5397],[1.7953,45.54],[1.7952,45.5404],[1.7951,45.5405],[1.7944,45.541],[1.7935,45.5425],[1.7931,45.5432],[1.7923,45.5441],[1.7921,45.5442],[1.792,45.5446],[1.7925,45.5463],[1.7924,45.5468],[1.7919,45.5476],[1.7918,45.5479]]}},{"type":"Feature","properties":{"rang":"departementale"},"geometry":{"type":"LineString","coordinates":[[1.822,45.541],[1.823,45.542],[1.8239,45.5427],[1.8242,45.543],[1.8242,45.5433],[1.8243,45.5439],[1.8245,45.5444],[1.8247,45.5447],[1.8253,45.5453],[1.8256,45.5459],[1.8257,45.547],[1.8258,45.5473],[1.8263,45.5479],[1.8264,45.5482],[1.8264,45.5485],[1.8261,45.5498],[1.8261,45.5502],[1.8264,45.5503],[1.8292,45.5517],[1.8302,45.5523],[1.8306,45.5529],[1.8312,45.5534],[1.8315,45.5539],[1.8317,45.5546],[1.8319,45.5549],[1.8324,45.5554],[1.8329,45.5557],[1.8332,45.5559],[1.8338,45.5565],[1.8342,45.5567],[1.8352,45.5571],[1.8354,45.5572],[1.8359,45.5577],[1.8364,45.5579],[1.8379,45.5583],[1.8382,45.5585],[1.8386,45.5589],[1.8388,45.5592],[1.8389,45.56],[1.8388,45.5604],[1.8386,45.5612],[1.8386,45.5616],[1.8387,45.562],[1.8391,45.5624],[1.8395,45.5627],[1.8405,45.5632],[1.841,45.5632],[1.8413,45.563],[1.8416,45.5627],[1.8425,45.5617],[1.8428,45.5612],[1.8431,45.5611],[1.8436,45.5609],[1.8445,45.5606],[1.8448,45.5604],[1.8449,45.5601],[1.8453,45.5597],[1.8456,45.5593],[1.8459,45.5591],[1.8466,45.559],[1.8469,45.5587],[1.8468,45.5582],[1.8467,45.558],[1.8468,45.5578],[1.8473,45.5576],[1.8474,45.5574],[1.8477,45.5573],[1.848,45.5575],[1.8484,45.5581],[1.8486,45.5584],[1.849,45.5587],[1.8494,45.5591],[1.8506,45.5597],[1.8508,45.5597],[1.8515,45.5596],[1.8518,45.5596],[1.8527,45.5591],[1.853,45.5589],[1.8534,45.5584],[1.8533,45.5577],[1.8539,45.557],[1.8538,45.5568],[1.8534,45.5564],[1.8533,45.5563],[1.8534,45.556],[1.8537,45.556],[1.8544,45.5561],[1.855,45.5558],[1.8554,45.5555],[1.8557,45.555],[1.8561,45.5547],[1.8566,45.5545],[1.8571,45.5541],[1.8577,45.5534],[1.8582,45.5531],[1.8586,45.5526],[1.8588,45.5524],[1.8592,45.5525],[1.8594,45.5528],[1.8595,45.5531],[1.8595,45.5541],[1.8593,45.555],[1.8593,45.5553],[1.8594,45.5558],[1.8596,45.5562],[1.8601,45.5566],[1.8606,45.5567],[1.8609,45.5567],[1.8639,45.556],[1.8643,45.5559],[1.8649,45.556],[1.8652,45.5561],[1.8653,45.5563],[1.8654,45.5578],[1.8655,45.558],[1.8658,45.5583],[1.8661,45.5583],[1.8664,45.5582],[1.8668,45.5575],[1.8672,45.5573],[1.8678,45.5574],[1.868,45.5574],[1.8683,45.5573],[1.8688,45.5568],[1.8696,45.5567],[1.8706,45.5562],[1.8709,45.556],[1.8715,45.5555],[1.8718,45.5554],[1.873,45.5551],[1.8736,45.5551],[1.8748,45.5553],[1.8752,45.5555],[1.8755,45.5561],[1.8758,45.5562],[1.8762,45.5563],[1.8773,45.5565],[1.8779,45.5565],[1.8787,45.5564],[1.8789,45.5562],[1.8796,45.5554],[1.8799,45.5551],[1.8825,45.5538],[1.8827,45.5537],[1.8834,45.5539],[1.8845,45.5545],[1.8851,45.5545],[1.8883,45.5542],[1.8889,45.5541],[1.8893,45.5542],[1.8896,45.5544],[1.8908,45.5557],[1.8913,45.5561],[1.8914,45.5566],[1.8913,45.5571],[1.8911,45.5573],[1.8898,45.5589],[1.8897,45.5591],[1.8898,45.5594],[1.8899,45.5595],[1.8903,45.5597],[1.8906,45.5597],[1.8926,45.5595],[1.893,45.5596],[1.8933,45.5599],[1.8935,45.5604],[1.8936,45.5606],[1.8945,45.5613],[1.8949,45.5615],[1.8961,45.5616],[1.8965,45.5619],[1.8967,45.5626],[1.8968,45.563],[1.897,45.5633],[1.8976,45.5636],[1.8979,45.5641],[1.8983,45.5648],[1.8985,45.565],[1.8994,45.5652],[1.9005,45.5653],[1.9016,45.5652],[1.9021,45.5653],[1.9023,45.5655],[1.9025,45.5662],[1.903,45.5668],[1.9034,45.5671],[1.9048,45.5676],[1.905,45.5678],[1.9052,45.5685],[1.905,45.5688],[1.9044,45.5691],[1.9044,45.5696],[1.9047,45.5701],[1.9047,45.5702],[1.9045,45.5708],[1.9046,45.571],[1.9048,45.5713],[1.9051,45.5714],[1.9058,45.5715],[1.9062,45.5717],[1.9064,45.5723],[1.9067,45.5724],[1.9073,45.5725],[1.9077,45.5727],[1.9079,45.5733],[1.9081,45.5735],[1.9086,45.5738],[1.9093,45.5742],[1.9095,45.5743],[1.9096,45.5745],[1.9093,45.575],[1.9092,45.5754],[1.9089,45.5757],[1.9089,45.5759],[1.909,45.5764],[1.909,45.5771],[1.9091,45.5775],[1.9098,45.5784],[1.91,45.5788],[1.9104,45.5793],[1.9113,45.5798],[1.9114,45.5799],[1.9125,45.5816],[1.9126,45.5818],[1.9131,45.5821],[1.9135,45.5822],[1.9143,45.5823],[1.9146,45.5824],[1.915,45.5828],[1.9156,45.5838],[1.9156,45.5841],[1.9155,45.5851],[1.9152,45.5859],[1.9152,45.5862],[1.9154,45.5868],[1.9156,45.5872],[1.9161,45.5877],[1.9165,45.5879],[1.9172,45.5888],[1.9175,45.5889],[1.9185,45.5893],[1.919,45.5894],[1.9204,45.5895],[1.9207,45.5896],[1.9211,45.5899],[1.9213,45.5901],[1.9219,45.591],[1.9222,45.5917],[1.9225,45.5925],[1.9229,45.5928],[1.9245,45.5935]]}},{"type":"Feature","properties":{"rang":"departementale"},"geometry":{"type":"LineString","coordinates":[[1.8792,45.5136],[1.8792,45.5138],[1.8788,45.5142],[1.8786,45.5156],[1.8787,45.516],[1.8789,45.5163],[1.8789,45.517],[1.8788,45.5175],[1.8785,45.5179],[1.8782,45.5182],[1.8778,45.5186],[1.8775,45.5195],[1.8773,45.5206],[1.8773,45.5209],[1.8777,45.5216],[1.878,45.5218],[1.8789,45.5223],[1.8791,45.5226],[1.8792,45.5228],[1.8793,45.5233],[1.8796,45.5239],[1.8795,45.5243],[1.8787,45.5246],[1.8781,45.5252],[1.8778,45.5254],[1.8767,45.5257],[1.8761,45.526],[1.8752,45.5264],[1.8745,45.5266],[1.8741,45.5269],[1.8734,45.5274],[1.8731,45.5277],[1.8729,45.528],[1.8729,45.5284],[1.8731,45.5292],[1.8731,45.5304],[1.8733,45.5316],[1.8733,45.532],[1.873,45.5323],[1.872,45.5334],[1.8719,45.5336],[1.872,45.5338],[1.8722,45.5345],[1.8725,45.5356],[1.8725,45.5363],[1.8725,45.5366],[1.872,45.5373],[1.872,45.5377],[1.8721,45.5382],[1.8723,45.5387],[1.8726,45.5389],[1.8743,45.5398],[1.8751,45.5402],[1.8756,45.5409],[1.8756,45.5412],[1.8754,45.5417],[1.8754,45.542],[1.8757,45.5423],[1.8758,45.5426],[1.8757,45.5429],[1.8759,45.5434],[1.8758,45.5438],[1.8755,45.5443],[1.8755,45.5446],[1.8758,45.5448],[1.8762,45.545],[1.8765,45.5453],[1.877,45.546],[1.8777,45.5467],[1.8778,45.5469],[1.8779,45.5474],[1.8778,45.5478],[1.8778,45.548],[1.8781,45.5485],[1.8782,45.549],[1.8784,45.5492],[1.8788,45.5493],[1.8793,45.5492],[1.8796,45.5493],[1.8798,45.5497],[1.8798,45.5501],[1.8795,45.5506],[1.8797,45.5509],[1.8805,45.5515],[1.8808,45.5518],[1.8814,45.5531],[1.8819,45.5534],[1.8827,45.5537]]}},{"type":"Feature","properties":{"rang":"departementale"},"geometry":{"type":"LineString","coordinates":[[1.9475,45.7542],[1.9455,45.7537],[1.9446,45.7534],[1.943,45.7527],[1.941,45.7518],[1.9402,45.7515],[1.938,45.7505],[1.9372,45.7502],[1.9368,45.7501],[1.9359,45.7504],[1.935,45.7504],[1.9341,45.7503],[1.9337,45.7503],[1.9331,45.7502],[1.932,45.7503],[1.9308,45.7505],[1.9304,45.7507],[1.9301,45.7511],[1.9296,45.7514],[1.9292,45.7516],[1.9288,45.7515],[1.9284,45.7514],[1.9283,45.7512],[1.9282,45.7508],[1.9279,45.7506],[1.9275,45.7506],[1.9263,45.7506],[1.926,45.7506],[1.9257,45.7508],[1.9255,45.7513],[1.9252,45.7514],[1.9247,45.7513],[1.9224,45.7496],[1.9222,45.7494],[1.9221,45.7492],[1.9226,45.7483],[1.9226,45.748],[1.9225,45.7478],[1.9215,45.7469],[1.9211,45.7466],[1.9206,45.7464],[1.9199,45.746],[1.9192,45.7457],[1.9177,45.7449],[1.917,45.7447],[1.915,45.7441],[1.9141,45.7439],[1.9132,45.7436],[1.912,45.7434],[1.9116,45.7432],[1.9112,45.7429],[1.9108,45.7426],[1.9102,45.7422],[1.909,45.7416],[1.9085,45.7413],[1.9082,45.7409],[1.908,45.7405],[1.9075,45.7394],[1.9074,45.7392],[1.9069,45.7389],[1.9066,45.7388],[1.9061,45.7388],[1.9055,45.739],[1.9049,45.7389],[1.9045,45.7388],[1.9039,45.7383],[1.9035,45.7381],[1.9031,45.7381],[1.9016,45.7381],[1.9011,45.738],[1.9009,45.7378],[1.9004,45.7371],[1.9,45.7368],[1.8992,45.7367],[1.8989,45.7365],[1.8988,45.7358],[1.8984,45.7351],[1.8982,45.7348],[1.898,45.7347],[1.8956,45.7342],[1.8951,45.7341],[1.8943,45.7338],[1.8938,45.7338],[1.8931,45.7336],[1.8927,45.7336],[1.8922,45.7337],[1.8916,45.7339],[1.8913,45.734],[1.8908,45.7346],[1.8903,45.7347],[1.8898,45.7347],[1.8881,45.7341],[1.8878,45.734],[1.8871,45.7335],[1.8869,45.7334],[1.8852,45.7332],[1.8836,45.7328],[1.8832,45.7326],[1.8831,45.7325],[1.883,45.732],[1.8827,45.7318],[1.8822,45.7316],[1.882,45.7315],[1.8818,45.731],[1.8812,45.7306],[1.881,45.7304],[1.8809,45.7301],[1.881,45.7298],[1.8812,45.7294],[1.8812,45.7291],[1.8808,45.7286],[1.8802,45.7279],[1.8797,45.7273],[1.8792,45.7267],[1.8788,45.7264],[1.8779,45.7263],[1.8776,45.7262],[1.8774,45.726],[1.8772,45.7253],[1.8758,45.7242],[1.8753,45.7238],[1.8751,45.7236],[1.8748,45.723],[1.8747,45.7227],[1.8744,45.7225],[1.8736,45.7223],[1.8729,45.722],[1.8726,45.7219],[1.8717,45.7221],[1.8712,45.722],[1.8706,45.7215],[1.8702,45.7213],[1.8689,45.7209],[1.8662,45.7201],[1.8656,45.7199],[1.865,45.7196],[1.8646,45.7189],[1.8642,45.7188],[1.8638,45.7189],[1.8635,45.7192],[1.863,45.7194],[1.8619,45.7197],[1.8614,45.7196],[1.8609,45.7192],[1.8605,45.719],[1.8602,45.7188],[1.86,45.7184],[1.8598,45.7182],[1.8591,45.7179],[1.8587,45.7176],[1.8584,45.7174],[1.8579,45.7167],[1.8576,45.7165],[1.8572,45.7163],[1.8569,45.716],[1.8567,45.7158],[1.8566,45.7152],[1.8564,45.7149],[1.8562,45.7149],[1.8536,45.7144],[1.8517,45.714],[1.8505,45.7137],[1.8494,45.7135],[1.8485,45.7132],[1.8466,45.7129],[1.846,45.7127],[1.8456,45.7125],[1.8451,45.7123],[1.8447,45.7123],[1.8443,45.7125],[1.8434,45.7138],[1.8428,45.7147],[1.8425,45.7156],[1.8423,45.716],[1.842,45.7162],[1.8415,45.7164],[1.8406,45.7166],[1.8398,45.7166],[1.8391,45.7166],[1.8382,45.7165],[1.8375,45.7165],[1.837,45.7169],[1.8365,45.7171],[1.8358,45.7173],[1.8355,45.7175],[1.8351,45.7179],[1.8347,45.7186],[1.8343,45.7188],[1.833,45.7194],[1.8326,45.7194],[1.8318,45.7193],[1.8312,45.7195],[1.8299,45.7195],[1.8285,45.7197],[1.8264,45.7197],[1.8259,45.7198],[1.8255,45.7202],[1.8246,45.7211],[1.8242,45.7213],[1.8239,45.7213],[1.8221,45.7211],[1.8214,45.7208],[1.8212,45.7208],[1.8208,45.721],[1.8195,45.7224],[1.8187,45.723],[1.8181,45.7233],[1.8178,45.7234],[1.8173,45.7234],[1.8164,45.7233],[1.816,45.7232],[1.8156,45.7229],[1.8153,45.7227],[1.8151,45.7223],[1.8145,45.7204],[1.8144,45.7199],[1.8144,45.7195],[1.8143,45.7191],[1.814,45.7183],[1.8139,45.7179],[1.8139,45.7173],[1.8138,45.7168],[1.8136,45.7162],[1.8134,45.716],[1.813,45.7158],[1.8123,45.7156],[1.8118,45.7156],[1.8111,45.716],[1.8099,45.7164],[1.8094,45.7164],[1.8077,45.7166],[1.8072,45.7167],[1.8069,45.717],[1.8067,45.7175],[1.8065,45.718],[1.8061,45.7186],[1.8059,45.7189],[1.8041,45.7207],[1.8028,45.7222],[1.8025,45.7227],[1.8024,45.7232],[1.8022,45.7235],[1.8019,45.7236],[1.8015,45.7236],[1.8009,45.7235],[1.8003,45.7234],[1.7998,45.7236],[1.7989,45.7239],[1.7984,45.724],[1.7979,45.7239],[1.7963,45.7234],[1.7952,45.7232],[1.7944,45.7232],[1.7938,45.7233],[1.7934,45.7234],[1.7931,45.7236],[1.7924,45.7241],[1.7921,45.7243],[1.7915,45.7243],[1.7895,45.7239],[1.7887,45.7236],[1.7881,45.7232],[1.7876,45.7231],[1.7873,45.7231],[1.787,45.7232],[1.7868,45.7235],[1.7868,45.7237],[1.7869,45.7241],[1.7871,45.7253],[1.7873,45.7258],[1.7873,45.726],[1.7871,45.7263],[1.7867,45.7266],[1.7859,45.727],[1.7857,45.7271],[1.7854,45.7277],[1.7852,45.7279],[1.7849,45.7281],[1.784,45.7284],[1.7836,45.7287],[1.783,45.729],[1.782,45.7295],[1.7813,45.73],[1.7808,45.7304],[1.7805,45.731],[1.7804,45.7312],[1.78,45.7315],[1.7794,45.7316],[1.779,45.7318],[1.7787,45.732],[1.7785,45.7323],[1.778,45.7326],[1.776,45.733],[1.7758,45.7331],[1.7735,45.7339],[1.7727,45.7344],[1.7724,45.7345],[1.7718,45.7345],[1.7704,45.7343],[1.77,45.7343],[1.7696,45.7345],[1.768,45.7354],[1.7675,45.7357],[1.7671,45.7359],[1.7667,45.736],[1.766,45.736],[1.7649,45.7357],[1.7644,45.7357],[1.7641,45.7359],[1.7633,45.736],[1.7627,45.736],[1.7608,45.736],[1.7603,45.736],[1.7592,45.7355],[1.7589,45.7355],[1.7583,45.7357],[1.7573,45.7363],[1.7568,45.7365],[1.7555,45.7368],[1.755,45.737],[1.7544,45.7374],[1.7538,45.738],[1.7533,45.7385],[1.7529,45.7387],[1.7526,45.7388],[1.7522,45.7388],[1.7503,45.7385],[1.7494,45.7385]]}},{"type":"Feature","properties":{"rang":"departementale"},"geometry":{"type":"LineString","coordinates":[[2.0926,45.6469],[2.0928,45.6483],[2.0935,45.6516],[2.0948,45.6581],[2.0949,45.6583]]}},{"type":"Feature","properties":{"rang":"departementale"},"geometry":{"type":"LineString","coordinates":[[1.8002,45.5458],[1.7999,45.5459],[1.8,45.5457]]}},{"type":"Feature","properties":{"rang":"departementale"},"geometry":{"type":"LineString","coordinates":[[1.9514,45.757],[1.9507,45.7566],[1.9495,45.7559],[1.9492,45.7557],[1.9482,45.7546],[1.948,45.7544],[1.9475,45.7542]]}},{"type":"Feature","properties":{"rang":"departementale"},"geometry":{"type":"LineString","coordinates":[[2.0935,45.6447],[2.0927,45.6462],[2.0926,45.6466],[2.0926,45.6469]]}},{"type":"Feature","properties":{"rang":"departementale"},"geometry":{"type":"LineString","coordinates":[[2.0936,45.6445],[2.0935,45.6447]]}},{"type":"Feature","properties":{"rang":"departementale"},"geometry":{"type":"LineString","coordinates":[[2.0826,45.5089],[2.0824,45.5094],[2.0822,45.5096],[2.0817,45.5097],[2.0811,45.5098],[2.0807,45.5097]]}},{"type":"Feature","properties":{"rang":"departementale"},"geometry":{"type":"LineString","coordinates":[[1.8203,45.5401],[1.8208,45.5403],[1.8214,45.5406],[1.822,45.541]]}},{"type":"Feature","properties":{"rang":"departementale"},"geometry":{"type":"LineString","coordinates":[[1.8088,45.5338],[1.8088,45.534],[1.8094,45.5349],[1.81,45.5358],[1.8103,45.5359],[1.8122,45.5364],[1.8129,45.5368],[1.814,45.5379],[1.815,45.5386],[1.8167,45.5395],[1.8172,45.5397],[1.8187,45.5396],[1.8193,45.5398],[1.82,45.54],[1.8203,45.5401]]}},{"type":"Feature","properties":{"rang":"departementale"},"geometry":{"type":"LineString","coordinates":[[1.8463,45.5287],[1.8466,45.5284],[1.8472,45.5281],[1.8479,45.5279],[1.8487,45.5278],[1.8496,45.5279],[1.8503,45.5281],[1.8508,45.5281],[1.8514,45.528],[1.852,45.5278],[1.8527,45.5275],[1.8531,45.5272],[1.8534,45.5267],[1.854,45.5263],[1.8544,45.5262],[1.8551,45.5262],[1.8555,45.526],[1.8564,45.5253],[1.8573,45.5249],[1.8579,45.5248],[1.8587,45.5249],[1.8592,45.5249],[1.8602,45.5248],[1.8606,45.5248],[1.8612,45.5252],[1.8617,45.5253],[1.8623,45.5253],[1.8631,45.5251],[1.8634,45.5249],[1.8636,45.5246],[1.8635,45.5241],[1.8636,45.5238],[1.864,45.5234],[1.8645,45.5233],[1.8649,45.5233],[1.8656,45.5234],[1.8661,45.5231],[1.8663,45.5226],[1.8664,45.522],[1.8663,45.5217],[1.8661,45.5214],[1.8659,45.521],[1.8659,45.5205],[1.8659,45.52],[1.8661,45.5197],[1.8664,45.5194],[1.8674,45.519],[1.8677,45.5189],[1.8687,45.5188],[1.8692,45.5186],[1.8695,45.5184],[1.8696,45.5181],[1.8697,45.5176],[1.8698,45.5172],[1.8701,45.5167],[1.8702,45.5162],[1.8704,45.5158],[1.8709,45.5157],[1.8725,45.5158],[1.8729,45.5158],[1.874,45.5156],[1.8744,45.5158],[1.8745,45.516],[1.8751,45.5166],[1.8756,45.5168],[1.8761,45.5168],[1.8765,45.5167],[1.8767,45.5166],[1.8771,45.5158],[1.8778,45.5152],[1.8782,45.5146],[1.8785,45.5141],[1.8788,45.5138],[1.8793,45.5135],[1.8797,45.5135],[1.8803,45.5134],[1.8806,45.5131],[1.8812,45.5119],[1.8811,45.5114],[1.8808,45.511],[1.8805,45.5105],[1.8804,45.5096],[1.8805,45.5091],[1.8804,45.5086],[1.8802,45.5083],[1.8797,45.5081],[1.8793,45.5077],[1.8791,45.5073],[1.8791,45.5066],[1.879,45.5065],[1.8781,45.506],[1.878,45.5058],[1.878,45.5056],[1.8782,45.5049],[1.8782,45.5046],[1.8779,45.5038],[1.8774,45.5031],[1.8774,45.5027],[1.8776,45.5022],[1.8776,45.5017],[1.8776,45.501],[1.8778,45.5004],[1.8778,45.5002],[1.8783,45.4995],[1.8783,45.4991],[1.8777,45.4975],[1.8778,45.497],[1.8777,45.4963],[1.8778,45.4955],[1.8775,45.4953],[1.8764,45.4946],[1.8756,45.4941],[1.8751,45.4937],[1.8749,45.4934],[1.875,45.4929],[1.8751,45.4926]]}},{"type":"Feature","properties":{"rang":"departementale"},"geometry":{"type":"LineString","coordinates":[[1.8129,45.534],[1.8139,45.533],[1.8142,45.5328],[1.8146,45.5327],[1.8159,45.5323],[1.8165,45.5322],[1.8171,45.5323],[1.8176,45.5324],[1.8181,45.5327],[1.8185,45.5329],[1.8193,45.533],[1.8204,45.533],[1.8209,45.5331],[1.8211,45.5332],[1.8214,45.5335],[1.8221,45.5348],[1.8226,45.5353],[1.8233,45.5356],[1.8243,45.5359],[1.8248,45.5359],[1.8252,45.5359],[1.8266,45.5353],[1.827,45.5352],[1.8277,45.5352],[1.8281,45.5351],[1.8285,45.5348],[1.8289,45.5344],[1.8292,45.5341],[1.83,45.5337],[1.8307,45.5337],[1.831,45.5338],[1.8315,45.5341],[1.8322,45.5343],[1.8331,45.5342],[1.8337,45.5341],[1.8345,45.5339],[1.8348,45.5338],[1.8356,45.5332],[1.8358,45.5331],[1.8378,45.5327],[1.8387,45.5324],[1.8392,45.5323],[1.8403,45.5322],[1.8435,45.5314],[1.8439,45.5313],[1.8448,45.5307],[1.8451,45.5306],[1.8457,45.5304],[1.8461,45.5301],[1.8463,45.5297],[1.8462,45.5291],[1.8463,45.5287]]}},{"type":"Feature","properties":{"rang":"departementale"},"geometry":{"type":"LineString","coordinates":[[1.941,45.5978],[1.9412,45.5981],[1.9417,45.5984]]}},{"type":"Feature","properties":{"rang":"departementale"},"geometry":{"type":"LineString","coordinates":[[1.8088,45.5338],[1.8093,45.5344],[1.8101,45.5348],[1.8105,45.5349],[1.8111,45.5348],[1.8121,45.5345],[1.8126,45.5342],[1.8129,45.534]]}},{"type":"Feature","properties":{"rang":"departementale"},"geometry":{"type":"LineString","coordinates":[[1.8031,45.5328],[1.8035,45.5328],[1.8054,45.533],[1.8071,45.5331],[1.808,45.5334],[1.8086,45.5336],[1.8088,45.5338]]}},{"type":"Feature","properties":{"rang":"departementale"},"geometry":{"type":"LineString","coordinates":[[2.2789,45.6585],[2.279,45.6589],[2.2789,45.6595],[2.279,45.6605],[2.2791,45.6608],[2.2796,45.6614],[2.2799,45.6615],[2.2802,45.6615],[2.2816,45.661],[2.2825,45.6609],[2.283,45.6609],[2.2832,45.6611],[2.2851,45.6626],[2.2853,45.6628],[2.2859,45.6635],[2.2861,45.6637],[2.2865,45.6637],[2.288,45.6639],[2.289,45.6641],[2.2898,45.6642],[2.2901,45.6644],[2.2905,45.6644],[2.291,45.6644],[2.2923,45.6645],[2.2927,45.6647],[2.2929,45.6648],[2.2932,45.6654],[2.2934,45.6656],[2.2937,45.6657],[2.2947,45.6656],[2.2953,45.6656],[2.2958,45.6657],[2.2961,45.6657],[2.298,45.6646],[2.2983,45.6645],[2.2986,45.6645],[2.3,45.6649],[2.3006,45.6649],[2.3011,45.6651],[2.302,45.6656],[2.3023,45.6657],[2.3045,45.6661],[2.3051,45.6663],[2.3057,45.6668],[2.3068,45.6677],[2.3073,45.6679],[2.3081,45.6679],[2.3084,45.6678],[2.3093,45.6669],[2.3107,45.6648],[2.3111,45.6645],[2.3126,45.6637],[2.3131,45.6636],[2.314,45.6635],[2.3144,45.6633],[2.3173,45.662],[2.3177,45.6619],[2.3185,45.6619],[2.3189,45.6621],[2.32,45.6624],[2.3204,45.6625],[2.3215,45.6625],[2.3219,45.6625],[2.3237,45.6628],[2.3241,45.6629],[2.3263,45.6626],[2.3267,45.6624],[2.3269,45.6621],[2.3273,45.6618],[2.3282,45.6614],[2.3288,45.6613],[2.3292,45.6618],[2.33,45.6617],[2.3303,45.6618],[2.3315,45.6626]]}},{"type":"Feature","properties":{"rang":"departementale"},"geometry":{"type":"LineString","coordinates":[[2.336,45.6594],[2.3363,45.6588],[2.3366,45.6584],[2.3388,45.6562],[2.3391,45.6559],[2.3393,45.6554],[2.3394,45.6551],[2.3393,45.6546],[2.3388,45.654],[2.3388,45.6537],[2.3388,45.6532],[2.3388,45.6521],[2.339,45.6513],[2.3391,45.6511],[2.3394,45.6507],[2.3406,45.65],[2.3413,45.6494],[2.3425,45.6486],[2.3422,45.6479],[2.342,45.6477],[2.3416,45.6473],[2.341,45.6466],[2.3376,45.644],[2.337,45.6434],[2.3361,45.6425],[2.3357,45.642],[2.3357,45.6416],[2.3358,45.6413],[2.3362,45.6408],[2.3366,45.6401],[2.3366,45.6399],[2.3363,45.6393],[2.3359,45.6388],[2.3358,45.6386],[2.336,45.6381],[2.336,45.6378],[2.3355,45.6366],[2.3355,45.6362],[2.336,45.6357],[2.3364,45.6356],[2.3371,45.6355],[2.3375,45.6353],[2.3376,45.6349],[2.3374,45.6346],[2.337,45.634],[2.3369,45.6335],[2.3369,45.6333],[2.3371,45.633],[2.3375,45.6327],[2.3377,45.6324],[2.3377,45.6319],[2.3373,45.6314],[2.337,45.6311],[2.3364,45.6306],[2.3357,45.6305],[2.335,45.6305],[2.3347,45.6304],[2.3343,45.6301],[2.3341,45.6296],[2.3339,45.6292],[2.3337,45.629],[2.3331,45.6286],[2.3325,45.6281],[2.3314,45.6274],[2.3311,45.6272],[2.3306,45.6266],[2.3304,45.6261],[2.3304,45.6257],[2.3306,45.6251],[2.3306,45.6248],[2.3306,45.6239],[2.3303,45.6233],[2.3302,45.623],[2.3305,45.6224],[2.3307,45.6222],[2.3311,45.622],[2.3313,45.6218],[2.3315,45.6209],[2.3317,45.6204],[2.3321,45.6197],[2.3322,45.6193],[2.3322,45.6187],[2.3321,45.6182],[2.3315,45.6174],[2.3314,45.6171],[2.3314,45.6168],[2.3316,45.6163],[2.3317,45.6158],[2.3315,45.6142],[2.3314,45.6132],[2.3314,45.6126],[2.3313,45.6116],[2.33,45.6095],[2.3297,45.6092],[2.3282,45.6081],[2.3277,45.6077],[2.3268,45.6066],[2.3265,45.6064],[2.3248,45.6049],[2.3243,45.6044],[2.3232,45.6006],[2.323,45.6002],[2.3228,45.5988],[2.3226,45.598],[2.3226,45.5978],[2.3231,45.5964],[2.3231,45.596],[2.323,45.5955],[2.3225,45.595],[2.3221,45.5949],[2.321,45.5949],[2.3206,45.5947],[2.3202,45.5941],[2.3201,45.5938],[2.3201,45.5934],[2.3204,45.5929],[2.3203,45.5924],[2.32,45.5922],[2.3192,45.5918],[2.3189,45.5916],[2.3186,45.5915],[2.3177,45.5915],[2.3174,45.5914],[2.3172,45.5912],[2.3166,45.5897],[2.3157,45.5884],[2.3153,45.5881],[2.3145,45.5875],[2.3143,45.5873],[2.3139,45.5862],[2.3138,45.5857],[2.3138,45.5854],[2.3142,45.5842],[2.3142,45.5838],[2.3139,45.5832],[2.3138,45.5826],[2.3136,45.5821],[2.3127,45.5811],[2.3123,45.5805],[2.3119,45.5795],[2.3116,45.5786],[2.3115,45.5776],[2.3114,45.5771],[2.3108,45.5765],[2.3102,45.5762],[2.3084,45.5761],[2.3079,45.576],[2.3059,45.5753],[2.3055,45.5751],[2.3053,45.5749],[2.3054,45.5745],[2.3058,45.5739],[2.3059,45.5737],[2.3057,45.5735],[2.3048,45.573],[2.3038,45.5723],[2.3023,45.5716],[2.3023,45.5714],[2.3027,45.571],[2.3031,45.5704],[2.303,45.5703]]}},{"type":"Feature","properties":{"rang":"departementale"},"geometry":{"type":"LineString","coordinates":[[2.3099,45.5464],[2.3105,45.5461],[2.3111,45.5461],[2.3114,45.546],[2.3133,45.5451]]}},{"type":"Feature","properties":{"rang":"departementale"},"geometry":{"type":"LineString","coordinates":[[2.3128,45.4905],[2.3132,45.4907]]}},{"type":"Feature","properties":{"rang":"departementale"},"geometry":{"type":"LineString","coordinates":[[2.1377,45.5234],[2.1374,45.5235],[2.1371,45.5235],[2.137,45.5233],[2.1372,45.5231],[2.1376,45.5231],[2.1377,45.5234]]}},{"type":"Feature","properties":{"rang":"departementale"},"geometry":{"type":"LineString","coordinates":[[2.137,45.5232],[2.1369,45.523],[2.1365,45.5226]]}},{"type":"Feature","properties":{"rang":"departementale"},"geometry":{"type":"LineString","coordinates":[[2.1373,45.5235],[2.1369,45.5241],[2.1371,45.5235]]}},{"type":"Feature","properties":{"rang":"departementale"},"geometry":{"type":"LineString","coordinates":[[2.1537,45.5343],[2.1538,45.5353],[2.1534,45.5365],[2.1531,45.5372],[2.1528,45.5377],[2.1528,45.538],[2.1536,45.5402],[2.1538,45.541],[2.154,45.5414],[2.1542,45.5416],[2.1549,45.5418]]}},{"type":"Feature","properties":{"rang":"departementale"},"geometry":{"type":"LineString","coordinates":[[2.1314,45.5316],[2.131,45.5322],[2.1309,45.5327],[2.1309,45.5332],[2.1313,45.5358],[2.1312,45.5364],[2.1307,45.5373],[2.1306,45.5377],[2.1305,45.5383],[2.1307,45.5387],[2.1312,45.5392],[2.1347,45.5421],[2.1355,45.5428],[2.1359,45.543],[2.1362,45.5431],[2.1375,45.5431],[2.139,45.5432],[2.14,45.5434]]}},{"type":"Feature","properties":{"rang":"departementale"},"geometry":{"type":"LineString","coordinates":[[2.3221,45.5402],[2.3244,45.5395],[2.3251,45.5393],[2.3254,45.5391],[2.3261,45.5386],[2.3263,45.5385],[2.3268,45.5384],[2.3273,45.5381],[2.3278,45.5376],[2.3281,45.5373],[2.3293,45.5368],[2.3297,45.5365],[2.3299,45.5361],[2.3302,45.5354],[2.3306,45.5351],[2.3324,45.534],[2.333,45.5338],[2.3334,45.5337],[2.3341,45.5338],[2.3349,45.5339],[2.3354,45.5339],[2.3358,45.5339],[2.3362,45.5337],[2.3366,45.5333],[2.3367,45.533],[2.3366,45.5323],[2.3367,45.532],[2.3369,45.5317],[2.3383,45.53],[2.3386,45.5295],[2.3388,45.5288],[2.339,45.528],[2.3391,45.5275],[2.3394,45.5266],[2.3399,45.5261],[2.3403,45.5258],[2.3412,45.5256],[2.3431,45.5252],[2.344,45.525],[2.3447,45.5249],[2.349,45.5245],[2.3496,45.5243],[2.3504,45.5237],[2.3507,45.5234],[2.3517,45.5219],[2.3521,45.5216],[2.3526,45.5214],[2.3548,45.5208],[2.3552,45.5207],[2.3555,45.5204],[2.3561,45.5196],[2.3577,45.5174],[2.3581,45.5169],[2.3583,45.5163],[2.3582,45.5155],[2.3583,45.5152],[2.3589,45.5144],[2.3593,45.514],[2.3599,45.5138],[2.3603,45.5135],[2.3613,45.5124],[2.3622,45.5118],[2.3633,45.5108],[2.3635,45.5105],[2.3636,45.5103],[2.3637,45.5091],[2.3637,45.5089],[2.3641,45.5082],[2.3642,45.5079],[2.3642,45.5063],[2.3642,45.5062],[2.3645,45.5059],[2.3664,45.5053],[2.3672,45.5052],[2.3676,45.505],[2.3677,45.5047],[2.3677,45.5043],[2.368,45.5039],[2.369,45.5036],[2.3693,45.5035],[2.3708,45.5022],[2.371,45.5019],[2.3711,45.5016],[2.3709,45.501],[2.371,45.5008],[2.3712,45.5005],[2.3733,45.4989],[2.374,45.4984],[2.3742,45.4981],[2.3743,45.4978],[2.3743,45.4971],[2.3746,45.4966],[2.3751,45.4961],[2.3753,45.4958],[2.3753,45.4955],[2.3753,45.4946],[2.3753,45.4944],[2.3754,45.4941],[2.3757,45.4939],[2.3766,45.4937],[2.3771,45.4934],[2.378,45.4928],[2.3783,45.4927],[2.3787,45.4927],[2.3792,45.4928],[2.3802,45.4932],[2.3808,45.4933],[2.3815,45.4934],[2.382,45.4934],[2.3826,45.4932],[2.383,45.493],[2.3838,45.4923],[2.3843,45.4921],[2.3849,45.4923],[2.3853,45.4923],[2.3858,45.4922],[2.3861,45.492],[2.3871,45.4912],[2.3874,45.4911],[2.388,45.491],[2.3885,45.4907],[2.3894,45.4901],[2.3904,45.4899],[2.3907,45.4897],[2.3911,45.4893],[2.3915,45.489]]}},{"type":"Feature","properties":{"rang":"departementale"},"geometry":{"type":"LineString","coordinates":[[2.3072,45.5426],[2.3074,45.543],[2.3083,45.5437],[2.3085,45.544],[2.3088,45.5449],[2.3088,45.5451],[2.3084,45.5464]]}},{"type":"Feature","properties":{"rang":"departementale"},"geometry":{"type":"LineString","coordinates":[[2.3072,45.5426],[2.3071,45.5423],[2.3071,45.542],[2.3074,45.5413],[2.3075,45.541],[2.3073,45.5402],[2.3073,45.54],[2.3077,45.5392],[2.3076,45.5388],[2.3074,45.5386],[2.3063,45.5384],[2.306,45.5382],[2.3056,45.5377],[2.3054,45.5368],[2.3052,45.5366],[2.3047,45.536],[2.3045,45.5356],[2.3045,45.5346],[2.3043,45.5342],[2.3035,45.5338],[2.3033,45.5336],[2.3033,45.5333],[2.3033,45.533],[2.3035,45.532],[2.3035,45.5314],[2.3031,45.5298],[2.303,45.5294],[2.3031,45.529],[2.3033,45.5284],[2.3036,45.528],[2.3041,45.5273],[2.3045,45.5264],[2.3045,45.5258],[2.3044,45.5251],[2.3042,45.5242],[2.3035,45.5231],[2.3032,45.5225],[2.3031,45.5221],[2.3031,45.5216],[2.3033,45.5213],[2.3043,45.5196],[2.3046,45.5192],[2.3056,45.5182],[2.3057,45.5179],[2.3057,45.5175],[2.3054,45.5171],[2.3051,45.5168],[2.3049,45.5165],[2.3048,45.5163],[2.3049,45.5159],[2.3056,45.5145],[2.306,45.5137],[2.3065,45.5125],[2.3066,45.5117],[2.3069,45.5097],[2.3073,45.5073],[2.3075,45.5061],[2.3075,45.5055],[2.3074,45.5045],[2.3072,45.5023],[2.307,45.4997],[2.3071,45.4988],[2.307,45.4979],[2.3067,45.4974],[2.3065,45.497],[2.3059,45.4964],[2.3057,45.4959],[2.3055,45.4958]]}},{"type":"Feature","properties":{"rang":"departementale"},"geometry":{"type":"LineString","coordinates":[[2.1399,45.7425],[2.1397,45.7428],[2.1393,45.743],[2.1395,45.7426],[2.1399,45.7425],[2.1402,45.742],[2.1402,45.7413],[2.1403,45.7411],[2.1407,45.7407],[2.1412,45.7405],[2.1417,45.7403],[2.1423,45.7402],[2.1445,45.7403],[2.145,45.7402],[2.1454,45.74],[2.1467,45.7392],[2.1473,45.7388],[2.1479,45.7377],[2.1483,45.7374],[2.1488,45.7374],[2.1502,45.7374],[2.1508,45.7373],[2.154,45.7367],[2.1546,45.7365],[2.155,45.7365],[2.1557,45.7368],[2.1567,45.7372],[2.1571,45.7372],[2.158,45.7372],[2.1588,45.7369],[2.1594,45.7364],[2.16,45.7361],[2.1608,45.736],[2.1611,45.736],[2.1616,45.7362],[2.1624,45.7363],[2.1632,45.7365],[2.1637,45.7364],[2.1642,45.7358],[2.1648,45.7352],[2.1653,45.7349],[2.1657,45.7347],[2.1695,45.7337],[2.1699,45.7335],[2.1708,45.7331],[2.1717,45.7328],[2.1734,45.7322],[2.1754,45.7318],[2.1758,45.7317],[2.176,45.7314],[2.1763,45.7308],[2.1765,45.7306],[2.177,45.7301],[2.1772,45.7296],[2.1775,45.7292],[2.1779,45.7288],[2.1786,45.7285],[2.1792,45.7285],[2.18,45.7286],[2.1805,45.7286],[2.1812,45.7286],[2.1819,45.7287],[2.1825,45.7286],[2.1828,45.7284],[2.1835,45.728],[2.1839,45.728],[2.1845,45.7281],[2.185,45.7284],[2.1857,45.7289],[2.1862,45.7296],[2.1867,45.73]]}},{"type":"Feature","properties":{"rang":"departementale"},"geometry":{"type":"LineString","coordinates":[[2.1314,45.5316],[2.1308,45.5314],[2.13,45.5313],[2.1278,45.5306],[2.1269,45.5304],[2.1255,45.5304],[2.1251,45.5304],[2.1247,45.5302],[2.1242,45.5299],[2.124,45.5296],[2.1244,45.5283],[2.1247,45.5279],[2.1246,45.5277]]}},{"type":"Feature","properties":{"rang":"departementale"},"geometry":{"type":"LineString","coordinates":[[2.4518,45.5228],[2.4521,45.5222],[2.4524,45.5219],[2.4528,45.5214],[2.4535,45.5208],[2.4539,45.5206],[2.4549,45.5205],[2.4552,45.5203],[2.4557,45.5199],[2.4558,45.5197],[2.4557,45.5194],[2.4549,45.5188],[2.4548,45.5185],[2.4549,45.5181],[2.4554,45.5179],[2.4557,45.518],[2.4562,45.5182],[2.4566,45.5182],[2.457,45.5181],[2.4574,45.5177],[2.4581,45.5165],[2.4582,45.5156],[2.4588,45.5151],[2.459,45.5147],[2.4595,45.5142],[2.4598,45.5133],[2.4597,45.5127],[2.4597,45.5124],[2.46,45.5114],[2.4604,45.511],[2.4605,45.5107],[2.4604,45.5102],[2.4604,45.5095]]}},{"type":"Feature","properties":{"rang":"departementale"},"geometry":{"type":"LineString","coordinates":[[2.3056,45.4957],[2.3057,45.4959]]}},{"type":"Feature","properties":{"rang":"departementale"},"geometry":{"type":"LineString","coordinates":[[2.1369,45.5241],[2.1367,45.5244],[2.1362,45.5272],[2.136,45.5279],[2.1358,45.5284],[2.1352,45.529],[2.1348,45.5293],[2.1343,45.5295],[2.1333,45.5299],[2.1327,45.5301],[2.1324,45.5303],[2.1321,45.5306],[2.1314,45.5316]]}},{"type":"Feature","properties":{"rang":"departementale"},"geometry":{"type":"LineString","coordinates":[[2.462,45.5434],[2.4619,45.543],[2.4625,45.5395],[2.4626,45.5382],[2.4625,45.5377],[2.462,45.537],[2.4618,45.5366],[2.4619,45.5361],[2.4619,45.5356],[2.462,45.5345],[2.4618,45.5334],[2.462,45.533],[2.4625,45.5324],[2.4626,45.5321],[2.4626,45.5318],[2.4623,45.5313],[2.4617,45.5309],[2.4612,45.5302],[2.4605,45.5298],[2.4594,45.5293],[2.459,45.529],[2.4584,45.5288],[2.4578,45.5289],[2.4574,45.5287],[2.457,45.5285],[2.4569,45.5282],[2.4569,45.5278],[2.4568,45.5275],[2.4566,45.5273],[2.4557,45.5268],[2.4551,45.5267],[2.4549,45.5265],[2.4542,45.5259],[2.4539,45.5255],[2.4535,45.5251],[2.4522,45.5244],[2.4519,45.5241],[2.4516,45.5234],[2.4516,45.5231],[2.4518,45.5228]]}},{"type":"Feature","properties":{"rang":"departementale"},"geometry":{"type":"LineString","coordinates":[[2.188,45.6646],[2.1881,45.6644],[2.188,45.6643],[2.1871,45.6637],[2.1856,45.6632],[2.1849,45.6628],[2.1846,45.6624],[2.1845,45.6619],[2.184,45.661],[2.184,45.6606],[2.1842,45.66],[2.1844,45.6595],[2.1844,45.6578],[2.1842,45.6571],[2.1838,45.6558],[2.1839,45.6552],[2.1843,45.6547],[2.1843,45.6544],[2.184,45.6541],[2.1834,45.6537],[2.1833,45.6534],[2.1833,45.6529],[2.1835,45.652],[2.1837,45.6517],[2.184,45.6514],[2.1843,45.6511],[2.1844,45.6509],[2.1844,45.6505],[2.1846,45.65],[2.1851,45.6489],[2.1853,45.6485],[2.1853,45.648],[2.1854,45.6477],[2.1859,45.6472],[2.186,45.6467],[2.1864,45.6461],[2.1866,45.6457],[2.1866,45.6444],[2.1865,45.6441],[2.1861,45.6435],[2.1861,45.6429],[2.1859,45.6422],[2.1859,45.6418],[2.188,45.6373],[2.1884,45.6366],[2.1894,45.6357],[2.1901,45.635],[2.1905,45.6344],[2.1908,45.6342],[2.1912,45.6341],[2.1917,45.6339],[2.1919,45.6337],[2.192,45.6334],[2.192,45.6328],[2.1921,45.6323],[2.1924,45.632],[2.1946,45.6305],[2.1954,45.6301],[2.1956,45.6299],[2.1963,45.6286],[2.1967,45.6282],[2.1967,45.628],[2.1966,45.6275],[2.1966,45.6272],[2.1969,45.6268],[2.1971,45.6265],[2.1976,45.6262],[2.199,45.6259],[2.1995,45.6256],[2.2001,45.6254],[2.2004,45.6252],[2.2007,45.6246],[2.2021,45.6229],[2.2027,45.6224],[2.2036,45.6218],[2.2039,45.6216],[2.2044,45.6207],[2.2045,45.6205],[2.2047,45.6186],[2.2049,45.6183],[2.2052,45.618],[2.2053,45.6172],[2.2052,45.6169],[2.2048,45.6165],[2.2041,45.616],[2.2033,45.6157],[2.2031,45.6154],[2.2024,45.6133],[2.2025,45.613],[2.2028,45.613],[2.2039,45.6132],[2.2045,45.6132],[2.2046,45.613],[2.2045,45.6129],[2.2039,45.6128],[2.2032,45.6125],[2.2028,45.6122],[2.2025,45.6118],[2.2019,45.6106],[2.2018,45.6103],[2.2018,45.61],[2.202,45.6091],[2.2021,45.6088],[2.2024,45.6084],[2.203,45.6079],[2.2035,45.6072],[2.2041,45.6066],[2.2049,45.6052],[2.2049,45.6046],[2.2047,45.6043],[2.2041,45.6037],[2.2041,45.6034],[2.2044,45.6029],[2.2045,45.6026],[2.2052,45.6022],[2.2052,45.6018],[2.2046,45.601],[2.2033,45.6],[2.2029,45.5998],[2.2022,45.5995],[2.2016,45.5992],[2.2012,45.5988],[2.2011,45.5986],[2.2012,45.5983],[2.2016,45.5975],[2.2019,45.5971],[2.2029,45.5965],[2.203,45.5964],[2.2031,45.5959],[2.2029,45.5951],[2.2029,45.5948],[2.2033,45.594],[2.2032,45.5935],[2.2028,45.593],[2.2011,45.592],[2.2001,45.5912],[2.1994,45.5907],[2.1993,45.5905],[2.1993,45.5902],[2.1999,45.5891],[2.1999,45.5888],[2.1998,45.5886],[2.1989,45.5872],[2.1986,45.5865],[2.1987,45.5862],[2.1989,45.5861],[2.1996,45.5858],[2.2,45.5856],[2.2002,45.5852],[2.2002,45.5849],[2.2,45.5846],[2.1987,45.5828],[2.1986,45.5824],[2.1994,45.5818],[2.1997,45.5815],[2.2004,45.5809],[2.2012,45.5802],[2.202,45.5797],[2.2022,45.5794],[2.2022,45.5791],[2.2021,45.5788],[2.2017,45.5787],[2.201,45.5784],[2.1991,45.5773],[2.1987,45.5768],[2.1988,45.576],[2.1989,45.5757],[2.1993,45.575],[2.1994,45.5745],[2.1993,45.5733],[2.1991,45.5723],[2.1991,45.572],[2.1993,45.5713],[2.1993,45.5708],[2.1964,45.5667],[2.1961,45.5663],[2.1941,45.5649],[2.194,45.5647],[2.1933,45.5636],[2.1902,45.5611],[2.188,45.5593],[2.1871,45.5586],[2.1866,45.5584],[2.1853,45.5583],[2.1847,45.5582],[2.1844,45.558],[2.184,45.5577],[2.182,45.5554],[2.1817,45.5551],[2.1812,45.5548],[2.1807,45.5545],[2.1792,45.5541],[2.1742,45.5522],[2.1736,45.5518],[2.1731,45.5514],[2.1724,45.551],[2.1705,45.5503],[2.1686,45.5495],[2.167,45.5489],[2.1642,45.5478],[2.1632,45.5473],[2.1622,45.5466],[2.1619,45.5464],[2.1611,45.5453],[2.1608,45.545],[2.1597,45.5441],[2.1591,45.5437],[2.1578,45.5431],[2.1567,45.5428],[2.1563,45.5426],[2.1555,45.542],[2.1549,45.5418]]}},{"type":"Feature","properties":{"rang":"departementale"},"geometry":{"type":"LineString","coordinates":[[2.3144,45.5502],[2.3144,45.5495]]}},{"type":"Feature","properties":{"rang":"departementale"},"geometry":{"type":"LineString","coordinates":[[2.1393,45.743],[2.1381,45.7441]]}},{"type":"Feature","properties":{"rang":"departementale"},"geometry":{"type":"LineString","coordinates":[[2.1868,45.7298],[2.1878,45.7292]]}},{"type":"Feature","properties":{"rang":"departementale"},"geometry":{"type":"LineString","coordinates":[[2.1864,45.7298],[2.1862,45.7296]]}},{"type":"Feature","properties":{"rang":"departementale"},"geometry":{"type":"LineString","coordinates":[[2.2661,45.6506],[2.2657,45.6504],[2.2662,45.6504]]}},{"type":"Feature","properties":{"rang":"departementale"},"geometry":{"type":"LineString","coordinates":[[2.3165,45.5433],[2.317,45.5432],[2.3173,45.5431],[2.3176,45.5429],[2.3181,45.5422],[2.3187,45.5417],[2.3197,45.5408],[2.3201,45.5406],[2.3209,45.5402],[2.3212,45.5401],[2.3216,45.5402],[2.3221,45.5402],[2.3217,45.5403],[2.3209,45.5402],[2.3207,45.5403]]}},{"type":"Feature","properties":{"rang":"departementale"},"geometry":{"type":"LineString","coordinates":[[2.2478,45.6517],[2.2485,45.6513],[2.2492,45.6512],[2.25,45.6513],[2.2515,45.6517],[2.2522,45.6518],[2.253,45.6519],[2.2577,45.6521],[2.2584,45.6521],[2.2593,45.652],[2.2599,45.6519],[2.2607,45.6515],[2.263,45.6505],[2.2639,45.6503],[2.2649,45.6503],[2.2657,45.6504]]}},{"type":"Feature","properties":{"rang":"departementale"},"geometry":{"type":"LineString","coordinates":[[2.1957,45.6665],[2.1961,45.6663],[2.1962,45.6661],[2.1962,45.6657],[2.1956,45.6648],[2.1957,45.6645],[2.1963,45.6642],[2.1969,45.664],[2.198,45.6638],[2.1982,45.6639],[2.1995,45.6643],[2.2,45.6643],[2.2004,45.6641],[2.2008,45.6639],[2.2012,45.6635],[2.2017,45.6622],[2.2019,45.6619],[2.2025,45.6616],[2.2047,45.6611],[2.2051,45.661],[2.206,45.661],[2.2084,45.6613],[2.2096,45.6612],[2.2105,45.6611],[2.2114,45.6608],[2.2167,45.6587],[2.217,45.6585],[2.2178,45.6584],[2.2188,45.6583],[2.2194,45.6583],[2.221,45.6586],[2.2221,45.6587],[2.2232,45.6586],[2.2239,45.6585],[2.2249,45.6582],[2.2257,45.658],[2.2265,45.658],[2.2275,45.6581],[2.2293,45.6585],[2.23,45.6586],[2.2307,45.6585],[2.2316,45.6584],[2.232,45.6582],[2.2327,45.6579],[2.2363,45.6559],[2.2369,45.6556],[2.2373,45.6553],[2.2385,45.6542],[2.2394,45.6535],[2.24,45.6531],[2.2406,45.6529],[2.2417,45.6526],[2.2424,45.6525],[2.2436,45.6525],[2.2447,45.6526],[2.2456,45.6526],[2.2466,45.6524],[2.2471,45.6521],[2.2478,45.6517]]}},{"type":"Feature","properties":{"rang":"departementale"},"geometry":{"type":"LineString","coordinates":[[2.3135,45.5449],[2.3138,45.5449],[2.3142,45.5446],[2.3151,45.5436],[2.3155,45.5434],[2.3164,45.5433],[2.3156,45.5435],[2.315,45.5437]]}},{"type":"Feature","properties":{"rang":"departementale"},"geometry":{"type":"LineString","coordinates":[[2.3134,45.545],[2.3134,45.545]]}},{"type":"Feature","properties":{"rang":"departementale"},"geometry":{"type":"LineString","coordinates":[[2.1937,45.6663],[2.1947,45.6662],[2.1955,45.6666],[2.1957,45.6665]]}},{"type":"Feature","properties":{"rang":"departementale"},"geometry":{"type":"LineString","coordinates":[[2.1902,45.6663],[2.1905,45.6664],[2.191,45.6664],[2.1937,45.6663]]}},{"type":"Feature","properties":{"rang":"departementale"},"geometry":{"type":"LineString","coordinates":[[2.1876,45.6655],[2.1877,45.6656],[2.1882,45.6659],[2.1886,45.666],[2.1891,45.6659],[2.1896,45.666],[2.1902,45.6663]]}},{"type":"Feature","properties":{"rang":"departementale"},"geometry":{"type":"LineString","coordinates":[[2.3031,45.5702],[2.303,45.57],[2.3032,45.5698],[2.3032,45.5695],[2.3031,45.5688],[2.3029,45.5685],[2.3028,45.5684],[2.301,45.5674],[2.3006,45.5671],[2.3002,45.5666],[2.2998,45.5655],[2.2995,45.5654]]}},{"type":"Feature","properties":{"rang":"departementale"},"geometry":{"type":"LineString","coordinates":[[2.1877,45.6651],[2.1876,45.6655]]}},{"type":"Feature","properties":{"rang":"departementale"},"geometry":{"type":"LineString","coordinates":[[2.3115,45.4895],[2.3109,45.4893],[2.3102,45.4891],[2.3091,45.489],[2.3084,45.4888],[2.3081,45.4887]]}},{"type":"Feature","properties":{"rang":"departementale"},"geometry":{"type":"LineString","coordinates":[[2.3145,45.5494],[2.3146,45.5488],[2.3144,45.5481],[2.314,45.5476]]}},{"type":"Feature","properties":{"rang":"departementale"},"geometry":{"type":"LineString","coordinates":[[2.3145,45.5495],[2.3145,45.5495]]}},{"type":"Feature","properties":{"rang":"departementale"},"geometry":{"type":"LineString","coordinates":[[2.3128,45.4905],[2.312,45.4899],[2.3115,45.4895]]}},{"type":"Feature","properties":{"rang":"departementale"},"geometry":{"type":"LineString","coordinates":[[2.2709,45.6549],[2.2714,45.6552],[2.2721,45.6554],[2.2724,45.6555],[2.2725,45.6559],[2.2727,45.6563],[2.2728,45.6569],[2.2729,45.6576],[2.273,45.6579],[2.2733,45.658],[2.2757,45.6582],[2.2763,45.6581],[2.2767,45.658],[2.2772,45.658],[2.2777,45.6584],[2.278,45.6584],[2.2787,45.6585],[2.2789,45.6585]]}},{"type":"Feature","properties":{"rang":"departementale"},"geometry":{"type":"LineString","coordinates":[[2.2684,45.6555],[2.2687,45.6554],[2.2693,45.6552],[2.2707,45.6549],[2.2709,45.6549]]}},{"type":"Feature","properties":{"rang":"departementale"},"geometry":{"type":"LineString","coordinates":[[2.2659,45.651],[2.2666,45.6513],[2.2669,45.6516],[2.267,45.652],[2.2671,45.6523],[2.2668,45.6527],[2.2662,45.653],[2.2661,45.6533],[2.2663,45.6535],[2.2667,45.6538],[2.2668,45.654],[2.2668,45.6545],[2.2669,45.6548],[2.2672,45.655],[2.268,45.6554],[2.2684,45.6555]]}},{"type":"Feature","properties":{"rang":"departementale"},"geometry":{"type":"LineString","coordinates":[[2.313,45.4908],[2.3128,45.4905]]}},{"type":"Feature","properties":{"rang":"departementale"},"geometry":{"type":"LineString","coordinates":[[2.3143,45.5506],[2.3141,45.5507],[2.3136,45.5508],[2.3141,45.5506],[2.3143,45.5505]]}},{"type":"Feature","properties":{"rang":"departementale"},"geometry":{"type":"LineString","coordinates":[[2.3042,45.5242],[2.3044,45.5245],[2.3045,45.525],[2.3046,45.5255],[2.3045,45.5262],[2.3045,45.5264]]}},{"type":"Feature","properties":{"rang":"departementale"},"geometry":{"type":"LineString","coordinates":[[2.313,45.5463],[2.3123,45.5456]]}},{"type":"Feature","properties":{"rang":"departementale"},"geometry":{"type":"LineString","coordinates":[[2.3135,45.547],[2.3134,45.5469]]}},{"type":"Feature","properties":{"rang":"departementale"},"geometry":{"type":"LineString","coordinates":[[2.3131,45.5465],[2.3133,45.5467]]}},{"type":"Feature","properties":{"rang":"departementale"},"geometry":{"type":"LineString","coordinates":[[2.3131,45.551],[2.3136,45.5508]]}},{"type":"Feature","properties":{"rang":"departementale"},"geometry":{"type":"LineString","coordinates":[[2.3139,45.5507],[2.3143,45.5506]]}},{"type":"Feature","properties":{"rang":"departementale"},"geometry":{"type":"LineString","coordinates":[[2.3144,45.5505],[2.3144,45.5506]]}},{"type":"Feature","properties":{"rang":"departementale"},"geometry":{"type":"LineString","coordinates":[[2.1537,45.5343],[2.1536,45.5341]]}},{"type":"Feature","properties":{"rang":"departementale"},"geometry":{"type":"LineString","coordinates":[[2.1538,45.5341],[2.1537,45.5343]]}},{"type":"Feature","properties":{"rang":"departementale"},"geometry":{"type":"LineString","coordinates":[[2.188,45.6646],[2.1879,45.6649],[2.1877,45.6651]]}}],"attribution":"© les contributeurs OpenStreetMap","licence":"ODbL","note":"Axes structurants — autoroutes, nationales, départementales. Ni petites routes, ni noms de rue, ni bâti : c'est le prix d'un fond servi par le dépôt plutôt que par un fournisseur de tuiles. Simplifié pour un affichage jusqu'au zoom 12. Élagué au cercle de 45 km.","extrait_le":"2026-09-16","par_rang":{"nationale":640,"autoroute":216,"departementale":1078}}