{"type":"FeatureCollection","licence":"Licence Ouverte 2.0 — contours geo.api.gouv.fr (Admin Express, IGN)","simplification_deg":0.0012,"calcule_le":"2026-09-15","features":[{"type":"Feature","properties":{"code":"19001","nom":"Affieux","pop":385},"geometry":{"type":"Polygon","coordinates":[[[1.7822,45.4819],[1.7785,45.4836],[1.7729,45.4809],[1.7687,45.4839],[1.7635,45.4844],[1.7569,45.4891],[1.7463,45.4886],[1.7378,45.4903],[1.733,45.4933],[1.7303,45.492],[1.7284,45.4934],[1.7319,45.4955],[1.7351,45.5009],[1.7332,45.5036],[1.7303,45.5013],[1.7187,45.5029],[1.7092,45.5005],[1.7105,45.5041],[1.716,45.5058],[1.7216,45.5115],[1.7285,45.5143],[1.7249,45.5163],[1.7255,45.5194],[1.734,45.5204],[1.7355,45.5234],[1.7294,45.5264],[1.7293,45.5279],[1.7408,45.5251],[1.7457,45.5254],[1.7497,45.5307],[1.7532,45.5309],[1.756,45.5361],[1.7591,45.5338],[1.7649,45.5338],[1.7773,45.5416],[1.7839,45.539],[1.7875,45.5399],[1.7884,45.5357],[1.7821,45.5286],[1.7879,45.5266],[1.7885,45.5245],[1.7919,45.5236],[1.793,45.5201],[1.8035,45.513],[1.811,45.5127],[1.8085,45.5121],[1.8089,45.5087],[1.8132,45.5058],[1.8116,45.502],[1.8077,45.4997],[1.8064,45.4951],[1.811,45.4897],[1.8103,45.4865],[1.8146,45.4837],[1.8108,45.4807],[1.8106,45.483],[1.8065,45.4849],[1.795,45.4859],[1.791,45.4825],[1.7822,45.4819],[1.7822,45.4819]]]}},{"type":"Feature","properties":{"code":"19003","nom":"Albignac","pop":236},"geometry":{"type":"Polygon","coordinates":[[[1.6555,45.1404],[1.653,45.1438],[1.6541,45.1463],[1.6527,45.1488],[1.6554,45.151],[1.6544,45.1543],[1.6587,45.1582],[1.6652,45.157],[1.6677,45.1589],[1.6678,45.1618],[1.6735,45.1638],[1.6821,45.1637],[1.6881,45.1547],[1.7039,45.1569],[1.7063,45.1533],[1.7056,45.1506],[1.7012,45.1494],[1.7026,45.1465],[1.695,45.138],[1.6873,45.135],[1.6877,45.1313],[1.6831,45.1301],[1.6744,45.1335],[1.6713,45.1308],[1.6627,45.1366],[1.6613,45.1404],[1.6555,45.1404],[1.6555,45.1404]]]}},{"type":"Feature","properties":{"code":"19004","nom":"Albussac","pop":725},"geometry":{"type":"Polygon","coordinates":[[[1.8713,45.1229],[1.8678,45.1202],[1.8604,45.1214],[1.8581,45.1143],[1.8554,45.1156],[1.8509,45.1094],[1.845,45.1075],[1.843,45.1081],[1.8441,45.1127],[1.8416,45.1176],[1.8337,45.12],[1.8314,45.1245],[1.8179,45.1225],[1.8101,45.1186],[1.7981,45.1211],[1.7935,45.1172],[1.7864,45.1159],[1.7867,45.1215],[1.7803,45.121],[1.7701,45.1276],[1.7785,45.1297],[1.7712,45.1347],[1.7761,45.1442],[1.7652,45.145],[1.7649,45.1489],[1.7602,45.1521],[1.7542,45.1553],[1.7541,45.1571],[1.7613,45.16],[1.766,45.1663],[1.7685,45.1661],[1.7687,45.1686],[1.7748,45.1697],[1.7779,45.1631],[1.7813,45.1646],[1.7812,45.1668],[1.7832,45.1665],[1.7822,45.1687],[1.786,45.1679],[1.7866,45.1651],[1.7892,45.1664],[1.79,45.1647],[1.7938,45.1665],[1.793,45.1675],[1.7978,45.1662],[1.803,45.17],[1.8036,45.167],[1.8108,45.1613],[1.8274,45.1648],[1.8322,45.1604],[1.8385,45.1633],[1.8438,45.1608],[1.8452,45.1618],[1.8509,45.1589],[1.8467,45.1524],[1.8525,45.1477],[1.8559,45.1414],[1.8596,45.1396],[1.8633,45.1404],[1.8685,45.1349],[1.8727,45.1282],[1.8705,45.1266],[1.8713,45.1229],[1.8713,45.1229]]]}},{"type":"Feature","properties":{"code":"19005","nom":"Allassac","pop":4081},"geometry":{"type":"Polygon","coordinates":[[[1.4122,45.2416],[1.4304,45.2512],[1.4365,45.2506],[1.435,45.2588],[1.4282,45.2642],[1.4289,45.268],[1.4358,45.2653],[1.4427,45.2677],[1.4456,45.2627],[1.4538,45.2588],[1.4552,45.2608],[1.4543,45.27],[1.4578,45.2763],[1.4636,45.2822],[1.4642,45.2852],[1.4678,45.286],[1.4698,45.2958],[1.4759,45.297],[1.4854,45.2944],[1.4887,45.2955],[1.4916,45.2933],[1.496,45.2942],[1.4973,45.2917],[1.5044,45.2885],[1.5041,45.2865],[1.5088,45.2827],[1.5085,45.2805],[1.5181,45.2763],[1.5167,45.2714],[1.511,45.265],[1.5139,45.2623],[1.5164,45.2628],[1.5155,45.261],[1.5049,45.2527],[1.503,45.2447],[1.4916,45.2383],[1.4956,45.2368],[1.4986,45.2326],[1.4948,45.2235],[1.4901,45.2246],[1.4894,45.2229],[1.4881,45.2249],[1.4844,45.2241],[1.4811,45.2268],[1.4779,45.2261],[1.4733,45.2317],[1.4633,45.2283],[1.4612,45.2318],[1.4526,45.2306],[1.4524,45.2329],[1.4487,45.2343],[1.4387,45.2289],[1.4315,45.2281],[1.4355,45.2176],[1.43,45.2193],[1.4262,45.2182],[1.4167,45.2233],[1.4037,45.2236],[1.4044,45.2256],[1.4112,45.2275],[1.4106,45.2294],[1.4185,45.2301],[1.4228,45.233],[1.4196,45.2324],[1.4211,45.2357],[1.4122,45.2416],[1.4122,45.2416]]]}},{"type":"Feature","properties":{"code":"19006","nom":"Alleyrat","pop":98},"geometry":{"type":"Polygon","coordinates":[[[2.207,45.5397],[2.2085,45.5416],[2.2031,45.5431],[2.2027,45.5457],[2.1969,45.5501],[2.1986,45.5572],[2.1976,45.5603],[2.2018,45.562],[2.1993,45.5637],[2.1957,45.5726],[2.1972,45.5739],[2.1965,45.579],[2.2017,45.5791],[2.204,45.5772],[2.2101,45.5869],[2.2255,45.5904],[2.2344,45.5877],[2.2388,45.5839],[2.2388,45.5804],[2.2321,45.5787],[2.2312,45.5767],[2.2405,45.5724],[2.2412,45.5695],[2.2416,45.5683],[2.2396,45.5687],[2.2383,45.571],[2.2371,45.5667],[2.2412,45.5586],[2.2348,45.5569],[2.236,45.5531],[2.2334,45.5514],[2.2439,45.5485],[2.2434,45.5469],[2.2382,45.5432],[2.2323,45.543],[2.2318,45.5446],[2.2296,45.5419],[2.223,45.5418],[2.2188,45.5396],[2.2124,45.5414],[2.207,45.5397],[2.207,45.5397]]]}},{"type":"Feature","properties":{"code":"19007","nom":"Altillac","pop":824},"geometry":{"type":"Polygon","coordinates":[[[1.9076,44.9778],[1.9053,44.9747],[1.8987,44.9724],[1.8989,44.9678],[1.8884,44.9644],[1.8854,44.959],[1.887,44.9563],[1.8687,44.9541],[1.8632,44.9502],[1.8628,44.9477],[1.8518,44.946],[1.8527,44.952],[1.8503,44.9641],[1.8484,44.9689],[1.8436,44.9727],[1.842,44.9815],[1.8295,44.9844],[1.83,44.9951],[1.8329,44.9988],[1.8473,45.0022],[1.8516,45.0055],[1.8601,45.0033],[1.8723,45.0042],[1.8781,45.0085],[1.8823,45.0087],[1.8859,45.0079],[1.8872,45.0048],[1.886,44.9955],[1.8908,44.997],[1.9038,44.9932],[1.9076,44.9778],[1.9076,44.9778]]]}},{"type":"Feature","properties":{"code":"19008","nom":"Ambrugeat","pop":213},"geometry":{"type":"Polygon","coordinates":[[[2.0401,45.5254],[2.0389,45.5346],[2.0542,45.5402],[2.0517,45.5449],[2.0476,45.5476],[2.0475,45.5516],[2.0526,45.5542],[2.0524,45.5574],[2.0676,45.5671],[2.073,45.5577],[2.0811,45.5577],[2.095,45.5533],[2.0988,45.5551],[2.1065,45.5523],[2.1095,45.5492],[2.1036,45.5466],[2.1135,45.54],[2.1195,45.5393],[2.12,45.5367],[2.1223,45.5368],[2.1253,45.5329],[2.1357,45.5285],[2.137,45.5234],[2.1318,45.5223],[2.126,45.5207],[2.1271,45.5182],[2.1254,45.5156],[2.1213,45.5162],[2.1245,45.5065],[2.1118,45.5],[2.108,45.5057],[2.1097,45.5085],[2.1054,45.5075],[2.0959,45.5107],[2.0843,45.5111],[2.084,45.5135],[2.0816,45.5124],[2.0826,45.5135],[2.069,45.5182],[2.0601,45.5157],[2.0609,45.5139],[2.0593,45.5138],[2.0566,45.5171],[2.0392,45.5211],[2.0423,45.5238],[2.0401,45.5254],[2.0401,45.5254]]]}},{"type":"Feature","properties":{"code":"19009","nom":"Les Angles-sur-Corrèze","pop":125},"geometry":{"type":"Polygon","coordinates":[[[1.7943,45.318],[1.7974,45.3172],[1.7999,45.3189],[1.8022,45.3156],[1.8091,45.3211],[1.8143,45.3212],[1.8215,45.3079],[1.8162,45.3035],[1.8125,45.2988],[1.7991,45.3002],[1.7843,45.3074],[1.7806,45.3111],[1.7868,45.3122],[1.7909,45.3181],[1.7943,45.318],[1.7943,45.318]]]}},{"type":"Feature","properties":{"code":"19010","nom":"Argentat-sur-Dordogne","pop":2881},"geometry":{"type":"Polygon","coordinates":[[[1.9249,45.1347],[1.9278,45.1341],[1.9291,45.1384],[1.9374,45.1422],[1.9359,45.1442],[1.9391,45.1437],[1.9375,45.1446],[1.9387,45.1481],[1.9421,45.1469],[1.9384,45.149],[1.9483,45.1481],[1.9452,45.149],[1.9443,45.1536],[1.9467,45.1535],[1.9479,45.1562],[1.9532,45.1583],[1.9469,45.1629],[1.9497,45.1631],[1.9475,45.165],[1.9506,45.1683],[1.9543,45.169],[1.9531,45.1722],[1.9562,45.1718],[1.9586,45.174],[1.9657,45.1695],[1.9719,45.1616],[1.9756,45.1603],[1.9739,45.1533],[1.9675,45.1514],[1.9663,45.1487],[1.9641,45.1496],[1.9621,45.1481],[1.9623,45.1458],[1.9605,45.1448],[1.9622,45.145],[1.9579,45.1415],[1.9584,45.1397],[1.9523,45.1397],[1.9494,45.1372],[1.9521,45.1344],[1.9547,45.1352],[1.9563,45.1338],[1.9511,45.1261],[1.9543,45.1252],[1.9514,45.1252],[1.9542,45.1234],[1.9527,45.1207],[1.9566,45.1189],[1.9591,45.1203],[1.9575,45.1151],[1.9603,45.116],[1.9602,45.113],[1.9558,45.1091],[1.9596,45.109],[1.9596,45.1066],[1.961,45.1068],[1.9611,45.1028],[1.9576,45.101],[1.9581,45.0997],[1.9564,45.0991],[1.958,45.0966],[1.9552,45.0967],[1.9539,45.0935],[1.9571,45.0911],[1.9553,45.0909],[1.9561,45.0867],[1.9604,45.0861],[1.9624,45.0815],[1.9609,45.0765],[1.9558,45.074],[1.9521,45.0764],[1.9498,45.0748],[1.9427,45.0754],[1.9416,45.0728],[1.9457,45.0711],[1.9435,45.0674],[1.9452,45.0644],[1.9423,45.0612],[1.9304,45.0592],[1.9276,45.0666],[1.9299,45.0674],[1.928,45.069],[1.9316,45.0699],[1.9269,45.0728],[1.9308,45.0744],[1.9344,45.0794],[1.9292,45.0844],[1.925,45.0935],[1.9189,45.0958],[1.9146,45.0951],[1.914,45.0969],[1.9118,45.0935],[1.9044,45.0906],[1.8971,45.096],[1.8907,45.0962],[1.888,45.1022],[1.8965,45.1098],[1.9014,45.1105],[1.904,45.1088],[1.9037,45.111],[1.906,45.112],[1.9103,45.1081],[1.9205,45.1096],[1.9196,45.1128],[1.921,45.115],[1.924,45.1152],[1.9222,45.1188],[1.9247,45.1181],[1.9308,45.1243],[1.9299,45.1305],[1.9253,45.1327],[1.9249,45.1347],[1.9249,45.1347]]]}},{"type":"Feature","properties":{"code":"19011","nom":"Arnac-Pompadour","pop":1205},"geometry":{"type":"Polygon","coordinates":[[[1.3364,45.4232],[1.3421,45.4294],[1.3427,45.4347],[1.3485,45.4336],[1.3611,45.4355],[1.3625,45.4334],[1.3595,45.4314],[1.3648,45.4313],[1.3668,45.4282],[1.3732,45.4277],[1.3716,45.4228],[1.3754,45.4211],[1.3752,45.4182],[1.3709,45.4145],[1.3808,45.412],[1.3867,45.4127],[1.3875,45.4105],[1.3926,45.404],[1.3984,45.403],[1.3908,45.3985],[1.3916,45.3951],[1.3872,45.3937],[1.381,45.3962],[1.3722,45.3901],[1.3639,45.388],[1.3557,45.393],[1.3465,45.3928],[1.3465,45.3981],[1.3446,45.4005],[1.3335,45.4073],[1.3375,45.4184],[1.3351,45.4214],[1.3364,45.4232],[1.3364,45.4232]]]}},{"type":"Feature","properties":{"code":"19013","nom":"Aubazines","pop":856},"geometry":{"type":"Polygon","coordinates":[[[1.6702,45.2071],[1.673,45.2081],[1.6741,45.2054],[1.6807,45.2065],[1.6797,45.1991],[1.6824,45.1994],[1.6907,45.1932],[1.6956,45.1932],[1.6983,45.1955],[1.7004,45.1929],[1.7022,45.1944],[1.7098,45.1928],[1.7116,45.1896],[1.7258,45.1853],[1.7245,45.1839],[1.7273,45.1821],[1.7236,45.1805],[1.7242,45.1771],[1.7224,45.1747],[1.7171,45.1726],[1.7192,45.1687],[1.7144,45.1661],[1.712,45.1706],[1.7005,45.1743],[1.6936,45.1729],[1.6896,45.176],[1.6832,45.1746],[1.6797,45.1713],[1.6805,45.1693],[1.6729,45.1723],[1.6668,45.1711],[1.6638,45.1785],[1.6591,45.1826],[1.6607,45.1839],[1.6529,45.1882],[1.6509,45.1926],[1.6543,45.1979],[1.6585,45.1977],[1.6587,45.2007],[1.6646,45.2058],[1.6702,45.2071],[1.6702,45.2071]]]}},{"type":"Feature","properties":{"code":"19014","nom":"Auriac","pop":216},"geometry":{"type":"Polygon","coordinates":[[[2.1779,45.2214],[2.1712,45.2181],[2.1769,45.2159],[2.1767,45.2143],[2.1823,45.211],[2.1833,45.1991],[2.1792,45.2011],[2.1786,45.2039],[2.175,45.2001],[2.1735,45.2014],[2.1734,45.1973],[2.1714,45.1955],[2.1753,45.1879],[2.1691,45.1877],[2.1697,45.1837],[2.1651,45.1806],[2.1644,45.1763],[2.1587,45.1706],[2.1493,45.1706],[2.1437,45.1652],[2.1307,45.1606],[2.131,45.1646],[2.1275,45.1684],[2.1238,45.1707],[2.1173,45.1698],[2.1135,45.1723],[2.1109,45.1788],[2.1119,45.1802],[2.1086,45.1807],[2.1045,45.192],[2.1057,45.1938],[2.1151,45.1939],[2.1175,45.1977],[2.1243,45.1926],[2.1255,45.1935],[2.1108,45.2011],[2.1021,45.1987],[2.1025,45.1969],[2.0986,45.1984],[2.1,45.2015],[2.0977,45.2015],[2.0943,45.2056],[2.0916,45.2134],[2.0921,45.2157],[2.1115,45.2181],[2.1128,45.2205],[2.1114,45.2324],[2.1266,45.2275],[2.1347,45.2302],[2.1426,45.2243],[2.1501,45.2235],[2.1596,45.2302],[2.1619,45.2348],[2.1669,45.2358],[2.1691,45.2232],[2.1779,45.2214],[2.1779,45.2214]]]}},{"type":"Feature","properties":{"code":"19016","nom":"Bar","pop":311},"geometry":{"type":"Polygon","coordinates":[[[1.7853,45.3621],[1.7893,45.3611],[1.789,45.3586],[1.7924,45.3576],[1.7907,45.3552],[1.7922,45.3474],[1.7888,45.3442],[1.793,45.3411],[1.7973,45.3441],[1.8005,45.3413],[1.807,45.3441],[1.8033,45.3512],[1.8106,45.3642],[1.8209,45.3645],[1.8276,45.3571],[1.83,45.3571],[1.8343,45.3586],[1.8343,45.3612],[1.8364,45.3625],[1.8354,45.3644],[1.8388,45.3652],[1.8389,45.3627],[1.8443,45.3641],[1.8461,45.3632],[1.844,45.3633],[1.8462,45.3606],[1.8449,45.3601],[1.8475,45.36],[1.8508,45.3609],[1.8517,45.3635],[1.8516,45.3621],[1.8572,45.3635],[1.8596,45.3658],[1.8612,45.3649],[1.8599,45.3612],[1.855,45.3586],[1.8522,45.3537],[1.8424,45.3472],[1.8456,45.3443],[1.843,45.3434],[1.8451,45.3388],[1.8471,45.3383],[1.8462,45.3336],[1.8486,45.3336],[1.8464,45.3319],[1.8498,45.3323],[1.8475,45.3306],[1.8489,45.3278],[1.8364,45.327],[1.8328,45.3245],[1.8297,45.3263],[1.8276,45.3237],[1.8193,45.3211],[1.8105,45.3215],[1.8018,45.3156],[1.7999,45.3189],[1.7948,45.3176],[1.7956,45.3206],[1.789,45.3226],[1.7914,45.329],[1.785,45.3314],[1.792,45.3335],[1.7913,45.3356],[1.7935,45.3373],[1.7875,45.3365],[1.7813,45.3386],[1.78,45.3441],[1.768,45.3481],[1.771,45.3503],[1.7674,45.3506],[1.7689,45.3567],[1.7853,45.3621],[1.7853,45.3621]]]}},{"type":"Feature","properties":{"code":"19017","nom":"Bassignac-le-Bas","pop":80},"geometry":{"type":"Polygon","coordinates":[[[1.9,45.0429],[1.9015,45.0385],[1.8996,45.0355],[1.8964,45.041],[1.8879,45.04],[1.8874,45.0417],[1.8788,45.042],[1.8744,45.0405],[1.8805,45.0358],[1.8793,45.0341],[1.8853,45.0259],[1.8905,45.0226],[1.8878,45.0185],[1.8873,45.0085],[1.8785,45.0087],[1.8733,45.0044],[1.8691,45.0048],[1.8601,45.0033],[1.8516,45.0055],[1.8518,45.0127],[1.8457,45.0181],[1.8401,45.0189],[1.8406,45.0212],[1.8493,45.0233],[1.8536,45.0286],[1.8499,45.0366],[1.8551,45.0369],[1.8533,45.0408],[1.8592,45.0419],[1.8608,45.0462],[1.8645,45.0483],[1.8668,45.0477],[1.8685,45.0438],[1.8744,45.0462],[1.882,45.0443],[1.8918,45.0467],[1.9,45.0429],[1.9,45.0429]]]}},{"type":"Feature","properties":{"code":"19018","nom":"Bassignac-le-Haut","pop":160},"geometry":{"type":"Polygon","coordinates":[[[2.0312,45.2036],[2.0354,45.2046],[2.0385,45.2088],[2.0489,45.2091],[2.0497,45.2127],[2.0521,45.2137],[2.0646,45.2154],[2.0648,45.2215],[2.0666,45.2232],[2.0803,45.2236],[2.0921,45.2157],[2.0934,45.207],[2.0977,45.2015],[2.1,45.2015],[2.0986,45.1984],[2.1025,45.1969],[2.1021,45.1987],[2.1108,45.2011],[2.1255,45.1935],[2.1243,45.1926],[2.1175,45.1977],[2.1151,45.1939],[2.1057,45.1938],[2.1053,45.19],[2.0888,45.1914],[2.0824,45.1867],[2.0817,45.1821],[2.0713,45.1784],[2.0643,45.1797],[2.0653,45.1807],[2.0601,45.1849],[2.0547,45.1859],[2.0439,45.1845],[2.0358,45.1801],[2.029,45.1809],[2.0255,45.1831],[2.0324,45.1889],[2.0275,45.2018],[2.0312,45.2036],[2.0312,45.2036]]]}},{"type":"Feature","properties":{"code":"19019","nom":"Beaulieu-sur-Dordogne","pop":1310},"geometry":{"type":"Polygon","coordinates":[[[1.8516,45.0055],[1.8473,45.0022],[1.8329,44.9988],[1.83,44.9951],[1.8291,44.9876],[1.8303,44.9835],[1.8432,44.9803],[1.8436,44.9727],[1.8487,44.9686],[1.8508,44.9622],[1.8509,44.9586],[1.8462,44.9574],[1.8409,44.9628],[1.838,44.9601],[1.8357,44.9599],[1.8354,44.9617],[1.833,44.9604],[1.8305,44.9628],[1.8255,44.9634],[1.8238,44.9662],[1.8162,44.9676],[1.8182,44.9704],[1.817,44.9723],[1.8216,44.975],[1.8177,44.9766],[1.8155,44.9833],[1.8085,44.9924],[1.8092,45.0017],[1.8152,45.0037],[1.8146,45.0052],[1.8203,45.0066],[1.822,45.0029],[1.8235,45.004],[1.8296,45.0003],[1.8388,45.0055],[1.8381,45.0071],[1.832,45.004],[1.8269,45.0046],[1.8237,45.0082],[1.8252,45.0107],[1.8191,45.0113],[1.8162,45.0178],[1.8272,45.0224],[1.8281,45.0311],[1.8259,45.0356],[1.8286,45.0386],[1.8353,45.0405],[1.844,45.038],[1.8533,45.0408],[1.8551,45.0369],[1.8499,45.0366],[1.8536,45.0287],[1.8521,45.026],[1.8485,45.0228],[1.8406,45.0212],[1.8401,45.0191],[1.8457,45.0181],[1.8518,45.0127],[1.8516,45.0055],[1.8516,45.0055]]]}},{"type":"Feature","properties":{"code":"19020","nom":"Beaumont","pop":114},"geometry":{"type":"Polygon","coordinates":[[[1.7937,45.4455],[1.7927,45.4423],[1.7908,45.4425],[1.8035,45.434],[1.8043,45.4305],[1.8131,45.4302],[1.8116,45.4279],[1.8155,45.4281],[1.8134,45.4264],[1.8153,45.4267],[1.8166,45.4245],[1.8123,45.422],[1.8111,45.4169],[1.807,45.4127],[1.8078,45.4107],[1.8062,45.4109],[1.8105,45.4075],[1.8033,45.4014],[1.8058,45.3996],[1.7947,45.3972],[1.7935,45.4002],[1.7957,45.4026],[1.7956,45.4064],[1.7941,45.409],[1.7865,45.4093],[1.7824,45.4121],[1.7787,45.4096],[1.7766,45.4187],[1.774,45.4215],[1.7748,45.4232],[1.7719,45.4247],[1.7736,45.4266],[1.7692,45.43],[1.7696,45.4325],[1.7672,45.4325],[1.7714,45.4364],[1.7642,45.444],[1.7682,45.4453],[1.7783,45.4406],[1.7814,45.4422],[1.7829,45.4406],[1.7872,45.4429],[1.79,45.4478],[1.7937,45.4455],[1.7937,45.4455]]]}},{"type":"Feature","properties":{"code":"19021","nom":"Bellechassagne","pop":102},"geometry":{"type":"Polygon","coordinates":[[[2.2358,45.6647],[2.2395,45.6616],[2.2457,45.6623],[2.245,45.6567],[2.2493,45.6531],[2.2478,45.6506],[2.2517,45.6502],[2.2508,45.6478],[2.2452,45.6452],[2.2485,45.6409],[2.245,45.6405],[2.2422,45.6323],[2.2303,45.6282],[2.2227,45.6283],[2.2103,45.6412],[2.201,45.6448],[2.1949,45.6407],[2.1935,45.6372],[2.1901,45.6372],[2.1879,45.6404],[2.189,45.6469],[2.1877,45.6498],[2.1993,45.6586],[2.2048,45.6601],[2.2108,45.6672],[2.223,45.668],[2.2223,45.6641],[2.224,45.6618],[2.2358,45.6647],[2.2358,45.6647]]]}},{"type":"Feature","properties":{"code":"19022","nom":"Benayes","pop":224},"geometry":{"type":"Polygon","coordinates":[[[1.4804,45.5659],[1.4925,45.5611],[1.4904,45.5546],[1.493,45.5505],[1.4911,45.5427],[1.4849,45.5328],[1.5007,45.5313],[1.5009,45.5271],[1.4997,45.5223],[1.4788,45.5137],[1.4807,45.5126],[1.4764,45.5095],[1.4746,45.4867],[1.4693,45.4827],[1.4647,45.4819],[1.4631,45.4849],[1.455,45.4858],[1.4483,45.4894],[1.4423,45.4856],[1.4396,45.487],[1.4404,45.4893],[1.4373,45.4907],[1.4364,45.4945],[1.4456,45.4967],[1.4476,45.5006],[1.4516,45.5013],[1.4517,45.5055],[1.4542,45.5073],[1.4518,45.5108],[1.4434,45.5132],[1.4394,45.5202],[1.4502,45.5294],[1.4532,45.5353],[1.4552,45.5467],[1.4509,45.5495],[1.4522,45.5534],[1.4755,45.5535],[1.4793,45.5593],[1.4804,45.5659],[1.4804,45.5659]]]}},{"type":"Feature","properties":{"code":"19023","nom":"Beynat","pop":1318},"geometry":{"type":"Polygon","coordinates":[[[1.7561,45.158],[1.7542,45.1553],[1.7635,45.1503],[1.7652,45.145],[1.774,45.1454],[1.7762,45.144],[1.7712,45.1347],[1.7785,45.1297],[1.7701,45.1276],[1.7775,45.1221],[1.7772,45.105],[1.7696,45.1051],[1.7557,45.1136],[1.748,45.1133],[1.7435,45.1111],[1.7362,45.1134],[1.7317,45.1122],[1.7244,45.1153],[1.724,45.1069],[1.71,45.111],[1.7074,45.1094],[1.7086,45.1066],[1.7045,45.1075],[1.684,45.1115],[1.6822,45.1174],[1.6705,45.1227],[1.6687,45.126],[1.6695,45.1301],[1.6744,45.1335],[1.6829,45.1302],[1.6877,45.1313],[1.6873,45.135],[1.6984,45.1412],[1.7028,45.1461],[1.7012,45.1494],[1.7056,45.1506],[1.7071,45.1537],[1.7248,45.1568],[1.729,45.1607],[1.7434,45.1598],[1.7476,45.1632],[1.7561,45.158],[1.7561,45.158]]]}},{"type":"Feature","properties":{"code":"19024","nom":"Beyssac","pop":481},"geometry":{"type":"Polygon","coordinates":[[[1.4084,45.406],[1.4088,45.4008],[1.413,45.3984],[1.4206,45.384],[1.4289,45.3844],[1.4283,45.382],[1.4334,45.3829],[1.4457,45.3785],[1.4486,45.373],[1.4538,45.3701],[1.4503,45.3669],[1.4505,45.364],[1.4464,45.3638],[1.4496,45.3602],[1.4473,45.3565],[1.4432,45.3548],[1.4454,45.3517],[1.4419,45.3496],[1.4468,45.3492],[1.4441,45.3446],[1.4415,45.3447],[1.4428,45.3431],[1.4404,45.3417],[1.4419,45.3398],[1.4403,45.3373],[1.4378,45.3375],[1.4398,45.3333],[1.4358,45.3325],[1.4301,45.337],[1.4293,45.342],[1.4251,45.3439],[1.425,45.3463],[1.4184,45.3474],[1.4133,45.3445],[1.3997,45.349],[1.3942,45.3537],[1.3966,45.3677],[1.3941,45.3723],[1.3947,45.3876],[1.3908,45.3985],[1.399,45.4033],[1.4084,45.406],[1.4084,45.406]]]}},{"type":"Feature","properties":{"code":"19027","nom":"Bonnefond","pop":115},"geometry":{"type":"Polygon","coordinates":[[[2.0043,45.4824],[2.0004,45.487],[1.9985,45.486],[1.9933,45.4893],[1.9899,45.4856],[1.9871,45.4977],[1.9783,45.502],[1.9754,45.5017],[1.9751,45.4982],[1.9713,45.4967],[1.9697,45.4925],[1.9656,45.4912],[1.9657,45.4976],[1.9615,45.5015],[1.962,45.5097],[1.9587,45.5107],[1.9581,45.5148],[1.9555,45.5162],[1.957,45.5213],[1.9463,45.5258],[1.949,45.5293],[1.946,45.5286],[1.9446,45.5311],[1.9442,45.5285],[1.9404,45.5274],[1.9318,45.5303],[1.9384,45.5336],[1.9416,45.5425],[1.9362,45.5478],[1.9292,45.547],[1.9214,45.5526],[1.9257,45.5515],[1.931,45.5574],[1.9527,45.5655],[1.9566,45.5655],[1.9574,45.5622],[1.9545,45.5583],[1.9571,45.5543],[1.9624,45.5536],[1.9701,45.5545],[1.9762,45.5485],[1.9788,45.5485],[1.981,45.559],[1.9841,45.5613],[2.0053,45.5639],[2.0074,45.5667],[2.0103,45.5622],[2.0081,45.5543],[2.0103,45.551],[2.0056,45.5512],[2.005,45.5496],[2.0176,45.5378],[2.0187,45.5341],[2.0168,45.5317],[2.023,45.5344],[2.0423,45.5238],[2.0356,45.5183],[2.0293,45.5161],[2.0297,45.5124],[2.0341,45.5072],[2.0321,45.4943],[2.0291,45.4959],[2.0233,45.494],[2.02,45.4954],[2.0194,45.4902],[2.0159,45.4845],[2.0043,45.4824],[2.0043,45.4824]]]}},{"type":"Feature","properties":{"code":"19028","nom":"Bort-les-Orgues","pop":2483},"geometry":{"type":"Polygon","coordinates":[[[2.5234,45.3815],[2.5205,45.3848],[2.5178,45.385],[2.506,45.3782],[2.5008,45.3815],[2.4897,45.3802],[2.4806,45.3766],[2.4827,45.373],[2.4802,45.3697],[2.4764,45.3705],[2.4762,45.3736],[2.4733,45.3754],[2.4701,45.374],[2.4711,45.3778],[2.4733,45.3776],[2.4751,45.3811],[2.4595,45.3855],[2.4502,45.3834],[2.4415,45.3845],[2.4412,45.3865],[2.4445,45.3849],[2.4532,45.3896],[2.4584,45.3929],[2.4613,45.3909],[2.4644,45.3933],[2.4656,45.3913],[2.4684,45.3925],[2.4681,45.3942],[2.4731,45.3948],[2.4716,45.3972],[2.4754,45.3982],[2.4762,45.4027],[2.4811,45.4042],[2.4857,45.409],[2.4793,45.4129],[2.4805,45.4151],[2.4875,45.4182],[2.4935,45.4135],[2.5024,45.4119],[2.5015,45.4098],[2.5053,45.4106],[2.5067,45.4082],[2.5181,45.4019],[2.5222,45.4027],[2.5201,45.4001],[2.5236,45.3994],[2.5212,45.3969],[2.5245,45.397],[2.5256,45.3939],[2.5287,45.3924],[2.5241,45.3867],[2.5234,45.3815],[2.5234,45.3815]]]}},{"type":"Feature","properties":{"code":"19029","nom":"Branceilles","pop":279},"geometry":{"type":"Polygon","coordinates":[[[1.6923,44.9926],[1.6878,44.9955],[1.6844,45.0026],[1.6897,45.0068],[1.6902,45.0091],[1.6872,45.0128],[1.6902,45.0173],[1.6874,45.0215],[1.6914,45.0254],[1.7067,45.0256],[1.717,45.0215],[1.7247,45.0231],[1.7258,45.0203],[1.7295,45.0218],[1.7344,45.0192],[1.7387,45.0115],[1.738,45.0073],[1.7341,45.0089],[1.7224,45.006],[1.7206,45.0024],[1.7224,45.0024],[1.7261,44.9962],[1.7119,44.9939],[1.7111,44.9892],[1.7034,44.9866],[1.6923,44.9926],[1.6923,44.9926]]]}},{"type":"Feature","properties":{"code":"19031","nom":"Brive-la-Gaillarde","pop":47095},"geometry":{"type":"Polygon","coordinates":[[[1.5464,45.1052],[1.5407,45.1099],[1.533,45.1117],[1.5297,45.1155],[1.5206,45.1171],[1.5169,45.1226],[1.51,45.12],[1.5091,45.1143],[1.5021,45.1094],[1.4973,45.1105],[1.4903,45.1206],[1.4814,45.1187],[1.4789,45.1205],[1.464,45.1166],[1.4723,45.1293],[1.4633,45.1305],[1.4551,45.1293],[1.4552,45.1343],[1.4655,45.1362],[1.4685,45.1484],[1.4712,45.1491],[1.4699,45.151],[1.4726,45.1533],[1.474,45.1598],[1.4756,45.161],[1.4816,45.1583],[1.4792,45.1632],[1.4845,45.1618],[1.4887,45.1713],[1.4938,45.177],[1.4924,45.1745],[1.5006,45.1708],[1.501,45.169],[1.5012,45.1703],[1.5048,45.1696],[1.5084,45.175],[1.5286,45.1793],[1.5389,45.1856],[1.5522,45.1751],[1.5498,45.17],[1.5527,45.1684],[1.5524,45.1659],[1.5579,45.158],[1.5677,45.157],[1.5738,45.1513],[1.5692,45.1458],[1.5679,45.1395],[1.5655,45.1395],[1.5683,45.1341],[1.564,45.1316],[1.5604,45.1333],[1.5598,45.1295],[1.5534,45.1286],[1.5546,45.1224],[1.5628,45.1115],[1.566,45.11],[1.5655,45.1083],[1.5584,45.1097],[1.5548,45.1046],[1.5464,45.1052],[1.5464,45.1052]]]}},{"type":"Feature","properties":{"code":"19033","nom":"Bugeat","pop":719},"geometry":{"type":"Polygon","coordinates":[[[1.9796,45.6285],[1.9815,45.6261],[1.9802,45.621],[1.9715,45.6207],[1.9716,45.6193],[1.9634,45.6175],[1.962,45.6147],[1.9562,45.6138],[1.9573,45.6056],[1.9606,45.6037],[1.9637,45.5946],[1.9528,45.5954],[1.9529,45.5931],[1.9577,45.5914],[1.9594,45.5887],[1.9566,45.5837],[1.9503,45.5821],[1.9537,45.5786],[1.9536,45.5717],[1.9579,45.5719],[1.9592,45.5679],[1.957,45.5675],[1.9566,45.5655],[1.9477,45.5644],[1.9441,45.5616],[1.931,45.5574],[1.9257,45.5515],[1.9224,45.5519],[1.9202,45.5554],[1.9149,45.5578],[1.8987,45.561],[1.8938,45.5692],[1.89,45.571],[1.8925,45.5757],[1.8911,45.5772],[1.8994,45.5846],[1.8968,45.5858],[1.8988,45.596],[1.903,45.5991],[1.907,45.5987],[1.909,45.6062],[1.9172,45.6092],[1.9138,45.6126],[1.9214,45.6152],[1.9216,45.6174],[1.9186,45.6189],[1.9247,45.6277],[1.9373,45.6265],[1.9485,45.618],[1.9503,45.6146],[1.9629,45.6248],[1.9796,45.6285],[1.9796,45.6285]]]}},{"type":"Feature","properties":{"code":"19034","nom":"Camps-Saint-Mathurin-Léobazel","pop":206},"geometry":{"type":"Polygon","coordinates":[[[1.9508,44.9533],[1.9402,44.953],[1.9425,44.957],[1.9405,44.9715],[1.929,44.9784],[1.9263,44.978],[1.9271,44.9801],[1.9352,44.9834],[1.9408,44.9825],[1.9557,44.9874],[1.9717,44.9882],[1.976,44.9902],[1.9782,44.9939],[1.9747,45.0004],[1.9793,45.0018],[1.9828,45.006],[1.9791,45.0086],[2.0,45.0219],[1.9998,45.0242],[2.0029,45.0247],[2.0016,45.0273],[2.0065,45.0321],[2.006,45.0342],[2.0126,45.0321],[2.0221,45.0291],[2.024,45.0272],[2.0233,45.0219],[2.0311,45.0191],[2.0318,45.0163],[2.0364,45.0152],[2.0396,45.0095],[2.047,45.0067],[2.041,44.9946],[2.0453,44.9837],[2.04,44.9818],[2.0305,44.982],[2.0242,44.9786],[2.019,44.9797],[2.0173,44.9778],[2.0079,44.9762],[2.0063,44.9781],[1.9939,44.9746],[1.991,44.9761],[1.9858,44.9748],[1.966,44.9619],[1.9564,44.9599],[1.9549,44.9562],[1.9508,44.9533],[1.9508,44.9533]]]}},{"type":"Feature","properties":{"code":"19036","nom":"Chamberet","pop":1433},"geometry":{"type":"Polygon","coordinates":[[[1.6648,45.612],[1.67,45.6142],[1.6744,45.62],[1.6798,45.6221],[1.6812,45.6252],[1.6884,45.6296],[1.7046,45.636],[1.709,45.6418],[1.7172,45.6379],[1.7274,45.6381],[1.7305,45.6419],[1.7434,45.645],[1.7439,45.6467],[1.7506,45.6444],[1.7501,45.6491],[1.7536,45.6554],[1.7577,45.6536],[1.7638,45.6546],[1.767,45.6516],[1.7647,45.6484],[1.768,45.6469],[1.7663,45.6449],[1.773,45.6455],[1.7729,45.6383],[1.7708,45.6352],[1.7827,45.6285],[1.7858,45.6234],[1.7843,45.6117],[1.7806,45.6091],[1.7822,45.6089],[1.7794,45.6059],[1.7811,45.6034],[1.7745,45.6005],[1.7696,45.602],[1.7583,45.5917],[1.7598,45.5877],[1.7575,45.5871],[1.7607,45.5835],[1.7618,45.5775],[1.7532,45.5687],[1.7472,45.5727],[1.7445,45.5722],[1.7443,45.5746],[1.7377,45.5735],[1.732,45.5658],[1.7348,45.5615],[1.7304,45.5596],[1.7285,45.5548],[1.7201,45.5523],[1.7147,45.5587],[1.7176,45.5617],[1.7165,45.5635],[1.7092,45.5625],[1.6996,45.5664],[1.6914,45.562],[1.6865,45.5566],[1.683,45.5559],[1.6767,45.5586],[1.6786,45.5611],[1.6767,45.5635],[1.6716,45.5628],[1.6699,45.565],[1.6655,45.5656],[1.661,45.5703],[1.6565,45.5853],[1.6493,45.5905],[1.6526,45.5939],[1.6581,45.5939],[1.6576,45.597],[1.6599,45.5967],[1.6593,45.5991],[1.6619,45.6029],[1.6587,45.6048],[1.6648,45.612],[1.6648,45.612]]]}},{"type":"Feature","properties":{"code":"19037","nom":"Chamboulive","pop":1155},"geometry":{"type":"Polygon","coordinates":[[[1.7342,45.3968],[1.7321,45.3928],[1.7289,45.3939],[1.7236,45.3919],[1.724,45.3938],[1.7218,45.3952],[1.7185,45.3925],[1.7169,45.394],[1.7177,45.3886],[1.7146,45.3864],[1.7089,45.3879],[1.7079,45.3839],[1.7035,45.3819],[1.6986,45.3905],[1.6923,45.3909],[1.689,45.3949],[1.684,45.3973],[1.6831,45.4013],[1.6809,45.4016],[1.6817,45.4055],[1.6754,45.4073],[1.6652,45.405],[1.6609,45.4079],[1.6623,45.4121],[1.6691,45.4139],[1.6689,45.417],[1.6727,45.4165],[1.6714,45.4183],[1.674,45.4209],[1.6769,45.4203],[1.6747,45.4263],[1.6782,45.4282],[1.6717,45.4363],[1.6664,45.4397],[1.6659,45.4422],[1.6629,45.4412],[1.654,45.4464],[1.6568,45.449],[1.6585,45.4554],[1.6565,45.462],[1.6649,45.4669],[1.671,45.4733],[1.6816,45.4694],[1.6781,45.4674],[1.6824,45.4655],[1.6807,45.4647],[1.6804,45.4609],[1.6837,45.4613],[1.6823,45.4637],[1.6883,45.4645],[1.6862,45.4663],[1.6872,45.467],[1.6985,45.4623],[1.6961,45.4612],[1.6977,45.461],[1.6962,45.4601],[1.6978,45.4574],[1.6941,45.4532],[1.6988,45.4511],[1.6978,45.4494],[1.7031,45.4502],[1.7049,45.4476],[1.7133,45.446],[1.7155,45.4482],[1.7208,45.4476],[1.7245,45.4511],[1.7322,45.4515],[1.734,45.4469],[1.7385,45.449],[1.7375,45.4475],[1.7413,45.4423],[1.7431,45.4442],[1.7476,45.4439],[1.7524,45.4406],[1.7527,45.438],[1.7554,45.4375],[1.7626,45.438],[1.766,45.44],[1.7659,45.442],[1.7714,45.4364],[1.7672,45.4325],[1.7696,45.4325],[1.7692,45.43],[1.7736,45.4266],[1.7719,45.4247],[1.7748,45.4232],[1.774,45.4215],[1.7766,45.4187],[1.7776,45.4133],[1.7731,45.4143],[1.7694,45.4124],[1.755,45.4158],[1.7525,45.4141],[1.7497,45.4175],[1.7463,45.4165],[1.7391,45.4095],[1.7417,45.408],[1.7384,45.4064],[1.7382,45.3996],[1.7342,45.3968],[1.7342,45.3968]]]}},{"type":"Feature","properties":{"code":"19038","nom":"Chameyrat","pop":1481},"geometry":{"type":"Polygon","coordinates":[[[1.7321,45.2713],[1.7368,45.2721],[1.7432,45.2668],[1.7445,45.2616],[1.7386,45.2625],[1.7373,45.2596],[1.7327,45.2594],[1.7298,45.2574],[1.7321,45.2522],[1.7265,45.2513],[1.7285,45.2496],[1.7276,45.2468],[1.7338,45.2425],[1.735,45.2383],[1.7298,45.2366],[1.729,45.233],[1.7266,45.2319],[1.7173,45.2324],[1.7136,45.2294],[1.7098,45.2304],[1.7112,45.2265],[1.7047,45.224],[1.7022,45.2181],[1.6984,45.2215],[1.6931,45.2267],[1.6841,45.2289],[1.6747,45.2361],[1.6663,45.237],[1.665,45.2398],[1.6758,45.245],[1.68,45.249],[1.6814,45.2552],[1.6847,45.2567],[1.6868,45.2614],[1.6975,45.269],[1.7129,45.2667],[1.7174,45.2719],[1.7321,45.2713],[1.7321,45.2713]]]}},{"type":"Feature","properties":{"code":"19039","nom":"Champagnac-la-Noaille","pop":237},"geometry":{"type":"Polygon","coordinates":[[[1.9929,45.2782],[1.9834,45.2811],[1.9846,45.2834],[1.9788,45.2863],[1.9783,45.2907],[1.9726,45.3],[1.971,45.2963],[1.9658,45.297],[1.9646,45.2948],[1.9516,45.301],[1.9446,45.2977],[1.9425,45.3006],[1.9468,45.3034],[1.9419,45.3091],[1.9444,45.3157],[1.9479,45.319],[1.9499,45.3144],[1.9567,45.3159],[1.9605,45.309],[1.9611,45.3105],[1.9613,45.3089],[1.9635,45.3103],[1.9624,45.3092],[1.9668,45.3088],[1.9797,45.319],[1.9828,45.3192],[1.9768,45.3263],[1.974,45.3269],[1.9761,45.3288],[1.9894,45.3346],[1.9986,45.3331],[2.0007,45.3319],[2.0073,45.3352],[2.0093,45.3337],[2.0075,45.3255],[2.0058,45.3251],[2.0087,45.3231],[2.0074,45.3202],[2.0086,45.3189],[2.0157,45.3197],[2.02,45.3175],[2.0187,45.3151],[2.0208,45.3154],[2.0207,45.3129],[2.0247,45.3115],[2.0267,45.3132],[2.0275,45.3114],[2.0331,45.3125],[2.0398,45.3167],[2.0425,45.3135],[2.0462,45.3128],[2.0443,45.3097],[2.0485,45.3109],[2.053,45.3081],[2.055,45.3032],[2.0529,45.3003],[2.0579,45.2982],[2.05,45.2939],[2.0408,45.302],[2.0376,45.3025],[2.0374,45.3],[2.0395,45.2991],[2.0383,45.2976],[2.0357,45.296],[2.0339,45.2971],[2.0321,45.2925],[2.0243,45.2939],[2.0194,45.286],[2.0108,45.2854],[1.9983,45.289],[1.9963,45.2842],[1.9974,45.2824],[1.9929,45.2782],[1.9929,45.2782]]]}},{"type":"Feature","properties":{"code":"19040","nom":"Champagnac-la-Prune","pop":150},"geometry":{"type":"Polygon","coordinates":[[[1.9511,45.1684],[1.9364,45.1737],[1.9323,45.1773],[1.9255,45.1755],[1.9211,45.1777],[1.9137,45.1777],[1.9125,45.1799],[1.9143,45.1886],[1.9085,45.1987],[1.918,45.2011],[1.9164,45.2024],[1.9249,45.2069],[1.9277,45.2105],[1.9334,45.2088],[1.9399,45.2095],[1.9434,45.2081],[1.9437,45.2033],[1.9481,45.2014],[1.9507,45.1975],[1.9564,45.1944],[1.9612,45.1946],[1.9708,45.1868],[1.9701,45.184],[1.9644,45.1826],[1.966,45.1811],[1.9637,45.1776],[1.9563,45.1719],[1.9531,45.1722],[1.9543,45.169],[1.9511,45.1684],[1.9511,45.1684]]]}},{"type":"Feature","properties":{"code":"19041","nom":"Chanac-les-Mines","pop":437},"geometry":{"type":"Polygon","coordinates":[[[1.8459,45.2675],[1.8428,45.2623],[1.8322,45.258],[1.8287,45.259],[1.8231,45.255],[1.8158,45.2568],[1.8126,45.2544],[1.8084,45.2576],[1.8049,45.2565],[1.8055,45.2544],[1.8027,45.2526],[1.7918,45.2497],[1.7866,45.2502],[1.7865,45.253],[1.7807,45.2582],[1.7846,45.258],[1.786,45.2596],[1.7846,45.2612],[1.7886,45.2615],[1.7928,45.2647],[1.7935,45.2704],[1.7967,45.2708],[1.7967,45.2728],[1.8022,45.273],[1.8022,45.2756],[1.8098,45.2806],[1.8098,45.2832],[1.8149,45.2861],[1.8145,45.2893],[1.82,45.2936],[1.8318,45.2933],[1.838,45.2875],[1.8393,45.2849],[1.8355,45.2819],[1.8379,45.279],[1.8393,45.2798],[1.8439,45.2768],[1.8432,45.2731],[1.8459,45.2675],[1.8459,45.2675]]]}},{"type":"Feature","properties":{"code":"19042","nom":"Chanteix","pop":596},"geometry":{"type":"Polygon","coordinates":[[[1.6024,45.3281],[1.6043,45.3294],[1.6092,45.3283],[1.6106,45.3333],[1.6178,45.3368],[1.6191,45.3401],[1.6206,45.3389],[1.6221,45.3404],[1.6238,45.3398],[1.6232,45.3379],[1.6242,45.3393],[1.6335,45.3366],[1.633,45.3341],[1.6358,45.3313],[1.6482,45.331],[1.6558,45.3283],[1.6586,45.3258],[1.6548,45.3226],[1.6553,45.3206],[1.6532,45.3215],[1.6537,45.3199],[1.6516,45.3187],[1.655,45.3153],[1.6527,45.3152],[1.6508,45.312],[1.654,45.3118],[1.6506,45.3093],[1.6534,45.3071],[1.6475,45.3038],[1.6442,45.3041],[1.6403,45.3007],[1.6421,45.2994],[1.6399,45.2972],[1.637,45.2976],[1.6393,45.2964],[1.6367,45.2935],[1.638,45.2929],[1.6347,45.2939],[1.6336,45.2913],[1.6314,45.2922],[1.6338,45.2931],[1.6301,45.2956],[1.6288,45.294],[1.6257,45.2953],[1.627,45.2935],[1.6245,45.2906],[1.619,45.2901],[1.6161,45.2919],[1.6115,45.2907],[1.608,45.2861],[1.603,45.2857],[1.6012,45.2879],[1.5947,45.2892],[1.5922,45.2915],[1.5952,45.2973],[1.5934,45.3006],[1.5954,45.3022],[1.5938,45.3088],[1.5984,45.3125],[1.5977,45.3148],[1.6022,45.3221],[1.6024,45.3281],[1.6024,45.3281]]]}},{"type":"Feature","properties":{"code":"19043","nom":"La Chapelle-aux-Brocs","pop":448},"geometry":{"type":"Polygon","coordinates":[[[1.6087,45.1362],[1.6137,45.1457],[1.6118,45.1495],[1.613,45.1549],[1.6262,45.155],[1.635,45.1524],[1.641,45.1451],[1.6437,45.1471],[1.6485,45.1453],[1.6469,45.1381],[1.638,45.1403],[1.632,45.1365],[1.6335,45.1336],[1.6296,45.1336],[1.6246,45.1302],[1.6165,45.1374],[1.6087,45.1362],[1.6087,45.1362]]]}},{"type":"Feature","properties":{"code":"19044","nom":"La Chapelle-aux-Saints","pop":257},"geometry":{"type":"Polygon","coordinates":[[[1.7134,44.9678],[1.711,44.9673],[1.7089,44.9696],[1.7069,44.973],[1.7067,44.9815],[1.7027,44.986],[1.7111,44.9892],[1.7119,44.9939],[1.7291,44.9961],[1.7274,44.9898],[1.7384,44.9916],[1.7312,44.9851],[1.7339,44.983],[1.7343,44.9801],[1.7251,44.9773],[1.7208,44.9716],[1.7134,44.9678],[1.7134,44.9678]]]}},{"type":"Feature","properties":{"code":"19045","nom":"La Chapelle-Saint-Géraud","pop":196},"geometry":{"type":"Polygon","coordinates":[[[1.9834,45.0604],[1.9761,45.0579],[1.9659,45.0458],[1.9611,45.0454],[1.9617,45.0425],[1.9583,45.0395],[1.9599,45.0328],[1.9549,45.0326],[1.9519,45.024],[1.9496,45.0246],[1.9493,45.0229],[1.9434,45.0221],[1.9385,45.0238],[1.9325,45.0209],[1.9234,45.0263],[1.92,45.0251],[1.9204,45.0281],[1.9155,45.0322],[1.9136,45.0378],[1.9133,45.0404],[1.9275,45.0455],[1.9264,45.0497],[1.9314,45.0496],[1.9331,45.0502],[1.9322,45.0517],[1.9352,45.0522],[1.9313,45.0578],[1.9319,45.0596],[1.9423,45.0612],[1.9452,45.0644],[1.9435,45.0674],[1.9457,45.0711],[1.9416,45.0728],[1.9427,45.0754],[1.9498,45.0748],[1.9521,45.0764],[1.9558,45.074],[1.9609,45.0765],[1.9624,45.0815],[1.9669,45.0802],[1.975,45.0721],[1.9775,45.0643],[1.9834,45.0604],[1.9834,45.0604]]]}},{"type":"Feature","properties":{"code":"19046","nom":"Chapelle-Spinasse","pop":114},"geometry":{"type":"Polygon","coordinates":[[[2.0633,45.3452],[2.0601,45.3503],[2.054,45.3548],[2.0506,45.3518],[2.0368,45.3527],[2.0367,45.3481],[2.0266,45.3515],[2.0321,45.3552],[2.0283,45.3563],[2.026,45.3601],[2.0289,45.3632],[2.0368,45.3641],[2.0393,45.3668],[2.051,45.3679],[2.0649,45.3654],[2.071,45.3664],[2.081,45.3617],[2.0676,45.3571],[2.0699,45.3546],[2.0676,45.3489],[2.0633,45.3452],[2.0633,45.3452]]]}},{"type":"Feature","properties":{"code":"19048","nom":"Le Chastang","pop":349},"geometry":{"type":"Polygon","coordinates":[[[1.7476,45.1632],[1.7434,45.1598],[1.7316,45.1611],[1.7248,45.1568],[1.7166,45.1566],[1.7177,45.1621],[1.7144,45.1661],[1.7192,45.1687],[1.7171,45.1726],[1.7224,45.1747],[1.7242,45.1771],[1.7236,45.1805],[1.7274,45.1823],[1.7245,45.1839],[1.7258,45.1853],[1.7212,45.1866],[1.7234,45.1885],[1.7219,45.1916],[1.7223,45.1935],[1.7284,45.1937],[1.7329,45.1979],[1.7332,45.1946],[1.7378,45.1901],[1.7414,45.1917],[1.7458,45.1898],[1.7465,45.1864],[1.7496,45.1872],[1.751,45.1848],[1.7485,45.1824],[1.7498,45.1796],[1.7485,45.1801],[1.7457,45.1751],[1.7484,45.1714],[1.747,45.1712],[1.7511,45.1692],[1.7476,45.1632],[1.7476,45.1632]]]}},{"type":"Feature","properties":{"code":"19050","nom":"Chauffour-sur-Vell","pop":408},"geometry":{"type":"Polygon","coordinates":[[[1.6887,45.028],[1.6922,45.0256],[1.6874,45.0215],[1.6902,45.0173],[1.6872,45.0128],[1.6902,45.0091],[1.6855,45.0026],[1.6714,45.0043],[1.6703,45.0085],[1.6637,45.0087],[1.665,45.0122],[1.6593,45.0135],[1.6535,45.0179],[1.6509,45.0223],[1.653,45.0274],[1.6522,45.0311],[1.6609,45.0378],[1.6634,45.035],[1.6675,45.0366],[1.671,45.0324],[1.6719,45.0276],[1.6812,45.028],[1.6814,45.0237],[1.6886,45.0249],[1.6887,45.028],[1.6887,45.028]]]}},{"type":"Feature","properties":{"code":"19051","nom":"Chaumeil","pop":164},"geometry":{"type":"Polygon","coordinates":[[[1.8939,45.4283],[1.8843,45.4224],[1.879,45.4221],[1.8766,45.4282],[1.8705,45.4322],[1.8719,45.4371],[1.864,45.4366],[1.8592,45.44],[1.853,45.4393],[1.8521,45.453],[1.8393,45.45],[1.8289,45.4508],[1.8304,45.4601],[1.8432,45.4745],[1.8503,45.4735],[1.8524,45.4785],[1.8642,45.4826],[1.8652,45.4872],[1.8715,45.4839],[1.8742,45.4855],[1.8855,45.4836],[1.8893,45.4796],[1.8945,45.4802],[1.894,45.4784],[1.9027,45.4712],[1.902,45.4675],[1.9104,45.4663],[1.9125,45.4612],[1.918,45.4623],[1.9216,45.4555],[1.9275,45.4543],[1.9251,45.4527],[1.9262,45.4511],[1.924,45.4518],[1.9256,45.4486],[1.9238,45.4448],[1.9192,45.4412],[1.9198,45.4361],[1.9177,45.4349],[1.9187,45.4324],[1.9172,45.4301],[1.9146,45.4285],[1.9078,45.4295],[1.8969,45.427],[1.8939,45.4283],[1.8939,45.4283]]]}},{"type":"Feature","properties":{"code":"19052","nom":"Chavanac","pop":52},"geometry":{"type":"Polygon","coordinates":[[[2.0773,45.6113],[2.0742,45.6125],[2.0691,45.6219],[2.0846,45.6268],[2.086,45.6283],[2.0815,45.6314],[2.0865,45.6309],[2.0883,45.6347],[2.1013,45.6345],[2.1038,45.6313],[2.1047,45.6334],[2.1117,45.6306],[2.1131,45.6321],[2.1247,45.6301],[2.1276,45.6235],[2.1116,45.6125],[2.1116,45.607],[2.0964,45.6024],[2.0968,45.5981],[2.0923,45.5985],[2.0887,45.6056],[2.0902,45.6073],[2.0874,45.6148],[2.0813,45.6141],[2.0773,45.6113],[2.0773,45.6113]]]}},{"type":"Feature","properties":{"code":"19053","nom":"Chaveroche","pop":268},"geometry":{"type":"Polygon","coordinates":[[[2.2424,45.5986],[2.2522,45.5954],[2.2533,45.5923],[2.2579,45.5935],[2.2634,45.5912],[2.2632,45.5845],[2.2692,45.5838],[2.275,45.5791],[2.2756,45.5757],[2.2822,45.5744],[2.2816,45.5724],[2.2849,45.5691],[2.2815,45.569],[2.2824,45.5663],[2.2795,45.5669],[2.2793,45.5645],[2.276,45.5628],[2.2753,45.5605],[2.2774,45.559],[2.2713,45.5559],[2.2716,45.5534],[2.2586,45.554],[2.2579,45.5523],[2.2671,45.5479],[2.266,45.546],[2.2685,45.5447],[2.2668,45.5443],[2.267,45.5415],[2.2628,45.5399],[2.2583,45.5342],[2.2487,45.5371],[2.2438,45.5379],[2.2444,45.5367],[2.2347,45.5341],[2.2326,45.5303],[2.2289,45.5293],[2.2269,45.5296],[2.2249,45.5366],[2.2231,45.5369],[2.225,45.5402],[2.2318,45.5446],[2.2323,45.543],[2.2382,45.5432],[2.2434,45.5469],[2.2439,45.5485],[2.2334,45.5514],[2.236,45.5531],[2.2348,45.5569],[2.2412,45.5586],[2.2371,45.5643],[2.2371,45.5696],[2.2385,45.5709],[2.2396,45.5687],[2.2422,45.569],[2.2397,45.5709],[2.2405,45.5724],[2.2312,45.5773],[2.2388,45.5804],[2.2376,45.5827],[2.239,45.5836],[2.2344,45.5877],[2.2272,45.59],[2.2343,45.5965],[2.2404,45.5967],[2.2424,45.5986],[2.2424,45.5986]]]}},{"type":"Feature","properties":{"code":"19054","nom":"Chenailler-Mascheix","pop":215},"geometry":{"type":"Polygon","coordinates":[[[1.8112,45.0909],[1.8103,45.0895],[1.8148,45.0857],[1.8174,45.0761],[1.8315,45.0719],[1.8348,45.0649],[1.8409,45.064],[1.8511,45.0563],[1.8544,45.0568],[1.8533,45.0559],[1.8555,45.0536],[1.8615,45.0529],[1.8645,45.0483],[1.8612,45.0467],[1.8582,45.0416],[1.844,45.038],[1.8353,45.0405],[1.8294,45.0389],[1.8259,45.0356],[1.8204,45.0439],[1.8176,45.0449],[1.8132,45.043],[1.8109,45.0502],[1.8025,45.0594],[1.8003,45.0697],[1.7976,45.0731],[1.7977,45.0819],[1.7937,45.0867],[1.7951,45.0897],[1.8021,45.0927],[1.8112,45.0909],[1.8112,45.0909]]]}},{"type":"Feature","properties":{"code":"19055","nom":"Chirac-Bellevue","pop":272},"geometry":{"type":"Polygon","coordinates":[[[2.3273,45.4444],[2.32,45.4449],[2.3197,45.4421],[2.3121,45.4395],[2.3133,45.4362],[2.3096,45.4376],[2.3107,45.4359],[2.3087,45.4364],[2.3091,45.4346],[2.3065,45.4361],[2.3013,45.4334],[2.3,45.4313],[2.3016,45.4279],[2.2976,45.4249],[2.2856,45.4237],[2.2794,45.4264],[2.2798,45.4309],[2.2702,45.4416],[2.2686,45.4504],[2.2802,45.4594],[2.2839,45.4593],[2.2932,45.4636],[2.3017,45.4652],[2.3054,45.4672],[2.3041,45.4685],[2.3124,45.47],[2.3122,45.4715],[2.3183,45.4744],[2.3323,45.4771],[2.3362,45.4795],[2.3441,45.4759],[2.3478,45.4764],[2.355,45.4654],[2.3487,45.4627],[2.3436,45.4647],[2.3385,45.4594],[2.3388,45.4556],[2.3367,45.4542],[2.3388,45.4504],[2.3379,45.4487],[2.3312,45.4476],[2.3273,45.4444],[2.3273,45.4444]]]}},{"type":"Feature","properties":{"code":"19056","nom":"Clergoux","pop":408},"geometry":{"type":"Polygon","coordinates":[[[1.933,45.2595],[1.9349,45.2634],[1.9328,45.2735],[1.9284,45.2723],[1.9242,45.2742],[1.9324,45.279],[1.9353,45.2773],[1.9368,45.2797],[1.9346,45.2811],[1.9412,45.2862],[1.9421,45.2953],[1.9445,45.2957],[1.9446,45.2977],[1.9516,45.301],[1.9646,45.2948],[1.9658,45.297],[1.971,45.2963],[1.9725,45.3],[1.9783,45.2907],[1.9788,45.2863],[1.9817,45.2862],[1.9799,45.2848],[1.9846,45.2834],[1.9834,45.2811],[1.9873,45.2787],[1.982,45.2724],[1.9836,45.2702],[1.9771,45.2649],[1.9758,45.2584],[1.9643,45.2593],[1.9555,45.2558],[1.9463,45.2591],[1.9402,45.2588],[1.9311,45.2492],[1.9234,45.2532],[1.933,45.2595],[1.933,45.2595]]]}},{"type":"Feature","properties":{"code":"19057","nom":"Collonges-la-Rouge","pop":478},"geometry":{"type":"Polygon","coordinates":[[[1.6709,45.0727],[1.6719,45.0709],[1.6685,45.0691],[1.6667,45.0646],[1.6695,45.0587],[1.6675,45.0366],[1.6634,45.035],[1.6609,45.0378],[1.6529,45.0313],[1.6535,45.0392],[1.6516,45.0448],[1.644,45.0507],[1.6386,45.0511],[1.6351,45.0592],[1.6384,45.0614],[1.6396,45.0675],[1.6359,45.0672],[1.6288,45.0643],[1.6278,45.0684],[1.6307,45.0718],[1.6296,45.0728],[1.6357,45.0779],[1.6365,45.0833],[1.6421,45.0914],[1.6791,45.0876],[1.6783,45.0835],[1.6735,45.0838],[1.67,45.0814],[1.6709,45.0727],[1.6709,45.0727]]]}},{"type":"Feature","properties":{"code":"19058","nom":"Combressol","pop":386},"geometry":{"type":"Polygon","coordinates":[[[2.1456,45.4513],[2.1475,45.4521],[2.1467,45.4552],[2.1521,45.4604],[2.1475,45.4652],[2.1522,45.4684],[2.1493,45.4709],[2.1492,45.4744],[2.1439,45.4781],[2.1443,45.4838],[2.1352,45.4898],[2.1335,45.5005],[2.1385,45.5041],[2.147,45.5042],[2.1491,45.5072],[2.1551,45.5085],[2.1588,45.5044],[2.1592,45.4983],[2.1694,45.4945],[2.1714,45.4905],[2.1735,45.4922],[2.1789,45.4908],[2.1822,45.4923],[2.1863,45.4885],[2.1861,45.481],[2.1987,45.4748],[2.1974,45.4695],[2.203,45.4625],[2.2038,45.456],[2.1945,45.455],[2.1934,45.4521],[2.1817,45.4487],[2.1797,45.4458],[2.1764,45.4461],[2.166,45.4381],[2.1558,45.4373],[2.1484,45.4338],[2.1446,45.4303],[2.1438,45.422],[2.1379,45.4225],[2.1381,45.4243],[2.1424,45.4254],[2.1353,45.4278],[2.1397,45.429],[2.1378,45.4353],[2.1412,45.4376],[2.1382,45.4383],[2.1399,45.4427],[2.1451,45.4463],[2.1456,45.4513],[2.1456,45.4513]]]}},{"type":"Feature","properties":{"code":"19060","nom":"Condat-sur-Ganaveix","pop":643},"geometry":{"type":"Polygon","coordinates":[[[1.5846,45.5242],[1.6012,45.519],[1.6134,45.5109],[1.6372,45.5092],[1.6438,45.5068],[1.6425,45.5062],[1.6439,45.5032],[1.6398,45.503],[1.6384,45.5005],[1.6403,45.4982],[1.6388,45.4929],[1.6404,45.4916],[1.6359,45.4889],[1.6379,45.4835],[1.6369,45.4714],[1.6313,45.4694],[1.6325,45.4681],[1.6288,45.4653],[1.629,45.4633],[1.6249,45.4614],[1.6197,45.4634],[1.6183,45.4601],[1.6138,45.4589],[1.6072,45.4535],[1.5989,45.4514],[1.5973,45.4492],[1.6006,45.4469],[1.5994,45.4456],[1.5946,45.4462],[1.59,45.4439],[1.5889,45.4455],[1.5843,45.4457],[1.5859,45.4402],[1.5824,45.4378],[1.5796,45.438],[1.5783,45.4408],[1.5728,45.4394],[1.5713,45.4389],[1.5719,45.4426],[1.5739,45.4448],[1.5711,45.4476],[1.5726,45.4515],[1.5703,45.4535],[1.5742,45.4597],[1.5688,45.4624],[1.5682,45.4594],[1.5597,45.4602],[1.5581,45.4581],[1.5587,45.46],[1.5545,45.4629],[1.5569,45.4667],[1.5524,45.4676],[1.554,45.4716],[1.5524,45.4733],[1.5598,45.4776],[1.56,45.4805],[1.5654,45.4791],[1.5713,45.4745],[1.5736,45.4839],[1.5722,45.4889],[1.581,45.4935],[1.5751,45.5023],[1.5759,45.5222],[1.5846,45.5242],[1.5846,45.5242]]]}},{"type":"Feature","properties":{"code":"19061","nom":"Cornil","pop":1261},"geometry":{"type":"Polygon","coordinates":[[[1.7215,45.1872],[1.7116,45.1896],[1.7098,45.1928],[1.7022,45.1944],[1.7004,45.1929],[1.6983,45.1955],[1.6956,45.1932],[1.6907,45.1932],[1.6824,45.1994],[1.6797,45.1991],[1.6807,45.2065],[1.6736,45.2055],[1.673,45.2081],[1.6702,45.2071],[1.6603,45.2137],[1.6611,45.2155],[1.6635,45.2155],[1.6608,45.2182],[1.6608,45.2222],[1.6576,45.2225],[1.6559,45.2271],[1.6616,45.2355],[1.6697,45.2378],[1.6881,45.228],[1.6961,45.2248],[1.7022,45.2181],[1.7047,45.224],[1.7112,45.2265],[1.7098,45.2304],[1.714,45.2294],[1.7173,45.2324],[1.73,45.2314],[1.7291,45.2284],[1.7321,45.2274],[1.7288,45.2267],[1.7307,45.2262],[1.7296,45.2231],[1.7318,45.2213],[1.7297,45.2202],[1.732,45.2171],[1.729,45.2136],[1.7306,45.2093],[1.7278,45.2096],[1.7278,45.2077],[1.7251,45.2092],[1.7266,45.2074],[1.725,45.2066],[1.7223,45.2103],[1.7208,45.2079],[1.7222,45.2054],[1.7247,45.2061],[1.7292,45.202],[1.73,45.1952],[1.7223,45.1935],[1.7234,45.1885],[1.7215,45.1872],[1.7215,45.1872]]]}},{"type":"Feature","properties":{"code":"19062","nom":"Corrèze","pop":1171},"geometry":{"type":"Polygon","coordinates":[[[1.8903,45.3956],[1.8888,45.3918],[1.8907,45.3814],[1.8939,45.3804],[1.8943,45.377],[1.9104,45.3759],[1.9109,45.3725],[1.915,45.3727],[1.9155,45.3749],[1.9209,45.3758],[1.9217,45.3746],[1.9157,45.372],[1.9155,45.3705],[1.9197,45.3705],[1.9106,45.3696],[1.9117,45.3674],[1.902,45.3673],[1.9053,45.3659],[1.9041,45.3634],[1.9059,45.3614],[1.903,45.3578],[1.9087,45.3519],[1.9035,45.3399],[1.8825,45.3375],[1.8793,45.3318],[1.8737,45.3309],[1.8713,45.3283],[1.8547,45.3279],[1.8533,45.3257],[1.8489,45.3278],[1.8475,45.3306],[1.8498,45.3323],[1.8464,45.3319],[1.8486,45.3336],[1.8462,45.3336],[1.8471,45.3383],[1.8451,45.3388],[1.843,45.3434],[1.8456,45.3443],[1.8424,45.3472],[1.8496,45.3508],[1.855,45.3586],[1.8599,45.3612],[1.8599,45.3635],[1.8612,45.3649],[1.8596,45.3658],[1.8572,45.3635],[1.8516,45.3621],[1.8517,45.3635],[1.8508,45.3609],[1.8452,45.3601],[1.844,45.3633],[1.8461,45.3632],[1.8389,45.3627],[1.8397,45.3644],[1.838,45.365],[1.8354,45.3644],[1.8364,45.3625],[1.8343,45.3612],[1.8343,45.3586],[1.8276,45.3571],[1.8223,45.3622],[1.828,45.3678],[1.8286,45.3725],[1.8259,45.3737],[1.827,45.377],[1.825,45.3793],[1.8292,45.3824],[1.8308,45.3816],[1.8293,45.3846],[1.836,45.3866],[1.8364,45.3842],[1.8419,45.3835],[1.8478,45.3862],[1.8572,45.3824],[1.8651,45.39],[1.8616,45.3977],[1.8647,45.3993],[1.8638,45.401],[1.8682,45.41],[1.8869,45.4067],[1.8872,45.3987],[1.8903,45.3956],[1.8903,45.3956]]]}},{"type":"Feature","properties":{"code":"19063","nom":"Cosnac","pop":3044},"geometry":{"type":"Polygon","coordinates":[[[1.613,45.1549],[1.6118,45.1495],[1.6137,45.1457],[1.6016,45.1238],[1.6042,45.1157],[1.6035,45.1107],[1.5961,45.1061],[1.5943,45.0997],[1.5731,45.101],[1.5689,45.1088],[1.563,45.1113],[1.5606,45.1146],[1.5546,45.1224],[1.5534,45.1286],[1.5598,45.1295],[1.5604,45.1333],[1.564,45.1316],[1.5683,45.1341],[1.5655,45.1395],[1.5679,45.1395],[1.5692,45.1458],[1.5738,45.1513],[1.5697,45.1556],[1.5712,45.1571],[1.5843,45.1546],[1.5893,45.159],[1.5983,45.1609],[1.613,45.1549],[1.613,45.1549]]]}},{"type":"Feature","properties":{"code":"19067","nom":"Curemonte","pop":219},"geometry":{"type":"Polygon","coordinates":[[[1.7842,44.9975],[1.7681,44.9978],[1.7595,44.9944],[1.7462,44.9975],[1.7431,44.993],[1.7274,44.9898],[1.7298,44.996],[1.7261,44.9963],[1.7224,45.0024],[1.7207,45.0021],[1.7217,45.0052],[1.7341,45.0089],[1.738,45.0073],[1.739,45.0094],[1.736,45.0159],[1.7457,45.0181],[1.7498,45.0177],[1.7489,45.015],[1.7519,45.009],[1.7553,45.0103],[1.7649,45.005],[1.7739,45.013],[1.7787,45.0136],[1.7783,45.0107],[1.7809,45.0088],[1.7945,45.0118],[1.794,45.0094],[1.7878,45.0066],[1.7889,44.999],[1.7842,44.9975],[1.7842,44.9975]]]}},{"type":"Feature","properties":{"code":"19068","nom":"Dampniat","pop":716},"geometry":{"type":"Polygon","coordinates":[[[1.6555,45.1404],[1.6545,45.1362],[1.6482,45.1343],[1.6461,45.1357],[1.6485,45.1453],[1.6437,45.1471],[1.641,45.1451],[1.6337,45.1532],[1.626,45.1551],[1.613,45.1549],[1.5995,45.1592],[1.5922,45.164],[1.5992,45.1661],[1.6008,45.1688],[1.5985,45.1694],[1.5966,45.1762],[1.6042,45.1751],[1.6107,45.1711],[1.6183,45.1707],[1.6239,45.1754],[1.6298,45.1757],[1.6346,45.1812],[1.6454,45.1809],[1.6527,45.1772],[1.6591,45.1826],[1.6631,45.1795],[1.6679,45.1704],[1.6729,45.1723],[1.6802,45.1692],[1.6752,45.1679],[1.6767,45.1639],[1.6678,45.1618],[1.6662,45.1575],[1.6587,45.1582],[1.6544,45.1543],[1.6554,45.151],[1.6527,45.1488],[1.6541,45.1463],[1.653,45.1438],[1.6555,45.1404],[1.6555,45.1404]]]}},{"type":"Feature","properties":{"code":"19069","nom":"Darazac","pop":154},"geometry":{"type":"Polygon","coordinates":[[[2.1307,45.1606],[2.1277,45.1613],[2.1264,45.164],[2.1245,45.1626],[2.1141,45.1646],[2.112,45.1614],[2.102,45.1598],[2.0977,45.1641],[2.0855,45.1682],[2.0816,45.1633],[2.073,45.1626],[2.0712,45.1605],[2.0708,45.163],[2.0689,45.1596],[2.0664,45.1609],[2.0641,45.159],[2.0608,45.1596],[2.0596,45.1604],[2.0613,45.1628],[2.0648,45.1642],[2.0576,45.1633],[2.0524,45.1701],[2.0434,45.1656],[2.0447,45.1693],[2.0339,45.1757],[2.033,45.174],[2.0339,45.1803],[2.0359,45.1801],[2.0439,45.1845],[2.0547,45.1859],[2.0601,45.1849],[2.0653,45.1807],[2.0643,45.1797],[2.0713,45.1784],[2.0817,45.1821],[2.0824,45.1867],[2.0888,45.1914],[2.104,45.1908],[2.1086,45.1807],[2.1119,45.1802],[2.1132,45.1724],[2.1173,45.1698],[2.1238,45.1707],[2.1275,45.1684],[2.131,45.1646],[2.1307,45.1606],[2.1307,45.1606]]]}},{"type":"Feature","properties":{"code":"19070","nom":"Darnets","pop":303},"geometry":{"type":"Polygon","coordinates":[[[2.1474,45.4154],[2.1428,45.4129],[2.1476,45.4101],[2.1441,45.4073],[2.1473,45.4031],[2.1444,45.4004],[2.1475,45.3979],[2.1449,45.3982],[2.1461,45.3962],[2.1423,45.3954],[2.1413,45.3921],[2.1346,45.3931],[2.131,45.3907],[2.1283,45.395],[2.13,45.402],[2.1276,45.4045],[2.1299,45.4088],[2.1257,45.4148],[2.12,45.413],[2.1162,45.4075],[2.1178,45.4069],[2.1162,45.4047],[2.1184,45.3979],[2.118,45.3951],[2.1154,45.3941],[2.1092,45.3958],[2.1092,45.3978],[2.1016,45.4042],[2.0973,45.4046],[2.0928,45.4018],[2.0891,45.4046],[2.0863,45.4021],[2.0894,45.4051],[2.089,45.4069],[2.0872,45.4088],[2.0888,45.4052],[2.0808,45.4073],[2.0818,45.4113],[2.0805,45.4152],[2.0776,45.4131],[2.0717,45.4144],[2.0744,45.4179],[2.07,45.4218],[2.0718,45.4234],[2.0741,45.4224],[2.0798,45.4274],[2.0752,45.4323],[2.0919,45.4408],[2.097,45.4478],[2.1,45.4433],[2.1049,45.4447],[2.115,45.4541],[2.1286,45.4527],[2.1303,45.4511],[2.1412,45.4527],[2.1456,45.4513],[2.1451,45.4463],[2.1399,45.4427],[2.1382,45.4383],[2.1412,45.4376],[2.1378,45.4353],[2.1397,45.429],[2.1353,45.4278],[2.1423,45.4256],[2.1375,45.423],[2.1438,45.422],[2.1426,45.42],[2.1457,45.4175],[2.1433,45.4155],[2.1474,45.4154],[2.1474,45.4154]]]}},{"type":"Feature","properties":{"code":"19071","nom":"Davignac","pop":235},"geometry":{"type":"Polygon","coordinates":[[[2.1118,45.5],[2.1105,45.4955],[2.1162,45.4815],[2.1129,45.4783],[2.1141,45.4665],[2.1086,45.4607],[2.1064,45.4623],[2.0982,45.4602],[2.09,45.4614],[2.0872,45.4636],[2.0837,45.4622],[2.0656,45.4663],[2.0619,45.4651],[2.054,45.4734],[2.0564,45.4785],[2.0551,45.4851],[2.0523,45.4883],[2.0321,45.4943],[2.0341,45.5072],[2.0291,45.5153],[2.0404,45.5213],[2.0566,45.5171],[2.0593,45.5138],[2.0609,45.5139],[2.0601,45.5157],[2.069,45.5182],[2.0826,45.5135],[2.0816,45.5124],[2.084,45.5135],[2.0843,45.5111],[2.0959,45.5107],[2.1054,45.5075],[2.1097,45.5085],[2.108,45.5057],[2.1118,45.5],[2.1118,45.5]]]}},{"type":"Feature","properties":{"code":"19072","nom":"Donzenac","pop":2733},"geometry":{"type":"Polygon","coordinates":[[[1.4931,45.2147],[1.4963,45.2214],[1.4945,45.2218],[1.4944,45.2252],[1.4981,45.2291],[1.4986,45.2326],[1.4956,45.2368],[1.4916,45.2383],[1.503,45.2447],[1.5049,45.253],[1.5163,45.2609],[1.5204,45.2622],[1.523,45.2607],[1.5217,45.2631],[1.5283,45.2642],[1.5383,45.2576],[1.5394,45.2563],[1.5377,45.2541],[1.547,45.254],[1.5549,45.2452],[1.5504,45.244],[1.5489,45.2407],[1.5557,45.2372],[1.5545,45.235],[1.557,45.233],[1.5549,45.231],[1.5557,45.2284],[1.5525,45.2278],[1.5512,45.2235],[1.5535,45.2212],[1.5531,45.2164],[1.5573,45.214],[1.5559,45.2115],[1.5543,45.2119],[1.5535,45.2085],[1.551,45.2084],[1.5518,45.2067],[1.5383,45.2047],[1.5382,45.2028],[1.5415,45.2016],[1.5389,45.1994],[1.5351,45.1998],[1.5366,45.2033],[1.532,45.2034],[1.5298,45.2012],[1.5197,45.2034],[1.5192,45.205],[1.5151,45.2041],[1.5152,45.2059],[1.5039,45.2147],[1.5044,45.216],[1.4931,45.2147],[1.4931,45.2147]]]}},{"type":"Feature","properties":{"code":"19073","nom":"Égletons","pop":4341},"geometry":{"type":"Polygon","coordinates":[[[2.0721,45.4138],[2.0689,45.4099],[2.0671,45.4007],[2.0684,45.3983],[2.065,45.3935],[2.0587,45.3955],[2.059,45.397],[2.0511,45.3961],[2.0463,45.3929],[2.0311,45.3963],[2.0238,45.3988],[2.0235,45.4019],[2.0346,45.4041],[2.0356,45.4078],[2.0338,45.4081],[2.0338,45.4128],[2.0324,45.4131],[2.0361,45.4138],[2.0322,45.4181],[2.0237,45.4197],[2.0219,45.4195],[2.0232,45.4164],[2.022,45.4155],[2.0179,45.4163],[2.018,45.4195],[2.0125,45.4253],[2.004,45.4274],[1.9978,45.4261],[2.0024,45.4331],[1.998,45.4356],[2.0007,45.4371],[2.002,45.4398],[2.0086,45.4404],[2.0088,45.4418],[2.0126,45.4404],[2.0121,45.4424],[2.014,45.4429],[2.0158,45.4483],[2.0135,45.452],[2.0045,45.4554],[2.0086,45.456],[2.0155,45.4534],[2.0235,45.4547],[2.0271,45.4515],[2.0312,45.451],[2.0336,45.4435],[2.0378,45.4424],[2.0426,45.4456],[2.0448,45.4425],[2.0434,45.4421],[2.045,45.4383],[2.0408,45.4392],[2.041,45.4374],[2.0373,45.4376],[2.0343,45.4325],[2.0349,45.4211],[2.0429,45.4178],[2.043,45.4159],[2.0563,45.4237],[2.0617,45.4218],[2.0672,45.4248],[2.0744,45.4179],[2.0721,45.4138],[2.0721,45.4138]]]}},{"type":"Feature","properties":{"code":"19074","nom":"L'Église-aux-Bois","pop":50},"geometry":{"type":"Polygon","coordinates":[[[1.8264,45.6652],[1.8211,45.661],[1.8231,45.6585],[1.8232,45.6458],[1.8146,45.6439],[1.8108,45.6461],[1.8072,45.6441],[1.7992,45.6336],[1.7903,45.6373],[1.7916,45.6398],[1.7862,45.6407],[1.7779,45.6378],[1.7752,45.6329],[1.7708,45.6352],[1.7729,45.6383],[1.7728,45.6456],[1.7663,45.6449],[1.768,45.6469],[1.7647,45.6484],[1.767,45.6516],[1.7638,45.6546],[1.7651,45.6579],[1.7767,45.6589],[1.7784,45.6673],[1.7834,45.6732],[1.7834,45.6799],[1.786,45.6829],[1.7956,45.6812],[1.7964,45.6749],[1.8017,45.6726],[1.8008,45.6768],[1.8104,45.6772],[1.8158,45.6814],[1.8198,45.6739],[1.8236,45.6718],[1.8264,45.6652],[1.8264,45.6652]]]}},{"type":"Feature","properties":{"code":"19075","nom":"Espagnac","pop":381},"geometry":{"type":"Polygon","coordinates":[[[1.9341,45.2184],[1.9261,45.2218],[1.9233,45.2204],[1.923,45.2227],[1.9158,45.225],[1.9118,45.2256],[1.9125,45.2228],[1.9058,45.221],[1.9066,45.2225],[1.8976,45.2251],[1.89,45.2243],[1.8878,45.2223],[1.8888,45.2146],[1.8804,45.2181],[1.8741,45.2234],[1.8725,45.2211],[1.8703,45.2247],[1.8722,45.2245],[1.8713,45.226],[1.8621,45.2278],[1.8611,45.2301],[1.868,45.2326],[1.8632,45.2395],[1.8451,45.2401],[1.8439,45.2435],[1.8458,45.2479],[1.838,45.25],[1.8409,45.2522],[1.846,45.2497],[1.8513,45.2545],[1.8548,45.2546],[1.8563,45.2574],[1.8606,45.2576],[1.8617,45.2562],[1.8587,45.2533],[1.8611,45.2522],[1.8602,45.2506],[1.8552,45.2506],[1.8561,45.2487],[1.8539,45.2476],[1.8562,45.2446],[1.8613,45.2432],[1.87,45.2441],[1.8717,45.2474],[1.8741,45.2457],[1.8753,45.2475],[1.8754,45.2434],[1.878,45.2435],[1.8779,45.2458],[1.8791,45.243],[1.8821,45.2466],[1.8856,45.2475],[1.881,45.2494],[1.8828,45.2501],[1.8813,45.251],[1.8848,45.2563],[1.8815,45.257],[1.8845,45.2567],[1.8852,45.2603],[1.8894,45.2599],[1.886,45.261],[1.889,45.2634],[1.9101,45.2628],[1.9106,45.265],[1.9158,45.2649],[1.9126,45.2679],[1.9131,45.2702],[1.9162,45.2665],[1.9261,45.2661],[1.933,45.2595],[1.9234,45.2532],[1.9311,45.2492],[1.933,45.2433],[1.9301,45.2396],[1.9272,45.24],[1.9283,45.2371],[1.9306,45.2341],[1.9338,45.2343],[1.935,45.233],[1.9332,45.2318],[1.9393,45.2288],[1.9458,45.2288],[1.9437,45.2269],[1.9432,45.221],[1.9394,45.2211],[1.9408,45.2178],[1.9377,45.2209],[1.9341,45.2184],[1.9341,45.2184]]]}},{"type":"Feature","properties":{"code":"19076","nom":"Espartignac","pop":407},"geometry":{"type":"Polygon","coordinates":[[[1.6026,45.3848],[1.6004,45.3834],[1.6028,45.3804],[1.5966,45.3728],[1.5934,45.3716],[1.5876,45.3726],[1.5845,45.377],[1.5819,45.3729],[1.5795,45.3738],[1.5777,45.3721],[1.5767,45.3678],[1.5724,45.3679],[1.5711,45.3752],[1.5748,45.3794],[1.5767,45.3916],[1.5726,45.3966],[1.5755,45.3992],[1.5734,45.4044],[1.5772,45.4048],[1.5791,45.4074],[1.582,45.4068],[1.5881,45.4108],[1.5859,45.412],[1.5866,45.415],[1.5831,45.4171],[1.5851,45.4194],[1.593,45.423],[1.5974,45.4213],[1.605,45.4227],[1.6085,45.4255],[1.6102,45.4232],[1.612,45.4238],[1.6117,45.4212],[1.6163,45.4232],[1.6183,45.4216],[1.6219,45.4225],[1.6211,45.4208],[1.628,45.4181],[1.6244,45.4092],[1.6097,45.4114],[1.6081,45.4085],[1.6122,45.4039],[1.6026,45.3848],[1.6026,45.3848]]]}},{"type":"Feature","properties":{"code":"19078","nom":"Estivaux","pop":403},"geometry":{"type":"Polygon","coordinates":[[[1.4703,45.2961],[1.4722,45.2977],[1.4694,45.3021],[1.475,45.3048],[1.4691,45.3058],[1.4626,45.3165],[1.4686,45.3168],[1.4767,45.324],[1.4742,45.3251],[1.4701,45.3231],[1.4666,45.3253],[1.4766,45.3305],[1.4808,45.33],[1.4821,45.3323],[1.4888,45.335],[1.4899,45.3387],[1.4944,45.3406],[1.4962,45.3456],[1.5015,45.343],[1.5063,45.3432],[1.5096,45.3447],[1.5069,45.3471],[1.5097,45.349],[1.5156,45.3472],[1.5213,45.3427],[1.5112,45.3358],[1.5108,45.3314],[1.5141,45.3253],[1.5189,45.3227],[1.5194,45.3201],[1.5212,45.3208],[1.524,45.3154],[1.528,45.314],[1.5223,45.3105],[1.5144,45.3094],[1.5092,45.3036],[1.4916,45.2933],[1.4887,45.2955],[1.4854,45.2944],[1.4759,45.297],[1.4703,45.2961],[1.4703,45.2961]]]}},{"type":"Feature","properties":{"code":"19079","nom":"Eyburie","pop":486},"geometry":{"type":"Polygon","coordinates":[[[1.654,45.4464],[1.6471,45.4376],[1.6388,45.4358],[1.6338,45.4372],[1.6284,45.4319],[1.6288,45.4298],[1.6211,45.4297],[1.6165,45.4266],[1.6069,45.4246],[1.6053,45.4312],[1.5988,45.4357],[1.6041,45.4405],[1.6016,45.4417],[1.6028,45.444],[1.5974,45.45],[1.6183,45.4601],[1.6197,45.4634],[1.6249,45.4614],[1.629,45.4633],[1.6288,45.4653],[1.6325,45.4681],[1.6313,45.4694],[1.6354,45.4707],[1.6369,45.4714],[1.6379,45.4835],[1.6359,45.4889],[1.6404,45.4916],[1.6388,45.4929],[1.6403,45.4982],[1.6384,45.5005],[1.6398,45.503],[1.6439,45.5032],[1.6425,45.5062],[1.6464,45.5092],[1.6542,45.5101],[1.6568,45.5129],[1.6633,45.5098],[1.6681,45.5104],[1.6719,45.5087],[1.6702,45.5072],[1.6711,45.5043],[1.6819,45.5024],[1.6856,45.4999],[1.6911,45.488],[1.6812,45.4833],[1.6745,45.4742],[1.6688,45.4724],[1.6676,45.469],[1.6567,45.4623],[1.6585,45.4554],[1.6568,45.449],[1.654,45.4464],[1.654,45.4464]]]}},{"type":"Feature","properties":{"code":"19081","nom":"Eyrein","pop":514},"geometry":{"type":"Polygon","coordinates":[[[1.9307,45.2974],[1.9271,45.2974],[1.9278,45.2987],[1.9245,45.301],[1.9208,45.3],[1.9202,45.302],[1.9165,45.3021],[1.9145,45.3038],[1.9146,45.3083],[1.9089,45.3151],[1.9063,45.3173],[1.9032,45.3163],[1.9033,45.32],[1.9052,45.3203],[1.9004,45.3275],[1.9038,45.3401],[1.9074,45.3423],[1.9127,45.3406],[1.9149,45.3418],[1.9155,45.3394],[1.9184,45.3389],[1.9351,45.3431],[1.9382,45.3464],[1.9428,45.3473],[1.9448,45.3508],[1.9503,45.3532],[1.9524,45.3521],[1.9578,45.3571],[1.9691,45.3553],[1.9658,45.3582],[1.9675,45.3587],[1.9717,45.3563],[1.9722,45.3541],[1.9698,45.3517],[1.9704,45.3472],[1.965,45.3451],[1.9688,45.345],[1.9718,45.3423],[1.9678,45.3427],[1.9715,45.3391],[1.9719,45.3412],[1.9821,45.3372],[2.0044,45.3374],[2.0073,45.3352],[2.0007,45.3319],[1.9894,45.3346],[1.9761,45.3288],[1.974,45.3269],[1.9768,45.3263],[1.9828,45.3192],[1.9797,45.319],[1.9668,45.3088],[1.9624,45.3092],[1.9635,45.3103],[1.9613,45.3089],[1.9611,45.3105],[1.9605,45.309],[1.9567,45.3159],[1.9499,45.3144],[1.9488,45.3179],[1.9468,45.3186],[1.9419,45.3091],[1.9468,45.3034],[1.9425,45.3006],[1.9445,45.2957],[1.9423,45.2984],[1.9307,45.2974],[1.9307,45.2974]]]}},{"type":"Feature","properties":{"code":"19082","nom":"Favars","pop":1121},"geometry":{"type":"Polygon","coordinates":[[[1.6646,45.2392],[1.657,45.2455],[1.6534,45.2456],[1.6518,45.2484],[1.6531,45.2555],[1.6497,45.2569],[1.651,45.2596],[1.6472,45.2601],[1.6421,45.2573],[1.6401,45.26],[1.642,45.2642],[1.6466,45.2646],[1.6478,45.2676],[1.6459,45.27],[1.6506,45.2736],[1.6572,45.2734],[1.6611,45.2694],[1.6686,45.2725],[1.6686,45.2759],[1.6729,45.2781],[1.6705,45.2794],[1.6712,45.2839],[1.6698,45.2849],[1.6733,45.2871],[1.675,45.2862],[1.6848,45.2828],[1.6908,45.2843],[1.6894,45.2821],[1.692,45.2826],[1.6955,45.2779],[1.6989,45.2768],[1.6986,45.2738],[1.6913,45.2697],[1.6956,45.2666],[1.6868,45.2614],[1.6847,45.2567],[1.6814,45.2552],[1.6797,45.2487],[1.6713,45.2419],[1.6646,45.2392],[1.6646,45.2392]]]}},{"type":"Feature","properties":{"code":"19084","nom":"Forgès","pop":263},"geometry":{"type":"Polygon","coordinates":[[[1.845,45.1618],[1.8434,45.1679],[1.8414,45.1692],[1.8422,45.1712],[1.8403,45.1727],[1.8435,45.1741],[1.8411,45.1761],[1.8452,45.1745],[1.8509,45.1791],[1.8562,45.1753],[1.8576,45.1773],[1.8648,45.1765],[1.863,45.1731],[1.8673,45.1728],[1.8668,45.1708],[1.8724,45.1674],[1.8719,45.1653],[1.8739,45.1684],[1.8875,45.1693],[1.8897,45.1656],[1.8862,45.165],[1.8856,45.1582],[1.8878,45.1561],[1.888,45.1512],[1.8859,45.149],[1.8865,45.1458],[1.8794,45.1428],[1.8782,45.1453],[1.8762,45.1453],[1.8621,45.1396],[1.8562,45.1411],[1.8525,45.1477],[1.8467,45.1524],[1.8509,45.1589],[1.845,45.1618],[1.845,45.1618]]]}},{"type":"Feature","properties":{"code":"19085","nom":"Gimel-les-Cascades","pop":755},"geometry":{"type":"Polygon","coordinates":[[[1.8793,45.292],[1.879,45.2885],[1.8733,45.2863],[1.8767,45.2834],[1.8751,45.2815],[1.8778,45.28],[1.8764,45.2758],[1.8663,45.2731],[1.8671,45.2769],[1.8656,45.2774],[1.8644,45.2863],[1.8596,45.2847],[1.8557,45.2869],[1.8531,45.2851],[1.8474,45.2868],[1.8458,45.2826],[1.8393,45.2849],[1.8318,45.2933],[1.82,45.2936],[1.8145,45.2893],[1.8149,45.2861],[1.8096,45.2829],[1.8063,45.2838],[1.8061,45.2863],[1.8013,45.2905],[1.7971,45.2914],[1.796,45.2939],[1.7887,45.2933],[1.7894,45.2956],[1.7975,45.2972],[1.7991,45.3002],[1.8019,45.3008],[1.8125,45.2988],[1.8215,45.3075],[1.8146,45.3214],[1.8239,45.3224],[1.8297,45.3263],[1.8328,45.3245],[1.8364,45.327],[1.8489,45.3278],[1.8533,45.3257],[1.8547,45.3279],[1.8622,45.3275],[1.8688,45.3294],[1.8744,45.3246],[1.8719,45.3239],[1.8723,45.3209],[1.8774,45.3186],[1.8752,45.3163],[1.8766,45.3156],[1.8724,45.3147],[1.8721,45.3106],[1.8681,45.3094],[1.8686,45.3073],[1.8625,45.3063],[1.8642,45.3035],[1.8632,45.3016],[1.8566,45.299],[1.8652,45.2961],[1.8695,45.2918],[1.8793,45.292],[1.8793,45.292]]]}},{"type":"Feature","properties":{"code":"19086","nom":"Goulles","pop":323},"geometry":{"type":"Polygon","coordinates":[[[2.0952,45.056],[2.0994,45.0478],[2.1108,45.0405],[2.1099,45.0384],[2.1119,45.0375],[2.1096,45.0368],[2.11,45.0335],[2.1132,45.0302],[2.1163,45.0218],[2.123,45.0197],[2.1247,45.0148],[2.1332,45.0086],[2.1402,45.0075],[2.1412,45.0054],[2.1393,45.0031],[2.1419,45.0001],[2.1394,44.9985],[2.139,44.9951],[2.1371,44.995],[2.1373,44.993],[2.1389,44.9934],[2.1333,44.9888],[2.1332,44.9856],[2.1311,44.9843],[2.1236,44.9859],[2.1182,44.9838],[2.1137,44.9854],[2.1025,44.9803],[2.0993,44.9844],[2.0942,44.9843],[2.0933,44.9859],[2.0896,44.9846],[2.083,44.9959],[2.0846,44.9969],[2.0797,44.9988],[2.0802,45.0009],[2.0842,44.9999],[2.0823,45.0012],[2.0849,45.0022],[2.0853,45.0008],[2.0885,45.0012],[2.0908,45.0044],[2.0901,45.0064],[2.0864,45.0083],[2.0811,45.0064],[2.0769,45.0052],[2.0775,44.9974],[2.0657,44.9987],[2.0618,45.004],[2.0671,45.0056],[2.0678,45.0094],[2.0751,45.0124],[2.0761,45.0151],[2.0848,45.0173],[2.0857,45.0211],[2.0783,45.0269],[2.0768,45.0341],[2.0742,45.0329],[2.0728,45.0345],[2.0719,45.0328],[2.0709,45.0355],[2.0668,45.0368],[2.0607,45.0347],[2.0607,45.0321],[2.0542,45.0279],[2.054,45.0257],[2.056,45.0249],[2.054,45.0251],[2.055,45.0191],[2.0567,45.0186],[2.0561,45.0121],[2.0585,45.0087],[2.0541,45.0081],[2.0534,45.0186],[2.0497,45.0214],[2.0459,45.0207],[2.0443,45.0283],[2.0465,45.0318],[2.0379,45.0393],[2.0457,45.0388],[2.0497,45.0452],[2.0582,45.0455],[2.0593,45.049],[2.0616,45.0477],[2.0624,45.0505],[2.0713,45.0543],[2.0727,45.0596],[2.083,45.0595],[2.0862,45.0611],[2.09,45.0595],[2.0876,45.0557],[2.0952,45.056],[2.0952,45.056]]]}},{"type":"Feature","properties":{"code":"19087","nom":"Gourdon-Murat","pop":83},"geometry":{"type":"Polygon","coordinates":[[[1.8805,45.566],[1.8901,45.5723],[1.8987,45.561],[1.9149,45.5578],[1.9202,45.5554],[1.9243,45.5494],[1.9292,45.547],[1.9362,45.5478],[1.9416,45.5425],[1.9384,45.5336],[1.9324,45.5304],[1.9278,45.53],[1.9232,45.5343],[1.9143,45.5319],[1.8999,45.5362],[1.8962,45.5363],[1.8964,45.5348],[1.897,45.5323],[1.895,45.5322],[1.8901,45.5356],[1.89,45.538],[1.8819,45.5379],[1.883,45.5325],[1.8806,45.5282],[1.8724,45.5283],[1.8708,45.5332],[1.8729,45.5419],[1.8676,45.5496],[1.8666,45.5548],[1.8805,45.566],[1.8805,45.566]]]}},{"type":"Feature","properties":{"code":"19088","nom":"Grandsaigne","pop":46},"geometry":{"type":"Polygon","coordinates":[[[1.9255,45.4559],[1.9216,45.4555],[1.918,45.4623],[1.9125,45.4612],[1.9104,45.4663],[1.902,45.4675],[1.9027,45.4712],[1.894,45.4784],[1.8936,45.4806],[1.8995,45.4913],[1.9144,45.4941],[1.9145,45.4975],[1.9116,45.4987],[1.9121,45.5025],[1.9138,45.5027],[1.9125,45.5055],[1.9193,45.51],[1.9284,45.5115],[1.9357,45.5049],[1.94,45.5084],[1.9439,45.5051],[1.9453,45.5051],[1.9496,45.5143],[1.9556,45.5175],[1.9587,45.5107],[1.962,45.5097],[1.9615,45.5015],[1.9657,45.4976],[1.9664,45.4922],[1.961,45.4913],[1.961,45.486],[1.9575,45.4828],[1.9482,45.4816],[1.9462,45.477],[1.9481,45.4753],[1.9414,45.474],[1.9379,45.4768],[1.9369,45.4759],[1.9396,45.4731],[1.9343,45.4736],[1.932,45.4706],[1.9303,45.4716],[1.9287,45.4685],[1.9323,45.4672],[1.9343,45.462],[1.9273,45.4592],[1.9255,45.4559],[1.9255,45.4559]]]}},{"type":"Feature","properties":{"code":"19089","nom":"Gros-Chastang","pop":181},"geometry":{"type":"Polygon","coordinates":[[[2.0408,45.2089],[2.0312,45.2036],[2.0282,45.2068],[2.0184,45.208],[2.0138,45.2119],[2.009,45.2088],[2.0034,45.2014],[2.0032,45.1967],[1.9996,45.1967],[1.9985,45.1942],[1.9915,45.198],[1.989,45.1959],[1.9869,45.1972],[1.9768,45.196],[1.976,45.1987],[1.9712,45.2015],[1.975,45.2037],[1.9747,45.2102],[1.9789,45.2102],[1.9815,45.2122],[1.9813,45.2152],[1.9855,45.2181],[1.986,45.2216],[1.9847,45.225],[1.99,45.2238],[1.9917,45.2258],[1.9864,45.2282],[1.987,45.2345],[1.9924,45.2374],[1.998,45.2366],[2.014,45.2316],[2.0119,45.2289],[2.0185,45.2243],[2.033,45.2215],[2.0408,45.2089],[2.0408,45.2089]]]}},{"type":"Feature","properties":{"code":"19090","nom":"Gumond","pop":99},"geometry":{"type":"Polygon","coordinates":[[[1.9395,45.21],[1.9377,45.2158],[1.9338,45.2181],[1.9377,45.2209],[1.9408,45.2178],[1.9394,45.2211],[1.9432,45.221],[1.9437,45.2269],[1.9465,45.2314],[1.9582,45.2344],[1.9573,45.2373],[1.96,45.2403],[1.9666,45.2387],[1.9654,45.2347],[1.969,45.2313],[1.974,45.2322],[1.9755,45.2306],[1.9744,45.2298],[1.9787,45.2307],[1.9901,45.2268],[1.9917,45.2258],[1.99,45.2238],[1.9847,45.225],[1.9846,45.2222],[1.9866,45.221],[1.9813,45.2152],[1.9819,45.2126],[1.9789,45.2102],[1.9747,45.2102],[1.9743,45.203],[1.9671,45.2066],[1.9679,45.2043],[1.9586,45.2064],[1.9519,45.2052],[1.9395,45.21],[1.9395,45.21]]]}},{"type":"Feature","properties":{"code":"19091","nom":"Hautefage","pop":313},"geometry":{"type":"Polygon","coordinates":[[[1.9596,45.109],[1.9652,45.1097],[1.9683,45.1143],[1.9778,45.1144],[1.9833,45.1187],[1.9948,45.1112],[1.9954,45.1011],[2.0037,45.103],[2.0192,45.1118],[2.026,45.1129],[2.0356,45.1104],[2.0363,45.0995],[2.0321,45.0963],[2.0271,45.0842],[2.0211,45.0847],[2.0216,45.0794],[2.0157,45.0821],[2.0091,45.0811],[2.0077,45.0776],[2.0039,45.0756],[2.0043,45.0725],[2.0001,45.0707],[1.999,45.0647],[1.9935,45.0618],[1.9923,45.0586],[1.9893,45.0574],[1.9841,45.0594],[1.9775,45.0643],[1.975,45.0721],[1.9672,45.08],[1.9608,45.0823],[1.9604,45.0861],[1.9561,45.0867],[1.9553,45.0909],[1.9571,45.0911],[1.9539,45.0935],[1.9552,45.0967],[1.958,45.0966],[1.9566,45.0998],[1.9616,45.104],[1.9596,45.109],[1.9596,45.109]]]}},{"type":"Feature","properties":{"code":"19093","nom":"Jugeals-Nazareth","pop":943},"geometry":{"type":"Polygon","coordinates":[[[1.5389,45.0705],[1.5364,45.0712],[1.5372,45.0744],[1.5341,45.0806],[1.5253,45.0856],[1.5247,45.0907],[1.5453,45.0953],[1.5464,45.1052],[1.5548,45.1046],[1.5584,45.1097],[1.5639,45.1075],[1.566,45.11],[1.5689,45.1088],[1.5731,45.101],[1.5772,45.1],[1.5797,45.0997],[1.5785,45.0979],[1.5712,45.0915],[1.5748,45.0733],[1.5694,45.0742],[1.5685,45.0729],[1.56,45.0752],[1.5577,45.0722],[1.5487,45.07],[1.5412,45.0722],[1.5389,45.0705],[1.5389,45.0705]]]}},{"type":"Feature","properties":{"code":"19095","nom":"Lacelle","pop":137},"geometry":{"type":"Polygon","coordinates":[[[1.7754,45.6329],[1.777,45.6372],[1.7862,45.6407],[1.7916,45.6398],[1.7903,45.6373],[1.7992,45.6336],[1.8072,45.6441],[1.8108,45.6461],[1.8146,45.6439],[1.8232,45.6458],[1.8231,45.6585],[1.8211,45.661],[1.8264,45.6652],[1.8323,45.6636],[1.8439,45.6646],[1.8472,45.661],[1.8498,45.6628],[1.8526,45.6715],[1.8546,45.6723],[1.8637,45.6703],[1.8654,45.6659],[1.8761,45.6637],[1.8697,45.66],[1.8699,45.658],[1.8735,45.6561],[1.8688,45.6538],[1.8648,45.6543],[1.8688,45.6398],[1.8621,45.6373],[1.8629,45.6362],[1.8535,45.6306],[1.853,45.6286],[1.8553,45.6268],[1.849,45.6231],[1.844,45.6231],[1.8412,45.6268],[1.8328,45.6273],[1.8232,45.6324],[1.8176,45.6324],[1.816,45.6181],[1.8109,45.6206],[1.8111,45.617],[1.8089,45.6169],[1.8017,45.6194],[1.7986,45.6186],[1.7955,45.6253],[1.7848,45.6252],[1.7754,45.6329],[1.7754,45.6329]]]}},{"type":"Feature","properties":{"code":"19096","nom":"Ladignac-sur-Rondelles","pop":404},"geometry":{"type":"Polygon","coordinates":[[[1.8042,45.2185],[1.8021,45.2217],[1.7993,45.2221],[1.8028,45.2259],[1.8016,45.2283],[1.8059,45.2292],[1.8055,45.2324],[1.8087,45.2343],[1.8124,45.2347],[1.8104,45.236],[1.8126,45.2412],[1.8113,45.2435],[1.8166,45.2459],[1.8156,45.2489],[1.8201,45.2484],[1.8264,45.2441],[1.8284,45.2468],[1.8345,45.2485],[1.8432,45.2487],[1.8458,45.2479],[1.8441,45.2427],[1.8456,45.2391],[1.8443,45.231],[1.8385,45.2199],[1.8317,45.2164],[1.8313,45.206],[1.8276,45.2056],[1.8147,45.2171],[1.8042,45.2185],[1.8042,45.2185]]]}},{"type":"Feature","properties":{"code":"19097","nom":"Lafage-sur-Sombre","pop":137},"geometry":{"type":"Polygon","coordinates":[[[2.1122,45.2806],[2.1007,45.2818],[2.0989,45.2788],[2.096,45.2811],[2.0959,45.2797],[2.0893,45.2806],[2.0806,45.2742],[2.0806,45.2675],[2.0766,45.2622],[2.0648,45.267],[2.0606,45.2795],[2.0501,45.291],[2.0463,45.2923],[2.0381,45.289],[2.0196,45.2874],[2.0243,45.2939],[2.0316,45.2924],[2.0339,45.2971],[2.0363,45.2962],[2.0395,45.2991],[2.0374,45.3],[2.0378,45.3026],[2.0408,45.302],[2.05,45.2939],[2.0579,45.2982],[2.0529,45.3003],[2.055,45.3032],[2.0532,45.3083],[2.0596,45.3094],[2.063,45.3053],[2.0729,45.3074],[2.0891,45.3204],[2.0947,45.3113],[2.0993,45.3086],[2.1036,45.3092],[2.1083,45.3028],[2.109,45.2984],[2.1141,45.2951],[2.1098,45.2932],[2.1072,45.2893],[2.1072,45.2874],[2.1114,45.2851],[2.1099,45.2841],[2.1108,45.283],[2.1128,45.2828],[2.1122,45.2806],[2.1122,45.2806]]]}},{"type":"Feature","properties":{"code":"19098","nom":"Lagarde-Marc-la-Tour","pop":928},"geometry":{"type":"Polygon","coordinates":[[[1.7751,45.1696],[1.7778,45.1726],[1.7872,45.1757],[1.7929,45.1815],[1.7973,45.1968],[1.7955,45.1976],[1.7956,45.2002],[1.8058,45.2113],[1.8001,45.2187],[1.8147,45.2171],[1.8276,45.2056],[1.8304,45.2056],[1.8323,45.2095],[1.8317,45.2164],[1.839,45.2204],[1.8436,45.2121],[1.8604,45.2077],[1.8569,45.2068],[1.8579,45.2037],[1.8647,45.1995],[1.8661,45.1966],[1.8689,45.1916],[1.8744,45.189],[1.876,45.1821],[1.8722,45.182],[1.8708,45.1845],[1.8718,45.1859],[1.8697,45.1867],[1.867,45.1839],[1.8646,45.1834],[1.8624,45.1854],[1.8624,45.1832],[1.8576,45.1828],[1.8588,45.1811],[1.8567,45.1754],[1.8509,45.1791],[1.8452,45.1745],[1.8411,45.1761],[1.8435,45.1741],[1.8403,45.1727],[1.8422,45.1712],[1.8414,45.1692],[1.8434,45.1679],[1.8446,45.161],[1.8385,45.1633],[1.8322,45.1604],[1.8277,45.1648],[1.8108,45.1613],[1.8036,45.167],[1.803,45.17],[1.7978,45.1662],[1.793,45.1675],[1.7938,45.1665],[1.79,45.1647],[1.7892,45.1664],[1.7866,45.1651],[1.786,45.1679],[1.7822,45.1687],[1.7832,45.1665],[1.7812,45.1668],[1.7813,45.1646],[1.7779,45.1631],[1.7751,45.1696],[1.7751,45.1696]]]}},{"type":"Feature","properties":{"code":"19099","nom":"Lagleygeolle","pop":225},"geometry":{"type":"Polygon","coordinates":[[[1.7067,45.1061],[1.7054,45.0963],[1.703,45.0938],[1.7037,45.0902],[1.715,45.0862],[1.7184,45.0825],[1.7291,45.0828],[1.7354,45.0729],[1.7352,45.0659],[1.7334,45.0653],[1.7317,45.06],[1.7052,45.0611],[1.7049,45.0637],[1.6992,45.0627],[1.7008,45.0649],[1.6988,45.0664],[1.6955,45.0659],[1.6832,45.0719],[1.6789,45.0707],[1.6758,45.0726],[1.6709,45.0727],[1.6695,45.0802],[1.6735,45.0838],[1.6783,45.0835],[1.6797,45.0869],[1.6533,45.0893],[1.6535,45.0934],[1.6563,45.0942],[1.6524,45.0952],[1.6517,45.098],[1.6534,45.1006],[1.6819,45.1059],[1.6844,45.1115],[1.6975,45.1096],[1.7067,45.1061],[1.7067,45.1061]]]}},{"type":"Feature","properties":{"code":"19100","nom":"Lagraulière","pop":1197},"geometry":{"type":"Polygon","coordinates":[[[1.646,45.3306],[1.6358,45.3313],[1.633,45.3341],[1.6335,45.3366],[1.6242,45.3393],[1.6232,45.3379],[1.6237,45.3399],[1.6207,45.3403],[1.6206,45.3389],[1.6198,45.3403],[1.6178,45.3368],[1.6106,45.3333],[1.6092,45.3283],[1.6043,45.3294],[1.5939,45.325],[1.5918,45.3257],[1.5919,45.3305],[1.5877,45.3365],[1.5903,45.3373],[1.5906,45.341],[1.5925,45.3419],[1.5839,45.3422],[1.5875,45.3501],[1.5839,45.3534],[1.5859,45.353],[1.5864,45.3548],[1.585,45.3571],[1.5823,45.3559],[1.5828,45.3603],[1.578,45.3626],[1.5756,45.3676],[1.5777,45.3721],[1.5795,45.3738],[1.5819,45.3729],[1.5845,45.377],[1.5876,45.3726],[1.5966,45.3728],[1.6028,45.3804],[1.6004,45.3834],[1.6026,45.3848],[1.6055,45.3836],[1.6037,45.3824],[1.6048,45.3818],[1.6079,45.3823],[1.6083,45.38],[1.6153,45.3753],[1.6201,45.3753],[1.6224,45.3808],[1.6257,45.3812],[1.6256,45.3876],[1.6268,45.3863],[1.6266,45.3882],[1.629,45.3894],[1.6318,45.3875],[1.6323,45.3823],[1.6348,45.3818],[1.631,45.3778],[1.6369,45.3758],[1.6346,45.3735],[1.6382,45.3697],[1.6554,45.3674],[1.6633,45.3725],[1.668,45.371],[1.6665,45.3693],[1.6697,45.3701],[1.671,45.3668],[1.6753,45.366],[1.6733,45.3631],[1.6771,45.3603],[1.6755,45.3556],[1.6741,45.3579],[1.6711,45.3549],[1.6669,45.3553],[1.6719,45.3503],[1.6691,45.3485],[1.6723,45.346],[1.6684,45.3441],[1.6703,45.3435],[1.6672,45.343],[1.6645,45.3479],[1.6561,45.3456],[1.6574,45.3414],[1.6554,45.3427],[1.6547,45.3411],[1.6572,45.3401],[1.6562,45.338],[1.6618,45.3322],[1.6574,45.3327],[1.6551,45.33],[1.6469,45.3319],[1.646,45.3306],[1.646,45.3306]]]}},{"type":"Feature","properties":{"code":"19101","nom":"Laguenne-sur-Avalouze","pop":1577},"geometry":{"type":"Polygon","coordinates":[[[1.7807,45.2582],[1.7865,45.253],[1.7866,45.2502],[1.7918,45.2497],[1.8027,45.2526],[1.8055,45.2544],[1.8049,45.2565],[1.8084,45.2576],[1.8111,45.2546],[1.8158,45.2568],[1.8231,45.255],[1.8287,45.259],[1.8313,45.2577],[1.8428,45.2623],[1.848,45.2683],[1.847,45.2694],[1.8526,45.2687],[1.8532,45.267],[1.8508,45.2653],[1.852,45.2646],[1.8442,45.2591],[1.8449,45.2539],[1.8386,45.2508],[1.839,45.2487],[1.8284,45.2468],[1.8261,45.2445],[1.8201,45.2484],[1.8156,45.2489],[1.8166,45.2459],[1.8113,45.2435],[1.8126,45.2412],[1.8104,45.236],[1.8124,45.2347],[1.8055,45.2324],[1.8061,45.2294],[1.8016,45.2283],[1.8026,45.2256],[1.796,45.2282],[1.7923,45.2275],[1.7918,45.2292],[1.7921,45.2267],[1.7868,45.2269],[1.7834,45.2319],[1.7784,45.2315],[1.7809,45.2334],[1.7776,45.2363],[1.7733,45.2344],[1.7681,45.2361],[1.7659,45.2404],[1.7671,45.2453],[1.7598,45.2517],[1.7649,45.2511],[1.7683,45.2483],[1.7751,45.2511],[1.7758,45.2532],[1.7739,45.2557],[1.7795,45.2563],[1.7807,45.2582],[1.7807,45.2582]]]}},{"type":"Feature","properties":{"code":"19102","nom":"Lamazière-Basse","pop":281},"geometry":{"type":"Polygon","coordinates":[[[2.131,45.3907],[2.1346,45.3931],[2.1413,45.3921],[2.1423,45.3954],[2.1461,45.3962],[2.1449,45.3982],[2.1475,45.3979],[2.1444,45.4004],[2.1473,45.4031],[2.1441,45.4073],[2.1476,45.4101],[2.1428,45.4129],[2.1474,45.4154],[2.1558,45.416],[2.1634,45.4128],[2.1664,45.4142],[2.1701,45.4105],[2.1752,45.4141],[2.1768,45.412],[2.1814,45.4139],[2.1949,45.4116],[2.1919,45.4082],[2.1926,45.4067],[2.2009,45.407],[2.2014,45.3991],[2.2045,45.3978],[2.2038,45.3962],[2.2081,45.3954],[2.2074,45.3925],[2.2111,45.3927],[2.214,45.3901],[2.2099,45.3882],[2.2089,45.3858],[2.2177,45.3837],[2.2154,45.3771],[2.207,45.3751],[2.2117,45.3724],[2.2065,45.3693],[2.2063,45.3659],[2.1962,45.3609],[2.1956,45.3578],[2.1925,45.3565],[2.1928,45.3503],[2.1898,45.3485],[2.1866,45.3474],[2.1869,45.3454],[2.1822,45.345],[2.1808,45.3419],[2.1854,45.3404],[2.1838,45.3395],[2.1839,45.3326],[2.1819,45.332],[2.1859,45.3304],[2.1811,45.326],[2.1867,45.3239],[2.1869,45.3221],[2.1826,45.3197],[2.1786,45.3108],[2.1761,45.3131],[2.1725,45.3121],[2.1697,45.3137],[2.1686,45.3187],[2.1655,45.3175],[2.1637,45.3193],[2.1653,45.3218],[2.1616,45.3261],[2.1632,45.328],[2.156,45.329],[2.1583,45.3326],[2.1567,45.3368],[2.1613,45.3386],[2.1625,45.3411],[2.1504,45.3423],[2.152,45.3473],[2.1452,45.3484],[2.1457,45.3506],[2.141,45.3559],[2.142,45.3574],[2.149,45.3557],[2.1489,45.3607],[2.1426,45.3588],[2.1368,45.3603],[2.1414,45.3639],[2.1302,45.3706],[2.1297,45.3731],[2.1329,45.3741],[2.1351,45.38],[2.1277,45.3831],[2.131,45.3907],[2.131,45.3907]]]}},{"type":"Feature","properties":{"code":"19104","nom":"Lamongerie","pop":124},"geometry":{"type":"Polygon","coordinates":[[[1.5468,45.5545],[1.551,45.5568],[1.5514,45.5508],[1.5566,45.5493],[1.5702,45.5556],[1.5862,45.5558],[1.5981,45.5477],[1.6095,45.5445],[1.611,45.5383],[1.615,45.5356],[1.6101,45.5302],[1.6055,45.5292],[1.6047,45.5267],[1.5998,45.5252],[1.5983,45.5199],[1.5846,45.5242],[1.5847,45.5328],[1.5757,45.5326],[1.565,45.5363],[1.5593,45.5333],[1.5501,45.5335],[1.5498,45.5377],[1.5461,45.5405],[1.5462,45.5483],[1.5428,45.5502],[1.5468,45.5545],[1.5468,45.5545]]]}},{"type":"Feature","properties":{"code":"19105","nom":"Lanteuil","pop":517},"geometry":{"type":"Polygon","coordinates":[[[1.6469,45.1381],[1.6461,45.1357],[1.6482,45.1343],[1.6545,45.1362],[1.6555,45.1404],[1.6613,45.1404],[1.6627,45.1366],[1.6713,45.1308],[1.6687,45.128],[1.6705,45.1227],[1.6834,45.1159],[1.6845,45.1125],[1.682,45.106],[1.6752,45.1058],[1.6584,45.1011],[1.6437,45.0986],[1.6377,45.0998],[1.6304,45.0959],[1.6246,45.0989],[1.6063,45.1013],[1.6044,45.1064],[1.6042,45.1157],[1.6016,45.1238],[1.6087,45.1362],[1.6165,45.1374],[1.6246,45.1302],[1.6296,45.1336],[1.6335,45.1336],[1.632,45.1365],[1.638,45.1403],[1.6469,45.1381],[1.6469,45.1381]]]}},{"type":"Feature","properties":{"code":"19106","nom":"Lapleau","pop":393},"geometry":{"type":"Polygon","coordinates":[[[2.1551,45.2744],[2.1568,45.275],[2.155,45.2759],[2.156,45.2777],[2.1499,45.2816],[2.1504,45.2842],[2.1483,45.2823],[2.1399,45.2889],[2.1387,45.2935],[2.1229,45.2994],[2.1209,45.3048],[2.1293,45.3041],[2.1362,45.3116],[2.141,45.3123],[2.1437,45.3151],[2.1482,45.3242],[2.1558,45.3284],[2.1632,45.328],[2.1616,45.3261],[2.1653,45.3218],[2.1637,45.3193],[2.1655,45.3175],[2.1674,45.3187],[2.1697,45.3137],[2.1725,45.3121],[2.1761,45.3131],[2.1782,45.307],[2.1831,45.3054],[2.1807,45.3029],[2.1863,45.3005],[2.1805,45.2947],[2.1827,45.2908],[2.1785,45.2893],[2.184,45.2803],[2.1783,45.2812],[2.1773,45.2794],[2.1813,45.2778],[2.1795,45.274],[2.1866,45.2725],[2.182,45.2715],[2.1838,45.2694],[2.1821,45.2678],[2.1747,45.2672],[2.1736,45.2655],[2.1681,45.2721],[2.1631,45.2742],[2.1573,45.2725],[2.1551,45.2744],[2.1551,45.2744]]]}},{"type":"Feature","properties":{"code":"19109","nom":"Lascaux","pop":228},"geometry":{"type":"Polygon","coordinates":[[[1.3737,45.3213],[1.3672,45.3188],[1.3664,45.3215],[1.3635,45.321],[1.3582,45.3283],[1.3539,45.3301],[1.3579,45.3362],[1.3548,45.3399],[1.3603,45.3454],[1.3583,45.3492],[1.3609,45.3522],[1.3638,45.3516],[1.3745,45.354],[1.3758,45.3591],[1.3846,45.3586],[1.3871,45.3557],[1.3929,45.3538],[1.3926,45.3497],[1.3884,45.3495],[1.3898,45.3426],[1.3818,45.3385],[1.3811,45.3356],[1.3781,45.3358],[1.3787,45.3319],[1.3744,45.3288],[1.3737,45.3213],[1.3737,45.3213]]]}},{"type":"Feature","properties":{"code":"19110","nom":"Latronche","pop":112},"geometry":{"type":"Polygon","coordinates":[[[2.2127,45.3073],[2.2134,45.3095],[2.2104,45.3111],[2.2108,45.3126],[2.2084,45.3127],[2.2104,45.3153],[2.2098,45.3188],[2.2121,45.3205],[2.2111,45.3239],[2.224,45.32],[2.2298,45.3343],[2.2329,45.3358],[2.2417,45.3348],[2.2467,45.3363],[2.2476,45.3387],[2.2557,45.3354],[2.2533,45.3288],[2.2573,45.326],[2.2619,45.3264],[2.2602,45.3233],[2.2546,45.3212],[2.2578,45.311],[2.2616,45.3116],[2.2581,45.3096],[2.262,45.3055],[2.2706,45.3044],[2.268,45.2873],[2.2616,45.2836],[2.2511,45.2861],[2.2436,45.2811],[2.2415,45.2909],[2.2392,45.2917],[2.2286,45.2857],[2.2201,45.2864],[2.2135,45.2836],[2.2099,45.286],[2.2111,45.2879],[2.2083,45.2926],[2.2104,45.2927],[2.2121,45.2962],[2.2199,45.2991],[2.2142,45.3036],[2.2127,45.3073],[2.2127,45.3073]]]}},{"type":"Feature","properties":{"code":"19111","nom":"Laval-sur-Luzège","pop":103},"geometry":{"type":"Polygon","coordinates":[[[2.1736,45.2655],[2.1685,45.2576],[2.1692,45.2542],[2.165,45.2513],[2.1637,45.2453],[2.156,45.2433],[2.1588,45.2377],[2.1496,45.2378],[2.1507,45.2338],[2.1472,45.231],[2.1466,45.2279],[2.1432,45.2263],[2.1399,45.2261],[2.1347,45.2302],[2.1266,45.2275],[2.116,45.2311],[2.1221,45.2356],[2.1216,45.2394],[2.1283,45.2403],[2.1255,45.2415],[2.1322,45.2466],[2.1309,45.2504],[2.1294,45.2495],[2.1216,45.2541],[2.1186,45.2587],[2.1183,45.2659],[2.1153,45.27],[2.1165,45.2714],[2.1147,45.2753],[2.1195,45.2781],[2.1283,45.2779],[2.1276,45.2768],[2.1347,45.2731],[2.1409,45.2717],[2.1551,45.2744],[2.1573,45.2725],[2.1596,45.2741],[2.1616,45.2727],[2.1631,45.2742],[2.1708,45.27],[2.1736,45.2655],[2.1736,45.2655]]]}},{"type":"Feature","properties":{"code":"19112","nom":"Lestards","pop":117},"geometry":{"type":"Polygon","coordinates":[[[1.8912,45.5346],[1.8891,45.5258],[1.8932,45.5194],[1.8901,45.5195],[1.8903,45.5164],[1.8879,45.5159],[1.8892,45.5132],[1.8841,45.5116],[1.8824,45.502],[1.8734,45.5056],[1.8693,45.5048],[1.867,45.5126],[1.861,45.5117],[1.8569,45.515],[1.8529,45.5128],[1.8504,45.5136],[1.8539,45.5163],[1.8505,45.5184],[1.8493,45.5272],[1.8463,45.5287],[1.849,45.5297],[1.8489,45.5319],[1.8461,45.5346],[1.8463,45.5439],[1.8433,45.5494],[1.8435,45.552],[1.8472,45.5532],[1.8527,45.5601],[1.846,45.5618],[1.8434,45.5639],[1.8443,45.565],[1.8423,45.5667],[1.8433,45.5678],[1.836,45.5737],[1.8382,45.5753],[1.8371,45.5774],[1.8492,45.5785],[1.851,45.5752],[1.8563,45.5761],[1.8591,45.5745],[1.8606,45.5789],[1.8658,45.5831],[1.8687,45.5775],[1.8805,45.566],[1.8666,45.5548],[1.8676,45.5496],[1.8729,45.5419],[1.8708,45.5332],[1.8724,45.5283],[1.8806,45.5282],[1.883,45.5325],[1.8815,45.5377],[1.89,45.538],[1.8912,45.5346],[1.8912,45.5346]]]}},{"type":"Feature","properties":{"code":"19113","nom":"Liginiac","pop":651},"geometry":{"type":"Polygon","coordinates":[[[2.3552,45.4151],[2.3494,45.4121],[2.3498,45.4096],[2.3563,45.3999],[2.3643,45.397],[2.3648,45.3909],[2.3695,45.3871],[2.3672,45.383],[2.3635,45.3803],[2.36,45.381],[2.3542,45.3871],[2.3512,45.3873],[2.3441,45.3821],[2.3445,45.3782],[2.3433,45.3806],[2.3402,45.3799],[2.3395,45.3818],[2.3358,45.3793],[2.33,45.3803],[2.3221,45.3786],[2.3159,45.3737],[2.2993,45.3798],[2.2979,45.3826],[2.3002,45.3869],[2.2922,45.3955],[2.2933,45.4005],[2.2868,45.4038],[2.2879,45.4074],[2.2917,45.4097],[2.2899,45.419],[2.2786,45.4245],[2.2794,45.4264],[2.2856,45.4237],[2.2976,45.4249],[2.3016,45.4279],[2.3,45.4313],[2.3013,45.4334],[2.3065,45.4361],[2.3091,45.4346],[2.3087,45.4364],[2.3107,45.4359],[2.3096,45.4376],[2.3131,45.4361],[2.3138,45.4379],[2.3119,45.4391],[2.3135,45.4412],[2.3175,45.4412],[2.3163,45.4368],[2.3194,45.4342],[2.3271,45.4323],[2.329,45.4296],[2.3337,45.4315],[2.332,45.4301],[2.334,45.4302],[2.3334,45.4248],[2.3354,45.4231],[2.3413,45.4263],[2.3527,45.4264],[2.355,45.4233],[2.3552,45.4151],[2.3552,45.4151]]]}},{"type":"Feature","properties":{"code":"19114","nom":"Lignareix","pop":162},"geometry":{"type":"Polygon","coordinates":[[[2.3123,45.6337],[2.3166,45.6156],[2.3194,45.6155],[2.32,45.6135],[2.3127,45.6078],[2.3132,45.6031],[2.3148,45.6028],[2.3138,45.6004],[2.3052,45.6014],[2.3048,45.5966],[2.3023,45.597],[2.3026,45.5942],[2.2988,45.5937],[2.3006,45.5918],[2.2972,45.5907],[2.301,45.5899],[2.3022,45.587],[2.2998,45.586],[2.3015,45.5837],[2.2993,45.5809],[2.2955,45.5806],[2.2902,45.5854],[2.2876,45.5821],[2.2834,45.5835],[2.2822,45.5871],[2.295,45.5944],[2.2981,45.5999],[2.2945,45.602],[2.2962,45.603],[2.2915,45.6082],[2.2914,45.6123],[2.2881,45.6158],[2.287,45.6255],[2.297,45.6327],[2.304,45.6406],[2.3102,45.6394],[2.3106,45.6424],[2.3124,45.641],[2.3139,45.6358],[2.3123,45.6337],[2.3123,45.6337]]]}},{"type":"Feature","properties":{"code":"19115","nom":"Ligneyrac","pop":290},"geometry":{"type":"Polygon","coordinates":[[[1.6325,45.0321],[1.6256,45.0336],[1.6233,45.0305],[1.6216,45.0325],[1.6192,45.0313],[1.6132,45.0333],[1.6094,45.0323],[1.6083,45.0291],[1.6066,45.0373],[1.5985,45.0446],[1.5975,45.0514],[1.599,45.0546],[1.6018,45.0576],[1.6143,45.0616],[1.6256,45.0682],[1.629,45.0673],[1.6288,45.0643],[1.6396,45.0675],[1.6384,45.0614],[1.6353,45.0598],[1.6298,45.0511],[1.6312,45.0463],[1.6291,45.0427],[1.6331,45.0368],[1.6335,45.0349],[1.6311,45.0359],[1.6325,45.0321],[1.6325,45.0321]]]}},{"type":"Feature","properties":{"code":"19118","nom":"Le Lonzac","pop":823},"geometry":{"type":"Polygon","coordinates":[[[1.7092,45.5005],[1.7187,45.5029],[1.7303,45.5013],[1.7332,45.5036],[1.7351,45.5009],[1.7319,45.4955],[1.7284,45.4934],[1.7303,45.492],[1.733,45.4933],[1.7378,45.4903],[1.7463,45.4886],[1.7569,45.4891],[1.7635,45.4844],[1.7687,45.4839],[1.7729,45.4809],[1.7785,45.4836],[1.7822,45.4819],[1.7733,45.4789],[1.7735,45.4749],[1.769,45.4713],[1.769,45.4663],[1.7721,45.4618],[1.7812,45.4611],[1.779,45.4538],[1.7795,45.4496],[1.7811,45.4493],[1.779,45.4463],[1.7814,45.4422],[1.7783,45.4406],[1.7724,45.4442],[1.7651,45.4452],[1.766,45.44],[1.7626,45.438],[1.7527,45.438],[1.7524,45.4406],[1.7476,45.4439],[1.7403,45.4429],[1.7375,45.4475],[1.7383,45.4492],[1.734,45.4469],[1.7327,45.4514],[1.7266,45.4517],[1.7208,45.4476],[1.7155,45.4482],[1.7133,45.446],[1.7049,45.4476],[1.7031,45.4502],[1.6978,45.4494],[1.6988,45.4511],[1.6941,45.4532],[1.6978,45.4574],[1.6962,45.4601],[1.6977,45.461],[1.6961,45.4612],[1.6985,45.4623],[1.6896,45.4663],[1.6862,45.4663],[1.6883,45.4645],[1.682,45.4641],[1.6837,45.4613],[1.6804,45.4609],[1.6807,45.4647],[1.6824,45.4655],[1.6781,45.4674],[1.6816,45.4694],[1.6723,45.473],[1.6812,45.4833],[1.696,45.4905],[1.7026,45.4997],[1.7092,45.5005],[1.7092,45.5005]]]}},{"type":"Feature","properties":{"code":"19119","nom":"Lostanges","pop":152},"geometry":{"type":"Polygon","coordinates":[[[1.7453,45.0532],[1.7483,45.0541],[1.7481,45.0588],[1.7514,45.0598],[1.7523,45.0654],[1.7645,45.0751],[1.7635,45.0766],[1.777,45.0801],[1.7874,45.0867],[1.7905,45.0944],[1.7953,45.0916],[1.7955,45.0884],[1.7937,45.0867],[1.7971,45.0837],[1.7973,45.0803],[1.7971,45.0748],[1.8008,45.065],[1.7922,45.062],[1.7798,45.0627],[1.7682,45.0575],[1.7646,45.0583],[1.7615,45.0523],[1.7568,45.0501],[1.7499,45.0422],[1.7454,45.0468],[1.7453,45.0532],[1.7453,45.0532]]]}},{"type":"Feature","properties":{"code":"19121","nom":"Lubersac","pop":2246},"geometry":{"type":"Polygon","coordinates":[[[1.3498,45.4671],[1.3589,45.48],[1.3651,45.4823],[1.3661,45.4883],[1.3773,45.4956],[1.4076,45.4963],[1.4122,45.4922],[1.4247,45.4894],[1.4262,45.4894],[1.4287,45.4954],[1.4361,45.4953],[1.4373,45.4907],[1.4404,45.4893],[1.4396,45.487],[1.4423,45.4856],[1.4381,45.4827],[1.4387,45.4809],[1.4449,45.4788],[1.4512,45.4722],[1.4479,45.4621],[1.4536,45.457],[1.4535,45.4545],[1.4481,45.4519],[1.4422,45.4457],[1.4323,45.4385],[1.4263,45.4314],[1.4283,45.4268],[1.4371,45.4234],[1.4247,45.4161],[1.4184,45.4092],[1.3984,45.403],[1.3941,45.4032],[1.39,45.4063],[1.3867,45.4127],[1.3808,45.412],[1.3709,45.4145],[1.3752,45.4182],[1.3754,45.4211],[1.3716,45.4228],[1.3732,45.4277],[1.3668,45.4282],[1.3648,45.4313],[1.3595,45.4314],[1.3625,45.4334],[1.3611,45.4355],[1.3485,45.4336],[1.3427,45.4347],[1.3433,45.4382],[1.3541,45.4412],[1.356,45.4479],[1.3562,45.4592],[1.3544,45.4638],[1.3498,45.4671],[1.3498,45.4671]]]}},{"type":"Feature","properties":{"code":"19122","nom":"Madranges","pop":166},"geometry":{"type":"Polygon","coordinates":[[[1.7937,45.4455],[1.79,45.4478],[1.7872,45.4429],[1.7829,45.4406],[1.7792,45.4444],[1.7811,45.4493],[1.7795,45.4496],[1.779,45.4567],[1.7812,45.4611],[1.7721,45.4618],[1.769,45.4663],[1.769,45.4713],[1.7735,45.4749],[1.7732,45.4787],[1.7772,45.4812],[1.7909,45.4825],[1.795,45.4859],[1.7977,45.4849],[1.8065,45.4849],[1.8106,45.483],[1.8117,45.481],[1.8102,45.48],[1.8125,45.4794],[1.8314,45.4804],[1.8342,45.4785],[1.8255,45.4713],[1.817,45.4694],[1.8098,45.455],[1.8074,45.4554],[1.8041,45.4517],[1.8061,45.4498],[1.7995,45.4495],[1.7937,45.4455],[1.7937,45.4455]]]}},{"type":"Feature","properties":{"code":"19123","nom":"Malemort","pop":8239},"geometry":{"type":"Polygon","coordinates":[[[1.5518,45.1755],[1.5637,45.182],[1.5587,45.1851],[1.5609,45.1892],[1.5605,45.1926],[1.5663,45.1921],[1.569,45.1941],[1.5739,45.1921],[1.5759,45.1949],[1.5803,45.1961],[1.5837,45.1924],[1.5847,45.194],[1.5936,45.1895],[1.597,45.1911],[1.5959,45.1927],[1.5999,45.1949],[1.6003,45.1978],[1.6157,45.2018],[1.6266,45.2019],[1.6285,45.2048],[1.6304,45.2016],[1.6375,45.2005],[1.622,45.1866],[1.617,45.1858],[1.6202,45.1853],[1.6194,45.1794],[1.6247,45.1757],[1.6218,45.1727],[1.6183,45.1707],[1.6119,45.1709],[1.604,45.1752],[1.5966,45.1762],[1.5985,45.1694],[1.6008,45.1688],[1.5992,45.1661],[1.5921,45.1641],[1.5983,45.1609],[1.5893,45.159],[1.5843,45.1546],[1.581,45.1562],[1.5787,45.1547],[1.5775,45.1565],[1.5712,45.1571],[1.5702,45.1556],[1.5646,45.1582],[1.5579,45.158],[1.5524,45.1659],[1.5527,45.1684],[1.5498,45.17],[1.5518,45.1755],[1.5518,45.1755]]]}},{"type":"Feature","properties":{"code":"19125","nom":"Marcillac-la-Croisille","pop":857},"geometry":{"type":"Polygon","coordinates":[[[2.0675,45.2653],[2.069,45.2617],[2.068,45.2565],[2.0702,45.2541],[2.0684,45.2464],[2.0655,45.2434],[2.0674,45.2419],[2.0669,45.2352],[2.0719,45.2319],[2.0743,45.224],[2.0659,45.2229],[2.0646,45.2154],[2.0502,45.213],[2.0479,45.2087],[2.0408,45.2089],[2.033,45.2215],[2.0185,45.2243],[2.0119,45.2289],[2.014,45.2316],[2.0121,45.2327],[1.9913,45.237],[1.9879,45.2384],[1.9876,45.2407],[1.9866,45.2459],[1.9906,45.2439],[2.0017,45.2495],[2.0026,45.2517],[2.0005,45.2546],[2.0054,45.2565],[1.9994,45.268],[1.9997,45.272],[1.9926,45.2775],[1.9974,45.2824],[1.9963,45.2842],[1.9992,45.2892],[2.0108,45.2854],[2.0194,45.286],[2.0196,45.2874],[2.0381,45.289],[2.0469,45.2922],[2.0507,45.2907],[2.0606,45.2795],[2.0636,45.2687],[2.0675,45.2653],[2.0675,45.2653]]]}},{"type":"Feature","properties":{"code":"19126","nom":"Marcillac-la-Croze","pop":190},"geometry":{"type":"Polygon","coordinates":[[[1.7499,45.0422],[1.7496,45.0358],[1.7471,45.0329],[1.7483,45.0294],[1.7465,45.0279],[1.7499,45.0218],[1.7492,45.0175],[1.736,45.0159],[1.7344,45.0192],[1.7295,45.0218],[1.7258,45.0203],[1.7247,45.0231],[1.7262,45.0255],[1.7232,45.0286],[1.7287,45.0323],[1.7237,45.0351],[1.7234,45.039],[1.7268,45.0466],[1.738,45.0477],[1.7396,45.0507],[1.7445,45.0526],[1.7454,45.0468],[1.7499,45.0422],[1.7499,45.0422]]]}},{"type":"Feature","properties":{"code":"19128","nom":"Margerides","pop":271},"geometry":{"type":"Polygon","coordinates":[[[2.3858,45.4388],[2.3866,45.4411],[2.3887,45.4413],[2.3882,45.4473],[2.3904,45.4492],[2.3879,45.4501],[2.3902,45.452],[2.3884,45.4528],[2.3909,45.4583],[2.3934,45.4575],[2.4033,45.4617],[2.4012,45.4645],[2.4065,45.4654],[2.4074,45.4679],[2.4109,45.4683],[2.4111,45.466],[2.4138,45.4656],[2.4122,45.4675],[2.4156,45.4722],[2.4193,45.4705],[2.4264,45.4711],[2.4282,45.4737],[2.4312,45.4737],[2.4323,45.4758],[2.4379,45.478],[2.4424,45.4731],[2.4494,45.4717],[2.4498,45.4697],[2.4416,45.4684],[2.4427,45.4665],[2.4421,45.459],[2.4406,45.4576],[2.4423,45.4551],[2.4392,45.4538],[2.4401,45.4506],[2.433,45.4499],[2.4313,45.4517],[2.4169,45.4418],[2.4124,45.4447],[2.4025,45.4316],[2.4005,45.4344],[2.4025,45.4356],[2.3997,45.4376],[2.3982,45.436],[2.3902,45.4359],[2.3858,45.4388],[2.3858,45.4388]]]}},{"type":"Feature","properties":{"code":"19129","nom":"Masseret","pop":678},"geometry":{"type":"Polygon","coordinates":[[[1.4997,45.5223],[1.501,45.5312],[1.4849,45.5328],[1.4901,45.5397],[1.492,45.549],[1.5003,45.5518],[1.5086,45.5506],[1.5109,45.5533],[1.5182,45.5555],[1.5168,45.5643],[1.5327,45.5621],[1.5306,45.5596],[1.533,45.5569],[1.5471,45.5543],[1.5428,45.5502],[1.5463,45.5481],[1.5464,45.5394],[1.5499,45.5376],[1.5484,45.531],[1.5447,45.5281],[1.5402,45.5304],[1.5356,45.5311],[1.5323,45.5293],[1.5298,45.5306],[1.5227,45.5278],[1.5217,45.5232],[1.5167,45.5228],[1.5152,45.5264],[1.5056,45.5223],[1.4997,45.5223],[1.4997,45.5223]]]}},{"type":"Feature","properties":{"code":"19130","nom":"Maussac","pop":452},"geometry":{"type":"Polygon","coordinates":[[[2.1334,45.4999],[2.1359,45.4926],[2.1352,45.4898],[2.1443,45.4838],[2.1439,45.4781],[2.1492,45.4744],[2.1493,45.4709],[2.1522,45.4683],[2.1475,45.4652],[2.1521,45.4607],[2.1467,45.4552],[2.1475,45.4521],[2.1418,45.4526],[2.1303,45.4511],[2.1248,45.4534],[2.1129,45.4537],[2.1091,45.4475],[2.1,45.4433],[2.0969,45.4481],[2.1038,45.4589],[2.1065,45.4614],[2.1086,45.4607],[2.1141,45.4665],[2.1129,45.4783],[2.1162,45.4819],[2.1105,45.4955],[2.1272,45.4991],[2.1294,45.4977],[2.1289,45.4989],[2.1334,45.4999],[2.1334,45.4999]]]}},{"type":"Feature","properties":{"code":"19131","nom":"Meilhards","pop":545},"geometry":{"type":"Polygon","coordinates":[[[1.6494,45.5906],[1.6565,45.5853],[1.6606,45.5752],[1.66,45.5717],[1.6653,45.5658],[1.6699,45.565],[1.6716,45.5628],[1.6767,45.5635],[1.6786,45.5611],[1.6767,45.5594],[1.6783,45.5571],[1.6866,45.5556],[1.6854,45.5472],[1.6793,45.5459],[1.6691,45.5346],[1.6682,45.532],[1.6762,45.5282],[1.6736,45.5229],[1.6705,45.5215],[1.666,45.5099],[1.6568,45.5129],[1.6542,45.5101],[1.6464,45.5092],[1.6438,45.5068],[1.637,45.5093],[1.614,45.5108],[1.6092,45.5141],[1.5983,45.5199],[1.5991,45.5232],[1.6005,45.5257],[1.6047,45.5267],[1.6068,45.5306],[1.6101,45.5302],[1.6149,45.5363],[1.611,45.5383],[1.6095,45.5445],[1.5981,45.5477],[1.5849,45.5561],[1.5906,45.5666],[1.5894,45.571],[1.5951,45.5782],[1.5965,45.5766],[1.5993,45.5791],[1.6,45.5815],[1.6021,45.5801],[1.6007,45.5784],[1.6033,45.5777],[1.6116,45.5803],[1.6188,45.5767],[1.6263,45.5772],[1.6275,45.5827],[1.6377,45.5805],[1.6372,45.5844],[1.6434,45.5839],[1.6428,45.5877],[1.6494,45.5906],[1.6494,45.5906]]]}},{"type":"Feature","properties":{"code":"19132","nom":"Ménoire","pop":132},"geometry":{"type":"Polygon","coordinates":[[[1.7905,45.0944],[1.7757,45.1023],[1.7779,45.1074],[1.7774,45.1221],[1.7867,45.1215],[1.7864,45.1159],[1.7935,45.1172],[1.7981,45.1211],[1.8021,45.1202],[1.8049,45.1088],[1.8086,45.1077],[1.8069,45.0997],[1.8128,45.0972],[1.8115,45.0911],[1.8021,45.0927],[1.7951,45.0897],[1.7937,45.0937],[1.7905,45.0944],[1.7905,45.0944]]]}},{"type":"Feature","properties":{"code":"19133","nom":"Mercœur","pop":228},"geometry":{"type":"Polygon","coordinates":[[[1.9265,44.9778],[1.9218,44.976],[1.9139,44.9789],[1.9065,44.9788],[1.9059,44.9897],[1.9023,44.9945],[1.9042,44.9961],[1.9043,45.0002],[1.9067,45.0029],[1.9107,44.9985],[1.9156,44.9994],[1.9167,45.003],[1.9203,45.0033],[1.9239,45.0065],[1.9249,45.013],[1.9293,45.0146],[1.9297,45.0208],[1.9385,45.0238],[1.9434,45.0221],[1.9519,45.024],[1.9549,45.0326],[1.9599,45.0328],[1.9583,45.0395],[1.9617,45.0425],[1.9606,45.0447],[1.9659,45.0459],[1.9761,45.0579],[1.9834,45.0604],[1.9882,45.0577],[1.9895,45.0518],[1.9866,45.0484],[1.9931,45.0415],[1.9936,45.0375],[1.9896,45.0315],[1.9845,45.0289],[1.9863,45.0213],[1.9822,45.0217],[1.9818,45.0177],[1.9786,45.0152],[1.9773,45.0105],[1.9828,45.006],[1.9793,45.0018],[1.9747,45.0004],[1.9777,44.9964],[1.9779,44.9926],[1.9721,44.9883],[1.9557,44.9874],[1.9408,44.9825],[1.9335,44.983],[1.9271,44.9801],[1.9265,44.9778],[1.9265,44.9778]]]}},{"type":"Feature","properties":{"code":"19135","nom":"Mestes","pop":341},"geometry":{"type":"Polygon","coordinates":[[[2.2904,45.502],[2.2855,45.5066],[2.2868,45.5078],[2.2935,45.5062],[2.2975,45.5094],[2.3104,45.5095],[2.3114,45.5141],[2.3125,45.5116],[2.329,45.5122],[2.3261,45.5073],[2.3301,45.5066],[2.3288,45.5035],[2.3328,45.5021],[2.3335,45.4989],[2.3374,45.496],[2.3366,45.4919],[2.34,45.4863],[2.3405,45.483],[2.3478,45.4764],[2.3441,45.4759],[2.3362,45.4795],[2.3122,45.4715],[2.3102,45.4784],[2.3033,45.4863],[2.3051,45.4885],[2.3006,45.4867],[2.2952,45.4885],[2.2946,45.4901],[2.2987,45.4936],[2.2991,45.4987],[2.2904,45.502],[2.2904,45.502]]]}},{"type":"Feature","properties":{"code":"19136","nom":"Meymac","pop":2389},"geometry":{"type":"Polygon","coordinates":[[[2.046,45.5775],[2.0448,45.5848],[2.0524,45.5921],[2.0572,45.5909],[2.0595,45.5937],[2.0835,45.6013],[2.0773,45.6061],[2.076,45.6099],[2.0813,45.6141],[2.0874,45.6148],[2.0902,45.6073],[2.0887,45.6056],[2.0923,45.5985],[2.1096,45.5957],[2.1167,45.5961],[2.1234,45.5995],[2.1302,45.5993],[2.136,45.5894],[2.1403,45.5898],[2.1446,45.5875],[2.1562,45.5933],[2.1623,45.5921],[2.168,45.5935],[2.1804,45.5894],[2.1876,45.5892],[2.1895,45.5812],[2.1965,45.579],[2.1972,45.5739],[2.1957,45.5726],[2.1993,45.5637],[2.2018,45.562],[2.1976,45.5603],[2.1986,45.5572],[2.1969,45.5501],[2.2027,45.5457],[2.2031,45.5431],[2.2085,45.5416],[2.2047,45.538],[2.2045,45.5332],[2.2039,45.5288],[2.1983,45.5246],[2.2018,45.522],[2.2031,45.5062],[2.1976,45.5056],[2.1943,45.5009],[2.1925,45.5016],[2.1911,45.497],[2.1886,45.4962],[2.1893,45.4934],[2.1709,45.4906],[2.1691,45.4953],[2.1592,45.4983],[2.1588,45.5044],[2.1551,45.5085],[2.1491,45.5072],[2.147,45.5042],[2.1385,45.5041],[2.1334,45.4999],[2.1289,45.4989],[2.1294,45.4977],[2.1272,45.4991],[2.111,45.496],[2.1132,45.5011],[2.1245,45.5065],[2.1213,45.5162],[2.1242,45.515],[2.1269,45.5172],[2.126,45.5207],[2.137,45.5234],[2.1357,45.5285],[2.1253,45.5329],[2.1223,45.5368],[2.12,45.5367],[2.1195,45.5393],[2.1135,45.54],[2.1036,45.5466],[2.1095,45.5492],[2.1062,45.5525],[2.0988,45.5551],[2.095,45.5533],[2.0811,45.5577],[2.073,45.5577],[2.0678,45.5663],[2.0674,45.5712],[2.0565,45.5767],[2.046,45.5775],[2.046,45.5775]]]}},{"type":"Feature","properties":{"code":"19137","nom":"Meyrignac-l'Église","pop":64},"geometry":{"type":"Polygon","coordinates":[[[1.879,45.4221],[1.8843,45.4224],[1.8939,45.4283],[1.8912,45.4205],[1.8925,45.4159],[1.8952,45.4146],[1.8942,45.4129],[1.8919,45.4134],[1.8939,45.4123],[1.8914,45.4084],[1.8924,45.4076],[1.8872,45.403],[1.8869,45.4067],[1.8682,45.41],[1.8638,45.401],[1.8647,45.3993],[1.8616,45.3977],[1.8651,45.39],[1.8576,45.3827],[1.8478,45.3862],[1.8419,45.3835],[1.8364,45.3842],[1.836,45.3866],[1.8303,45.3845],[1.8265,45.3884],[1.8264,45.3923],[1.83,45.3954],[1.8378,45.3967],[1.8453,45.4095],[1.8558,45.4194],[1.8713,45.4133],[1.879,45.4189],[1.879,45.4221],[1.879,45.4221]]]}},{"type":"Feature","properties":{"code":"19138","nom":"Meyssac","pop":1310},"geometry":{"type":"Polygon","coordinates":[[[1.6675,45.0366],[1.6695,45.0587],[1.6667,45.0646],[1.6685,45.0691],[1.6719,45.0709],[1.6709,45.0727],[1.6755,45.073],[1.6789,45.0707],[1.6832,45.0719],[1.6955,45.0659],[1.7001,45.0657],[1.6995,45.063],[1.7049,45.0637],[1.7067,45.05],[1.7012,45.045],[1.6931,45.0417],[1.6941,45.0385],[1.692,45.0345],[1.6945,45.0327],[1.6885,45.0292],[1.6886,45.0249],[1.6814,45.0237],[1.6812,45.028],[1.6719,45.0276],[1.671,45.0324],[1.6675,45.0366],[1.6675,45.0366]]]}},{"type":"Feature","properties":{"code":"19139","nom":"Millevaches","pop":79},"geometry":{"type":"Polygon","coordinates":[[[2.1113,45.6447],[2.1133,45.6408],[2.1077,45.6372],[2.1038,45.6313],[2.1013,45.6345],[2.0883,45.6347],[2.0865,45.6309],[2.0815,45.6314],[2.086,45.6283],[2.0849,45.6269],[2.0731,45.6226],[2.0714,45.6298],[2.0696,45.6345],[2.0624,45.6409],[2.0707,45.6549],[2.0841,45.6656],[2.093,45.6583],[2.0919,45.6564],[2.0939,45.6555],[2.0999,45.6606],[2.1105,45.6643],[2.1189,45.6587],[2.1159,45.6576],[2.1151,45.6525],[2.11,45.646],[2.1113,45.6447],[2.1113,45.6447]]]}},{"type":"Feature","properties":{"code":"19140","nom":"Monceaux-sur-Dordogne","pop":628},"geometry":{"type":"Polygon","coordinates":[[[1.8645,45.0483],[1.8615,45.0529],[1.8555,45.0536],[1.8533,45.0559],[1.8544,45.0568],[1.8508,45.0566],[1.8468,45.0725],[1.8493,45.074],[1.8494,45.0768],[1.8439,45.0824],[1.8495,45.0881],[1.8495,45.0905],[1.8446,45.0986],[1.849,45.1002],[1.8542,45.0986],[1.855,45.1014],[1.862,45.0975],[1.8635,45.1],[1.8672,45.1005],[1.8646,45.1063],[1.8728,45.1023],[1.8774,45.1032],[1.8858,45.0995],[1.887,45.0961],[1.8971,45.096],[1.9044,45.0906],[1.9118,45.0935],[1.914,45.0969],[1.9146,45.0951],[1.9189,45.0958],[1.925,45.0935],[1.9292,45.0844],[1.9344,45.0794],[1.9308,45.0744],[1.9269,45.0728],[1.9316,45.0699],[1.928,45.069],[1.9299,45.0674],[1.9276,45.0666],[1.9352,45.0522],[1.9322,45.0517],[1.9331,45.0502],[1.9314,45.0496],[1.9264,45.0497],[1.9275,45.0455],[1.9153,45.0403],[1.9063,45.0459],[1.8993,45.0428],[1.8918,45.0467],[1.882,45.0443],[1.8744,45.0462],[1.8694,45.0438],[1.8645,45.0483],[1.8645,45.0483]]]}},{"type":"Feature","properties":{"code":"19143","nom":"Montaignac-sur-Doustre","pop":633},"geometry":{"type":"Polygon","coordinates":[[[2.0355,45.3642],[2.0296,45.3636],[2.026,45.3601],[2.0283,45.3563],[2.0321,45.3552],[2.0266,45.3515],[2.0367,45.3481],[2.0368,45.3527],[2.0506,45.3518],[2.054,45.3548],[2.0558,45.3542],[2.0634,45.3447],[2.0627,45.3399],[2.0595,45.3379],[2.0598,45.3345],[2.0681,45.3332],[2.0696,45.3301],[2.0754,45.329],[2.0764,45.3232],[2.0793,45.3302],[2.0814,45.3304],[2.0891,45.3204],[2.0741,45.3079],[2.063,45.3053],[2.0596,45.3094],[2.053,45.3081],[2.0485,45.3109],[2.0443,45.3097],[2.0462,45.3128],[2.0425,45.3135],[2.0398,45.3167],[2.0281,45.3114],[2.0267,45.3132],[2.0247,45.3115],[2.0207,45.3129],[2.021,45.3143],[2.0187,45.3151],[2.02,45.3175],[2.0157,45.3197],[2.0093,45.3187],[2.0074,45.3201],[2.0087,45.3231],[2.0058,45.3251],[2.0075,45.3255],[2.0093,45.3337],[2.005,45.3371],[1.9821,45.3372],[1.9719,45.3412],[1.9708,45.3396],[1.9678,45.3427],[1.9733,45.3422],[1.9688,45.345],[1.965,45.3451],[1.9704,45.3472],[1.9698,45.3517],[1.9722,45.3541],[1.9717,45.3563],[1.9675,45.3587],[1.9731,45.3612],[1.9742,45.3585],[1.9761,45.3586],[1.9779,45.3622],[1.9864,45.363],[1.9964,45.3596],[1.9975,45.3648],[2.0156,45.3621],[2.0191,45.3675],[2.0261,45.3655],[2.0323,45.367],[2.0294,45.3645],[2.0343,45.366],[2.0355,45.3642],[2.0355,45.3642]]]}},{"type":"Feature","properties":{"code":"19144","nom":"Montgibaud","pop":251},"geometry":{"type":"Polygon","coordinates":[[[1.3914,45.5074],[1.3943,45.5065],[1.3958,45.5099],[1.3992,45.5118],[1.3976,45.5123],[1.3984,45.5173],[1.4076,45.5242],[1.4071,45.5268],[1.4159,45.5284],[1.4212,45.5314],[1.4313,45.5278],[1.4335,45.5231],[1.4326,45.5203],[1.439,45.5224],[1.443,45.5137],[1.4537,45.5088],[1.4517,45.5014],[1.4476,45.5006],[1.443,45.4951],[1.4287,45.4954],[1.4262,45.4894],[1.4122,45.4922],[1.4079,45.4963],[1.3893,45.4963],[1.3914,45.5074],[1.3914,45.5074]]]}},{"type":"Feature","properties":{"code":"19145","nom":"Moustier-Ventadour","pop":405},"geometry":{"type":"Polygon","coordinates":[[[2.1453,45.3483],[2.1362,45.3469],[2.1296,45.3521],[2.1265,45.3517],[2.1236,45.3542],[2.1123,45.3528],[2.1083,45.3564],[2.0996,45.3581],[2.0861,45.3535],[2.0838,45.3571],[2.0692,45.3532],[2.0699,45.3547],[2.0676,45.3571],[2.081,45.3617],[2.0735,45.3666],[2.0719,45.3714],[2.0641,45.3731],[2.06,45.3769],[2.0603,45.3847],[2.0651,45.3889],[2.0647,45.3932],[2.0684,45.3983],[2.0671,45.4007],[2.0689,45.4099],[2.0721,45.4138],[2.0776,45.4131],[2.0805,45.4152],[2.0822,45.4125],[2.0806,45.4075],[2.0849,45.4054],[2.0889,45.4053],[2.0872,45.4088],[2.089,45.4069],[2.087,45.4022],[2.0891,45.4046],[2.0928,45.4018],[2.0973,45.4046],[2.1016,45.4042],[2.1092,45.3978],[2.1092,45.3958],[2.1154,45.3941],[2.118,45.3951],[2.1184,45.3979],[2.1162,45.4047],[2.1178,45.4069],[2.1162,45.4075],[2.12,45.413],[2.1257,45.4148],[2.1299,45.4088],[2.1276,45.4045],[2.13,45.402],[2.1283,45.395],[2.131,45.3907],[2.1276,45.3833],[2.1351,45.3801],[2.1329,45.3741],[2.1297,45.3731],[2.1302,45.3706],[2.1414,45.3639],[2.1368,45.3603],[2.1426,45.3588],[2.1489,45.3607],[2.149,45.3557],[2.1409,45.3565],[2.1457,45.3506],[2.1453,45.3483],[2.1453,45.3483]]]}},{"type":"Feature","properties":{"code":"19146","nom":"Naves","pop":2281},"geometry":{"type":"Polygon","coordinates":[[[1.7887,45.2933],[1.7899,45.2912],[1.7854,45.2888],[1.777,45.2935],[1.7744,45.2972],[1.7683,45.2944],[1.7627,45.2979],[1.7578,45.2942],[1.7435,45.2926],[1.7385,45.295],[1.7303,45.295],[1.7262,45.2899],[1.7228,45.2888],[1.7275,45.288],[1.7367,45.2738],[1.7316,45.2708],[1.7221,45.2716],[1.7171,45.2758],[1.7143,45.2759],[1.7072,45.2828],[1.7074,45.2859],[1.7096,45.2873],[1.7066,45.2904],[1.7108,45.2919],[1.7098,45.2936],[1.7117,45.2939],[1.7132,45.2981],[1.7088,45.3006],[1.7103,45.3011],[1.7096,45.3026],[1.7052,45.3037],[1.7016,45.3089],[1.7177,45.311],[1.7171,45.3126],[1.7187,45.3128],[1.7153,45.3137],[1.719,45.3139],[1.7175,45.3154],[1.7194,45.3184],[1.7167,45.3192],[1.7235,45.3245],[1.7279,45.3241],[1.7282,45.3275],[1.7258,45.3266],[1.7233,45.3283],[1.7219,45.3266],[1.7227,45.3283],[1.7204,45.3289],[1.7193,45.333],[1.7235,45.3327],[1.7234,45.3346],[1.726,45.3342],[1.7252,45.3329],[1.7282,45.3358],[1.7302,45.3347],[1.7324,45.3374],[1.7336,45.3361],[1.7377,45.3383],[1.7305,45.34],[1.7286,45.3425],[1.7322,45.345],[1.732,45.3476],[1.734,45.3456],[1.743,45.3464],[1.7394,45.3522],[1.7415,45.3511],[1.7486,45.3539],[1.7499,45.35],[1.7605,45.3497],[1.7604,45.3474],[1.7631,45.3504],[1.7798,45.3442],[1.7813,45.3386],[1.7875,45.3365],[1.7935,45.3373],[1.7913,45.3356],[1.792,45.3335],[1.785,45.3316],[1.791,45.3295],[1.7888,45.3228],[1.7958,45.3197],[1.7909,45.3181],[1.7872,45.3124],[1.7806,45.3106],[1.7979,45.3015],[1.7993,45.2985],[1.7894,45.2956],[1.7887,45.2933],[1.7887,45.2933]]]}},{"type":"Feature","properties":{"code":"19148","nom":"Neuvic","pop":1567},"geometry":{"type":"Polygon","coordinates":[[[2.2761,45.2885],[2.2694,45.2903],[2.2681,45.2924],[2.2703,45.3048],[2.262,45.3055],[2.2581,45.3096],[2.2616,45.3116],[2.2578,45.311],[2.2546,45.3212],[2.2602,45.3233],[2.2619,45.3264],[2.2573,45.326],[2.2533,45.3288],[2.2557,45.3354],[2.2413,45.3418],[2.2364,45.3416],[2.2352,45.3391],[2.2304,45.3468],[2.2249,45.3474],[2.2177,45.3523],[2.2194,45.3558],[2.2175,45.364],[2.2104,45.369],[2.2093,45.372],[2.2118,45.3733],[2.207,45.3751],[2.2154,45.3771],[2.2177,45.3837],[2.2089,45.3858],[2.2099,45.3882],[2.214,45.3901],[2.2111,45.3927],[2.2074,45.3925],[2.2081,45.3954],[2.2038,45.3962],[2.2045,45.3978],[2.2014,45.3991],[2.2016,45.4066],[2.2128,45.4128],[2.2163,45.4225],[2.2198,45.4222],[2.2221,45.4195],[2.2331,45.4218],[2.2373,45.4258],[2.261,45.4327],[2.2611,45.4364],[2.2666,45.4367],[2.2721,45.4395],[2.2798,45.4309],[2.2784,45.4246],[2.2899,45.419],[2.2917,45.4097],[2.2879,45.4074],[2.2868,45.4038],[2.2933,45.4005],[2.2922,45.3955],[2.3002,45.3869],[2.2979,45.3826],[2.2993,45.3798],[2.2968,45.3776],[2.2993,45.3749],[2.2959,45.3708],[2.297,45.3665],[2.2918,45.3634],[2.2928,45.3604],[2.2883,45.354],[2.2909,45.3528],[2.2886,45.3512],[2.2893,45.3499],[2.2877,45.3502],[2.288,45.3468],[2.2853,45.3442],[2.2869,45.3412],[2.295,45.3404],[2.2904,45.3375],[2.2928,45.3326],[2.2908,45.3295],[2.2931,45.3281],[2.2892,45.3276],[2.2883,45.3255],[2.2902,45.3229],[2.2882,45.3211],[2.2916,45.3196],[2.291,45.3128],[2.2979,45.3147],[2.3059,45.3104],[2.3059,45.3077],[2.2888,45.2871],[2.2761,45.2885],[2.2761,45.2885]]]}},{"type":"Feature","properties":{"code":"19149","nom":"Neuville","pop":201},"geometry":{"type":"Polygon","coordinates":[[[1.801,45.1204],[1.8101,45.1186],[1.8179,45.1225],[1.8321,45.1244],[1.8337,45.12],[1.8416,45.1176],[1.8441,45.1127],[1.843,45.1081],[1.845,45.1075],[1.8509,45.1094],[1.8554,45.1156],[1.8581,45.1143],[1.8604,45.1214],[1.8678,45.1202],[1.8713,45.1229],[1.8725,45.1201],[1.8841,45.1186],[1.8915,45.1147],[1.8871,45.1114],[1.8885,45.1081],[1.8935,45.1073],[1.8896,45.1046],[1.8885,45.1014],[1.8906,45.0965],[1.8871,45.0957],[1.8858,45.0995],[1.8774,45.1032],[1.8728,45.1023],[1.8646,45.1063],[1.8672,45.1005],[1.8635,45.1],[1.862,45.0975],[1.8547,45.1014],[1.8542,45.0986],[1.849,45.1002],[1.8353,45.0984],[1.8337,45.0963],[1.8287,45.0971],[1.8256,45.1001],[1.822,45.0963],[1.8174,45.0987],[1.8127,45.0969],[1.8069,45.0997],[1.8085,45.1083],[1.8049,45.1088],[1.8026,45.1197],[1.801,45.1204],[1.801,45.1204]]]}},{"type":"Feature","properties":{"code":"19150","nom":"Noailhac","pop":348},"geometry":{"type":"Polygon","coordinates":[[[1.6534,45.1006],[1.6517,45.098],[1.6524,45.0952],[1.6563,45.0942],[1.6535,45.0934],[1.6534,45.0905],[1.6418,45.0912],[1.6365,45.0833],[1.6357,45.0779],[1.6296,45.0728],[1.6297,45.0701],[1.6202,45.0643],[1.6024,45.0572],[1.6031,45.0651],[1.6003,45.0682],[1.5918,45.0713],[1.5867,45.0723],[1.594,45.0836],[1.5948,45.0918],[1.6062,45.0979],[1.6063,45.1013],[1.6246,45.0989],[1.6304,45.0959],[1.6377,45.0998],[1.6437,45.0986],[1.6534,45.1006],[1.6534,45.1006]]]}},{"type":"Feature","properties":{"code":"19151","nom":"Noailles","pop":945},"geometry":{"type":"Polygon","coordinates":[[[1.4983,45.11],[1.5021,45.1094],[1.5058,45.1113],[1.5091,45.1143],[1.51,45.12],[1.5169,45.1226],[1.5206,45.1171],[1.5279,45.1162],[1.533,45.1117],[1.5446,45.1074],[1.5468,45.1013],[1.5453,45.0953],[1.526,45.0909],[1.5239,45.0896],[1.5253,45.0856],[1.5327,45.0807],[1.5278,45.0771],[1.5097,45.0751],[1.5105,45.0792],[1.5081,45.0808],[1.4956,45.0832],[1.4984,45.0857],[1.5019,45.0856],[1.4986,45.0927],[1.494,45.0937],[1.4964,45.0954],[1.4982,45.1014],[1.4965,45.105],[1.4983,45.11],[1.4983,45.11]]]}},{"type":"Feature","properties":{"code":"19152","nom":"Nonards","pop":482},"geometry":{"type":"Polygon","coordinates":[[[1.7913,45.0119],[1.7889,45.0142],[1.7893,45.0165],[1.8011,45.0183],[1.7968,45.0224],[1.7927,45.0226],[1.7892,45.028],[1.8031,45.026],[1.7976,45.0353],[1.8004,45.0397],[1.8086,45.0452],[1.8125,45.0455],[1.8132,45.043],[1.8176,45.0449],[1.8204,45.0439],[1.8264,45.035],[1.8281,45.0311],[1.8273,45.0226],[1.8221,45.0197],[1.8173,45.0191],[1.8166,45.0157],[1.8197,45.0109],[1.8252,45.0107],[1.8237,45.0082],[1.8269,45.0046],[1.832,45.004],[1.8381,45.0071],[1.8388,45.0058],[1.8296,45.0003],[1.8235,45.004],[1.822,45.0029],[1.8191,45.0066],[1.8121,45.0022],[1.7921,44.997],[1.7873,44.9991],[1.789,44.9993],[1.7878,45.0066],[1.7948,45.0113],[1.7913,45.0119],[1.7913,45.0119]]]}},{"type":"Feature","properties":{"code":"19153","nom":"Objat","pop":3721},"geometry":{"type":"Polygon","coordinates":[[[1.4289,45.268],[1.4282,45.2642],[1.435,45.2588],[1.4365,45.2506],[1.4304,45.2512],[1.4122,45.2416],[1.4069,45.2426],[1.4083,45.2438],[1.4063,45.245],[1.4069,45.2468],[1.4097,45.2475],[1.4079,45.2497],[1.4027,45.2526],[1.3996,45.2518],[1.3942,45.2557],[1.3972,45.2651],[1.3985,45.2678],[1.3953,45.2723],[1.3973,45.274],[1.3963,45.2782],[1.3989,45.2785],[1.4012,45.2832],[1.4033,45.2829],[1.403,45.2876],[1.4077,45.2905],[1.4115,45.2897],[1.4119,45.2841],[1.4146,45.283],[1.413,45.278],[1.4141,45.2754],[1.4115,45.2719],[1.4194,45.2716],[1.4265,45.2744],[1.4289,45.2721],[1.4289,45.268],[1.4289,45.268]]]}},{"type":"Feature","properties":{"code":"19154","nom":"Orgnac-sur-Vézère","pop":325},"geometry":{"type":"Polygon","coordinates":[[[1.4603,45.3676],[1.4733,45.3651],[1.4739,45.3577],[1.4806,45.3581],[1.4851,45.3557],[1.4925,45.3574],[1.4946,45.3539],[1.4929,45.3514],[1.4985,45.3479],[1.4936,45.3398],[1.4899,45.3387],[1.4888,45.335],[1.4821,45.3323],[1.4808,45.33],[1.4766,45.3305],[1.4669,45.3256],[1.4666,45.3242],[1.4701,45.3231],[1.4742,45.3251],[1.4767,45.324],[1.4686,45.3168],[1.4602,45.3181],[1.4584,45.321],[1.4525,45.3233],[1.4491,45.3171],[1.4497,45.3139],[1.4443,45.3129],[1.4354,45.3166],[1.4249,45.3178],[1.4274,45.3193],[1.4259,45.3209],[1.4278,45.3218],[1.4274,45.326],[1.4316,45.3271],[1.4366,45.3335],[1.4399,45.3335],[1.4378,45.3375],[1.4403,45.3373],[1.4419,45.3398],[1.4404,45.3417],[1.4429,45.3431],[1.4415,45.3447],[1.4441,45.3446],[1.4468,45.3492],[1.4419,45.3496],[1.4454,45.3517],[1.4432,45.3548],[1.4473,45.3565],[1.4496,45.3602],[1.4465,45.3639],[1.4505,45.364],[1.4503,45.3669],[1.4524,45.3684],[1.4603,45.3676],[1.4603,45.3676]]]}},{"type":"Feature","properties":{"code":"19155","nom":"Orliac-de-Bar","pop":256},"geometry":{"type":"Polygon","coordinates":[[[1.8224,45.3624],[1.8209,45.3645],[1.8101,45.364],[1.8033,45.3509],[1.807,45.3441],[1.8005,45.3413],[1.7973,45.3441],[1.7922,45.3413],[1.7888,45.3442],[1.7922,45.3474],[1.7907,45.3552],[1.7924,45.3576],[1.789,45.3586],[1.7893,45.3611],[1.7857,45.3613],[1.7863,45.3631],[1.7837,45.3651],[1.7857,45.3663],[1.785,45.3696],[1.7782,45.3708],[1.7793,45.3723],[1.778,45.3721],[1.7797,45.373],[1.7782,45.3765],[1.7873,45.379],[1.786,45.3834],[1.7935,45.3869],[1.7927,45.3945],[1.7948,45.3974],[1.8041,45.3996],[1.8104,45.3964],[1.8122,45.3988],[1.821,45.3999],[1.8283,45.3938],[1.8262,45.3889],[1.8308,45.3816],[1.8292,45.3824],[1.825,45.3793],[1.827,45.377],[1.8259,45.3737],[1.8286,45.3725],[1.828,45.3678],[1.8224,45.3624],[1.8224,45.3624]]]}},{"type":"Feature","properties":{"code":"19156","nom":"Palazinges","pop":162},"geometry":{"type":"Polygon","coordinates":[[[1.7144,45.1661],[1.7177,45.1621],[1.7158,45.1546],[1.7063,45.1533],[1.7021,45.1573],[1.6873,45.1551],[1.6821,45.1637],[1.6754,45.1654],[1.6748,45.1675],[1.6779,45.1682],[1.6807,45.1694],[1.6797,45.1713],[1.6832,45.1746],[1.6896,45.176],[1.6936,45.1729],[1.7005,45.1743],[1.712,45.1706],[1.7144,45.1661],[1.7144,45.1661]]]}},{"type":"Feature","properties":{"code":"19157","nom":"Palisse","pop":224},"geometry":{"type":"Polygon","coordinates":[[[2.1438,45.422],[2.1446,45.4303],[2.1484,45.4338],[2.1558,45.4373],[2.166,45.4381],[2.1764,45.4461],[2.1797,45.4458],[2.1817,45.4487],[2.1934,45.4521],[2.1942,45.4548],[2.2022,45.4569],[2.2083,45.451],[2.2227,45.4547],[2.2389,45.4542],[2.24,45.4516],[2.2515,45.4525],[2.2503,45.4552],[2.2522,45.4563],[2.2655,45.4603],[2.2692,45.4518],[2.2701,45.4441],[2.2721,45.4395],[2.2666,45.4367],[2.2611,45.4364],[2.261,45.4327],[2.2373,45.4258],[2.2331,45.4218],[2.2256,45.42],[2.2221,45.4195],[2.2198,45.4222],[2.2163,45.4225],[2.2128,45.4128],[2.2012,45.4062],[2.1926,45.4067],[2.1919,45.4082],[2.1949,45.4116],[2.1923,45.4125],[2.1814,45.4139],[2.1768,45.412],[2.1752,45.4141],[2.1701,45.4105],[2.1674,45.4139],[2.1592,45.4134],[2.1558,45.416],[2.1446,45.4149],[2.1433,45.4156],[2.1457,45.4175],[2.1425,45.4203],[2.1438,45.422],[2.1438,45.422]]]}},{"type":"Feature","properties":{"code":"19158","nom":"Pandrignes","pop":172},"geometry":{"type":"Polygon","coordinates":[[[1.8388,45.2205],[1.8443,45.231],[1.8461,45.2402],[1.8632,45.2395],[1.868,45.2326],[1.8611,45.2301],[1.8621,45.2278],[1.8713,45.226],[1.8722,45.2245],[1.8703,45.2247],[1.8725,45.2211],[1.8741,45.2234],[1.8763,45.2213],[1.8863,45.2161],[1.8839,45.2148],[1.8869,45.2154],[1.8879,45.2118],[1.8791,45.21],[1.8751,45.2122],[1.8653,45.2084],[1.8642,45.1997],[1.8579,45.2037],[1.8569,45.2068],[1.8604,45.2077],[1.8588,45.2091],[1.8533,45.2085],[1.8436,45.2121],[1.8388,45.2205],[1.8388,45.2205]]]}},{"type":"Feature","properties":{"code":"19159","nom":"Péret-Bel-Air","pop":84},"geometry":{"type":"Polygon","coordinates":[[[2.054,45.4734],[2.0438,45.4665],[2.039,45.456],[2.0392,45.4525],[2.0359,45.4526],[2.0337,45.4482],[2.0352,45.4473],[2.0316,45.4467],[2.0312,45.451],[2.0271,45.4515],[2.0235,45.4547],[2.0155,45.4534],[2.0086,45.456],[1.9959,45.4565],[1.9987,45.4637],[1.9992,45.4791],[2.001,45.4818],[2.0159,45.4845],[2.0204,45.4931],[2.0198,45.4952],[2.0233,45.494],[2.0291,45.4959],[2.0523,45.4883],[2.0551,45.4851],[2.0564,45.4785],[2.054,45.4734],[2.054,45.4734]]]}},{"type":"Feature","properties":{"code":"19160","nom":"Pérols-sur-Vézère","pop":201},"geometry":{"type":"Polygon","coordinates":[[[2.0676,45.5671],[2.0524,45.5574],[2.0526,45.5542],[2.0475,45.5516],[2.0476,45.5476],[2.0517,45.5449],[2.0542,45.5402],[2.0389,45.5346],[2.0401,45.5254],[2.023,45.5344],[2.0168,45.5317],[2.0187,45.5341],[2.0176,45.5378],[2.005,45.5496],[2.0056,45.5512],[2.0103,45.551],[2.0081,45.5543],[2.0103,45.5622],[2.0074,45.5667],[2.0053,45.5639],[1.9844,45.5615],[1.981,45.559],[1.9798,45.549],[1.977,45.5483],[1.9701,45.5545],[1.9587,45.5531],[1.9571,45.5543],[1.9545,45.5583],[1.9574,45.5622],[1.9557,45.5642],[1.9568,45.5672],[1.9599,45.5691],[1.9583,45.5708],[1.9572,45.5724],[1.9536,45.5717],[1.9537,45.5786],[1.9503,45.5821],[1.9566,45.5837],[1.9594,45.5887],[1.9577,45.5914],[1.9529,45.5931],[1.9528,45.5954],[1.9637,45.5946],[1.9606,45.6037],[1.9573,45.6056],[1.9562,45.6138],[1.962,45.6147],[1.9634,45.6175],[1.9725,45.6208],[1.9751,45.6197],[1.9775,45.6123],[1.9933,45.6124],[1.9949,45.6139],[1.9993,45.6103],[2.0062,45.6117],[2.017,45.6087],[2.0213,45.6095],[2.0212,45.6076],[2.0297,45.6049],[2.0298,45.6021],[2.0246,45.5983],[2.0239,45.5943],[2.0173,45.5947],[2.0186,45.5893],[2.0289,45.5829],[2.0336,45.5757],[2.0506,45.5783],[2.0512,45.5764],[2.0565,45.5767],[2.0674,45.5712],[2.0676,45.5671],[2.0676,45.5671]]]}},{"type":"Feature","properties":{"code":"19162","nom":"Perpezac-le-Noir","pop":1270},"geometry":{"type":"Polygon","coordinates":[[[1.5152,45.3473],[1.5196,45.3497],[1.5178,45.3501],[1.5197,45.3524],[1.5228,45.3532],[1.5238,45.3576],[1.5304,45.3569],[1.5289,45.3543],[1.5305,45.3529],[1.5401,45.3531],[1.5422,45.356],[1.5488,45.3581],[1.566,45.3554],[1.5703,45.3648],[1.5753,45.368],[1.578,45.3626],[1.5828,45.3603],[1.5823,45.3559],[1.5859,45.3561],[1.5864,45.3534],[1.5839,45.353],[1.5867,45.3521],[1.5873,45.3489],[1.5836,45.3439],[1.5861,45.3415],[1.5925,45.3419],[1.5897,45.337],[1.5877,45.3365],[1.5897,45.3354],[1.5927,45.3278],[1.5918,45.3257],[1.5933,45.3251],[1.5799,45.3208],[1.5766,45.3225],[1.5748,45.3266],[1.574,45.3244],[1.5695,45.3241],[1.5683,45.3202],[1.5724,45.3202],[1.5719,45.3173],[1.5631,45.3133],[1.5597,45.306],[1.56,45.3081],[1.5552,45.3102],[1.5557,45.3127],[1.5538,45.3142],[1.5472,45.3148],[1.5463,45.3161],[1.5487,45.3167],[1.5472,45.3184],[1.5418,45.3174],[1.5381,45.3211],[1.5341,45.3217],[1.528,45.314],[1.524,45.3154],[1.5216,45.3203],[1.5194,45.3201],[1.5189,45.3227],[1.5141,45.3253],[1.5108,45.3314],[1.5112,45.3358],[1.5213,45.3427],[1.5152,45.3473],[1.5152,45.3473]]]}},{"type":"Feature","properties":{"code":"19163","nom":"Le Pescher","pop":365},"geometry":{"type":"Polygon","coordinates":[[[1.7905,45.0944],[1.7874,45.0867],[1.777,45.0801],[1.7635,45.0766],[1.7645,45.0751],[1.7523,45.0654],[1.7527,45.0626],[1.7514,45.0598],[1.7481,45.0588],[1.7476,45.0537],[1.7441,45.0537],[1.7346,45.0674],[1.7358,45.0691],[1.7338,45.0768],[1.7401,45.0804],[1.7426,45.0851],[1.7469,45.0832],[1.7462,45.081],[1.7476,45.0803],[1.749,45.0887],[1.7514,45.09],[1.7487,45.0949],[1.7604,45.0969],[1.7608,45.1],[1.7569,45.1014],[1.7581,45.1022],[1.7771,45.1049],[1.7763,45.1018],[1.7827,45.0999],[1.7819,45.0989],[1.7905,45.0944],[1.7905,45.0944]]]}},{"type":"Feature","properties":{"code":"19164","nom":"Peyrelevade","pop":824},"geometry":{"type":"Polygon","coordinates":[[[2.0845,45.7364],[2.0834,45.7202],[2.0802,45.7157],[2.0766,45.7158],[2.0763,45.708],[2.0728,45.7085],[2.0727,45.7041],[2.0745,45.7047],[2.0745,45.7033],[2.072,45.7014],[2.0723,45.6969],[2.0666,45.6969],[2.0705,45.6956],[2.0693,45.6942],[2.071,45.6917],[2.0671,45.6884],[2.0708,45.6909],[2.0723,45.6891],[2.077,45.689],[2.0769,45.6854],[2.0714,45.6815],[2.0863,45.6682],[2.0846,45.665],[2.0707,45.6549],[2.0603,45.6602],[2.0527,45.6583],[2.0379,45.6642],[2.0302,45.662],[2.0277,45.6662],[2.0204,45.6705],[2.0184,45.677],[2.013,45.6765],[2.0137,45.6789],[2.0055,45.6767],[2.0045,45.6815],[1.9955,45.6835],[1.9939,45.6878],[1.9951,45.6903],[2.0006,45.6908],[2.0028,45.6936],[2.0019,45.6962],[1.9975,45.6959],[1.9923,45.6983],[1.9866,45.6961],[1.9708,45.6994],[1.9763,45.7029],[1.975,45.7045],[1.9768,45.7078],[1.98,45.7096],[1.9772,45.7107],[1.9761,45.7138],[1.9782,45.7162],[1.9761,45.718],[1.9811,45.7183],[1.9853,45.7211],[1.9914,45.7208],[1.991,45.7256],[1.9995,45.733],[2.0005,45.7401],[1.9983,45.7416],[2.0007,45.744],[1.9998,45.7463],[2.0015,45.7491],[2.0179,45.7557],[2.0267,45.7563],[2.0363,45.754],[2.0467,45.7639],[2.052,45.7652],[2.0547,45.7637],[2.0577,45.7558],[2.0608,45.753],[2.0675,45.7516],[2.0719,45.7477],[2.0839,45.746],[2.0855,45.7427],[2.0833,45.7391],[2.0845,45.7364],[2.0845,45.7364]]]}},{"type":"Feature","properties":{"code":"19165","nom":"Peyrissac","pop":133},"geometry":{"type":"Polygon","coordinates":[[[1.6662,45.5103],[1.6679,45.5154],[1.6741,45.5131],[1.6834,45.5162],[1.6895,45.5137],[1.6922,45.5102],[1.6972,45.5093],[1.6993,45.5118],[1.7046,45.5112],[1.7071,45.5164],[1.7138,45.518],[1.7159,45.512],[1.7205,45.5106],[1.718,45.5077],[1.7099,45.5036],[1.7092,45.5005],[1.7026,45.4997],[1.696,45.4905],[1.6913,45.489],[1.6887,45.4906],[1.6896,45.4932],[1.6878,45.4937],[1.6856,45.4999],[1.6819,45.5024],[1.6711,45.5043],[1.6702,45.5072],[1.6719,45.5087],[1.6662,45.5103],[1.6662,45.5103]]]}},{"type":"Feature","properties":{"code":"19166","nom":"Pierrefitte","pop":93},"geometry":{"type":"Polygon","coordinates":[[[1.6085,45.4255],[1.6165,45.4266],[1.6211,45.4297],[1.6288,45.4298],[1.6284,45.4319],[1.6338,45.4372],[1.6388,45.4358],[1.6471,45.4376],[1.654,45.4464],[1.6629,45.4412],[1.6659,45.4422],[1.6664,45.4397],[1.6729,45.4352],[1.6782,45.4282],[1.6747,45.4263],[1.6748,45.4246],[1.6769,45.4203],[1.674,45.4209],[1.6714,45.4183],[1.6727,45.4165],[1.6689,45.417],[1.6691,45.4139],[1.6644,45.413],[1.6544,45.4182],[1.646,45.4146],[1.6447,45.416],[1.6435,45.4141],[1.6422,45.4189],[1.6292,45.4218],[1.6238,45.4195],[1.621,45.421],[1.6219,45.4225],[1.6183,45.4216],[1.6163,45.4232],[1.6121,45.4212],[1.612,45.4238],[1.6102,45.4232],[1.6085,45.4255],[1.6085,45.4255]]]}},{"type":"Feature","properties":{"code":"19168","nom":"Pradines","pop":92},"geometry":{"type":"Polygon","coordinates":[[[1.8936,45.4806],[1.8893,45.4796],[1.8849,45.4848],[1.8742,45.4855],[1.8715,45.4839],[1.8652,45.4872],[1.8725,45.4922],[1.8711,45.4972],[1.8821,45.5008],[1.8841,45.5116],[1.8892,45.5132],[1.8879,45.5159],[1.8903,45.5164],[1.8901,45.5195],[1.8931,45.5192],[1.8891,45.5258],[1.8907,45.5341],[1.897,45.5323],[1.8962,45.5363],[1.8999,45.5362],[1.9152,45.5319],[1.9232,45.5343],[1.9278,45.53],[1.9404,45.5274],[1.9442,45.5285],[1.9436,45.5307],[1.9463,45.5285],[1.949,45.5293],[1.9463,45.5258],[1.9577,45.5205],[1.9496,45.5143],[1.9451,45.5048],[1.9418,45.5054],[1.94,45.5084],[1.9357,45.5049],[1.9284,45.5115],[1.9193,45.51],[1.9125,45.5055],[1.9138,45.5027],[1.9121,45.5025],[1.9116,45.4987],[1.9145,45.4975],[1.9144,45.4941],[1.8995,45.4913],[1.8936,45.4806],[1.8936,45.4806]]]}},{"type":"Feature","properties":{"code":"19169","nom":"Puy-d'Arnac","pop":296},"geometry":{"type":"Polygon","coordinates":[[[1.7498,45.0415],[1.7645,45.0428],[1.7697,45.0387],[1.7929,45.0383],[1.7998,45.0332],[1.8031,45.0263],[1.7893,45.0281],[1.7927,45.0226],[1.7968,45.0224],[1.8011,45.0183],[1.7948,45.0168],[1.7887,45.0161],[1.7913,45.0119],[1.7894,45.0102],[1.7809,45.0088],[1.7783,45.0107],[1.7787,45.0136],[1.772,45.0123],[1.7649,45.005],[1.7553,45.0103],[1.7519,45.009],[1.7489,45.015],[1.7499,45.0219],[1.7465,45.0279],[1.7483,45.0294],[1.7471,45.0329],[1.7496,45.0358],[1.7498,45.0415],[1.7498,45.0415]]]}},{"type":"Feature","properties":{"code":"19171","nom":"Reygade","pop":175},"geometry":{"type":"Polygon","coordinates":[[[1.8859,45.0079],[1.8873,45.0085],[1.8878,45.0185],[1.8905,45.0228],[1.8853,45.0259],[1.8793,45.0341],[1.8805,45.0358],[1.8744,45.0405],[1.8788,45.042],[1.8874,45.0417],[1.8879,45.04],[1.8964,45.041],[1.8996,45.0355],[1.9015,45.0385],[1.9,45.0429],[1.9065,45.0458],[1.9133,45.0404],[1.9153,45.0324],[1.9204,45.0281],[1.92,45.0251],[1.9234,45.0263],[1.9279,45.0232],[1.9325,45.0209],[1.9297,45.0208],[1.9293,45.0146],[1.9249,45.013],[1.9239,45.0065],[1.9203,45.0033],[1.9167,45.003],[1.9154,44.9992],[1.9107,44.9985],[1.9063,45.0028],[1.9023,44.9947],[1.8908,44.997],[1.886,44.9955],[1.8873,45.0014],[1.8859,45.0079],[1.8859,45.0079]]]}},{"type":"Feature","properties":{"code":"19172","nom":"Rilhac-Treignac","pop":117},"geometry":{"type":"Polygon","coordinates":[[[1.669,45.5148],[1.6705,45.5215],[1.6736,45.5229],[1.6762,45.528],[1.6682,45.5321],[1.6793,45.5459],[1.6861,45.5476],[1.689,45.5437],[1.7065,45.535],[1.7091,45.5352],[1.7126,45.5316],[1.7096,45.5284],[1.7138,45.518],[1.7071,45.5164],[1.7046,45.5112],[1.6993,45.5118],[1.6972,45.5093],[1.6939,45.5097],[1.6834,45.5162],[1.6741,45.5131],[1.669,45.5148],[1.669,45.5148]]]}},{"type":"Feature","properties":{"code":"19173","nom":"Rilhac-Xaintrie","pop":303},"geometry":{"type":"Polygon","coordinates":[[[2.1913,45.2231],[2.19,45.2214],[2.1971,45.2164],[2.1943,45.2144],[2.1895,45.204],[2.1914,45.2009],[2.2002,45.1984],[2.1983,45.1965],[2.2,45.1855],[2.2023,45.1834],[2.2011,45.18],[2.2076,45.1798],[2.2141,45.1762],[2.2157,45.1727],[2.2191,45.1743],[2.2184,45.1725],[2.2224,45.1702],[2.2313,45.1702],[2.2319,45.172],[2.2319,45.1675],[2.2336,45.1672],[2.2279,45.1609],[2.2084,45.1603],[2.2079,45.1587],[2.2114,45.1563],[2.2121,45.1528],[2.2092,45.1444],[2.2017,45.1385],[2.1924,45.1353],[2.1884,45.1344],[2.1876,45.1358],[2.1791,45.1363],[2.1715,45.1419],[2.17,45.1488],[2.1723,45.1575],[2.1703,45.1608],[2.1611,45.1633],[2.1587,45.1706],[2.1644,45.1763],[2.1651,45.1806],[2.1697,45.1837],[2.1691,45.1877],[2.1753,45.1879],[2.1714,45.1955],[2.1734,45.1973],[2.1735,45.2014],[2.175,45.2001],[2.1786,45.2039],[2.1792,45.2011],[2.1833,45.1991],[2.1823,45.211],[2.1767,45.2143],[2.1769,45.2159],[2.1712,45.2181],[2.1779,45.2214],[2.1834,45.2219],[2.1876,45.2257],[2.1913,45.2231],[2.1913,45.2231]]]}},{"type":"Feature","properties":{"code":"19174","nom":"La Roche-Canillac","pop":126},"geometry":{"type":"Polygon","coordinates":[[[1.9704,45.1877],[1.9661,45.1892],[1.9664,45.1911],[1.961,45.1947],[1.9564,45.1944],[1.951,45.1973],[1.9481,45.2014],[1.9437,45.2033],[1.9435,45.2079],[1.9527,45.2054],[1.9589,45.2064],[1.9679,45.2043],[1.9674,45.2066],[1.972,45.2039],[1.9712,45.201],[1.976,45.1987],[1.9766,45.196],[1.9839,45.1966],[1.9813,45.1916],[1.9754,45.1937],[1.9715,45.1919],[1.9704,45.1877],[1.9704,45.1877]]]}},{"type":"Feature","properties":{"code":"19175","nom":"Roche-le-Peyroux","pop":107},"geometry":{"type":"Polygon","coordinates":[[[2.3809,45.4135],[2.3726,45.4141],[2.3695,45.4162],[2.3622,45.415],[2.3618,45.4181],[2.3662,45.4232],[2.3624,45.4222],[2.3619,45.4244],[2.3668,45.4365],[2.3663,45.4409],[2.3643,45.4418],[2.3675,45.4445],[2.3725,45.4422],[2.3765,45.4431],[2.3775,45.4402],[2.3851,45.4388],[2.3902,45.4359],[2.3982,45.436],[2.399,45.4378],[2.4027,45.435],[2.3977,45.431],[2.3991,45.4266],[2.3969,45.4207],[2.3917,45.4171],[2.3845,45.4166],[2.3809,45.4135],[2.3809,45.4135]]]}},{"type":"Feature","properties":{"code":"19176","nom":"Rosiers-d'Égletons","pop":1083},"geometry":{"type":"Polygon","coordinates":[[[1.9673,45.397],[1.97,45.4015],[1.9736,45.4019],[1.9736,45.406],[1.9784,45.4076],[1.9778,45.4095],[1.9752,45.4092],[1.9756,45.4112],[1.9723,45.4109],[1.9719,45.4123],[1.9757,45.4143],[1.9748,45.4125],[1.9798,45.4133],[1.9813,45.4158],[1.9829,45.4136],[1.9848,45.4143],[1.9905,45.4226],[1.9939,45.4237],[1.9966,45.4221],[1.9996,45.424],[1.9978,45.4261],[2.0063,45.4272],[2.0129,45.4251],[2.018,45.4195],[2.0179,45.4163],[2.022,45.4155],[2.0232,45.4164],[2.0219,45.4195],[2.0237,45.4197],[2.0322,45.4181],[2.0361,45.4138],[2.0324,45.4131],[2.0357,45.4052],[2.0321,45.4029],[2.0286,45.404],[2.0235,45.4019],[2.024,45.3987],[2.0463,45.3929],[2.0472,45.3947],[2.0565,45.397],[2.0647,45.3942],[2.0657,45.3905],[2.0603,45.3847],[2.0601,45.3792],[2.0603,45.3763],[2.0641,45.3731],[2.0719,45.3714],[2.0746,45.3657],[2.0398,45.3676],[2.0368,45.3641],[2.0343,45.366],[2.0306,45.3639],[2.0294,45.3645],[2.0323,45.367],[2.0261,45.3655],[2.0191,45.3675],[2.0156,45.3621],[1.9975,45.3648],[1.9964,45.3596],[1.9864,45.363],[1.9779,45.3622],[1.9761,45.3586],[1.9742,45.3585],[1.9731,45.3612],[1.9658,45.3582],[1.9691,45.3553],[1.964,45.356],[1.961,45.3573],[1.9625,45.3589],[1.9599,45.3628],[1.9608,45.3707],[1.9585,45.375],[1.9621,45.3733],[1.966,45.3766],[1.9743,45.3756],[1.9759,45.3792],[1.9819,45.3797],[1.9815,45.3826],[1.9872,45.383],[1.9755,45.392],[1.9769,45.3961],[1.9673,45.397],[1.9673,45.397]]]}},{"type":"Feature","properties":{"code":"19178","nom":"Sadroc","pop":1010},"geometry":{"type":"Polygon","coordinates":[[[1.585,45.2685],[1.5789,45.2679],[1.578,45.2628],[1.5686,45.2598],[1.5706,45.2581],[1.567,45.2571],[1.5648,45.2502],[1.5572,45.2479],[1.5549,45.2452],[1.547,45.254],[1.5377,45.2541],[1.5394,45.2563],[1.5383,45.2576],[1.5283,45.2642],[1.5261,45.2628],[1.5235,45.2643],[1.5217,45.2631],[1.523,45.2607],[1.5204,45.2622],[1.5144,45.2594],[1.5164,45.2628],[1.5139,45.2623],[1.511,45.265],[1.5167,45.2714],[1.518,45.2759],[1.5219,45.2785],[1.5224,45.2823],[1.5287,45.288],[1.5279,45.2901],[1.5294,45.2916],[1.5298,45.2898],[1.5338,45.2899],[1.5333,45.2932],[1.5354,45.2921],[1.5373,45.2948],[1.5459,45.2935],[1.5477,45.296],[1.5536,45.2948],[1.5501,45.2995],[1.5454,45.3015],[1.5507,45.3045],[1.5575,45.3042],[1.5632,45.3022],[1.5679,45.2977],[1.5656,45.2947],[1.5687,45.2896],[1.5663,45.2806],[1.568,45.2794],[1.5644,45.2796],[1.577,45.2769],[1.5828,45.2736],[1.5872,45.2746],[1.5881,45.272],[1.5839,45.2701],[1.585,45.2685],[1.585,45.2685]]]}},{"type":"Feature","properties":{"code":"19179","nom":"Saillac","pop":214},"geometry":{"type":"Polygon","coordinates":[[[1.6518,45.0252],[1.6484,45.0238],[1.6462,45.0286],[1.6356,45.0293],[1.6325,45.0321],[1.6311,45.0359],[1.6335,45.0349],[1.6331,45.0368],[1.6291,45.0427],[1.6312,45.0463],[1.6298,45.0507],[1.6358,45.0575],[1.6386,45.0511],[1.644,45.0507],[1.6516,45.0448],[1.6536,45.0376],[1.6518,45.0252],[1.6518,45.0252]]]}},{"type":"Feature","properties":{"code":"19180","nom":"Saint-Angel","pop":702},"geometry":{"type":"Polygon","coordinates":[[[2.2858,45.5069],[2.2908,45.501],[2.2873,45.4981],[2.2887,45.4967],[2.283,45.4933],[2.2837,45.491],[2.2646,45.485],[2.2639,45.4692],[2.2464,45.4657],[2.2482,45.4631],[2.2469,45.4609],[2.2503,45.4578],[2.2515,45.4525],[2.24,45.4516],[2.2389,45.4542],[2.2227,45.4547],[2.2069,45.4515],[2.2073,45.4531],[2.2038,45.456],[2.203,45.4625],[2.1974,45.4692],[2.1987,45.4748],[2.1861,45.481],[2.1863,45.4885],[2.1822,45.4923],[2.1893,45.4934],[2.1889,45.4968],[2.1911,45.497],[2.1917,45.5008],[2.1943,45.5009],[2.1965,45.5044],[2.2031,45.5062],[2.2018,45.522],[2.1983,45.5246],[2.2041,45.529],[2.2047,45.538],[2.2124,45.5414],[2.2188,45.5396],[2.223,45.5418],[2.2264,45.5412],[2.2231,45.5369],[2.2249,45.5366],[2.2269,45.5296],[2.2389,45.5311],[2.2456,45.5297],[2.2482,45.5281],[2.2511,45.5213],[2.2591,45.5261],[2.2649,45.5261],[2.2663,45.5237],[2.2617,45.5199],[2.2662,45.5174],[2.258,45.5139],[2.2571,45.5061],[2.2637,45.5095],[2.2686,45.5085],[2.2747,45.5117],[2.2746,45.5104],[2.2795,45.5095],[2.2839,45.5108],[2.2855,45.5091],[2.2837,45.5078],[2.2858,45.5069],[2.2858,45.5069]]]}},{"type":"Feature","properties":{"code":"19181","nom":"Saint-Augustin","pop":427},"geometry":{"type":"Polygon","coordinates":[[[1.8041,45.3996],[1.8057,45.4002],[1.8033,45.4014],[1.8105,45.4075],[1.8062,45.4109],[1.8078,45.4107],[1.807,45.4127],[1.8111,45.4169],[1.8123,45.422],[1.8166,45.4245],[1.8153,45.4267],[1.8134,45.4264],[1.8157,45.4279],[1.8116,45.4279],[1.8131,45.4302],[1.8043,45.4305],[1.8035,45.434],[1.7908,45.4428],[1.7927,45.4423],[1.7937,45.4455],[1.7995,45.4495],[1.8061,45.4498],[1.8041,45.4517],[1.8074,45.4554],[1.8098,45.455],[1.817,45.4694],[1.8255,45.4713],[1.8346,45.4788],[1.8567,45.4823],[1.8582,45.4815],[1.8524,45.4785],[1.8506,45.4744],[1.8432,45.4745],[1.8304,45.4601],[1.8289,45.4508],[1.8393,45.45],[1.8521,45.453],[1.853,45.4393],[1.8592,45.44],[1.864,45.4366],[1.8719,45.4371],[1.8705,45.4322],[1.8766,45.4282],[1.8795,45.4196],[1.8706,45.4132],[1.8558,45.4194],[1.8453,45.4095],[1.8431,45.4037],[1.8401,45.4028],[1.8378,45.3967],[1.8352,45.3955],[1.827,45.3942],[1.8203,45.4],[1.8122,45.3988],[1.8104,45.3964],[1.8041,45.3996],[1.8041,45.3996]]]}},{"type":"Feature","properties":{"code":"19182","nom":"Saint-Aulaire","pop":773},"geometry":{"type":"Polygon","coordinates":[[[1.362,45.2202],[1.3563,45.2276],[1.3572,45.2319],[1.3551,45.2349],[1.3591,45.2376],[1.3716,45.2399],[1.3731,45.2434],[1.381,45.2501],[1.3921,45.2513],[1.3975,45.2538],[1.4079,45.2497],[1.4097,45.2475],[1.4062,45.2453],[1.4083,45.2438],[1.407,45.2424],[1.4125,45.2415],[1.4211,45.2357],[1.4196,45.2324],[1.4228,45.233],[1.4187,45.2302],[1.4106,45.2294],[1.4112,45.2275],[1.4055,45.2251],[1.3979,45.2266],[1.3908,45.2247],[1.388,45.2264],[1.3876,45.2245],[1.3793,45.2245],[1.3747,45.226],[1.3681,45.2245],[1.362,45.2202],[1.362,45.2202]]]}},{"type":"Feature","properties":{"code":"19184","nom":"Saint-Bazile-de-Meyssac","pop":142},"geometry":{"type":"Polygon","coordinates":[[[1.7059,45.0485],[1.7052,45.0611],[1.7312,45.0596],[1.7334,45.0653],[1.7352,45.0659],[1.7395,45.0604],[1.7454,45.053],[1.7396,45.0507],[1.738,45.0477],[1.7302,45.0458],[1.729,45.0476],[1.7253,45.0444],[1.7059,45.0485],[1.7059,45.0485]]]}},{"type":"Feature","properties":{"code":"19186","nom":"Saint-Bonnet-Elvert","pop":234},"geometry":{"type":"Polygon","coordinates":[[[1.9125,45.1799],[1.9137,45.1777],[1.9211,45.1777],[1.9255,45.1755],[1.9323,45.1773],[1.9414,45.1714],[1.9506,45.1693],[1.9475,45.165],[1.9497,45.1631],[1.9469,45.1629],[1.9533,45.1585],[1.9479,45.1562],[1.9467,45.1535],[1.9443,45.1536],[1.9455,45.1518],[1.944,45.152],[1.9452,45.149],[1.9483,45.1481],[1.9384,45.149],[1.9421,45.1469],[1.9387,45.1481],[1.9375,45.1446],[1.9391,45.1437],[1.9359,45.1442],[1.9368,45.1423],[1.9291,45.1384],[1.9278,45.1341],[1.9178,45.1404],[1.9128,45.1412],[1.9086,45.1395],[1.9061,45.1424],[1.9021,45.1409],[1.8971,45.1417],[1.889,45.1366],[1.8827,45.142],[1.8838,45.1427],[1.8821,45.1441],[1.8865,45.1458],[1.8859,45.149],[1.888,45.1512],[1.8854,45.1642],[1.8897,45.1656],[1.8875,45.1694],[1.8935,45.1701],[1.8979,45.1741],[1.8999,45.1733],[1.8989,45.1747],[1.9033,45.1769],[1.9031,45.1791],[1.9089,45.1775],[1.9074,45.1792],[1.9125,45.1799],[1.9125,45.1799]]]}},{"type":"Feature","properties":{"code":"19188","nom":"Saint-Bonnet-l'Enfantier","pop":410},"geometry":{"type":"Polygon","coordinates":[[[1.5612,45.3024],[1.5497,45.3042],[1.5454,45.3015],[1.5501,45.2995],[1.5536,45.2948],[1.5477,45.296],[1.5459,45.2935],[1.5373,45.2948],[1.5354,45.2921],[1.5333,45.2932],[1.5338,45.2899],[1.5298,45.2898],[1.5294,45.2916],[1.5279,45.2901],[1.5287,45.288],[1.5224,45.2823],[1.5219,45.2785],[1.5181,45.2763],[1.5086,45.2804],[1.5088,45.2827],[1.5041,45.2865],[1.5044,45.2885],[1.4929,45.2946],[1.5092,45.3036],[1.5144,45.3094],[1.5223,45.3105],[1.5279,45.3139],[1.5341,45.3217],[1.5391,45.3206],[1.5387,45.319],[1.5418,45.3174],[1.5469,45.3185],[1.5487,45.3167],[1.5463,45.3161],[1.5472,45.3148],[1.5538,45.3142],[1.5557,45.3127],[1.5552,45.3102],[1.5625,45.3052],[1.5612,45.3024],[1.5612,45.3024]]]}},{"type":"Feature","properties":{"code":"19189","nom":"Saint-Bonnet-les-Tours-de-Merle","pop":41},"geometry":{"type":"Polygon","coordinates":[[[2.0379,45.0393],[2.0334,45.0396],[2.0385,45.044],[2.0359,45.0463],[2.0408,45.0491],[2.0383,45.0618],[2.0433,45.0627],[2.0488,45.0675],[2.0544,45.0689],[2.0596,45.0666],[2.064,45.07],[2.0643,45.0669],[2.0718,45.0629],[2.0713,45.0543],[2.0624,45.0505],[2.0616,45.0477],[2.0593,45.049],[2.0582,45.0455],[2.0497,45.0452],[2.0457,45.0388],[2.0379,45.0393],[2.0379,45.0393]]]}},{"type":"Feature","properties":{"code":"19190","nom":"Saint-Bonnet-près-Bort","pop":188},"geometry":{"type":"Polygon","coordinates":[[[2.4053,45.4824],[2.4126,45.4909],[2.4127,45.4939],[2.4077,45.4927],[2.4105,45.4953],[2.4035,45.496],[2.4,45.4999],[2.3946,45.4996],[2.3969,45.5078],[2.4033,45.5068],[2.409,45.5088],[2.408,45.5119],[2.4121,45.515],[2.408,45.5157],[2.4108,45.5171],[2.407,45.521],[2.4217,45.5291],[2.4342,45.5386],[2.4392,45.5362],[2.4389,45.5343],[2.4465,45.533],[2.4473,45.5302],[2.4467,45.5278],[2.4531,45.5261],[2.4479,45.5198],[2.4436,45.5041],[2.4376,45.5014],[2.4367,45.4991],[2.4404,45.4987],[2.437,45.4969],[2.4385,45.4952],[2.4448,45.4926],[2.4498,45.4932],[2.452,45.4911],[2.4502,45.4885],[2.4477,45.4868],[2.4371,45.4862],[2.4381,45.482],[2.4363,45.4811],[2.4379,45.478],[2.4361,45.4763],[2.4338,45.4761],[2.4287,45.4815],[2.4155,45.4807],[2.4156,45.4822],[2.4053,45.4824],[2.4053,45.4824]]]}},{"type":"Feature","properties":{"code":"19192","nom":"Saint-Chamant","pop":468},"geometry":{"type":"Polygon","coordinates":[[[1.8713,45.1229],[1.8705,45.1266],[1.8727,45.1282],[1.8633,45.1404],[1.8684,45.1432],[1.8774,45.1455],[1.8794,45.1428],[1.8821,45.1441],[1.889,45.1366],[1.8971,45.1417],[1.9021,45.1409],[1.9061,45.1424],[1.9086,45.1395],[1.9128,45.1412],[1.9178,45.1404],[1.9235,45.1368],[1.9253,45.1327],[1.9299,45.1305],[1.9308,45.1243],[1.9247,45.1181],[1.9222,45.1188],[1.924,45.1152],[1.921,45.115],[1.9196,45.1128],[1.9208,45.1102],[1.9188,45.1087],[1.9103,45.1081],[1.906,45.112],[1.9037,45.111],[1.904,45.1088],[1.9014,45.1105],[1.8885,45.1081],[1.8871,45.1117],[1.8915,45.1147],[1.8841,45.1186],[1.8725,45.1201],[1.8713,45.1229],[1.8713,45.1229]]]}},{"type":"Feature","properties":{"code":"19193","nom":"Saint-Cirgues-la-Loutre","pop":188},"geometry":{"type":"Polygon","coordinates":[[[2.1002,45.0621],[2.0948,45.0681],[2.0922,45.0697],[2.0905,45.0685],[2.0898,45.072],[2.0868,45.0744],[2.0799,45.0724],[2.0791,45.0847],[2.0758,45.0874],[2.0724,45.086],[2.0688,45.0908],[2.073,45.0947],[2.0645,45.0958],[2.0634,45.0974],[2.0653,45.0997],[2.063,45.1034],[2.064,45.107],[2.0754,45.105],[2.0818,45.1083],[2.0888,45.1081],[2.0928,45.1124],[2.0963,45.1152],[2.108,45.1139],[2.105,45.1046],[2.1079,45.1034],[2.1061,45.1028],[2.1104,45.1008],[2.1145,45.1047],[2.1231,45.1019],[2.1253,45.0945],[2.1337,45.089],[2.1382,45.0814],[2.1312,45.0816],[2.1298,45.0776],[2.1202,45.0727],[2.1202,45.0691],[2.1139,45.0716],[2.1048,45.0671],[2.1029,45.0626],[2.1002,45.0621],[2.1002,45.0621]]]}},{"type":"Feature","properties":{"code":"19194","nom":"Saint-Clément","pop":1386},"geometry":{"type":"Polygon","coordinates":[[[1.646,45.3306],[1.6469,45.3319],[1.6551,45.33],[1.6574,45.3327],[1.6617,45.332],[1.6594,45.3364],[1.6562,45.338],[1.6572,45.3401],[1.6547,45.3411],[1.6554,45.3427],[1.6574,45.3414],[1.6561,45.3456],[1.6645,45.3479],[1.6672,45.343],[1.6701,45.3433],[1.6684,45.3441],[1.6723,45.346],[1.6691,45.3485],[1.6719,45.3503],[1.6674,45.3532],[1.667,45.3557],[1.6711,45.3549],[1.6741,45.3579],[1.6755,45.3555],[1.6771,45.3603],[1.6733,45.3631],[1.6753,45.366],[1.6786,45.3663],[1.6821,45.3698],[1.6895,45.3695],[1.6905,45.3713],[1.6923,45.3684],[1.6879,45.366],[1.6913,45.3617],[1.6866,45.356],[1.6876,45.3549],[1.6927,45.357],[1.6884,45.3546],[1.693,45.3545],[1.692,45.3527],[1.6955,45.3539],[1.6942,45.3511],[1.697,45.3494],[1.7153,45.351],[1.7133,45.3494],[1.7203,45.3436],[1.719,45.3423],[1.7288,45.3381],[1.7279,45.3343],[1.7193,45.333],[1.7204,45.3289],[1.7227,45.3283],[1.7219,45.3266],[1.7233,45.3283],[1.7258,45.3266],[1.7282,45.3275],[1.7279,45.3241],[1.7238,45.3253],[1.7235,45.3232],[1.7214,45.3234],[1.7194,45.3224],[1.7201,45.3205],[1.7179,45.3214],[1.7167,45.3192],[1.7194,45.3184],[1.7175,45.3154],[1.719,45.3139],[1.7153,45.3137],[1.7187,45.3128],[1.7171,45.3126],[1.7177,45.311],[1.7016,45.3089],[1.7049,45.3059],[1.7049,45.3031],[1.7012,45.3028],[1.6999,45.3038],[1.7017,45.3035],[1.7011,45.3046],[1.6899,45.3097],[1.6804,45.31],[1.6788,45.3125],[1.6769,45.3113],[1.6745,45.313],[1.6749,45.3113],[1.6724,45.31],[1.6741,45.308],[1.677,45.3099],[1.6758,45.3109],[1.6788,45.3108],[1.6757,45.3072],[1.6785,45.308],[1.6771,45.3037],[1.6747,45.3018],[1.6734,45.3022],[1.6756,45.3035],[1.6696,45.3034],[1.6713,45.3038],[1.6702,45.3061],[1.6716,45.3068],[1.668,45.3074],[1.6693,45.3106],[1.666,45.3109],[1.6682,45.31],[1.6616,45.3087],[1.6624,45.3057],[1.6582,45.3059],[1.661,45.3036],[1.6635,45.3048],[1.6639,45.3028],[1.6669,45.3027],[1.6682,45.3007],[1.6646,45.301],[1.6572,45.2975],[1.6589,45.3032],[1.6551,45.3021],[1.6549,45.3048],[1.6517,45.3055],[1.6534,45.3071],[1.6527,45.309],[1.6506,45.3093],[1.654,45.3118],[1.6508,45.3126],[1.6552,45.3161],[1.6516,45.3187],[1.6537,45.3199],[1.6532,45.3215],[1.6558,45.321],[1.6548,45.3226],[1.6585,45.3263],[1.646,45.3306],[1.646,45.3306]]]}},{"type":"Feature","properties":{"code":"19196","nom":"Saint-Cyr-la-Roche","pop":450},"geometry":{"type":"Polygon","coordinates":[[[1.3838,45.2971],[1.3888,45.2949],[1.3918,45.2907],[1.3989,45.2938],[1.4025,45.2925],[1.4018,45.2894],[1.4041,45.2883],[1.4033,45.2829],[1.4012,45.2832],[1.3989,45.2785],[1.3963,45.2782],[1.3973,45.274],[1.3953,45.2723],[1.3985,45.2678],[1.397,45.2641],[1.396,45.2595],[1.3926,45.2599],[1.3807,45.2636],[1.3787,45.266],[1.3656,45.2693],[1.365,45.2853],[1.3757,45.2905],[1.3785,45.295],[1.3818,45.2948],[1.3838,45.2971],[1.3838,45.2971]]]}},{"type":"Feature","properties":{"code":"19200","nom":"Saint-Étienne-la-Geneste","pop":87},"geometry":{"type":"Polygon","coordinates":[[[2.3674,45.4451],[2.3603,45.4451],[2.3622,45.4433],[2.3498,45.44],[2.351,45.4367],[2.3488,45.4398],[2.3422,45.4378],[2.3398,45.4403],[2.3402,45.4423],[2.3332,45.4412],[2.3333,45.4434],[2.3273,45.4444],[2.3312,45.4476],[2.336,45.4485],[2.3388,45.4504],[2.3366,45.4535],[2.3388,45.4556],[2.3385,45.4594],[2.3436,45.4647],[2.3487,45.4627],[2.355,45.4654],[2.3564,45.4575],[2.3624,45.4544],[2.3674,45.4451],[2.3674,45.4451]]]}},{"type":"Feature","properties":{"code":"19201","nom":"Saint-Exupéry-les-Roches","pop":591},"geometry":{"type":"Polygon","coordinates":[[[2.3166,45.5128],[2.3188,45.5142],[2.3182,45.5165],[2.3203,45.5171],[2.3188,45.5183],[2.3212,45.5221],[2.3238,45.5233],[2.3231,45.5269],[2.3308,45.5272],[2.3393,45.5305],[2.3414,45.5273],[2.3494,45.5306],[2.3575,45.537],[2.3783,45.5369],[2.3828,45.532],[2.3867,45.5362],[2.4029,45.5379],[2.4252,45.5437],[2.4342,45.5386],[2.4217,45.5291],[2.407,45.521],[2.4108,45.5171],[2.408,45.5157],[2.4121,45.515],[2.408,45.5119],[2.4085,45.5084],[2.4033,45.5068],[2.3969,45.5078],[2.3946,45.4996],[2.3961,45.4988],[2.3878,45.4985],[2.3842,45.4953],[2.3882,45.4939],[2.3846,45.4934],[2.3837,45.4886],[2.3798,45.4893],[2.3787,45.4849],[2.3813,45.4831],[2.3854,45.484],[2.3837,45.4816],[2.3854,45.4812],[2.3776,45.4764],[2.3766,45.4734],[2.3724,45.4751],[2.3598,45.4737],[2.3547,45.4755],[2.3557,45.478],[2.3488,45.4744],[2.3404,45.4832],[2.3366,45.4919],[2.3376,45.4955],[2.3335,45.4989],[2.3328,45.5021],[2.3288,45.5035],[2.3302,45.5065],[2.3261,45.5073],[2.3296,45.5119],[2.3166,45.5128],[2.3166,45.5128]]]}},{"type":"Feature","properties":{"code":"19202","nom":"Sainte-Féréole","pop":2081},"geometry":{"type":"Polygon","coordinates":[[[1.5832,45.2673],[1.5879,45.2667],[1.5899,45.2583],[1.595,45.2578],[1.5938,45.2561],[1.6014,45.2533],[1.6034,45.2514],[1.6023,45.2507],[1.6045,45.2497],[1.607,45.2525],[1.607,45.2497],[1.6116,45.2465],[1.6196,45.2475],[1.6166,45.2432],[1.6289,45.2447],[1.631,45.2455],[1.6302,45.2474],[1.6324,45.2477],[1.6327,45.246],[1.6354,45.2479],[1.6366,45.2457],[1.6344,45.2456],[1.6374,45.2412],[1.6357,45.2391],[1.6379,45.2365],[1.6342,45.2367],[1.634,45.2335],[1.6249,45.233],[1.6226,45.2314],[1.6232,45.2285],[1.6181,45.2258],[1.6215,45.2242],[1.6231,45.2209],[1.6213,45.2192],[1.6235,45.2179],[1.6206,45.215],[1.6193,45.2053],[1.6145,45.2042],[1.6149,45.2012],[1.6003,45.1978],[1.5999,45.1949],[1.5959,45.1927],[1.597,45.1911],[1.5936,45.1895],[1.5847,45.194],[1.5837,45.1924],[1.5803,45.1961],[1.5754,45.1942],[1.5739,45.1921],[1.569,45.1941],[1.5662,45.1922],[1.5582,45.2006],[1.5577,45.2039],[1.5614,45.2082],[1.5609,45.212],[1.5576,45.2112],[1.5561,45.2134],[1.5573,45.214],[1.5531,45.2164],[1.5535,45.2212],[1.5512,45.2235],[1.5525,45.2278],[1.5557,45.2284],[1.5549,45.231],[1.557,45.233],[1.5545,45.235],[1.5557,45.2372],[1.5489,45.2407],[1.5502,45.2423],[1.549,45.2434],[1.5645,45.25],[1.567,45.2571],[1.5706,45.2581],[1.5686,45.2598],[1.578,45.2628],[1.5789,45.2679],[1.5832,45.2673],[1.5832,45.2673]]]}},{"type":"Feature","properties":{"code":"19203","nom":"Sainte-Fortunade","pop":1798},"geometry":{"type":"Polygon","coordinates":[[[1.7561,45.158],[1.7475,45.1635],[1.7511,45.1692],[1.747,45.1712],[1.7484,45.1714],[1.7457,45.1751],[1.7485,45.1801],[1.7498,45.1796],[1.7485,45.1824],[1.751,45.1848],[1.7496,45.1872],[1.7465,45.1864],[1.7458,45.1898],[1.7414,45.1917],[1.7378,45.1901],[1.7332,45.1946],[1.7331,45.1978],[1.7301,45.1964],[1.7292,45.202],[1.7247,45.2061],[1.7222,45.2054],[1.7208,45.2079],[1.7223,45.2103],[1.725,45.2066],[1.7266,45.2074],[1.7251,45.2092],[1.7278,45.2077],[1.7278,45.2096],[1.7306,45.2093],[1.729,45.2136],[1.732,45.2171],[1.7297,45.2202],[1.7318,45.2213],[1.7296,45.2231],[1.7307,45.2262],[1.7288,45.2267],[1.7321,45.2274],[1.7291,45.2284],[1.7304,45.2308],[1.7281,45.2325],[1.7293,45.236],[1.735,45.2383],[1.7339,45.2419],[1.7366,45.2405],[1.7359,45.2392],[1.7438,45.2415],[1.7477,45.2479],[1.7534,45.2518],[1.7598,45.2517],[1.7671,45.2453],[1.7659,45.2404],[1.7698,45.2348],[1.7776,45.2363],[1.7809,45.2334],[1.7784,45.2315],[1.7834,45.2319],[1.7848,45.2284],[1.7894,45.2263],[1.7921,45.2267],[1.7918,45.2292],[1.7923,45.2275],[1.8009,45.2273],[1.8019,45.2244],[1.7993,45.2221],[1.8021,45.2217],[1.8042,45.2185],[1.799,45.2183],[1.8058,45.2113],[1.7956,45.2002],[1.7955,45.1976],[1.7973,45.1968],[1.7918,45.1798],[1.7751,45.1696],[1.7687,45.1686],[1.7683,45.1659],[1.766,45.1663],[1.7613,45.16],[1.7561,45.158],[1.7561,45.158]]]}},{"type":"Feature","properties":{"code":"19204","nom":"Saint-Fréjoux","pop":260},"geometry":{"type":"Polygon","coordinates":[[[2.356,45.5818],[2.3588,45.5784],[2.3608,45.5808],[2.363,45.5792],[2.3804,45.5851],[2.3867,45.5813],[2.3842,45.5781],[2.3914,45.5807],[2.3975,45.5781],[2.4037,45.5737],[2.3994,45.5724],[2.4037,45.5709],[2.4017,45.5639],[2.4169,45.5566],[2.4252,45.5437],[2.4029,45.5379],[2.3867,45.5362],[2.3828,45.532],[2.3783,45.5369],[2.3606,45.537],[2.3556,45.5363],[2.3494,45.5306],[2.3414,45.5273],[2.3383,45.5328],[2.3417,45.5333],[2.3423,45.5362],[2.3449,45.5371],[2.3414,45.5399],[2.3462,45.5413],[2.3403,45.5553],[2.3497,45.5585],[2.3506,45.5608],[2.3489,45.5616],[2.3558,45.566],[2.3549,45.5675],[2.3514,45.5662],[2.3462,45.5705],[2.3519,45.5734],[2.3516,45.5756],[2.3553,45.5758],[2.3536,45.5803],[2.356,45.5818],[2.356,45.5818]]]}},{"type":"Feature","properties":{"code":"19205","nom":"Saint-Geniez-ô-Merle","pop":95},"geometry":{"type":"Polygon","coordinates":[[[2.0634,45.1048],[2.0653,45.0997],[2.0634,45.0974],[2.0645,45.0958],[2.073,45.0947],[2.0688,45.0908],[2.0704,45.0879],[2.0724,45.086],[2.0758,45.0874],[2.0791,45.0847],[2.0799,45.0724],[2.0868,45.0744],[2.0898,45.072],[2.0905,45.0685],[2.0922,45.0697],[2.0948,45.0681],[2.1002,45.0621],[2.0972,45.0589],[2.1007,45.0574],[2.1004,45.0558],[2.0938,45.0563],[2.0876,45.0557],[2.09,45.0595],[2.0862,45.0611],[2.0718,45.0587],[2.0718,45.0629],[2.0643,45.0669],[2.064,45.07],[2.0596,45.0666],[2.0544,45.0689],[2.0479,45.0677],[2.0344,45.0787],[2.029,45.0795],[2.0294,45.0834],[2.0271,45.0842],[2.0285,45.0887],[2.0321,45.0963],[2.0363,45.0995],[2.0364,45.109],[2.0331,45.1116],[2.0391,45.1129],[2.0498,45.1026],[2.0634,45.1048],[2.0634,45.1048]]]}},{"type":"Feature","properties":{"code":"19206","nom":"Saint-Germain-Lavolps","pop":102},"geometry":{"type":"Polygon","coordinates":[[[2.1965,45.579],[2.1895,45.5812],[2.1884,45.5882],[2.1821,45.5921],[2.1838,45.6011],[2.1823,45.606],[2.1774,45.6072],[2.178,45.613],[2.1715,45.6143],[2.1784,45.619],[2.2014,45.6241],[2.2046,45.6213],[2.2115,45.6237],[2.2168,45.6293],[2.2172,45.6326],[2.2227,45.6283],[2.2273,45.6282],[2.2422,45.6323],[2.2486,45.6269],[2.258,45.6239],[2.2589,45.6209],[2.2553,45.6213],[2.2475,45.6176],[2.2468,45.6147],[2.2401,45.6129],[2.2418,45.6071],[2.2381,45.6032],[2.2434,45.6013],[2.2408,45.5969],[2.2343,45.5965],[2.2272,45.59],[2.2238,45.5907],[2.2101,45.5869],[2.204,45.5772],[2.2017,45.5791],[2.1965,45.579],[2.1965,45.579]]]}},{"type":"Feature","properties":{"code":"19207","nom":"Saint-Germain-les-Vergnes","pop":1153},"geometry":{"type":"Polygon","coordinates":[[[1.585,45.2685],[1.5878,45.2707],[1.5952,45.27],[1.5936,45.28],[1.5948,45.2833],[1.5975,45.2838],[1.5958,45.2855],[1.5962,45.2891],[1.603,45.2857],[1.608,45.2861],[1.6115,45.2907],[1.6161,45.2919],[1.619,45.2901],[1.6245,45.2906],[1.627,45.2935],[1.6257,45.2953],[1.6288,45.294],[1.6301,45.2956],[1.6338,45.2931],[1.6314,45.292],[1.6378,45.2918],[1.6401,45.2898],[1.6363,45.2892],[1.6353,45.2907],[1.6328,45.2884],[1.6341,45.2863],[1.6314,45.2861],[1.6286,45.2826],[1.6319,45.2827],[1.6343,45.2792],[1.6408,45.2811],[1.6406,45.2823],[1.6439,45.2812],[1.6414,45.2834],[1.6434,45.2841],[1.6464,45.2828],[1.6459,45.2793],[1.6431,45.2785],[1.6463,45.2783],[1.6506,45.2736],[1.6462,45.2696],[1.647,45.2653],[1.6418,45.2641],[1.64,45.2595],[1.6421,45.2573],[1.6472,45.2601],[1.6513,45.2594],[1.6497,45.2569],[1.6531,45.2555],[1.6518,45.2484],[1.6534,45.2456],[1.6444,45.2414],[1.642,45.2457],[1.6367,45.2459],[1.6354,45.2479],[1.6327,45.246],[1.6324,45.2477],[1.6302,45.2474],[1.631,45.2455],[1.6289,45.2447],[1.6166,45.2432],[1.6196,45.2475],[1.6116,45.2465],[1.607,45.2497],[1.607,45.2525],[1.6045,45.2497],[1.6023,45.2507],[1.6034,45.2514],[1.6014,45.2533],[1.5938,45.2561],[1.595,45.2578],[1.5899,45.2583],[1.5879,45.2667],[1.5832,45.2673],[1.585,45.2685],[1.585,45.2685]]]}},{"type":"Feature","properties":{"code":"19208","nom":"Saint-Hilaire-Foissac","pop":196},"geometry":{"type":"Polygon","coordinates":[[[2.0692,45.3532],[2.0838,45.3571],[2.0861,45.3535],[2.0996,45.3581],[2.1083,45.3564],[2.1123,45.3528],[2.1236,45.3542],[2.1265,45.3517],[2.1296,45.3521],[2.1362,45.3469],[2.1514,45.3477],[2.1504,45.3423],[2.1625,45.3411],[2.1613,45.3386],[2.1567,45.3368],[2.1583,45.3326],[2.1566,45.3286],[2.1482,45.3242],[2.1465,45.3182],[2.1411,45.3124],[2.1362,45.3116],[2.1293,45.3041],[2.1209,45.3048],[2.1229,45.2994],[2.1387,45.2935],[2.1412,45.2876],[2.1483,45.2823],[2.1492,45.2834],[2.1504,45.2842],[2.1499,45.2816],[2.1537,45.2804],[2.1568,45.2752],[2.1515,45.2726],[2.1371,45.2723],[2.1276,45.2768],[2.1283,45.2779],[2.1195,45.2781],[2.1145,45.2754],[2.1114,45.2819],[2.1128,45.2828],[2.1099,45.2841],[2.1114,45.2851],[2.107,45.2876],[2.1095,45.2929],[2.1142,45.2949],[2.109,45.2984],[2.1083,45.3028],[2.1036,45.3092],[2.0993,45.3086],[2.0947,45.3113],[2.0814,45.3304],[2.0793,45.3302],[2.0764,45.3232],[2.0754,45.329],[2.0696,45.3301],[2.0681,45.3332],[2.0598,45.3345],[2.0595,45.3379],[2.0627,45.3399],[2.0632,45.3452],[2.067,45.348],[2.0692,45.3532],[2.0692,45.3532]]]}},{"type":"Feature","properties":{"code":"19209","nom":"Saint-Hilaire-les-Courbes","pop":178},"geometry":{"type":"Polygon","coordinates":[[[1.836,45.5737],[1.8328,45.5742],[1.8257,45.5655],[1.819,45.5642],[1.8188,45.5739],[1.8144,45.5762],[1.8108,45.5761],[1.8052,45.571],[1.7964,45.5762],[1.7918,45.5763],[1.7982,45.5865],[1.7887,45.5852],[1.7864,45.5888],[1.7839,45.5854],[1.7823,45.5876],[1.7856,45.5933],[1.7804,45.5914],[1.779,45.5878],[1.7744,45.5841],[1.7724,45.5856],[1.7607,45.5835],[1.7575,45.5871],[1.7598,45.5877],[1.7583,45.5917],[1.7669,45.598],[1.7691,45.6017],[1.7745,45.6005],[1.7811,45.6034],[1.7794,45.6059],[1.7843,45.6117],[1.7837,45.6145],[1.7861,45.6191],[1.7848,45.6252],[1.7955,45.6253],[1.7986,45.6186],[1.8017,45.6194],[1.8089,45.6169],[1.8111,45.617],[1.8109,45.6206],[1.816,45.6181],[1.8176,45.6324],[1.8232,45.6324],[1.829,45.6285],[1.8406,45.627],[1.844,45.6231],[1.8493,45.6231],[1.8561,45.6197],[1.8563,45.6133],[1.8538,45.6104],[1.8549,45.6024],[1.8581,45.5995],[1.8735,45.6023],[1.8766,45.6009],[1.8773,45.5935],[1.8832,45.589],[1.8845,45.5854],[1.8747,45.5872],[1.8665,45.5849],[1.8606,45.5789],[1.8591,45.5745],[1.8561,45.5761],[1.8513,45.5751],[1.8507,45.5779],[1.8446,45.5785],[1.8434,45.5771],[1.8378,45.5779],[1.8382,45.5753],[1.836,45.5737],[1.836,45.5737]]]}},{"type":"Feature","properties":{"code":"19210","nom":"Saint-Hilaire-Luc","pop":65},"geometry":{"type":"Polygon","coordinates":[[[2.1851,45.3282],[2.1853,45.3315],[2.1819,45.332],[2.1839,45.3326],[2.1838,45.3395],[2.1854,45.3404],[2.1808,45.3416],[2.1821,45.3449],[2.1869,45.3454],[2.1866,45.3474],[2.1927,45.3502],[2.1926,45.3566],[2.1956,45.3578],[2.1964,45.3611],[2.2063,45.3659],[2.2065,45.3693],[2.2093,45.372],[2.2116,45.3675],[2.2175,45.364],[2.2194,45.3558],[2.2183,45.3533],[2.2249,45.3474],[2.2304,45.3468],[2.2352,45.3391],[2.2364,45.3416],[2.242,45.3417],[2.2476,45.3387],[2.2467,45.3363],[2.2362,45.3345],[2.2329,45.3358],[2.2296,45.3336],[2.2241,45.3394],[2.2174,45.3396],[2.2104,45.3352],[2.2069,45.3292],[2.2005,45.3318],[2.1963,45.328],[2.1851,45.3282],[2.1851,45.3282]]]}},{"type":"Feature","properties":{"code":"19211","nom":"Saint-Hilaire-Peyroux","pop":974},"geometry":{"type":"Polygon","coordinates":[[[1.6149,45.2012],[1.6145,45.2042],[1.6193,45.2053],[1.6206,45.215],[1.6235,45.2179],[1.6213,45.2192],[1.6231,45.2209],[1.6215,45.2242],[1.6179,45.2255],[1.6232,45.2285],[1.6226,45.2314],[1.634,45.2335],[1.6342,45.2367],[1.6379,45.2365],[1.6357,45.2391],[1.6372,45.2418],[1.6344,45.2456],[1.642,45.2457],[1.6444,45.2414],[1.6522,45.2463],[1.6583,45.2447],[1.6659,45.2379],[1.659,45.2338],[1.6562,45.2245],[1.6608,45.2222],[1.6608,45.2182],[1.6635,45.2155],[1.6611,45.2155],[1.6603,45.2137],[1.6702,45.2071],[1.6646,45.2058],[1.6578,45.1981],[1.6541,45.1978],[1.6509,45.1926],[1.6529,45.1882],[1.6608,45.1838],[1.6551,45.178],[1.652,45.1772],[1.6451,45.181],[1.6349,45.1813],[1.6298,45.1757],[1.6247,45.1757],[1.6194,45.1794],[1.6202,45.1853],[1.617,45.1858],[1.6222,45.1866],[1.6279,45.1905],[1.6303,45.1954],[1.6374,45.2017],[1.6304,45.2016],[1.6285,45.2048],[1.6266,45.2019],[1.6149,45.2012],[1.6149,45.2012]]]}},{"type":"Feature","properties":{"code":"19212","nom":"Saint-Hilaire-Taurieux","pop":91},"geometry":{"type":"Polygon","coordinates":[[[1.8505,45.0576],[1.8473,45.0583],[1.8409,45.064],[1.8348,45.0649],[1.8315,45.0719],[1.8174,45.0761],[1.8148,45.0857],[1.8103,45.0895],[1.8113,45.0953],[1.8137,45.0972],[1.8174,45.0987],[1.822,45.0963],[1.8256,45.1001],[1.8287,45.0971],[1.8337,45.0963],[1.8353,45.0984],[1.8448,45.0985],[1.8495,45.0905],[1.8495,45.0881],[1.8439,45.0824],[1.8494,45.0768],[1.8493,45.074],[1.8468,45.0725],[1.8505,45.0576],[1.8505,45.0576]]]}},{"type":"Feature","properties":{"code":"19213","nom":"Saint-Jal","pop":594},"geometry":{"type":"Polygon","coordinates":[[[1.6026,45.3848],[1.6122,45.4039],[1.6081,45.4085],[1.6097,45.4114],[1.6244,45.4092],[1.628,45.4181],[1.6264,45.42],[1.6292,45.4218],[1.6425,45.4188],[1.6435,45.4141],[1.6447,45.416],[1.646,45.4146],[1.6544,45.4182],[1.6572,45.4155],[1.6629,45.415],[1.6644,45.413],[1.6623,45.4121],[1.6609,45.4079],[1.6652,45.405],[1.6754,45.4073],[1.6817,45.4055],[1.6809,45.4016],[1.6831,45.4013],[1.684,45.3973],[1.689,45.3949],[1.6923,45.3909],[1.6986,45.3905],[1.7031,45.3822],[1.702,45.3806],[1.6967,45.3814],[1.6925,45.3849],[1.6945,45.3773],[1.6906,45.3752],[1.6929,45.3712],[1.6735,45.3802],[1.6655,45.3745],[1.6648,45.3729],[1.6669,45.3716],[1.6633,45.3725],[1.6597,45.3688],[1.6538,45.3674],[1.6393,45.3692],[1.6351,45.3715],[1.6369,45.3758],[1.631,45.3778],[1.6348,45.3818],[1.6323,45.3823],[1.6318,45.3875],[1.629,45.3894],[1.6266,45.3882],[1.6268,45.3863],[1.6256,45.3876],[1.6257,45.3812],[1.6224,45.3808],[1.6203,45.3756],[1.6175,45.3747],[1.6083,45.38],[1.6079,45.3823],[1.6042,45.3821],[1.6055,45.3836],[1.6026,45.3848],[1.6026,45.3848]]]}},{"type":"Feature","properties":{"code":"19214","nom":"Saint-Julien-aux-Bois","pop":430},"geometry":{"type":"Polygon","coordinates":[[[2.1791,45.1363],[2.1823,45.132],[2.1814,45.1281],[2.179,45.1267],[2.1842,45.1247],[2.1843,45.1197],[2.1896,45.1175],[2.1903,45.1155],[2.1883,45.1122],[2.1871,45.1145],[2.1805,45.1126],[2.1817,45.1101],[2.1793,45.1075],[2.1821,45.106],[2.1765,45.1023],[2.1804,45.0991],[2.1803,45.0952],[2.1737,45.0876],[2.1756,45.0814],[2.1667,45.081],[2.1646,45.085],[2.1596,45.0847],[2.1567,45.0866],[2.148,45.083],[2.1477,45.0853],[2.1414,45.0869],[2.1382,45.0814],[2.1337,45.089],[2.1253,45.0945],[2.1231,45.1019],[2.1145,45.1047],[2.1104,45.1008],[2.1061,45.1028],[2.1079,45.1034],[2.105,45.1046],[2.1077,45.114],[2.1018,45.1153],[2.1054,45.1197],[2.1034,45.1215],[2.105,45.124],[2.1001,45.1239],[2.0991,45.1279],[2.0967,45.1275],[2.0984,45.1297],[2.1051,45.1288],[2.1049,45.1333],[2.1019,45.1344],[2.1038,45.1363],[2.1063,45.1338],[2.1118,45.1343],[2.1078,45.1425],[2.1117,45.1464],[2.1246,45.1489],[2.1231,45.1515],[2.1191,45.1518],[2.1198,45.154],[2.125,45.155],[2.124,45.1585],[2.1272,45.1565],[2.1272,45.1585],[2.1437,45.1652],[2.1493,45.1706],[2.1587,45.1706],[2.1611,45.1633],[2.1703,45.1608],[2.1725,45.1565],[2.1704,45.1528],[2.1714,45.1469],[2.1699,45.1452],[2.1715,45.1419],[2.1791,45.1363],[2.1791,45.1363]]]}},{"type":"Feature","properties":{"code":"19215","nom":"Saint-Julien-le-Pèlerin","pop":115},"geometry":{"type":"Polygon","coordinates":[[[2.0896,44.9846],[2.0746,44.9777],[2.07,44.9784],[2.059,44.9746],[2.0592,44.978],[2.0539,44.9758],[2.0476,44.9804],[2.0414,44.9916],[2.041,44.9946],[2.0433,44.9969],[2.0423,44.999],[2.0471,45.0069],[2.0483,45.014],[2.0459,45.0207],[2.0518,45.0204],[2.0535,45.018],[2.0532,45.0082],[2.0584,45.0085],[2.0561,45.0121],[2.0567,45.0186],[2.055,45.0191],[2.054,45.0251],[2.056,45.0249],[2.054,45.0257],[2.0542,45.0279],[2.0607,45.0321],[2.0607,45.0347],[2.0668,45.0368],[2.0709,45.0355],[2.0719,45.0328],[2.0728,45.0345],[2.0742,45.0329],[2.0768,45.0341],[2.0768,45.0326],[2.0783,45.0269],[2.0857,45.0211],[2.0848,45.0173],[2.0761,45.0151],[2.0751,45.0124],[2.0678,45.0094],[2.0671,45.0056],[2.0618,45.004],[2.0657,44.9987],[2.0775,44.9974],[2.0774,45.0057],[2.0891,45.0076],[2.0908,45.0044],[2.0885,45.0012],[2.0853,45.0008],[2.0849,45.0022],[2.0823,45.0012],[2.0842,44.9999],[2.0802,45.0009],[2.0797,44.9988],[2.0846,44.9969],[2.083,44.9959],[2.0896,44.9846],[2.0896,44.9846]]]}},{"type":"Feature","properties":{"code":"19217","nom":"Saint-Julien-Maumont","pop":184},"geometry":{"type":"Polygon","coordinates":[[[1.6922,45.0256],[1.6884,45.0292],[1.6945,45.0327],[1.692,45.0345],[1.6941,45.0385],[1.6931,45.0417],[1.7012,45.045],[1.704,45.0483],[1.7253,45.0444],[1.724,45.0418],[1.7237,45.0351],[1.7287,45.0323],[1.7232,45.0286],[1.7263,45.0256],[1.7251,45.0233],[1.717,45.0215],[1.7067,45.0256],[1.6922,45.0256],[1.6922,45.0256]]]}},{"type":"Feature","properties":{"code":"19219","nom":"Sainte-Marie-Lapanouze","pop":64},"geometry":{"type":"Polygon","coordinates":[[[2.3622,45.415],[2.3552,45.4151],[2.355,45.4233],[2.3527,45.4264],[2.3413,45.4263],[2.3354,45.4231],[2.3334,45.4248],[2.334,45.4302],[2.332,45.4301],[2.3337,45.4315],[2.329,45.4296],[2.3271,45.4323],[2.3189,45.4346],[2.3162,45.4375],[2.32,45.4449],[2.3271,45.4444],[2.3333,45.4434],[2.3332,45.4412],[2.3402,45.4423],[2.3398,45.4403],[2.3422,45.4378],[2.3488,45.4398],[2.3513,45.4367],[2.3498,45.44],[2.3622,45.4433],[2.3603,45.4451],[2.3674,45.4451],[2.3643,45.4418],[2.3663,45.4409],[2.3668,45.4365],[2.3619,45.4244],[2.3624,45.4222],[2.3662,45.4232],[2.3618,45.4181],[2.3622,45.415],[2.3622,45.415]]]}},{"type":"Feature","properties":{"code":"19220","nom":"Saint-Martial-de-Gimel","pop":489},"geometry":{"type":"Polygon","coordinates":[[[1.9434,45.2961],[1.9412,45.2862],[1.9346,45.2811],[1.9368,45.2797],[1.9353,45.2773],[1.9324,45.279],[1.9242,45.2742],[1.9284,45.2723],[1.9328,45.2735],[1.9349,45.2634],[1.933,45.2595],[1.9276,45.2653],[1.9162,45.2665],[1.9131,45.2702],[1.9126,45.2679],[1.9158,45.2649],[1.9106,45.265],[1.9101,45.2628],[1.8954,45.2623],[1.8905,45.2641],[1.8872,45.2623],[1.886,45.261],[1.8894,45.2599],[1.8852,45.2603],[1.8845,45.2567],[1.8815,45.257],[1.8848,45.2563],[1.8813,45.251],[1.8828,45.2501],[1.881,45.2494],[1.8856,45.2475],[1.8821,45.2466],[1.8791,45.243],[1.8779,45.2458],[1.878,45.2435],[1.8754,45.2434],[1.8753,45.2475],[1.8741,45.2457],[1.8725,45.2478],[1.87,45.2441],[1.8613,45.2432],[1.8555,45.2452],[1.8539,45.2476],[1.8561,45.2487],[1.8548,45.2503],[1.8601,45.2504],[1.8611,45.2522],[1.8587,45.2533],[1.8617,45.2562],[1.8606,45.2576],[1.8563,45.2574],[1.8548,45.2546],[1.8513,45.2545],[1.8455,45.2498],[1.842,45.252],[1.8459,45.255],[1.8438,45.2558],[1.8453,45.2567],[1.8442,45.2591],[1.8489,45.2611],[1.8477,45.2617],[1.8532,45.267],[1.8505,45.2693],[1.847,45.2694],[1.848,45.2683],[1.8459,45.2675],[1.8432,45.2731],[1.8439,45.2768],[1.8393,45.2798],[1.8379,45.279],[1.8355,45.2819],[1.8365,45.2839],[1.8393,45.2849],[1.8458,45.2826],[1.8474,45.2868],[1.8531,45.2851],[1.8557,45.2869],[1.8596,45.2847],[1.8644,45.2863],[1.8656,45.2774],[1.8671,45.2769],[1.8663,45.2731],[1.8708,45.2732],[1.8763,45.2757],[1.878,45.2794],[1.8733,45.2863],[1.879,45.2885],[1.8782,45.2914],[1.8895,45.2902],[1.8961,45.2923],[1.8982,45.2907],[1.8988,45.2955],[1.9024,45.2965],[1.9056,45.2959],[1.9092,45.2912],[1.9163,45.2891],[1.9093,45.2863],[1.9088,45.2819],[1.9131,45.2787],[1.9174,45.2795],[1.9236,45.2768],[1.9292,45.281],[1.9254,45.2823],[1.9218,45.2867],[1.9272,45.2856],[1.925,45.2877],[1.9246,45.2923],[1.9297,45.2949],[1.9363,45.2936],[1.936,45.2962],[1.931,45.2963],[1.9329,45.2984],[1.9393,45.297],[1.9423,45.2984],[1.9434,45.2961],[1.9434,45.2961]]]}},{"type":"Feature","properties":{"code":"19221","nom":"Saint-Martial-Entraygues","pop":106},"geometry":{"type":"Polygon","coordinates":[[[1.9833,45.1187],[1.9778,45.1144],[1.9678,45.1141],[1.9642,45.1092],[1.9558,45.1091],[1.9602,45.113],[1.9603,45.116],[1.9575,45.1151],[1.9591,45.1203],[1.9566,45.1189],[1.9527,45.1207],[1.9542,45.1234],[1.9514,45.1252],[1.9543,45.1252],[1.9511,45.1261],[1.9563,45.1338],[1.9497,45.1358],[1.9523,45.1397],[1.9584,45.1397],[1.9588,45.1427],[1.9654,45.1425],[1.9657,45.1406],[1.9726,45.1452],[1.9754,45.14],[1.9826,45.1359],[1.9847,45.1291],[1.9939,45.1263],[1.9833,45.1187],[1.9833,45.1187]]]}},{"type":"Feature","properties":{"code":"19222","nom":"Saint-Martin-la-Méanne","pop":351},"geometry":{"type":"Polygon","coordinates":[[[2.0312,45.2036],[2.0275,45.2018],[2.0324,45.1889],[2.021,45.1801],[2.013,45.1681],[2.0078,45.1661],[2.0082,45.1627],[2.0137,45.1576],[2.0104,45.1537],[2.0086,45.1468],[2.0063,45.1478],[2.0035,45.1426],[1.9989,45.1411],[1.9986,45.1329],[1.9962,45.1322],[1.9975,45.1287],[1.9939,45.1263],[1.9852,45.1288],[1.9826,45.1359],[1.9754,45.14],[1.9726,45.1452],[1.9657,45.1406],[1.9654,45.1425],[1.9608,45.1423],[1.9596,45.1432],[1.9622,45.145],[1.9605,45.1448],[1.9623,45.1458],[1.9621,45.1481],[1.9675,45.15],[1.9675,45.1514],[1.9739,45.1533],[1.9756,45.1603],[1.9719,45.1616],[1.9657,45.1695],[1.9586,45.174],[1.964,45.1779],[1.966,45.1811],[1.9646,45.1829],[1.9701,45.184],[1.9715,45.1919],[1.9754,45.1937],[1.9813,45.1916],[1.9839,45.1966],[1.989,45.1959],[1.9915,45.198],[1.9985,45.1942],[1.9996,45.1967],[2.0032,45.1967],[2.0034,45.2014],[2.009,45.2088],[2.0138,45.2119],[2.0184,45.208],[2.0282,45.2068],[2.0312,45.2036],[2.0312,45.2036]]]}},{"type":"Feature","properties":{"code":"19225","nom":"Saint-Merd-de-Lapleau","pop":205},"geometry":{"type":"Polygon","coordinates":[[[2.0743,45.224],[2.0719,45.2319],[2.0669,45.2352],[2.0674,45.2419],[2.0655,45.2434],[2.0684,45.2464],[2.0702,45.2541],[2.068,45.2565],[2.069,45.2617],[2.0675,45.2653],[2.0769,45.2624],[2.0806,45.2675],[2.0806,45.2742],[2.0913,45.2809],[2.0959,45.2797],[2.096,45.2811],[2.0989,45.2788],[2.1007,45.2818],[2.1053,45.2804],[2.1097,45.2818],[2.114,45.279],[2.1165,45.2714],[2.1153,45.2702],[2.1183,45.2659],[2.1174,45.2625],[2.12,45.2562],[2.1291,45.2494],[2.1309,45.2504],[2.1322,45.2466],[2.1256,45.2416],[2.1283,45.2406],[2.1268,45.239],[2.1234,45.2401],[2.1207,45.2386],[2.1224,45.2362],[2.1194,45.2321],[2.1111,45.2321],[2.1128,45.2213],[2.1115,45.2181],[2.0921,45.2157],[2.0838,45.2225],[2.0743,45.224],[2.0743,45.224]]]}},{"type":"Feature","properties":{"code":"19226","nom":"Saint-Merd-les-Oussines","pop":105},"geometry":{"type":"Polygon","coordinates":[[[2.0773,45.6113],[2.076,45.6098],[2.0771,45.6063],[2.0835,45.6013],[2.0595,45.5937],[2.0572,45.5909],[2.0524,45.5921],[2.0448,45.5848],[2.046,45.5775],[2.034,45.5755],[2.0289,45.5829],[2.0186,45.5893],[2.017,45.594],[2.0239,45.5943],[2.0246,45.5983],[2.0298,45.6021],[2.0297,45.6049],[2.0212,45.6076],[2.0213,45.6095],[2.017,45.6087],[2.0062,45.6117],[1.9993,45.6103],[1.9949,45.6139],[1.9935,45.6124],[1.9879,45.6128],[1.9775,45.6123],[1.9751,45.6197],[1.9727,45.62],[1.9802,45.621],[1.9814,45.6256],[1.9794,45.6272],[1.9796,45.6322],[1.9738,45.638],[1.9772,45.6409],[1.9782,45.65],[1.996,45.6479],[2.004,45.6417],[2.0053,45.638],[2.0158,45.6405],[2.0189,45.6377],[2.0228,45.6384],[2.0226,45.641],[2.0259,45.6419],[2.0263,45.6519],[2.0309,45.658],[2.0309,45.6621],[2.0379,45.6642],[2.0527,45.6583],[2.0603,45.6602],[2.0707,45.6549],[2.0624,45.6409],[2.0716,45.6311],[2.0704,45.6302],[2.0729,45.6276],[2.0731,45.6226],[2.0691,45.6219],[2.0742,45.6125],[2.0773,45.6113],[2.0773,45.6113]]]}},{"type":"Feature","properties":{"code":"19227","nom":"Saint-Mexant","pop":1330},"geometry":{"type":"Polygon","coordinates":[[[1.7052,45.3037],[1.7096,45.3026],[1.7103,45.3011],[1.7088,45.3006],[1.7132,45.2981],[1.7117,45.2939],[1.7098,45.2936],[1.7108,45.2919],[1.7066,45.2904],[1.7096,45.2873],[1.7074,45.2859],[1.7072,45.2828],[1.7208,45.2722],[1.7168,45.2716],[1.7129,45.2667],[1.6975,45.269],[1.6956,45.2666],[1.6913,45.2697],[1.6986,45.2738],[1.6989,45.2768],[1.6955,45.2779],[1.692,45.2826],[1.6894,45.2821],[1.6913,45.2839],[1.6848,45.2828],[1.6733,45.2871],[1.6698,45.2849],[1.6712,45.2839],[1.6705,45.2794],[1.6729,45.2781],[1.6686,45.2759],[1.6686,45.2725],[1.6597,45.2697],[1.6572,45.2734],[1.6508,45.2736],[1.6463,45.2783],[1.6437,45.2777],[1.647,45.2814],[1.6444,45.284],[1.6414,45.2834],[1.6439,45.2812],[1.6406,45.2823],[1.6408,45.2811],[1.6343,45.2792],[1.6319,45.2827],[1.6286,45.2826],[1.6314,45.2861],[1.6341,45.2863],[1.6328,45.2884],[1.6361,45.2906],[1.6363,45.2892],[1.6401,45.2898],[1.6378,45.2918],[1.6337,45.2918],[1.6347,45.2939],[1.638,45.2929],[1.6367,45.2935],[1.6393,45.2964],[1.637,45.2976],[1.6418,45.2989],[1.6403,45.3007],[1.6446,45.3045],[1.6475,45.3038],[1.6504,45.3059],[1.6549,45.3048],[1.6551,45.3021],[1.6589,45.3032],[1.6572,45.2975],[1.6646,45.301],[1.6682,45.3007],[1.6669,45.3027],[1.6639,45.3028],[1.6635,45.3048],[1.661,45.3036],[1.6582,45.3059],[1.6624,45.3057],[1.6616,45.3087],[1.6682,45.31],[1.666,45.3109],[1.6693,45.3106],[1.668,45.3074],[1.6716,45.3068],[1.6702,45.3061],[1.6713,45.3038],[1.6696,45.3034],[1.6756,45.3035],[1.6734,45.3022],[1.6747,45.3018],[1.6789,45.3068],[1.6785,45.308],[1.6757,45.3072],[1.6785,45.3116],[1.6741,45.308],[1.6724,45.31],[1.6749,45.3113],[1.6745,45.313],[1.6769,45.3113],[1.6788,45.3125],[1.6804,45.31],[1.6899,45.3097],[1.7011,45.3046],[1.7017,45.3035],[1.6999,45.3038],[1.7012,45.3028],[1.7052,45.3037],[1.7052,45.3037]]]}},{"type":"Feature","properties":{"code":"19228","nom":"Saint-Pantaléon-de-Lapleau","pop":63},"geometry":{"type":"Polygon","coordinates":[[[2.2296,45.3336],[2.224,45.32],[2.2111,45.3239],[2.2121,45.3205],[2.2098,45.3188],[2.2104,45.3153],[2.2084,45.3127],[2.2108,45.3126],[2.2136,45.3079],[2.2115,45.3068],[2.2024,45.3107],[2.2037,45.3089],[2.1991,45.3069],[2.1985,45.3043],[2.1863,45.3001],[2.1807,45.3029],[2.1837,45.3046],[2.1782,45.307],[2.1773,45.3099],[2.1804,45.3129],[2.1826,45.3197],[2.187,45.3226],[2.1814,45.3263],[2.1851,45.3282],[2.1963,45.328],[2.2005,45.3318],[2.2069,45.3292],[2.2104,45.3352],[2.2174,45.3396],[2.2241,45.3394],[2.2296,45.3336],[2.2296,45.3336]]]}},{"type":"Feature","properties":{"code":"19231","nom":"Saint-Pardoux-la-Croisille","pop":176},"geometry":{"type":"Polygon","coordinates":[[[1.9872,45.2792],[1.9929,45.2782],[1.9947,45.2751],[1.9987,45.2736],[1.9994,45.268],[2.0054,45.2565],[2.0005,45.2546],[2.0026,45.2517],[2.0017,45.2495],[1.9906,45.2439],[1.9866,45.2459],[1.9879,45.2384],[1.9916,45.2363],[1.987,45.2345],[1.9865,45.2287],[1.9787,45.2307],[1.9744,45.2298],[1.9755,45.2306],[1.974,45.2322],[1.9672,45.2323],[1.9654,45.2349],[1.9666,45.2387],[1.96,45.2403],[1.9573,45.2373],[1.9582,45.2344],[1.9465,45.2314],[1.9458,45.2288],[1.9393,45.2288],[1.9332,45.2318],[1.935,45.233],[1.9338,45.2343],[1.9306,45.2341],[1.9272,45.24],[1.9301,45.2396],[1.933,45.2433],[1.9305,45.2485],[1.9402,45.2588],[1.9463,45.2591],[1.9555,45.2558],[1.9643,45.2593],[1.9758,45.2584],[1.9771,45.2649],[1.9836,45.2702],[1.982,45.2724],[1.9866,45.2764],[1.9872,45.2792],[1.9872,45.2792]]]}},{"type":"Feature","properties":{"code":"19232","nom":"Saint-Pardoux-le-Neuf","pop":83},"geometry":{"type":"Polygon","coordinates":[[[2.3386,45.6245],[2.3441,45.6227],[2.3447,45.6206],[2.3496,45.621],[2.354,45.6238],[2.3606,45.6191],[2.3649,45.619],[2.3671,45.6152],[2.3569,45.6139],[2.353,45.6154],[2.3514,45.6131],[2.3439,45.6126],[2.3426,45.6065],[2.3442,45.6055],[2.3454,45.5977],[2.3382,45.5909],[2.3342,45.5934],[2.3315,45.5918],[2.3206,45.5953],[2.3185,45.5943],[2.315,45.5975],[2.3128,45.5964],[2.3115,45.5979],[2.3113,45.6016],[2.3138,45.6004],[2.3149,45.6024],[2.3127,45.6046],[2.3137,45.6098],[2.3164,45.6092],[2.32,45.6137],[2.3194,45.6155],[2.3166,45.6156],[2.3122,45.6337],[2.3181,45.6326],[2.3217,45.6357],[2.3297,45.634],[2.3314,45.6274],[2.3386,45.6245],[2.3386,45.6245]]]}},{"type":"Feature","properties":{"code":"19233","nom":"Saint-Pardoux-le-Vieux","pop":293},"geometry":{"type":"Polygon","coordinates":[[[2.2818,45.5735],[2.2809,45.5751],[2.2756,45.5757],[2.275,45.5791],[2.2692,45.5838],[2.2632,45.5845],[2.2634,45.5912],[2.2579,45.5935],[2.2533,45.5923],[2.2522,45.5954],[2.2425,45.5982],[2.2434,45.6013],[2.2381,45.6032],[2.2418,45.6071],[2.2401,45.6129],[2.2458,45.6153],[2.2553,45.6213],[2.2626,45.6204],[2.2675,45.6223],[2.2726,45.6292],[2.2759,45.6235],[2.287,45.6255],[2.2881,45.6158],[2.2914,45.6123],[2.2915,45.6082],[2.2962,45.603],[2.2945,45.602],[2.2981,45.5999],[2.295,45.5944],[2.2822,45.5871],[2.2841,45.5831],[2.2876,45.5821],[2.2902,45.5854],[2.2952,45.5809],[2.294,45.5775],[2.2956,45.5746],[2.2818,45.5735],[2.2818,45.5735]]]}},{"type":"Feature","properties":{"code":"19234","nom":"Saint-Pardoux-l'Ortigier","pop":485},"geometry":{"type":"Polygon","coordinates":[[[1.5962,45.2891],[1.5958,45.2855],[1.5975,45.2838],[1.5948,45.2833],[1.5936,45.28],[1.5952,45.27],[1.5878,45.2707],[1.585,45.2685],[1.5839,45.2701],[1.5881,45.272],[1.5872,45.2746],[1.5828,45.2736],[1.577,45.2769],[1.5644,45.2796],[1.568,45.2794],[1.5663,45.2806],[1.5687,45.2896],[1.5656,45.2947],[1.5679,45.2977],[1.5632,45.3022],[1.5612,45.3021],[1.5627,45.3045],[1.5597,45.306],[1.5644,45.3137],[1.5719,45.3173],[1.5724,45.3202],[1.5686,45.32],[1.5683,45.3225],[1.574,45.3244],[1.5748,45.3266],[1.5766,45.3225],[1.5799,45.3208],[1.6024,45.3281],[1.6022,45.3221],[1.5977,45.3148],[1.5984,45.3125],[1.5938,45.3088],[1.5954,45.3022],[1.5934,45.3006],[1.5952,45.2973],[1.5922,45.2915],[1.5962,45.2891],[1.5962,45.2891]]]}},{"type":"Feature","properties":{"code":"19235","nom":"Saint-Paul","pop":232},"geometry":{"type":"Polygon","coordinates":[[[1.8863,45.2161],[1.8893,45.2147],[1.8878,45.2223],[1.89,45.2243],[1.8976,45.2251],[1.9066,45.2225],[1.9058,45.221],[1.9125,45.2228],[1.9118,45.2256],[1.923,45.2227],[1.9233,45.2204],[1.9261,45.2218],[1.9324,45.2195],[1.9377,45.2158],[1.9395,45.21],[1.9334,45.2088],[1.9277,45.2105],[1.9249,45.2069],[1.9164,45.2024],[1.918,45.2011],[1.9085,45.1987],[1.91,45.1951],[1.9056,45.1931],[1.9023,45.1889],[1.8996,45.1909],[1.9001,45.1945],[1.8965,45.1931],[1.8942,45.1961],[1.8894,45.1943],[1.8901,45.1921],[1.8886,45.1913],[1.8903,45.1874],[1.876,45.1821],[1.8744,45.189],[1.8689,45.1916],[1.8642,45.1997],[1.8651,45.2079],[1.8751,45.2122],[1.8791,45.21],[1.8879,45.2118],[1.8869,45.2154],[1.8839,45.2148],[1.8863,45.2161],[1.8863,45.2161]]]}},{"type":"Feature","properties":{"code":"19236","nom":"Saint-Priest-de-Gimel","pop":480},"geometry":{"type":"Polygon","coordinates":[[[1.9035,45.3399],[1.9004,45.3275],[1.9052,45.3203],[1.9033,45.32],[1.9032,45.3163],[1.9063,45.3173],[1.9089,45.3151],[1.9146,45.3083],[1.9145,45.3038],[1.9165,45.3021],[1.9202,45.302],[1.9208,45.3],[1.9245,45.301],[1.9278,45.2987],[1.9271,45.2974],[1.9369,45.2949],[1.9363,45.2936],[1.9297,45.2949],[1.9246,45.2923],[1.925,45.2877],[1.9272,45.2856],[1.9218,45.2867],[1.9254,45.2823],[1.9292,45.281],[1.9238,45.2769],[1.9174,45.2795],[1.9131,45.2787],[1.9088,45.2819],[1.9093,45.2863],[1.9163,45.2891],[1.9127,45.291],[1.909,45.2914],[1.9056,45.2959],[1.9,45.2966],[1.8974,45.2921],[1.8982,45.2907],[1.8967,45.2905],[1.8961,45.2923],[1.8895,45.2902],[1.8695,45.2918],[1.8652,45.2961],[1.8566,45.299],[1.8632,45.3016],[1.8642,45.3035],[1.8625,45.3063],[1.8686,45.3073],[1.8681,45.3094],[1.8721,45.3106],[1.8724,45.3147],[1.8766,45.3156],[1.8752,45.3163],[1.8774,45.3186],[1.8723,45.3209],[1.8719,45.3239],[1.8744,45.3246],[1.87,45.3289],[1.8793,45.3318],[1.8825,45.3375],[1.9035,45.3399],[1.9035,45.3399]]]}},{"type":"Feature","properties":{"code":"19237","nom":"Saint-Privat","pop":1034},"geometry":{"type":"Polygon","coordinates":[[[2.1018,45.1153],[2.0952,45.115],[2.0873,45.1077],[2.0818,45.1083],[2.0754,45.105],[2.0651,45.1074],[2.0634,45.1048],[2.0498,45.1026],[2.0351,45.1176],[2.0346,45.122],[2.0367,45.1232],[2.0344,45.1255],[2.0444,45.1231],[2.0538,45.1244],[2.0561,45.1224],[2.058,45.1237],[2.0456,45.1329],[2.047,45.1365],[2.039,45.1416],[2.0418,45.1429],[2.0396,45.1466],[2.0415,45.1484],[2.0396,45.1507],[2.0486,45.1585],[2.0509,45.1562],[2.0533,45.1586],[2.0556,45.1562],[2.0576,45.1633],[2.0648,45.1642],[2.0596,45.1604],[2.0694,45.1599],[2.0708,45.163],[2.0712,45.1605],[2.073,45.1626],[2.0826,45.1636],[2.0855,45.1682],[2.0977,45.1641],[2.102,45.1598],[2.112,45.1614],[2.1141,45.1646],[2.1245,45.1626],[2.1264,45.164],[2.1302,45.1604],[2.1272,45.1585],[2.1272,45.1565],[2.124,45.1585],[2.125,45.155],[2.1198,45.154],[2.1191,45.1518],[2.1238,45.1507],[2.1233,45.1477],[2.1117,45.1464],[2.1078,45.1425],[2.1118,45.1343],[2.1063,45.1338],[2.1038,45.1363],[2.1019,45.1344],[2.1049,45.1333],[2.1051,45.1288],[2.0984,45.1297],[2.0967,45.1275],[2.0991,45.1279],[2.1001,45.1239],[2.105,45.124],[2.1034,45.1215],[2.1054,45.1197],[2.1018,45.1153],[2.1018,45.1153]]]}},{"type":"Feature","properties":{"code":"19238","nom":"Saint-Rémy","pop":244},"geometry":{"type":"Polygon","coordinates":[[[2.271,45.6915],[2.2728,45.6874],[2.2688,45.6786],[2.2717,45.6699],[2.2695,45.6707],[2.2687,45.6635],[2.2886,45.6654],[2.298,45.6715],[2.3213,45.647],[2.3292,45.6437],[2.3297,45.634],[2.3217,45.6357],[2.3181,45.6326],[2.3127,45.6336],[2.3139,45.6363],[2.3106,45.6424],[2.3102,45.6394],[2.3026,45.6398],[2.2985,45.6341],[2.2874,45.6256],[2.2759,45.6235],[2.2726,45.6292],[2.2705,45.6273],[2.2711,45.6254],[2.2657,45.6217],[2.2593,45.6204],[2.258,45.6239],[2.2486,45.6269],[2.2422,45.6323],[2.245,45.6405],[2.2485,45.6409],[2.2452,45.6452],[2.2508,45.6478],[2.2517,45.6504],[2.2478,45.6506],[2.2493,45.6531],[2.245,45.6567],[2.2457,45.6623],[2.2395,45.6616],[2.2358,45.6647],[2.2408,45.6724],[2.237,45.6739],[2.2351,45.6758],[2.236,45.6768],[2.2311,45.6779],[2.2357,45.6804],[2.2345,45.6834],[2.232,45.6838],[2.2402,45.6893],[2.2378,45.6938],[2.2454,45.6953],[2.2525,45.6889],[2.2589,45.6883],[2.271,45.6915],[2.271,45.6915]]]}},{"type":"Feature","properties":{"code":"19240","nom":"Saint-Salvadour","pop":332},"geometry":{"type":"Polygon","coordinates":[[[1.7947,45.3972],[1.7927,45.3945],[1.7935,45.3869],[1.786,45.3834],[1.7873,45.379],[1.7782,45.3765],[1.7797,45.373],[1.7782,45.3708],[1.785,45.3696],[1.7857,45.3663],[1.7837,45.3651],[1.7863,45.3631],[1.7853,45.3621],[1.7792,45.3613],[1.7689,45.3561],[1.7661,45.3653],[1.7634,45.3643],[1.759,45.3668],[1.7596,45.3714],[1.7569,45.3729],[1.7584,45.3737],[1.7552,45.3732],[1.7528,45.3753],[1.7496,45.3731],[1.7438,45.376],[1.7454,45.3825],[1.7472,45.3832],[1.7437,45.384],[1.7452,45.3868],[1.7406,45.3896],[1.7408,45.3917],[1.7368,45.3909],[1.737,45.3948],[1.7342,45.3968],[1.7382,45.3996],[1.7384,45.4064],[1.7417,45.408],[1.7391,45.4095],[1.7458,45.4162],[1.7497,45.4175],[1.7525,45.4141],[1.755,45.4158],[1.7694,45.4124],[1.7731,45.4143],[1.7767,45.4135],[1.7787,45.4096],[1.7824,45.4121],[1.7865,45.4093],[1.7941,45.409],[1.7963,45.4073],[1.7935,45.4002],[1.7947,45.3972],[1.7947,45.3972]]]}},{"type":"Feature","properties":{"code":"19241","nom":"Saint-Setiers","pop":252},"geometry":{"type":"Polygon","coordinates":[[[2.0846,45.7284],[2.0965,45.7344],[2.1139,45.7247],[2.1145,45.7284],[2.1213,45.7324],[2.1335,45.7356],[2.135,45.7296],[2.1411,45.7276],[2.1429,45.724],[2.1545,45.7232],[2.1608,45.7195],[2.1659,45.719],[2.1642,45.7085],[2.1534,45.6995],[2.1699,45.6876],[2.1693,45.6807],[2.1624,45.6756],[2.1458,45.6709],[2.1437,45.6717],[2.1431,45.6694],[2.1362,45.6694],[2.1374,45.6681],[2.1328,45.6665],[2.1266,45.6685],[2.1247,45.6637],[2.1189,45.6587],[2.1105,45.6643],[2.0999,45.6606],[2.0939,45.6555],[2.0919,45.6564],[2.093,45.6583],[2.0846,45.665],[2.0863,45.6694],[2.0714,45.6815],[2.0769,45.6854],[2.077,45.689],[2.0723,45.6891],[2.0708,45.6909],[2.0668,45.6889],[2.071,45.6917],[2.0693,45.6942],[2.0705,45.6956],[2.0666,45.6969],[2.0723,45.6969],[2.072,45.7014],[2.0745,45.7033],[2.0745,45.7047],[2.0727,45.7041],[2.0728,45.7085],[2.0763,45.708],[2.0764,45.7154],[2.0799,45.7155],[2.083,45.7194],[2.0846,45.7284],[2.0846,45.7284]]]}},{"type":"Feature","properties":{"code":"19242","nom":"Saint-Solve","pop":450},"geometry":{"type":"Polygon","coordinates":[[[1.4115,45.2897],[1.4077,45.2905],[1.4041,45.2883],[1.4018,45.2894],[1.4014,45.2938],[1.3918,45.2907],[1.3888,45.2949],[1.3856,45.2954],[1.3885,45.2964],[1.3864,45.3038],[1.3907,45.3049],[1.3945,45.309],[1.4003,45.3161],[1.4021,45.3217],[1.4009,45.3246],[1.4051,45.3257],[1.4077,45.3265],[1.4126,45.3234],[1.4172,45.3114],[1.4162,45.3068],[1.4105,45.3029],[1.413,45.2972],[1.4115,45.2897],[1.4115,45.2897]]]}},{"type":"Feature","properties":{"code":"19243","nom":"Saint-Sornin-Lavolps","pop":847},"geometry":{"type":"Polygon","coordinates":[[[1.3939,45.3544],[1.3871,45.3557],[1.3846,45.3586],[1.3758,45.3591],[1.3745,45.354],[1.3606,45.3514],[1.3577,45.3533],[1.357,45.3585],[1.3539,45.3589],[1.3463,45.3646],[1.3476,45.369],[1.3447,45.3791],[1.3438,45.3816],[1.346,45.3852],[1.3465,45.3928],[1.3557,45.393],[1.3639,45.388],[1.3722,45.3901],[1.381,45.3962],[1.3872,45.3937],[1.3924,45.395],[1.3947,45.3876],[1.3941,45.3723],[1.3966,45.3677],[1.3939,45.3544],[1.3939,45.3544]]]}},{"type":"Feature","properties":{"code":"19244","nom":"Saint-Sulpice-les-Bois","pop":76},"geometry":{"type":"Polygon","coordinates":[[[2.1047,45.6334],[2.1133,45.6408],[2.1113,45.6447],[2.1238,45.6466],[2.1262,45.6444],[2.1288,45.6464],[2.1383,45.6464],[2.1404,45.6399],[2.1474,45.6379],[2.151,45.6282],[2.1549,45.625],[2.158,45.625],[2.1665,45.6141],[2.178,45.613],[2.1774,45.6072],[2.1823,45.606],[2.1839,45.5999],[2.1816,45.5938],[2.1852,45.589],[2.1726,45.5923],[2.153,45.593],[2.1455,45.5874],[2.1403,45.5898],[2.136,45.5894],[2.1302,45.5993],[2.1234,45.5995],[2.1167,45.5961],[2.1096,45.5957],[2.0968,45.5981],[2.0964,45.6024],[2.1116,45.607],[2.1116,45.6125],[2.1277,45.6228],[2.1247,45.6301],[2.1131,45.6321],[2.1117,45.6306],[2.1047,45.6334],[2.1047,45.6334]]]}},{"type":"Feature","properties":{"code":"19245","nom":"Saint-Sylvain","pop":131},"geometry":{"type":"Polygon","coordinates":[[[1.91,45.1951],[1.9143,45.1886],[1.9135,45.1796],[1.9074,45.1792],[1.9089,45.1775],[1.9031,45.1791],[1.9033,45.1769],[1.8989,45.1747],[1.8999,45.1733],[1.8946,45.1726],[1.8948,45.1707],[1.8914,45.1692],[1.8739,45.1684],[1.8719,45.1653],[1.8724,45.1674],[1.8668,45.1708],[1.8673,45.1728],[1.863,45.1731],[1.8648,45.1765],[1.8566,45.1761],[1.8585,45.1809],[1.8576,45.1828],[1.8624,45.1832],[1.8619,45.1853],[1.8646,45.1849],[1.8646,45.1834],[1.8697,45.1867],[1.8718,45.1859],[1.8708,45.1845],[1.8722,45.182],[1.8801,45.1827],[1.8794,45.1839],[1.885,45.1867],[1.8905,45.1876],[1.8886,45.1913],[1.8901,45.1921],[1.8894,45.1943],[1.8942,45.1961],[1.8965,45.1931],[1.9001,45.1945],[1.8996,45.1909],[1.9028,45.1888],[1.9034,45.1921],[1.91,45.1951],[1.91,45.1951]]]}},{"type":"Feature","properties":{"code":"19246","nom":"Saint-Viance","pop":1892},"geometry":{"type":"Polygon","coordinates":[[[1.4931,45.2147],[1.4889,45.2119],[1.4783,45.2103],[1.4791,45.2005],[1.4822,45.1987],[1.4816,45.1929],[1.4891,45.1925],[1.4892,45.1891],[1.4809,45.188],[1.4807,45.1852],[1.4753,45.1837],[1.4721,45.1783],[1.466,45.1779],[1.4665,45.1753],[1.4648,45.1746],[1.463,45.1769],[1.467,45.182],[1.462,45.1871],[1.461,45.1923],[1.4547,45.1934],[1.4551,45.195],[1.4483,45.2],[1.4488,45.2029],[1.4434,45.2035],[1.4436,45.2058],[1.4397,45.2118],[1.4392,45.2169],[1.4337,45.2207],[1.4315,45.2281],[1.4387,45.2289],[1.4487,45.2343],[1.4524,45.2329],[1.4526,45.2306],[1.4612,45.2318],[1.4633,45.2283],[1.4733,45.2317],[1.4779,45.2261],[1.4811,45.2268],[1.4844,45.2241],[1.4881,45.2249],[1.4894,45.2229],[1.4901,45.2246],[1.4948,45.2235],[1.4945,45.2218],[1.4963,45.2214],[1.4931,45.2147],[1.4931,45.2147]]]}},{"type":"Feature","properties":{"code":"19247","nom":"Saint-Victour","pop":199},"geometry":{"type":"Polygon","coordinates":[[[2.3675,45.4445],[2.3624,45.4544],[2.3563,45.4577],[2.3552,45.4651],[2.3488,45.4744],[2.3521,45.4773],[2.3539,45.4762],[2.3557,45.478],[2.3547,45.4755],[2.3598,45.4737],[2.3724,45.4751],[2.3766,45.4734],[2.3776,45.4764],[2.3854,45.4812],[2.4003,45.4789],[2.4053,45.4824],[2.427,45.4813],[2.4337,45.4775],[2.4323,45.4743],[2.4282,45.4737],[2.4264,45.4711],[2.4193,45.4705],[2.4156,45.4722],[2.4122,45.4675],[2.4138,45.4656],[2.4111,45.466],[2.4109,45.4683],[2.4074,45.4679],[2.4065,45.4654],[2.4012,45.4645],[2.4033,45.4617],[2.3934,45.4575],[2.3909,45.4583],[2.3884,45.4528],[2.3902,45.452],[2.3879,45.4501],[2.3904,45.4492],[2.3882,45.4473],[2.3887,45.4413],[2.3866,45.4411],[2.3858,45.4388],[2.3775,45.4402],[2.3765,45.4431],[2.3725,45.4422],[2.3675,45.4445],[2.3675,45.4445]]]}},{"type":"Feature","properties":{"code":"19248","nom":"Les Trois-Saints","pop":1388},"geometry":{"type":"Polygon","coordinates":[[[1.4744,45.4869],[1.4785,45.4879],[1.4864,45.4856],[1.4949,45.4871],[1.5105,45.4814],[1.5125,45.4791],[1.5144,45.4796],[1.5189,45.4684],[1.5343,45.4748],[1.5407,45.4706],[1.5413,45.4657],[1.5569,45.4667],[1.5544,45.4646],[1.5587,45.46],[1.556,45.4567],[1.5584,45.4502],[1.5558,45.4488],[1.5564,45.446],[1.5463,45.4481],[1.5435,45.4462],[1.5435,45.44],[1.5523,45.4333],[1.5498,45.4329],[1.5469,45.4251],[1.5362,45.4196],[1.5311,45.4199],[1.528,45.418],[1.5266,45.4047],[1.5233,45.4035],[1.5213,45.406],[1.508,45.4112],[1.5085,45.4185],[1.4955,45.424],[1.4952,45.4168],[1.4986,45.4095],[1.5001,45.4078],[1.4978,45.4055],[1.4861,45.4033],[1.4837,45.4051],[1.4864,45.4081],[1.4811,45.4128],[1.4629,45.4087],[1.46,45.4059],[1.4562,45.4092],[1.4432,45.4131],[1.4454,45.4219],[1.4303,45.4256],[1.4263,45.4311],[1.4323,45.4385],[1.4389,45.4421],[1.4481,45.4519],[1.4535,45.4545],[1.4532,45.4586],[1.4479,45.4621],[1.4512,45.4722],[1.4449,45.4788],[1.439,45.4807],[1.4381,45.4827],[1.4479,45.4895],[1.455,45.4858],[1.4631,45.4849],[1.465,45.4818],[1.4734,45.4843],[1.4744,45.4869],[1.4744,45.4869]]]}},{"type":"Feature","properties":{"code":"19249","nom":"Saint-Yrieix-le-Déjalat","pop":327},"geometry":{"type":"Polygon","coordinates":[[[1.9719,45.4123],[1.9663,45.414],[1.9659,45.4158],[1.9697,45.4159],[1.969,45.4199],[1.9643,45.4269],[1.9604,45.4292],[1.9586,45.4292],[1.9586,45.4267],[1.9548,45.427],[1.9479,45.4229],[1.9364,45.4386],[1.934,45.4453],[1.9285,45.4406],[1.9207,45.4421],[1.9254,45.448],[1.924,45.4518],[1.9263,45.4514],[1.9251,45.4527],[1.9275,45.4543],[1.9255,45.4559],[1.9273,45.4592],[1.9343,45.462],[1.9323,45.4672],[1.9287,45.4685],[1.9303,45.4716],[1.932,45.4706],[1.9343,45.4736],[1.9396,45.4731],[1.9369,45.4759],[1.9379,45.4768],[1.9414,45.474],[1.9481,45.4753],[1.9462,45.477],[1.9484,45.4818],[1.9575,45.4828],[1.961,45.486],[1.961,45.4913],[1.9656,45.4912],[1.9712,45.4939],[1.9709,45.4963],[1.9751,45.4982],[1.9754,45.5017],[1.9783,45.502],[1.9871,45.4977],[1.9899,45.4856],[1.9933,45.4893],[2.0034,45.4845],[2.0043,45.4824],[1.9993,45.4797],[1.9987,45.4637],[1.9959,45.4565],[2.0036,45.4558],[2.0131,45.4522],[2.0158,45.4483],[2.014,45.4429],[2.0121,45.4424],[2.0126,45.4404],[2.0088,45.4418],[2.0086,45.4404],[2.0032,45.4402],[1.998,45.4356],[2.0024,45.4331],[1.9978,45.4261],[1.9996,45.424],[1.9966,45.4221],[1.9939,45.4237],[1.9905,45.4226],[1.9848,45.4143],[1.9829,45.4136],[1.9813,45.4158],[1.9798,45.4133],[1.9748,45.4125],[1.9757,45.4143],[1.9719,45.4123],[1.9719,45.4123]]]}},{"type":"Feature","properties":{"code":"19250","nom":"Salon-la-Tour","pop":681},"geometry":{"type":"Polygon","coordinates":[[[1.4744,45.4869],[1.4764,45.5095],[1.4807,45.5126],[1.4788,45.5137],[1.483,45.5144],[1.4941,45.5213],[1.5056,45.5223],[1.5129,45.5263],[1.5152,45.5264],[1.5167,45.5228],[1.5217,45.5232],[1.5212,45.5261],[1.5246,45.529],[1.5298,45.5306],[1.5323,45.5293],[1.5356,45.5311],[1.5447,45.5281],[1.5495,45.5338],[1.5593,45.5333],[1.565,45.5363],[1.5757,45.5326],[1.5847,45.5328],[1.5846,45.5242],[1.5759,45.5222],[1.5754,45.5009],[1.581,45.4935],[1.5722,45.4889],[1.5736,45.4839],[1.5713,45.4745],[1.5654,45.4791],[1.56,45.4805],[1.5598,45.4776],[1.5524,45.4733],[1.554,45.4716],[1.5524,45.4676],[1.5545,45.4668],[1.549,45.4651],[1.5413,45.4657],[1.5407,45.4706],[1.5343,45.4748],[1.5189,45.4684],[1.5144,45.4796],[1.4977,45.4865],[1.4744,45.4869],[1.4744,45.4869]]]}},{"type":"Feature","properties":{"code":"19251","nom":"Sarran","pop":262},"geometry":{"type":"Polygon","coordinates":[[[1.9207,45.4421],[1.9285,45.4406],[1.934,45.4453],[1.9364,45.4386],[1.9479,45.4229],[1.9548,45.427],[1.9586,45.4267],[1.9586,45.4292],[1.9604,45.4292],[1.9643,45.4269],[1.969,45.4199],[1.9697,45.4159],[1.9659,45.4158],[1.9663,45.414],[1.9711,45.413],[1.9723,45.4109],[1.9756,45.4112],[1.9752,45.4092],[1.9778,45.4095],[1.9784,45.4076],[1.9736,45.406],[1.9736,45.4019],[1.97,45.4015],[1.9673,45.397],[1.9645,45.4005],[1.956,45.3976],[1.9535,45.3955],[1.9546,45.393],[1.9486,45.3921],[1.9482,45.3856],[1.9303,45.3837],[1.9247,45.3856],[1.9245,45.3884],[1.912,45.4019],[1.9084,45.4007],[1.9062,45.4024],[1.8988,45.3985],[1.8952,45.4002],[1.8903,45.3956],[1.888,45.3966],[1.8869,45.4012],[1.89,45.407],[1.8924,45.4076],[1.8914,45.4084],[1.8939,45.4123],[1.8919,45.4134],[1.8942,45.4129],[1.8952,45.4146],[1.8925,45.4159],[1.8912,45.4205],[1.8939,45.4283],[1.8969,45.427],[1.9078,45.4295],[1.9146,45.4285],[1.9184,45.4313],[1.9176,45.4348],[1.9198,45.4361],[1.9192,45.441],[1.9207,45.4421],[1.9207,45.4421]]]}},{"type":"Feature","properties":{"code":"19252","nom":"Sarroux - Saint Julien","pop":866},"geometry":{"type":"Polygon","coordinates":[[[2.4379,45.3879],[2.4326,45.393],[2.4249,45.3941],[2.4226,45.3973],[2.4149,45.3963],[2.398,45.4002],[2.3951,45.4074],[2.3809,45.4135],[2.3845,45.4166],[2.3917,45.4171],[2.3969,45.4207],[2.3991,45.4266],[2.3977,45.431],[2.4055,45.4337],[2.4058,45.4368],[2.4124,45.4447],[2.4169,45.4418],[2.4313,45.4517],[2.433,45.4499],[2.4401,45.4506],[2.4392,45.4538],[2.4423,45.4551],[2.4406,45.4576],[2.443,45.465],[2.4416,45.4684],[2.45,45.4698],[2.4494,45.4717],[2.4418,45.4735],[2.4372,45.4785],[2.4378,45.4865],[2.4477,45.4868],[2.4494,45.4821],[2.4519,45.4832],[2.4552,45.4803],[2.4548,45.4778],[2.4605,45.4786],[2.4645,45.4813],[2.4629,45.4786],[2.4651,45.4781],[2.4645,45.4754],[2.4745,45.4701],[2.4909,45.4726],[2.4929,45.4706],[2.4968,45.4717],[2.4977,45.4679],[2.5008,45.4673],[2.5036,45.4616],[2.4997,45.4609],[2.4991,45.4549],[2.5033,45.4483],[2.4962,45.4468],[2.496,45.4418],[2.493,45.4385],[2.4962,45.4363],[2.4916,45.4295],[2.4927,45.4239],[2.4859,45.4166],[2.4805,45.4151],[2.4793,45.4129],[2.4857,45.409],[2.4833,45.406],[2.4762,45.4027],[2.4754,45.3982],[2.4716,45.3972],[2.4731,45.3948],[2.4681,45.3942],[2.4683,45.3923],[2.4647,45.3915],[2.4634,45.3934],[2.4613,45.3909],[2.4584,45.3929],[2.4445,45.3849],[2.4412,45.3865],[2.4415,45.3845],[2.4379,45.3879],[2.4379,45.3879]]]}},{"type":"Feature","properties":{"code":"19255","nom":"Seilhac","pop":1805},"geometry":{"type":"Polygon","coordinates":[[[1.768,45.3481],[1.7631,45.3504],[1.7604,45.3474],[1.7605,45.3497],[1.7499,45.35],[1.7486,45.3539],[1.7415,45.3511],[1.7394,45.3522],[1.743,45.3464],[1.734,45.3456],[1.7317,45.3474],[1.7322,45.345],[1.7287,45.3419],[1.7379,45.3385],[1.7336,45.3361],[1.7324,45.3374],[1.7295,45.3349],[1.7268,45.34],[1.7246,45.3389],[1.719,45.3423],[1.7203,45.3436],[1.7133,45.3494],[1.7153,45.351],[1.697,45.3494],[1.6942,45.3511],[1.6955,45.3539],[1.692,45.3527],[1.693,45.3545],[1.6884,45.3546],[1.6927,45.357],[1.6876,45.3549],[1.6866,45.356],[1.6913,45.3617],[1.6879,45.366],[1.6923,45.3684],[1.6905,45.3713],[1.6895,45.3695],[1.6804,45.3692],[1.6766,45.3655],[1.671,45.3668],[1.6687,45.3706],[1.6665,45.3693],[1.668,45.371],[1.6652,45.374],[1.6704,45.3773],[1.6733,45.3801],[1.6762,45.3796],[1.6929,45.3712],[1.6906,45.3752],[1.6945,45.3773],[1.6927,45.385],[1.6965,45.3815],[1.7021,45.3807],[1.7079,45.3839],[1.7089,45.3879],[1.7146,45.3864],[1.7177,45.3886],[1.7169,45.394],[1.7185,45.3925],[1.7218,45.3952],[1.724,45.3938],[1.7236,45.3919],[1.7289,45.3939],[1.7321,45.3928],[1.7342,45.3968],[1.7374,45.3938],[1.7362,45.3915],[1.7408,45.3917],[1.7406,45.3896],[1.7455,45.386],[1.7437,45.384],[1.7472,45.3832],[1.7438,45.3782],[1.7446,45.375],[1.7496,45.3731],[1.7528,45.3753],[1.7552,45.3732],[1.7574,45.3744],[1.7569,45.3729],[1.7596,45.3714],[1.7582,45.3688],[1.7594,45.3664],[1.7634,45.3643],[1.7661,45.3653],[1.766,45.3625],[1.7689,45.36],[1.7693,45.3543],[1.7674,45.3506],[1.771,45.3503],[1.768,45.3481],[1.768,45.3481]]]}},{"type":"Feature","properties":{"code":"19256","nom":"Sérandon","pop":343},"geometry":{"type":"Polygon","coordinates":[[[2.3399,45.3259],[2.335,45.3265],[2.3169,45.3227],[2.3059,45.3104],[2.2977,45.3148],[2.291,45.3128],[2.2916,45.3196],[2.2882,45.3211],[2.2902,45.3229],[2.2883,45.3255],[2.2893,45.3277],[2.2931,45.328],[2.2908,45.3295],[2.2928,45.3326],[2.2904,45.3375],[2.295,45.3406],[2.2869,45.3412],[2.2853,45.3442],[2.288,45.3468],[2.2877,45.3502],[2.2893,45.3499],[2.2886,45.3512],[2.2909,45.3528],[2.2883,45.354],[2.2928,45.3604],[2.2918,45.3631],[2.2969,45.3663],[2.2959,45.3708],[2.2993,45.3749],[2.2968,45.3776],[2.2993,45.3798],[2.3159,45.3737],[2.3221,45.3786],[2.33,45.3803],[2.3358,45.3793],[2.3395,45.3818],[2.3402,45.3799],[2.3433,45.3806],[2.3445,45.3782],[2.3441,45.3821],[2.3512,45.3873],[2.3542,45.3871],[2.36,45.381],[2.3635,45.3803],[2.3643,45.372],[2.3676,45.3672],[2.3642,45.3617],[2.3649,45.3553],[2.3628,45.3533],[2.3578,45.3548],[2.3502,45.3464],[2.3586,45.3392],[2.3593,45.3361],[2.3516,45.328],[2.3399,45.3259],[2.3399,45.3259]]]}},{"type":"Feature","properties":{"code":"19257","nom":"Sérilhac","pop":275},"geometry":{"type":"Polygon","coordinates":[[[1.7338,45.0768],[1.7276,45.0837],[1.7184,45.0825],[1.715,45.0862],[1.7049,45.0892],[1.703,45.0938],[1.7054,45.0963],[1.7054,45.1051],[1.7086,45.1066],[1.7079,45.1103],[1.7148,45.1101],[1.7237,45.1068],[1.7244,45.1153],[1.7317,45.1122],[1.7366,45.1127],[1.7446,45.1111],[1.748,45.1133],[1.7557,45.1136],[1.77,45.105],[1.7569,45.1014],[1.7608,45.1],[1.7604,45.0969],[1.7487,45.0949],[1.7514,45.09],[1.749,45.0887],[1.7471,45.0798],[1.7469,45.0832],[1.7426,45.0851],[1.7401,45.0804],[1.7338,45.0768],[1.7338,45.0768]]]}},{"type":"Feature","properties":{"code":"19258","nom":"Servières-le-Château","pop":563},"geometry":{"type":"Polygon","coordinates":[[[2.0388,45.113],[2.0187,45.1117],[2.0037,45.103],[1.9954,45.1011],[1.9948,45.1112],[1.9833,45.1187],[1.9975,45.1287],[1.9962,45.1322],[1.9986,45.1329],[1.9989,45.1411],[2.0035,45.1426],[2.0063,45.1478],[2.0082,45.1463],[2.0093,45.1476],[2.0104,45.1537],[2.0137,45.1579],[2.0074,45.1653],[2.0135,45.1686],[2.0208,45.1799],[2.0255,45.1831],[2.0339,45.1803],[2.033,45.174],[2.0339,45.1757],[2.0447,45.1693],[2.0434,45.1656],[2.0524,45.1701],[2.0576,45.1633],[2.0556,45.1562],[2.0533,45.1586],[2.0509,45.1562],[2.0486,45.1585],[2.0396,45.1507],[2.0415,45.1484],[2.0396,45.1466],[2.0418,45.1429],[2.0388,45.1427],[2.047,45.1365],[2.0456,45.1329],[2.058,45.1237],[2.0561,45.1224],[2.0538,45.1244],[2.0444,45.1231],[2.0344,45.1255],[2.0367,45.1232],[2.0342,45.1194],[2.0388,45.113],[2.0388,45.113]]]}},{"type":"Feature","properties":{"code":"19259","nom":"Sexcles","pop":228},"geometry":{"type":"Polygon","coordinates":[[[2.0379,45.0393],[2.0465,45.0318],[2.0443,45.0283],[2.0461,45.0255],[2.0458,45.0181],[2.0483,45.014],[2.047,45.0067],[2.0396,45.0095],[2.0364,45.0152],[2.0318,45.0163],[2.0311,45.0191],[2.0233,45.0219],[2.024,45.0272],[2.0221,45.0291],[2.0094,45.0338],[2.006,45.0342],[2.0065,45.0321],[2.0016,45.0273],[2.0029,45.0247],[1.9998,45.0242],[2.0,45.0219],[1.9795,45.0087],[1.9773,45.0105],[1.9817,45.0202],[1.9832,45.0222],[1.9863,45.0213],[1.9846,45.029],[1.9894,45.0313],[1.9936,45.0375],[1.993,45.0417],[1.9865,45.0485],[1.9895,45.0518],[1.9881,45.0575],[1.9917,45.0582],[1.9935,45.0618],[1.999,45.0647],[2.0001,45.0707],[2.0043,45.0725],[2.0039,45.0756],[2.0077,45.0776],[2.0098,45.0818],[2.0157,45.0821],[2.0216,45.0794],[2.0211,45.0847],[2.029,45.0837],[2.0294,45.0792],[2.0344,45.0787],[2.0488,45.0675],[2.0433,45.0627],[2.0381,45.0613],[2.0408,45.0491],[2.0359,45.0463],[2.0385,45.044],[2.0334,45.0396],[2.0379,45.0393],[2.0379,45.0393]]]}},{"type":"Feature","properties":{"code":"19260","nom":"Sioniac","pop":246},"geometry":{"type":"Polygon","coordinates":[[[1.7908,44.9564],[1.7929,44.9714],[1.7918,44.9734],[1.7825,44.9736],[1.7785,44.9767],[1.7872,44.9788],[1.7852,44.9836],[1.7807,44.9834],[1.7806,44.9872],[1.7843,44.9908],[1.7825,44.9964],[1.7869,44.9991],[1.7963,44.9969],[1.8053,45.0013],[1.8092,45.0017],[1.8087,44.9907],[1.8144,44.985],[1.8177,44.9766],[1.8216,44.975],[1.817,44.9723],[1.8175,44.9654],[1.8129,44.9639],[1.8125,44.9591],[1.8037,44.9525],[1.8034,44.9492],[1.8001,44.9522],[1.8,44.9557],[1.7971,44.9545],[1.7908,44.9564],[1.7908,44.9564]]]}},{"type":"Feature","properties":{"code":"19261","nom":"Sornac","pop":776},"geometry":{"type":"Polygon","coordinates":[[[2.1611,45.736],[2.1644,45.7363],[2.1758,45.7317],[2.1825,45.7211],[2.1915,45.7188],[2.2006,45.7192],[2.2077,45.7157],[2.1989,45.7123],[2.1979,45.7049],[2.1912,45.702],[2.1944,45.6988],[2.1982,45.7002],[2.2049,45.6985],[2.2113,45.7021],[2.2128,45.7128],[2.2151,45.7026],[2.2209,45.7022],[2.2242,45.6958],[2.2276,45.6956],[2.2319,45.7001],[2.2402,45.6893],[2.232,45.6838],[2.2345,45.6834],[2.2357,45.6804],[2.2311,45.6779],[2.236,45.6768],[2.2351,45.6756],[2.2409,45.6722],[2.2358,45.6647],[2.224,45.6618],[2.2223,45.6641],[2.223,45.668],[2.2116,45.6675],[2.2048,45.6601],[2.1993,45.6586],[2.1877,45.6498],[2.189,45.6469],[2.1879,45.6404],[2.1901,45.6372],[2.1935,45.6372],[2.1949,45.6407],[2.2003,45.6449],[2.2103,45.6412],[2.2172,45.6331],[2.2139,45.6255],[2.2046,45.6213],[2.2009,45.6252],[2.194,45.6218],[2.1788,45.6189],[2.1715,45.6143],[2.1665,45.6141],[2.158,45.625],[2.1549,45.625],[2.151,45.6282],[2.1474,45.6379],[2.1404,45.6399],[2.1383,45.6464],[2.1288,45.6464],[2.1262,45.6444],[2.1238,45.6466],[2.1097,45.645],[2.1151,45.6525],[2.1159,45.6576],[2.1247,45.6637],[2.1266,45.6685],[2.1328,45.6665],[2.1374,45.6681],[2.1362,45.6694],[2.1427,45.6693],[2.1437,45.6717],[2.1458,45.6709],[2.1632,45.6755],[2.1639,45.6781],[2.1693,45.6807],[2.1691,45.6886],[2.1534,45.6995],[2.1586,45.7026],[2.1652,45.7108],[2.1644,45.7167],[2.1659,45.719],[2.1566,45.7216],[2.1605,45.7286],[2.1611,45.736],[2.1611,45.736]]]}},{"type":"Feature","properties":{"code":"19262","nom":"Soudaine-Lavinadière","pop":143},"geometry":{"type":"Polygon","coordinates":[[[1.7534,45.569],[1.7579,45.5641],[1.7576,45.5622],[1.7601,45.5603],[1.7611,45.5617],[1.7609,45.5534],[1.7632,45.5514],[1.7585,45.5476],[1.7554,45.5396],[1.7536,45.539],[1.7563,45.5392],[1.754,45.5321],[1.7497,45.5307],[1.745,45.5252],[1.7293,45.5279],[1.7294,45.5264],[1.7355,45.5234],[1.734,45.5203],[1.725,45.519],[1.7249,45.5163],[1.7283,45.5142],[1.7205,45.5106],[1.7161,45.5118],[1.7097,45.5271],[1.7128,45.5319],[1.7091,45.5352],[1.7065,45.535],[1.689,45.5437],[1.6854,45.5472],[1.6857,45.5564],[1.6914,45.562],[1.6996,45.5664],[1.7092,45.5625],[1.7165,45.5635],[1.7176,45.5617],[1.7147,45.5587],[1.7154,45.5573],[1.7201,45.5523],[1.7227,45.5523],[1.724,45.5542],[1.7285,45.5548],[1.7304,45.5596],[1.7348,45.5615],[1.732,45.5658],[1.7377,45.5735],[1.7443,45.5746],[1.7445,45.5722],[1.7472,45.5727],[1.7534,45.569],[1.7534,45.569]]]}},{"type":"Feature","properties":{"code":"19263","nom":"Soudeilles","pop":299},"geometry":{"type":"Polygon","coordinates":[[[2.097,45.4478],[2.0919,45.4408],[2.0752,45.4323],[2.0798,45.4274],[2.0741,45.4224],[2.0718,45.4234],[2.07,45.4218],[2.0672,45.4248],[2.0617,45.4218],[2.0563,45.4237],[2.043,45.4159],[2.0429,45.4178],[2.0347,45.4213],[2.0337,45.4288],[2.0373,45.4376],[2.041,45.4374],[2.0408,45.4392],[2.045,45.4383],[2.0434,45.4421],[2.0448,45.4425],[2.0426,45.4456],[2.0378,45.4424],[2.0336,45.4435],[2.0318,45.4465],[2.0352,45.4473],[2.0337,45.4482],[2.0359,45.4526],[2.0392,45.4525],[2.0432,45.4659],[2.054,45.4734],[2.0624,45.465],[2.0656,45.4663],[2.0837,45.4622],[2.0872,45.4636],[2.09,45.4614],[2.0985,45.4602],[2.1064,45.4623],[2.097,45.4478],[2.097,45.4478]]]}},{"type":"Feature","properties":{"code":"19264","nom":"Soursac","pop":526},"geometry":{"type":"Polygon","coordinates":[[[2.2127,45.3073],[2.2142,45.3036],[2.2199,45.2991],[2.2121,45.2962],[2.2104,45.2927],[2.2083,45.2926],[2.2111,45.2879],[2.2099,45.286],[2.2135,45.2836],[2.2201,45.2864],[2.2286,45.2857],[2.2372,45.2911],[2.2412,45.2911],[2.2436,45.2811],[2.2511,45.2861],[2.2616,45.2836],[2.259,45.2708],[2.2562,45.2687],[2.243,45.2662],[2.2375,45.2589],[2.2398,45.256],[2.2408,45.248],[2.2262,45.2451],[2.2215,45.2378],[2.2024,45.2273],[2.2019,45.2225],[2.1938,45.2209],[2.1884,45.2258],[2.1823,45.2216],[2.171,45.2221],[2.1689,45.2235],[2.1668,45.2303],[2.1682,45.2338],[2.1669,45.2358],[2.1619,45.2348],[2.1587,45.2296],[2.1506,45.2236],[2.1399,45.2261],[2.1466,45.2279],[2.1514,45.2353],[2.1496,45.2378],[2.1588,45.2377],[2.156,45.2433],[2.1637,45.2453],[2.165,45.2513],[2.1694,45.2544],[2.1685,45.2576],[2.173,45.2626],[2.1734,45.2666],[2.1821,45.2678],[2.1838,45.2694],[2.182,45.2715],[2.1866,45.2725],[2.1795,45.274],[2.1813,45.2778],[2.1773,45.2794],[2.1783,45.2812],[2.184,45.2803],[2.1785,45.2892],[2.1828,45.291],[2.1805,45.2947],[2.186,45.3],[2.1985,45.3043],[2.1991,45.3069],[2.2037,45.3089],[2.2024,45.3107],[2.2127,45.3073],[2.2127,45.3073]]]}},{"type":"Feature","properties":{"code":"19265","nom":"Tarnac","pop":333},"geometry":{"type":"Polygon","coordinates":[[[1.8989,45.6985],[1.9035,45.7003],[1.9041,45.7037],[1.9138,45.7037],[1.9117,45.7083],[1.9224,45.7137],[1.9297,45.7127],[1.9288,45.7109],[1.9313,45.7053],[1.9462,45.705],[1.9489,45.7062],[1.9475,45.7079],[1.944,45.708],[1.9453,45.7097],[1.9406,45.7106],[1.942,45.714],[1.9474,45.7166],[1.9463,45.7188],[1.9479,45.7218],[1.9566,45.7248],[1.9635,45.7242],[1.9667,45.7219],[1.979,45.7248],[1.983,45.7202],[1.9761,45.718],[1.9782,45.7162],[1.9761,45.7138],[1.9772,45.7107],[1.98,45.7096],[1.9768,45.7078],[1.975,45.7045],[1.9763,45.7029],[1.9708,45.6994],[1.9866,45.6961],[1.9923,45.6983],[1.9975,45.6959],[2.0019,45.6962],[2.0028,45.6936],[2.0006,45.6908],[1.9946,45.6899],[1.9934,45.6872],[1.9955,45.6835],[2.0045,45.6815],[2.0055,45.6767],[2.0137,45.6789],[2.013,45.6765],[2.0184,45.677],[2.0204,45.6705],[2.0277,45.6662],[2.0309,45.6621],[2.0309,45.658],[2.0263,45.6519],[2.0261,45.6448],[2.0258,45.6416],[2.0226,45.641],[2.0228,45.6384],[2.0189,45.6377],[2.0158,45.6405],[2.0053,45.638],[2.004,45.6417],[1.996,45.6479],[1.9782,45.65],[1.9772,45.6409],[1.9738,45.638],[1.9796,45.6322],[1.9796,45.6284],[1.9635,45.6251],[1.9503,45.6146],[1.9485,45.618],[1.9373,45.6265],[1.9467,45.6338],[1.9562,45.6346],[1.9559,45.6384],[1.9465,45.6426],[1.9432,45.6478],[1.9441,45.6497],[1.9473,45.6498],[1.9469,45.6523],[1.9503,45.6576],[1.9431,45.6617],[1.9365,45.6631],[1.9335,45.6666],[1.9303,45.6659],[1.9346,45.6594],[1.9242,45.6607],[1.9236,45.6582],[1.9194,45.6565],[1.8975,45.6533],[1.8966,45.6516],[1.8904,45.6505],[1.8826,45.6551],[1.879,45.6537],[1.8699,45.658],[1.8699,45.6604],[1.876,45.6629],[1.8749,45.6648],[1.8817,45.6677],[1.8771,45.6712],[1.8817,45.6734],[1.88,45.6782],[1.8819,45.6819],[1.8902,45.6786],[1.904,45.6779],[1.9057,45.6781],[1.9055,45.6805],[1.9078,45.6786],[1.9074,45.6799],[1.9111,45.6808],[1.9077,45.6856],[1.9101,45.6888],[1.9094,45.6923],[1.9018,45.6921],[1.9018,45.6938],[1.8983,45.695],[1.8989,45.6985],[1.8989,45.6985]]]}},{"type":"Feature","properties":{"code":"19266","nom":"Thalamy","pop":107},"geometry":{"type":"Polygon","coordinates":[[[2.4695,45.5211],[2.4685,45.5181],[2.4722,45.5184],[2.4718,45.5145],[2.4767,45.5136],[2.4801,45.5108],[2.4809,45.5067],[2.484,45.5059],[2.4589,45.5006],[2.4714,45.4976],[2.4717,45.4921],[2.4651,45.4781],[2.4629,45.4786],[2.4644,45.4794],[2.4636,45.4816],[2.4611,45.4788],[2.4548,45.4778],[2.4552,45.4803],[2.4519,45.4832],[2.4487,45.4828],[2.4485,45.4878],[2.452,45.4911],[2.4492,45.4936],[2.4448,45.4926],[2.4385,45.4952],[2.437,45.4969],[2.4404,45.4987],[2.4367,45.4991],[2.4376,45.5014],[2.4436,45.5041],[2.4479,45.5198],[2.4531,45.5261],[2.4466,45.528],[2.4465,45.533],[2.4624,45.5362],[2.4657,45.5348],[2.4695,45.5211],[2.4695,45.5211]]]}},{"type":"Feature","properties":{"code":"19268","nom":"Toy-Viam","pop":35},"geometry":{"type":"Polygon","coordinates":[[[1.8982,45.6532],[1.9194,45.6565],[1.9236,45.6582],[1.9242,45.6607],[1.9346,45.6594],[1.9305,45.6638],[1.9303,45.6659],[1.9335,45.6666],[1.9365,45.6631],[1.9416,45.6625],[1.9502,45.6578],[1.9469,45.6523],[1.9473,45.6498],[1.944,45.6491],[1.9432,45.6478],[1.9465,45.6426],[1.9559,45.6384],[1.9562,45.6346],[1.9467,45.6338],[1.9388,45.6271],[1.9304,45.6265],[1.9247,45.6277],[1.9212,45.6349],[1.9145,45.635],[1.9158,45.6399],[1.912,45.6421],[1.913,45.6447],[1.9002,45.6505],[1.8982,45.6532],[1.8982,45.6532]]]}},{"type":"Feature","properties":{"code":"19269","nom":"Treignac","pop":1256},"geometry":{"type":"Polygon","coordinates":[[[1.7564,45.5361],[1.7548,45.5379],[1.7563,45.5392],[1.7536,45.539],[1.7554,45.5396],[1.7585,45.5476],[1.7632,45.5514],[1.7609,45.5534],[1.7611,45.5617],[1.7601,45.5603],[1.7576,45.5622],[1.7579,45.5641],[1.7534,45.569],[1.7618,45.5775],[1.7608,45.5841],[1.7724,45.5856],[1.7744,45.5841],[1.784,45.5938],[1.7855,45.5915],[1.7823,45.5876],[1.7839,45.5854],[1.7864,45.5888],[1.7887,45.5852],[1.7982,45.5865],[1.7918,45.5763],[1.7964,45.5762],[1.8052,45.571],[1.8108,45.5761],[1.8144,45.5762],[1.8188,45.5739],[1.819,45.5642],[1.8257,45.5655],[1.8343,45.5744],[1.8433,45.5678],[1.8423,45.5667],[1.8447,45.5628],[1.8527,45.5601],[1.8472,45.5532],[1.8435,45.552],[1.8436,45.5469],[1.8463,45.5439],[1.8461,45.5346],[1.8489,45.5319],[1.8474,45.5287],[1.8436,45.5297],[1.8414,45.5277],[1.8315,45.5266],[1.8295,45.5234],[1.8242,45.5219],[1.8221,45.5239],[1.806,45.5238],[1.8041,45.5227],[1.8057,45.5156],[1.8035,45.513],[1.793,45.5201],[1.7919,45.5236],[1.7885,45.5245],[1.7879,45.5266],[1.7821,45.5286],[1.7884,45.5357],[1.7872,45.5401],[1.7839,45.539],[1.7773,45.5416],[1.7654,45.5338],[1.7591,45.5338],[1.7564,45.5361],[1.7564,45.5361]]]}},{"type":"Feature","properties":{"code":"19270","nom":"Troche","pop":534},"geometry":{"type":"Polygon","coordinates":[[[1.4371,45.4234],[1.4454,45.4219],[1.4446,45.4149],[1.4429,45.4134],[1.4562,45.4092],[1.46,45.4059],[1.4629,45.4087],[1.4811,45.4128],[1.4864,45.4081],[1.4837,45.4051],[1.4857,45.4009],[1.4821,45.3918],[1.4827,45.3865],[1.4746,45.3861],[1.472,45.3839],[1.4737,45.3814],[1.4687,45.3813],[1.4627,45.3842],[1.4577,45.38],[1.4626,45.3765],[1.4598,45.3673],[1.453,45.3683],[1.4538,45.3701],[1.4486,45.373],[1.4457,45.3785],[1.4334,45.3829],[1.4283,45.382],[1.4289,45.3844],[1.4218,45.3835],[1.4198,45.3849],[1.413,45.3984],[1.4082,45.4019],[1.4084,45.406],[1.4186,45.4093],[1.4247,45.4161],[1.4371,45.4234],[1.4371,45.4234]]]}},{"type":"Feature","properties":{"code":"19271","nom":"Tudeils","pop":268},"geometry":{"type":"Polygon","coordinates":[[[1.7498,45.0415],[1.7568,45.0501],[1.7615,45.0523],[1.7643,45.0581],[1.7682,45.0575],[1.779,45.0626],[1.7922,45.062],[1.8008,45.065],[1.8025,45.0594],[1.8073,45.0544],[1.8125,45.0455],[1.8064,45.044],[1.7976,45.0353],[1.7918,45.0388],[1.7697,45.0387],[1.7645,45.0428],[1.7498,45.0415],[1.7498,45.0415]]]}},{"type":"Feature","properties":{"code":"19272","nom":"Tulle","pop":13401},"geometry":{"type":"Polygon","coordinates":[[[1.7339,45.2419],[1.7276,45.2468],[1.7285,45.2496],[1.7265,45.2513],[1.7321,45.2522],[1.7298,45.2574],[1.7327,45.2594],[1.7373,45.2596],[1.7386,45.2625],[1.7445,45.2616],[1.7441,45.2649],[1.7368,45.2721],[1.7321,45.2713],[1.7367,45.2738],[1.7275,45.288],[1.7229,45.2892],[1.7262,45.2899],[1.7303,45.295],[1.7385,45.295],[1.7435,45.2926],[1.7578,45.2942],[1.7627,45.2979],[1.7683,45.2944],[1.7744,45.2972],[1.7749,45.2956],[1.7854,45.2888],[1.7899,45.2912],[1.7887,45.2933],[1.796,45.2939],[1.7971,45.2914],[1.8013,45.2905],[1.8061,45.2863],[1.8063,45.2838],[1.8096,45.2829],[1.8098,45.2806],[1.8022,45.2756],[1.8022,45.273],[1.7967,45.2728],[1.7967,45.2708],[1.7935,45.2704],[1.7928,45.2647],[1.7891,45.2617],[1.7846,45.2612],[1.7856,45.2585],[1.7739,45.2557],[1.7758,45.2532],[1.7745,45.2507],[1.7683,45.2483],[1.7647,45.2512],[1.7536,45.2519],[1.7471,45.2475],[1.7438,45.2415],[1.7359,45.2392],[1.7366,45.2405],[1.7339,45.2419],[1.7339,45.2419]]]}},{"type":"Feature","properties":{"code":"19273","nom":"Turenne","pop":801},"geometry":{"type":"Polygon","coordinates":[[[1.6081,45.0335],[1.6058,45.0355],[1.5932,45.0348],[1.5761,45.0407],[1.57,45.0395],[1.5543,45.0293],[1.5481,45.0286],[1.5433,45.0308],[1.5404,45.0464],[1.5267,45.0442],[1.526,45.0462],[1.5349,45.0591],[1.5347,45.0646],[1.5406,45.0719],[1.5487,45.07],[1.5577,45.0722],[1.56,45.0752],[1.5685,45.0729],[1.5694,45.0742],[1.5748,45.0733],[1.5752,45.077],[1.5726,45.0801],[1.5712,45.0915],[1.5796,45.0998],[1.5943,45.0997],[1.5961,45.1061],[1.6035,45.1107],[1.6045,45.1097],[1.6062,45.0979],[1.5948,45.0918],[1.594,45.0836],[1.5866,45.0716],[1.5966,45.0698],[1.6031,45.0651],[1.6037,45.0619],[1.5987,45.0546],[1.5977,45.0475],[1.6081,45.0335],[1.6081,45.0335]]]}},{"type":"Feature","properties":{"code":"19274","nom":"Ussac","pop":4322},"geometry":{"type":"Polygon","coordinates":[[[1.4661,45.1749],[1.466,45.1779],[1.4721,45.1783],[1.4753,45.1837],[1.4807,45.1852],[1.4809,45.188],[1.4892,45.1891],[1.4891,45.1925],[1.4816,45.1929],[1.4822,45.1987],[1.4791,45.2005],[1.4788,45.2112],[1.4889,45.2119],[1.4964,45.216],[1.5022,45.2167],[1.5118,45.2096],[1.5151,45.2041],[1.5192,45.205],[1.5197,45.2034],[1.5298,45.2012],[1.532,45.2034],[1.5366,45.2033],[1.5351,45.1998],[1.5386,45.1993],[1.5415,45.2016],[1.5382,45.2028],[1.5383,45.2047],[1.5518,45.2067],[1.551,45.2084],[1.5535,45.2085],[1.5561,45.2134],[1.5588,45.2107],[1.5611,45.2115],[1.5614,45.2082],[1.5577,45.2034],[1.5596,45.1981],[1.5645,45.1939],[1.5596,45.1914],[1.5609,45.1892],[1.5587,45.1851],[1.5637,45.182],[1.5518,45.1755],[1.5389,45.1856],[1.5286,45.1793],[1.5084,45.175],[1.505,45.1698],[1.502,45.169],[1.4924,45.1745],[1.4938,45.177],[1.4887,45.1713],[1.4845,45.1618],[1.4792,45.1632],[1.4816,45.1583],[1.4708,45.1623],[1.467,45.1674],[1.4601,45.1666],[1.4593,45.1709],[1.4646,45.1705],[1.4661,45.1749],[1.4661,45.1749]]]}},{"type":"Feature","properties":{"code":"19275","nom":"Ussel","pop":9187},"geometry":{"type":"Polygon","coordinates":[[[2.3393,45.5305],[2.3308,45.5272],[2.3231,45.5269],[2.3238,45.5233],[2.3188,45.5183],[2.3203,45.5171],[2.3182,45.5165],[2.3188,45.5142],[2.3125,45.5116],[2.3114,45.5141],[2.3104,45.5095],[2.2975,45.5094],[2.2935,45.5062],[2.2904,45.5062],[2.2837,45.5078],[2.2855,45.5091],[2.2839,45.5108],[2.2795,45.5095],[2.2746,45.5104],[2.2747,45.5117],[2.2686,45.5085],[2.2637,45.5095],[2.2571,45.5061],[2.258,45.5139],[2.2662,45.5174],[2.2617,45.5199],[2.2663,45.5237],[2.2649,45.5261],[2.2591,45.5261],[2.2511,45.5213],[2.2472,45.5291],[2.2389,45.5311],[2.2319,45.5299],[2.2347,45.5341],[2.2444,45.5367],[2.2438,45.5379],[2.2583,45.5342],[2.2685,45.5447],[2.266,45.546],[2.2671,45.5479],[2.2579,45.5523],[2.2586,45.554],[2.2716,45.5534],[2.2713,45.5559],[2.2774,45.559],[2.2753,45.5605],[2.276,45.5628],[2.2793,45.5645],[2.2795,45.5669],[2.2824,45.5663],[2.2815,45.569],[2.2849,45.5691],[2.2818,45.5735],[2.2948,45.5741],[2.2955,45.5806],[2.3012,45.5827],[2.2998,45.586],[2.3022,45.587],[2.3017,45.5907],[2.2972,45.5907],[2.3006,45.5918],[2.299,45.594],[2.3026,45.5942],[2.3023,45.597],[2.3048,45.5966],[2.3052,45.6014],[2.3106,45.6013],[2.3125,45.6002],[2.3128,45.5964],[2.315,45.5975],[2.3185,45.5943],[2.3252,45.5946],[2.3315,45.5918],[2.3342,45.5934],[2.3382,45.5909],[2.3428,45.5944],[2.3446,45.5915],[2.3436,45.5892],[2.3459,45.5877],[2.3484,45.5898],[2.356,45.5818],[2.3536,45.5803],[2.3553,45.5758],[2.3516,45.5756],[2.3524,45.5739],[2.3462,45.5705],[2.3467,45.5692],[2.3485,45.5699],[2.3495,45.5671],[2.3549,45.5675],[2.3558,45.566],[2.3489,45.5616],[2.3506,45.5608],[2.3497,45.5585],[2.3403,45.5553],[2.3462,45.5413],[2.3414,45.5399],[2.3449,45.5371],[2.3423,45.5362],[2.3417,45.5333],[2.3383,45.5328],[2.3393,45.5305],[2.3393,45.5305]]]}},{"type":"Feature","properties":{"code":"19276","nom":"Uzerche","pop":2814},"geometry":{"type":"Polygon","coordinates":[[[1.5266,45.4047],[1.528,45.418],[1.5311,45.4199],[1.5362,45.4196],[1.5469,45.4251],[1.5498,45.4329],[1.5523,45.4333],[1.5435,45.44],[1.5436,45.4466],[1.5463,45.4481],[1.5564,45.446],[1.5558,45.4488],[1.5584,45.4502],[1.556,45.4567],[1.5594,45.46],[1.5682,45.4594],[1.5688,45.4624],[1.5737,45.4603],[1.5703,45.4535],[1.5726,45.4515],[1.5711,45.4476],[1.5739,45.4448],[1.5713,45.4389],[1.5783,45.4408],[1.5796,45.438],[1.5824,45.4378],[1.5859,45.4402],[1.5843,45.4457],[1.5889,45.4455],[1.59,45.4439],[1.5956,45.4464],[1.6018,45.4458],[1.6029,45.443],[1.6016,45.4417],[1.6035,45.442],[1.604,45.4402],[1.5988,45.4357],[1.6053,45.4312],[1.607,45.4244],[1.5984,45.421],[1.593,45.423],[1.5851,45.4194],[1.5831,45.4171],[1.5866,45.415],[1.5859,45.412],[1.5881,45.4108],[1.582,45.4068],[1.5808,45.4078],[1.5772,45.4048],[1.5739,45.4049],[1.5728,45.4027],[1.5755,45.3992],[1.5738,45.3966],[1.5535,45.3954],[1.5484,45.3935],[1.5356,45.4044],[1.5279,45.4028],[1.5255,45.4032],[1.5266,45.4047],[1.5266,45.4047]]]}},{"type":"Feature","properties":{"code":"19277","nom":"Valiergues","pop":157},"geometry":{"type":"Polygon","coordinates":[[[2.2503,45.4552],[2.2503,45.4578],[2.2469,45.4609],[2.2482,45.4631],[2.2464,45.4657],[2.2639,45.4692],[2.2646,45.485],[2.2837,45.491],[2.283,45.4933],[2.2887,45.4967],[2.2873,45.4981],[2.2904,45.502],[2.2991,45.4987],[2.2987,45.4936],[2.2946,45.4901],[2.2952,45.4885],[2.3006,45.4867],[2.3051,45.4885],[2.3033,45.4863],[2.3061,45.4837],[2.3105,45.4777],[2.3124,45.47],[2.3041,45.4685],[2.3054,45.4672],[2.3017,45.4652],[2.2858,45.4612],[2.2839,45.4593],[2.2802,45.4594],[2.2692,45.4518],[2.2655,45.4603],[2.2503,45.4552],[2.2503,45.4552]]]}},{"type":"Feature","properties":{"code":"19278","nom":"Varetz","pop":2409},"geometry":{"type":"Polygon","coordinates":[[[1.4601,45.1666],[1.4567,45.1639],[1.4521,45.1661],[1.4398,45.1651],[1.4319,45.1621],[1.4144,45.1713],[1.4119,45.1784],[1.4076,45.1816],[1.4121,45.1899],[1.4069,45.1934],[1.4067,45.205],[1.411,45.2073],[1.4175,45.2186],[1.4222,45.2206],[1.4231,45.2195],[1.4355,45.2176],[1.4346,45.2193],[1.4363,45.2193],[1.4392,45.2169],[1.4432,45.2037],[1.4488,45.2029],[1.4483,45.2],[1.4551,45.195],[1.4547,45.1934],[1.461,45.1923],[1.462,45.1871],[1.4671,45.1818],[1.4629,45.1766],[1.4665,45.1747],[1.4663,45.1726],[1.4635,45.1701],[1.4593,45.1709],[1.4601,45.1666],[1.4601,45.1666]]]}},{"type":"Feature","properties":{"code":"19279","nom":"Vars-sur-Roseix","pop":415},"geometry":{"type":"Polygon","coordinates":[[[1.3507,45.2734],[1.396,45.2595],[1.3942,45.2557],[1.3975,45.2538],[1.3925,45.2516],[1.3885,45.2547],[1.3608,45.253],[1.3518,45.2591],[1.3564,45.2646],[1.3549,45.2675],[1.3585,45.2692],[1.3507,45.2734],[1.3507,45.2734]]]}},{"type":"Feature","properties":{"code":"19280","nom":"Végennes","pop":171},"geometry":{"type":"Polygon","coordinates":[[[1.7384,44.9916],[1.7438,44.9933],[1.7462,44.9975],[1.7595,44.9944],[1.7681,44.9978],[1.7844,44.9972],[1.7825,44.9964],[1.7843,44.9908],[1.7806,44.9872],[1.7796,44.9793],[1.7681,44.9828],[1.7611,44.9828],[1.7578,44.979],[1.7534,44.9785],[1.7489,44.9767],[1.7517,44.9725],[1.7477,44.9714],[1.7482,44.9669],[1.7445,44.9658],[1.7451,44.9635],[1.7402,44.9598],[1.7338,44.9595],[1.7329,44.9649],[1.7254,44.9679],[1.7134,44.9678],[1.7208,44.9716],[1.7251,44.9773],[1.7343,44.9801],[1.7339,44.983],[1.7312,44.9851],[1.7384,44.9916],[1.7384,44.9916]]]}},{"type":"Feature","properties":{"code":"19281","nom":"Veix","pop":80},"geometry":{"type":"Polygon","coordinates":[[[1.8582,45.4815],[1.8545,45.4824],[1.8342,45.4785],[1.8314,45.4804],[1.8102,45.48],[1.8146,45.4837],[1.8103,45.4865],[1.811,45.4897],[1.8064,45.4955],[1.8132,45.5058],[1.8089,45.5087],[1.8085,45.5121],[1.811,45.5127],[1.8101,45.5136],[1.8038,45.513],[1.8059,45.5167],[1.8041,45.5227],[1.8159,45.5241],[1.8249,45.5221],[1.8295,45.5234],[1.8311,45.5265],[1.8447,45.5296],[1.8493,45.5272],[1.8505,45.5184],[1.8539,45.5163],[1.8504,45.5136],[1.8529,45.5128],[1.8569,45.515],[1.861,45.5117],[1.867,45.5126],[1.8693,45.5048],[1.8734,45.5056],[1.8823,45.5021],[1.8711,45.4972],[1.8725,45.4922],[1.8658,45.488],[1.8642,45.4826],[1.8582,45.4815],[1.8582,45.4815]]]}},{"type":"Feature","properties":{"code":"19283","nom":"Veyrières","pop":83},"geometry":{"type":"Polygon","coordinates":[[[2.3962,45.4995],[2.4,45.4999],[2.4035,45.496],[2.4105,45.4953],[2.4077,45.4927],[2.4127,45.4939],[2.4126,45.4909],[2.4071,45.4836],[2.4003,45.4789],[2.3915,45.4793],[2.39,45.4813],[2.3837,45.4816],[2.3854,45.484],[2.3829,45.4834],[2.3787,45.4849],[2.3798,45.4893],[2.3837,45.4886],[2.3846,45.4934],[2.3882,45.4939],[2.3842,45.4955],[2.3876,45.4985],[2.3962,45.4995],[2.3962,45.4995]]]}},{"type":"Feature","properties":{"code":"19284","nom":"Viam","pop":85},"geometry":{"type":"Polygon","coordinates":[[[1.8901,45.5723],[1.8805,45.566],[1.8687,45.5775],[1.8665,45.5849],[1.8747,45.5872],[1.8847,45.586],[1.8773,45.5935],[1.8762,45.6014],[1.8735,45.6023],[1.8583,45.5995],[1.8555,45.6013],[1.8538,45.6106],[1.8563,45.6133],[1.8562,45.6196],[1.849,45.6231],[1.8553,45.6268],[1.853,45.6294],[1.8629,45.6362],[1.8621,45.6373],[1.8688,45.6398],[1.8648,45.6543],[1.8688,45.6538],[1.8735,45.6561],[1.879,45.6537],[1.8826,45.6551],[1.89,45.6505],[1.8982,45.6532],[1.9002,45.6505],[1.913,45.6447],[1.912,45.6421],[1.9158,45.6399],[1.9145,45.635],[1.9212,45.6349],[1.9247,45.6277],[1.9186,45.6189],[1.9216,45.6174],[1.9214,45.6152],[1.9138,45.6126],[1.9172,45.6092],[1.909,45.6062],[1.907,45.5987],[1.903,45.5991],[1.8988,45.596],[1.8968,45.5858],[1.8994,45.5846],[1.8911,45.5772],[1.8925,45.5757],[1.8901,45.5723],[1.8901,45.5723]]]}},{"type":"Feature","properties":{"code":"19285","nom":"Vigeois","pop":1300},"geometry":{"type":"Polygon","coordinates":[[[1.5735,45.3679],[1.5748,45.3673],[1.5703,45.3648],[1.566,45.3554],[1.5488,45.3581],[1.5422,45.356],[1.5401,45.3531],[1.5305,45.3529],[1.5289,45.3543],[1.5304,45.3569],[1.5238,45.3576],[1.5228,45.3532],[1.5197,45.3524],[1.5184,45.3486],[1.516,45.349],[1.5167,45.3475],[1.5097,45.349],[1.5069,45.3471],[1.5096,45.3448],[1.5087,45.3438],[1.5015,45.343],[1.4962,45.3456],[1.4986,45.3484],[1.4929,45.3514],[1.4946,45.3539],[1.4925,45.3574],[1.4851,45.3557],[1.4806,45.3581],[1.4739,45.3577],[1.4733,45.3651],[1.4603,45.3676],[1.4596,45.3705],[1.4627,45.3733],[1.4626,45.3765],[1.4577,45.3799],[1.4631,45.3842],[1.4726,45.381],[1.4737,45.3815],[1.472,45.3839],[1.4746,45.3861],[1.4826,45.3864],[1.4821,45.3918],[1.4835,45.3922],[1.4855,45.4033],[1.4978,45.4055],[1.5001,45.4078],[1.4952,45.4168],[1.4955,45.424],[1.5085,45.4185],[1.508,45.4112],[1.5213,45.406],[1.5233,45.4035],[1.5352,45.4045],[1.5484,45.3935],[1.5726,45.3966],[1.5767,45.3916],[1.5748,45.3794],[1.5711,45.3755],[1.5735,45.3679],[1.5735,45.3679]]]}},{"type":"Feature","properties":{"code":"19286","nom":"Vignols","pop":536},"geometry":{"type":"Polygon","coordinates":[[[1.3737,45.3213],[1.3744,45.3288],[1.3787,45.3319],[1.3781,45.3358],[1.3811,45.3356],[1.3818,45.3385],[1.3898,45.3426],[1.3884,45.3495],[1.3926,45.3497],[1.3916,45.3532],[1.3934,45.3547],[1.3997,45.349],[1.4123,45.3447],[1.4184,45.3474],[1.425,45.3463],[1.4251,45.3439],[1.4293,45.342],[1.4301,45.337],[1.4358,45.3325],[1.4316,45.3271],[1.4276,45.3262],[1.4278,45.3231],[1.4259,45.3209],[1.4272,45.3189],[1.4247,45.3182],[1.4275,45.3176],[1.4268,45.3142],[1.4253,45.3155],[1.4163,45.3141],[1.412,45.324],[1.4077,45.3265],[1.4021,45.3258],[1.4003,45.3161],[1.3907,45.3049],[1.3864,45.3038],[1.3885,45.2964],[1.3856,45.2954],[1.3766,45.3067],[1.377,45.316],[1.3737,45.3213],[1.3737,45.3213]]]}},{"type":"Feature","properties":{"code":"19287","nom":"Vitrac-sur-Montane","pop":222},"geometry":{"type":"Polygon","coordinates":[[[1.9038,45.3401],[1.9087,45.3519],[1.903,45.3578],[1.9059,45.3614],[1.9041,45.3634],[1.9053,45.3659],[1.902,45.3673],[1.9117,45.3674],[1.9106,45.3696],[1.9197,45.3705],[1.9155,45.3705],[1.9157,45.372],[1.9217,45.3746],[1.9209,45.3758],[1.9155,45.3749],[1.915,45.3727],[1.9109,45.3725],[1.9104,45.3759],[1.8954,45.3764],[1.8936,45.3775],[1.8951,45.3785],[1.8932,45.379],[1.8939,45.3804],[1.8908,45.3811],[1.8888,45.3918],[1.8941,45.3996],[1.8992,45.3985],[1.9062,45.4024],[1.9084,45.4007],[1.912,45.4019],[1.9175,45.395],[1.9245,45.3884],[1.9247,45.3856],[1.9303,45.3837],[1.9435,45.3839],[1.9444,45.3857],[1.9482,45.3856],[1.9486,45.3921],[1.9546,45.393],[1.9535,45.3955],[1.956,45.3976],[1.9645,45.4005],[1.968,45.3961],[1.9769,45.3961],[1.9755,45.392],[1.9872,45.383],[1.9815,45.3826],[1.9819,45.3797],[1.9759,45.3792],[1.9743,45.3756],[1.966,45.3766],[1.9621,45.3733],[1.9585,45.375],[1.9608,45.3707],[1.9599,45.3628],[1.9623,45.3584],[1.9568,45.3567],[1.9524,45.3521],[1.9503,45.3532],[1.9448,45.3508],[1.9428,45.3473],[1.9382,45.3464],[1.9371,45.344],[1.9184,45.3389],[1.9155,45.3394],[1.9149,45.3418],[1.9127,45.3406],[1.9074,45.3423],[1.9038,45.3401],[1.9038,45.3401]]]}},{"type":"Feature","properties":{"code":"19288","nom":"Voutezac","pop":1249},"geometry":{"type":"Polygon","coordinates":[[[1.4703,45.2961],[1.4678,45.286],[1.4642,45.2852],[1.4545,45.2704],[1.4552,45.2604],[1.4538,45.2588],[1.4456,45.2627],[1.4427,45.2677],[1.4358,45.2653],[1.4289,45.268],[1.4289,45.2721],[1.4265,45.2744],[1.4194,45.2716],[1.4115,45.2719],[1.4141,45.2754],[1.413,45.279],[1.4146,45.2807],[1.4116,45.2872],[1.413,45.2972],[1.4105,45.3029],[1.4169,45.3079],[1.4155,45.3139],[1.4206,45.3154],[1.4268,45.3142],[1.4284,45.318],[1.447,45.3132],[1.4497,45.3139],[1.4491,45.3171],[1.4525,45.3233],[1.4629,45.318],[1.4656,45.3097],[1.4691,45.3058],[1.475,45.3048],[1.4694,45.3021],[1.4722,45.2977],[1.4703,45.2961],[1.4703,45.2961]]]}},{"type":"Feature","properties":{"code":"23077","nom":"Faux-la-Montagne","pop":443},"geometry":{"type":"Polygon","coordinates":[[[1.9825,45.7195],[1.979,45.7248],[1.9667,45.7219],[1.9635,45.7242],[1.9566,45.7248],[1.9479,45.7218],[1.9463,45.7188],[1.9474,45.7166],[1.942,45.714],[1.9406,45.7106],[1.9453,45.7097],[1.944,45.708],[1.9489,45.7062],[1.9313,45.7053],[1.9288,45.7109],[1.9297,45.7127],[1.9224,45.7137],[1.9117,45.7083],[1.9138,45.7037],[1.9041,45.7037],[1.9035,45.7003],[1.8992,45.6983],[1.8972,45.7014],[1.8908,45.703],[1.8866,45.7094],[1.8813,45.7092],[1.8799,45.7124],[1.8922,45.7185],[1.904,45.7189],[1.9037,45.7264],[1.9103,45.7283],[1.9058,45.7326],[1.9082,45.7351],[1.9063,45.7362],[1.9054,45.7415],[1.9008,45.7438],[1.9023,45.7455],[1.8991,45.7492],[1.8961,45.7497],[1.8912,45.7451],[1.888,45.7445],[1.8743,45.7558],[1.8799,45.7598],[1.8902,45.7589],[1.8984,45.7608],[1.8997,45.7656],[1.9026,45.7677],[1.9013,45.771],[1.9043,45.7787],[1.9113,45.784],[1.9052,45.7886],[1.9091,45.7907],[1.9084,45.7932],[1.9049,45.793],[1.9047,45.7998],[1.9214,45.7914],[1.9269,45.7769],[1.9389,45.7723],[1.9426,45.7681],[1.9501,45.7661],[1.9642,45.7699],[1.9668,45.7659],[1.9672,45.7607],[1.9698,45.7583],[1.9744,45.7579],[1.9799,45.7509],[2.0012,45.7496],[2.0007,45.744],[1.9983,45.7416],[2.0005,45.7401],[1.9995,45.733],[1.991,45.7256],[1.9914,45.7208],[1.9874,45.7215],[1.9825,45.7195],[1.9825,45.7195]]]}},{"type":"Feature","properties":{"code":"23264","nom":"La Villedieu","pop":52},"geometry":{"type":"Polygon","coordinates":[[[1.8922,45.7185],[1.8884,45.722],[1.8877,45.7267],[1.8774,45.7259],[1.8757,45.724],[1.8735,45.7283],[1.8744,45.7322],[1.8834,45.7392],[1.8863,45.7455],[1.8912,45.7451],[1.896,45.7508],[1.8989,45.7493],[1.9023,45.7455],[1.9008,45.7438],[1.9067,45.7389],[1.9063,45.7362],[1.9082,45.7351],[1.906,45.7337],[1.9063,45.7314],[1.9103,45.7283],[1.9037,45.7264],[1.904,45.7189],[1.8922,45.7185],[1.8922,45.7185]]]}},{"type":"Feature","properties":{"code":"87051","nom":"La Croisille-sur-Briance","pop":728},"geometry":{"type":"Polygon","coordinates":[[[1.5764,45.5978],[1.5781,45.6],[1.5769,45.6039],[1.5794,45.6052],[1.5797,45.6079],[1.5754,45.6091],[1.5739,45.6145],[1.568,45.6158],[1.5623,45.6202],[1.5696,45.6262],[1.568,45.6291],[1.5651,45.6284],[1.5677,45.6302],[1.5661,45.632],[1.5675,45.6339],[1.5651,45.6337],[1.566,45.6397],[1.5612,45.6392],[1.5583,45.6418],[1.5523,45.6412],[1.5597,45.6484],[1.5693,45.6499],[1.5691,45.6522],[1.5736,45.6534],[1.5748,45.6591],[1.5778,45.6613],[1.5836,45.6605],[1.5842,45.6637],[1.5912,45.6642],[1.5946,45.6638],[1.5945,45.6605],[1.5964,45.66],[1.6056,45.6586],[1.6088,45.6602],[1.6075,45.6556],[1.6142,45.6456],[1.6198,45.6422],[1.626,45.6443],[1.6338,45.6432],[1.6338,45.6407],[1.6358,45.6414],[1.6368,45.6377],[1.6394,45.6366],[1.6357,45.6341],[1.6329,45.6299],[1.6395,45.627],[1.6495,45.6163],[1.6476,45.61],[1.6378,45.6042],[1.6298,45.6079],[1.6256,45.6065],[1.6256,45.608],[1.6202,45.6074],[1.6256,45.6034],[1.6281,45.6045],[1.6311,45.6024],[1.6384,45.6021],[1.637,45.6007],[1.6446,45.5991],[1.6436,45.5948],[1.6489,45.595],[1.6498,45.5914],[1.6428,45.5877],[1.6434,45.5839],[1.6372,45.5844],[1.6377,45.5805],[1.6279,45.5829],[1.627,45.5773],[1.6188,45.5767],[1.6116,45.5803],[1.6061,45.5779],[1.6007,45.5784],[1.6021,45.5801],[1.601,45.5818],[1.5927,45.575],[1.5875,45.5774],[1.5891,45.5808],[1.5827,45.5837],[1.5861,45.5852],[1.5877,45.5906],[1.5823,45.5934],[1.5827,45.5953],[1.5764,45.5978],[1.5764,45.5978]]]}},{"type":"Feature","properties":{"code":"87058","nom":"Domps","pop":98},"geometry":{"type":"Polygon","coordinates":[[[1.7536,45.6554],[1.7501,45.6491],[1.7506,45.6444],[1.7439,45.6467],[1.7434,45.645],[1.7305,45.6419],[1.7274,45.6381],[1.7172,45.6379],[1.7105,45.6421],[1.7022,45.6344],[1.6964,45.6337],[1.6896,45.6398],[1.69,45.6421],[1.6963,45.6424],[1.6979,45.6466],[1.6979,45.6515],[1.6919,45.6549],[1.6988,45.6627],[1.695,45.6646],[1.6892,45.6637],[1.6893,45.6611],[1.6857,45.6616],[1.6842,45.6596],[1.6818,45.6602],[1.6812,45.6636],[1.6764,45.6652],[1.6782,45.6681],[1.6761,45.6716],[1.6797,45.6746],[1.6822,45.6733],[1.6861,45.6758],[1.6842,45.6778],[1.689,45.6778],[1.6918,45.6738],[1.6969,45.6715],[1.7015,45.6745],[1.7032,45.6744],[1.7015,45.6731],[1.7025,45.6721],[1.7059,45.6751],[1.7099,45.6735],[1.7143,45.6755],[1.7214,45.6739],[1.7183,45.6702],[1.7191,45.6674],[1.7147,45.6628],[1.7211,45.6583],[1.7339,45.6595],[1.7421,45.6562],[1.7536,45.6554],[1.7536,45.6554]]]}},{"type":"Feature","properties":{"code":"87064","nom":"Eymoutiers","pop":2042},"geometry":{"type":"Polygon","coordinates":[[[1.7092,45.7227],[1.7067,45.727],[1.6999,45.7291],[1.6958,45.7282],[1.6969,45.7334],[1.6922,45.7346],[1.6921,45.7374],[1.6849,45.7371],[1.6806,45.7389],[1.6775,45.7369],[1.6749,45.7384],[1.6712,45.7424],[1.6682,45.7523],[1.6636,45.756],[1.6632,45.7611],[1.6659,45.7616],[1.6751,45.7534],[1.68,45.7527],[1.6803,45.7485],[1.6839,45.749],[1.6857,45.751],[1.684,45.7536],[1.6849,45.7564],[1.6898,45.7582],[1.6981,45.7549],[1.702,45.7576],[1.7009,45.7526],[1.7095,45.7494],[1.7173,45.75],[1.7225,45.7522],[1.7235,45.7555],[1.7302,45.7567],[1.7302,45.7585],[1.7635,45.766],[1.7702,45.7573],[1.7736,45.7574],[1.7748,45.7595],[1.775,45.7559],[1.7773,45.7545],[1.7706,45.7484],[1.77,45.7443],[1.7761,45.741],[1.7799,45.7411],[1.7798,45.7377],[1.7842,45.7361],[1.7833,45.7334],[1.7789,45.7322],[1.7745,45.7219],[1.7761,45.7172],[1.784,45.7191],[1.7885,45.7153],[1.7941,45.7171],[1.7957,45.7144],[1.7934,45.7112],[1.7959,45.7106],[1.7925,45.7107],[1.7931,45.7082],[1.7894,45.7081],[1.7924,45.704],[1.7838,45.7014],[1.7859,45.6975],[1.7831,45.6989],[1.7851,45.697],[1.7839,45.6948],[1.7881,45.6886],[1.784,45.6848],[1.786,45.6831],[1.7834,45.6799],[1.7834,45.6732],[1.7788,45.6682],[1.7767,45.6589],[1.7651,45.6579],[1.7638,45.6546],[1.7577,45.6536],[1.7412,45.6564],[1.7339,45.6595],[1.7211,45.6583],[1.7147,45.6628],[1.7191,45.6674],[1.7183,45.6702],[1.7214,45.6739],[1.7143,45.6755],[1.7099,45.6735],[1.7059,45.6751],[1.7026,45.6721],[1.7015,45.673],[1.7031,45.6748],[1.6969,45.6715],[1.6923,45.6739],[1.6965,45.6758],[1.6942,45.6785],[1.696,45.6771],[1.6983,45.6801],[1.6974,45.6839],[1.6988,45.6859],[1.6969,45.6884],[1.7094,45.693],[1.715,45.7004],[1.7103,45.7035],[1.7122,45.7082],[1.71,45.7084],[1.7126,45.7087],[1.7109,45.7107],[1.7138,45.7106],[1.7084,45.7153],[1.7152,45.7204],[1.7092,45.7227],[1.7092,45.7227]]]}},{"type":"Feature","properties":{"code":"87104","nom":"Nedde","pop":450},"geometry":{"type":"Polygon","coordinates":[[[1.8743,45.7558],[1.8863,45.7455],[1.8834,45.7392],[1.8744,45.7322],[1.8733,45.726],[1.8757,45.724],[1.8774,45.7259],[1.8877,45.7267],[1.8884,45.722],[1.8922,45.7185],[1.8828,45.7151],[1.8799,45.7124],[1.8813,45.7092],[1.8757,45.7079],[1.8699,45.7111],[1.863,45.7069],[1.8589,45.6991],[1.8615,45.6971],[1.86,45.6905],[1.8493,45.6908],[1.8518,45.6951],[1.8488,45.6953],[1.8443,45.6918],[1.8362,45.6951],[1.8249,45.6897],[1.8257,45.6853],[1.822,45.6852],[1.8234,45.672],[1.8198,45.6739],[1.8158,45.6814],[1.8104,45.6772],[1.8008,45.6768],[1.8017,45.6726],[1.7964,45.6749],[1.7956,45.6812],[1.7865,45.6824],[1.784,45.6848],[1.7881,45.6886],[1.7839,45.6948],[1.7851,45.697],[1.7831,45.6976],[1.7838,45.699],[1.7859,45.6975],[1.7837,45.7011],[1.7856,45.7021],[1.7924,45.704],[1.7894,45.7081],[1.7931,45.7082],[1.7925,45.7107],[1.7959,45.7106],[1.7934,45.7115],[1.7957,45.7144],[1.7941,45.7171],[1.7882,45.7154],[1.7843,45.7191],[1.7761,45.7172],[1.7745,45.7219],[1.7776,45.7305],[1.7833,45.7334],[1.7843,45.7359],[1.7798,45.7377],[1.7799,45.7411],[1.7761,45.741],[1.7705,45.744],[1.7806,45.7519],[1.7848,45.7526],[1.794,45.7592],[1.8001,45.7604],[1.8057,45.7582],[1.814,45.7582],[1.8239,45.7529],[1.8251,45.7454],[1.8433,45.7441],[1.846,45.7457],[1.8497,45.7437],[1.854,45.7441],[1.8567,45.7481],[1.868,45.7502],[1.8693,45.754],[1.8743,45.7558],[1.8743,45.7558]]]}},{"type":"Feature","properties":{"code":"87120","nom":"La Porcherie","pop":531},"geometry":{"type":"Polygon","coordinates":[[[1.5849,45.5561],[1.5702,45.5556],[1.5566,45.5493],[1.5514,45.5508],[1.551,45.5568],[1.5428,45.5545],[1.533,45.5569],[1.5305,45.5594],[1.5327,45.5621],[1.5281,45.5616],[1.5186,45.5645],[1.516,45.5635],[1.5182,45.5555],[1.5109,45.5533],[1.5086,45.5506],[1.5003,45.5518],[1.4973,45.5512],[1.4981,45.5499],[1.4924,45.5494],[1.4904,45.5546],[1.4929,45.5636],[1.5005,45.5697],[1.5086,45.5683],[1.5108,45.5703],[1.5084,45.5723],[1.5087,45.5746],[1.5144,45.579],[1.5125,45.584],[1.5146,45.5889],[1.5127,45.5941],[1.5154,45.5927],[1.5214,45.5979],[1.5356,45.5977],[1.5402,45.6012],[1.5468,45.6029],[1.546,45.6048],[1.5498,45.6076],[1.5486,45.609],[1.5543,45.6039],[1.558,45.6071],[1.5641,45.6062],[1.5655,45.6006],[1.5686,45.601],[1.5827,45.5953],[1.5823,45.5934],[1.5877,45.5906],[1.5861,45.5852],[1.5827,45.5837],[1.5891,45.5808],[1.5875,45.5774],[1.5929,45.5745],[1.5894,45.571],[1.5906,45.5666],[1.5849,45.5561],[1.5849,45.5561]]]}},{"type":"Feature","properties":{"code":"87123","nom":"Rempnat","pop":141},"geometry":{"type":"Polygon","coordinates":[[[1.8989,45.6985],[1.8983,45.695],[1.9018,45.6938],[1.9018,45.6921],[1.9094,45.6923],[1.9101,45.6888],[1.9077,45.6856],[1.9102,45.684],[1.9103,45.6797],[1.9074,45.6799],[1.9078,45.6786],[1.9055,45.6805],[1.9057,45.6781],[1.904,45.6779],[1.8902,45.6786],[1.8819,45.6819],[1.88,45.6782],[1.8817,45.6734],[1.8771,45.6712],[1.8817,45.6677],[1.8782,45.666],[1.8696,45.6643],[1.8641,45.6665],[1.8637,45.6703],[1.8546,45.6723],[1.8526,45.6715],[1.8498,45.6628],[1.8472,45.661],[1.8439,45.6646],[1.8358,45.6637],[1.8245,45.667],[1.822,45.6852],[1.8257,45.6853],[1.8255,45.69],[1.8362,45.6951],[1.8443,45.6918],[1.8494,45.6953],[1.8524,45.6948],[1.8493,45.6908],[1.8598,45.6903],[1.8618,45.6936],[1.8615,45.6971],[1.859,45.6995],[1.863,45.7069],[1.8699,45.7111],[1.8764,45.7077],[1.8827,45.7101],[1.8866,45.7094],[1.8908,45.703],[1.8972,45.7014],[1.8989,45.6985],[1.8989,45.6985]]]}},{"type":"Feature","properties":{"code":"87134","nom":"Sainte-Anne-Saint-Priest","pop":137},"geometry":{"type":"Polygon","coordinates":[[[1.6517,45.6844],[1.6535,45.6945],[1.6521,45.6984],[1.6481,45.6966],[1.6505,45.6988],[1.6489,45.7],[1.6533,45.7042],[1.6551,45.7023],[1.6621,45.7083],[1.6707,45.7091],[1.6704,45.7139],[1.6729,45.7179],[1.6765,45.7157],[1.6789,45.7174],[1.6801,45.7139],[1.6867,45.7179],[1.6875,45.7152],[1.695,45.7156],[1.7092,45.7227],[1.7153,45.7202],[1.7084,45.7153],[1.7106,45.7121],[1.7125,45.7126],[1.7138,45.7106],[1.7109,45.7107],[1.7126,45.7087],[1.71,45.7084],[1.7122,45.7082],[1.7103,45.7035],[1.715,45.7004],[1.7094,45.693],[1.6969,45.6884],[1.6988,45.6859],[1.6974,45.6839],[1.6983,45.6801],[1.696,45.6771],[1.6942,45.6785],[1.6965,45.6758],[1.6918,45.6738],[1.689,45.6778],[1.6842,45.6778],[1.6861,45.6758],[1.6822,45.6733],[1.6797,45.6746],[1.676,45.6714],[1.6706,45.6751],[1.6702,45.683],[1.6573,45.685],[1.6565,45.6869],[1.6517,45.6844],[1.6517,45.6844]]]}},{"type":"Feature","properties":{"code":"87146","nom":"Saint-Germain-les-Belles","pop":1150},"geometry":{"type":"Polygon","coordinates":[[[1.4925,45.5611],[1.4804,45.5659],[1.4798,45.5721],[1.4679,45.5708],[1.4641,45.5783],[1.4686,45.5815],[1.4494,45.597],[1.4482,45.5988],[1.4502,45.6034],[1.4478,45.6049],[1.4491,45.6066],[1.4457,45.6068],[1.4483,45.6111],[1.4453,45.6125],[1.4502,45.6162],[1.4502,45.6201],[1.4482,45.6217],[1.4529,45.6236],[1.4514,45.6295],[1.4578,45.632],[1.464,45.6312],[1.4625,45.6346],[1.4649,45.638],[1.4633,45.6403],[1.4663,45.6418],[1.4719,45.6415],[1.4815,45.6443],[1.4864,45.6388],[1.4903,45.641],[1.4933,45.6394],[1.4937,45.6355],[1.4987,45.6349],[1.5084,45.6349],[1.5113,45.6314],[1.5144,45.6309],[1.5118,45.6296],[1.516,45.6291],[1.5168,45.6245],[1.5249,45.6236],[1.5208,45.6207],[1.5219,45.6185],[1.5204,45.6176],[1.5221,45.6169],[1.5196,45.6166],[1.5225,45.6157],[1.5188,45.61],[1.5296,45.6053],[1.5266,45.605],[1.5274,45.6018],[1.5219,45.5988],[1.5278,45.5996],[1.5283,45.5972],[1.5214,45.5979],[1.5154,45.5927],[1.5117,45.5935],[1.5153,45.5892],[1.5125,45.584],[1.5144,45.579],[1.5087,45.5746],[1.5084,45.5723],[1.5108,45.5703],[1.5086,45.5683],[1.4998,45.5693],[1.4929,45.5636],[1.4925,45.5611],[1.4925,45.5611]]]}},{"type":"Feature","properties":{"code":"87147","nom":"Saint-Gilles-les-Forêts","pop":46},"geometry":{"type":"Polygon","coordinates":[[[1.6964,45.6337],[1.6955,45.6315],[1.6812,45.6252],[1.6798,45.6221],[1.6744,45.62],[1.666,45.6117],[1.6625,45.6149],[1.6603,45.6147],[1.6573,45.6189],[1.6496,45.616],[1.6397,45.626],[1.6445,45.6291],[1.6421,45.631],[1.644,45.6322],[1.6452,45.635],[1.6567,45.6387],[1.6617,45.6375],[1.663,45.6399],[1.661,45.6397],[1.6694,45.6456],[1.6689,45.643],[1.6742,45.6372],[1.6776,45.6379],[1.6815,45.6409],[1.6816,45.6433],[1.6839,45.6437],[1.6853,45.6399],[1.6889,45.6429],[1.6899,45.6384],[1.6964,45.6337],[1.6964,45.6337]]]}},{"type":"Feature","properties":{"code":"87186","nom":"Saint-Vitte-sur-Briance","pop":316},"geometry":{"type":"Polygon","coordinates":[[[1.5523,45.6412],[1.5583,45.6418],[1.5612,45.6392],[1.566,45.6397],[1.5651,45.6337],[1.5675,45.6339],[1.5661,45.632],[1.5677,45.6302],[1.5651,45.6284],[1.568,45.6291],[1.5696,45.6262],[1.5623,45.6202],[1.568,45.6158],[1.5739,45.6145],[1.5754,45.6091],[1.5797,45.6079],[1.5794,45.6052],[1.5769,45.6039],[1.5781,45.6],[1.5764,45.5978],[1.5655,45.6006],[1.5634,45.6065],[1.558,45.6071],[1.5543,45.6039],[1.5527,45.6066],[1.5506,45.6063],[1.55,45.6092],[1.546,45.6048],[1.5468,45.6029],[1.5402,45.6012],[1.5356,45.5977],[1.5274,45.5977],[1.5278,45.5996],[1.5222,45.5984],[1.5274,45.6018],[1.5266,45.605],[1.5296,45.6053],[1.5188,45.61],[1.5225,45.6157],[1.5209,45.617],[1.5221,45.6169],[1.5204,45.6176],[1.5219,45.6185],[1.5208,45.6207],[1.5249,45.6236],[1.5168,45.6245],[1.516,45.6291],[1.5118,45.6296],[1.5143,45.6297],[1.5122,45.6325],[1.5113,45.6314],[1.5084,45.6349],[1.496,45.6347],[1.4926,45.6364],[1.494,45.6381],[1.4928,45.6398],[1.4903,45.641],[1.4864,45.6388],[1.4829,45.6423],[1.491,45.6427],[1.4988,45.6456],[1.498,45.6478],[1.5094,45.6495],[1.5119,45.6482],[1.5097,45.6451],[1.5122,45.6479],[1.5139,45.6459],[1.5112,45.6457],[1.5103,45.6439],[1.5128,45.6419],[1.5077,45.6367],[1.5112,45.6367],[1.5123,45.6398],[1.5162,45.6411],[1.5168,45.6443],[1.5193,45.6433],[1.5182,45.6452],[1.5236,45.6467],[1.5255,45.6455],[1.5257,45.6474],[1.5278,45.6476],[1.5337,45.6442],[1.5353,45.645],[1.5339,45.6467],[1.5363,45.648],[1.5418,45.6481],[1.5408,45.6458],[1.5477,45.6472],[1.5504,45.6453],[1.5492,45.6416],[1.5523,45.6412],[1.5523,45.6412]]]}},{"type":"Feature","properties":{"code":"87193","nom":"Surdoux","pop":59},"geometry":{"type":"Polygon","coordinates":[[[1.6648,45.612],[1.6587,45.6048],[1.6619,45.6029],[1.6593,45.5991],[1.6599,45.5967],[1.6576,45.597],[1.6581,45.5939],[1.6526,45.5939],[1.6494,45.5906],[1.6489,45.595],[1.6433,45.595],[1.6434,45.5997],[1.6374,45.6005],[1.6384,45.6021],[1.6352,45.6031],[1.6256,45.6034],[1.6208,45.608],[1.6256,45.608],[1.6256,45.6065],[1.6298,45.6079],[1.6378,45.6042],[1.6458,45.6081],[1.6496,45.616],[1.655,45.6186],[1.6575,45.6188],[1.6648,45.612],[1.6648,45.612]]]}},{"type":"Feature","properties":{"code":"87194","nom":"Sussac","pop":372},"geometry":{"type":"Polygon","coordinates":[[[1.6899,45.6415],[1.6889,45.6429],[1.6853,45.6399],[1.6839,45.6437],[1.6819,45.6436],[1.6815,45.6409],[1.6742,45.6372],[1.6689,45.643],[1.6694,45.6456],[1.661,45.6397],[1.663,45.6399],[1.663,45.6384],[1.6604,45.6369],[1.6576,45.6388],[1.6443,45.6345],[1.6456,45.6334],[1.6421,45.631],[1.6445,45.6291],[1.6403,45.6267],[1.6348,45.6288],[1.6329,45.6299],[1.6336,45.6321],[1.6394,45.6366],[1.6368,45.6377],[1.6358,45.6414],[1.6338,45.6407],[1.6338,45.6432],[1.626,45.6443],[1.6198,45.6422],[1.6142,45.6456],[1.6075,45.6556],[1.6124,45.6622],[1.617,45.6632],[1.6186,45.666],[1.6321,45.6701],[1.6295,45.6735],[1.6163,45.6722],[1.6171,45.6756],[1.6145,45.6765],[1.617,45.6771],[1.6166,45.6811],[1.6191,45.68],[1.6257,45.6827],[1.633,45.6777],[1.6337,45.6739],[1.6404,45.6769],[1.6438,45.6761],[1.6437,45.6785],[1.6412,45.6791],[1.6431,45.6825],[1.6508,45.6812],[1.6536,45.6866],[1.6702,45.683],[1.6706,45.6751],[1.6765,45.6724],[1.6782,45.6681],[1.6764,45.6652],[1.6812,45.6636],[1.6818,45.6602],[1.6893,45.6611],[1.6892,45.6637],[1.6933,45.6645],[1.6988,45.6629],[1.6919,45.6549],[1.6985,45.65],[1.6963,45.6424],[1.6899,45.6415],[1.6899,45.6415]]]}},{"type":"Feature","properties":{"code":"15003","nom":"Ally","pop":594},"geometry":{"type":"Polygon","coordinates":[[[2.3441,45.1762],[2.3531,45.177],[2.3554,45.1738],[2.3712,45.1666],[2.3676,45.1656],[2.3682,45.16],[2.3664,45.1551],[2.3649,45.1558],[2.3643,45.1543],[2.3657,45.1532],[2.3642,45.1519],[2.369,45.1454],[2.3668,45.1446],[2.3645,45.1474],[2.3604,45.1441],[2.3547,45.1442],[2.3535,45.1413],[2.3482,45.1437],[2.3477,45.1468],[2.3444,45.1494],[2.3367,45.1454],[2.3324,45.1456],[2.3291,45.1427],[2.3234,45.1437],[2.3152,45.1411],[2.3139,45.1422],[2.3117,45.1397],[2.2988,45.1359],[2.3004,45.1401],[2.2984,45.1399],[2.2986,45.1426],[2.296,45.1436],[2.2986,45.1456],[2.2986,45.1488],[2.3013,45.1471],[2.3018,45.1486],[2.297,45.1497],[2.296,45.1467],[2.2906,45.1475],[2.2919,45.1509],[2.2943,45.1509],[2.2915,45.1519],[2.2925,45.1559],[2.2961,45.1572],[2.2931,45.1615],[2.2908,45.1617],[2.2932,45.1647],[2.2893,45.1641],[2.2951,45.1673],[2.296,45.1651],[2.2977,45.166],[2.2962,45.1673],[2.2985,45.169],[2.2978,45.1714],[2.2998,45.1711],[2.3021,45.1763],[2.3043,45.1766],[2.3016,45.179],[2.3062,45.1799],[2.2993,45.1815],[2.3013,45.1828],[2.3002,45.1856],[2.3023,45.1877],[2.3008,45.1883],[2.303,45.1888],[2.3002,45.1891],[2.3031,45.1901],[2.3018,45.1981],[2.3072,45.197],[2.3077,45.1949],[2.3089,45.1962],[2.3125,45.1946],[2.3169,45.1976],[2.32,45.1933],[2.322,45.1958],[2.328,45.1956],[2.3327,45.1894],[2.3379,45.1876],[2.3367,45.1862],[2.3401,45.1844],[2.3381,45.1823],[2.3398,45.1796],[2.3387,45.1762],[2.3338,45.1743],[2.3232,45.1757],[2.3189,45.1679],[2.3174,45.1684],[2.3151,45.1654],[2.3214,45.1661],[2.3201,45.163],[2.323,45.1637],[2.3251,45.1594],[2.3262,45.161],[2.3312,45.16],[2.3341,45.1617],[2.3353,45.1592],[2.3348,45.161],[2.3382,45.1607],[2.3441,45.1643],[2.3392,45.165],[2.3395,45.1682],[2.3413,45.1686],[2.339,45.17],[2.342,45.1708],[2.3423,45.1745],[2.3408,45.1745],[2.3441,45.1762],[2.3441,45.1762]]]}},{"type":"Feature","properties":{"code":"15010","nom":"Arches","pop":192},"geometry":{"type":"Polygon","coordinates":[[[2.3059,45.3104],[2.3169,45.3227],[2.335,45.3265],[2.3399,45.3259],[2.3418,45.3195],[2.3491,45.3174],[2.348,45.3134],[2.3449,45.3108],[2.3526,45.3108],[2.3511,45.3044],[2.3543,45.3014],[2.3538,45.2977],[2.352,45.2953],[2.3457,45.2938],[2.3432,45.2961],[2.3437,45.294],[2.3411,45.2923],[2.3428,45.2916],[2.3406,45.2891],[2.3411,45.2865],[2.3337,45.2885],[2.3329,45.2921],[2.3315,45.2905],[2.3318,45.2937],[2.3283,45.2939],[2.3271,45.2919],[2.325,45.2953],[2.3256,45.294],[2.3213,45.2945],[2.3203,45.2922],[2.3186,45.2924],[2.3192,45.2909],[2.3172,45.2911],[2.3183,45.2851],[2.3081,45.2818],[2.3118,45.2758],[2.3056,45.2705],[2.3025,45.2709],[2.2966,45.2674],[2.2903,45.2704],[2.2911,45.2722],[2.2871,45.2753],[2.2815,45.2754],[2.281,45.279],[2.2833,45.2831],[2.2803,45.2836],[2.2761,45.2885],[2.2888,45.2871],[2.2949,45.2955],[2.2999,45.299],[2.3016,45.3037],[2.3058,45.3072],[2.3059,45.3104],[2.3059,45.3104]]]}},{"type":"Feature","properties":{"code":"15011","nom":"Arnac","pop":174},"geometry":{"type":"Polygon","coordinates":[[[2.2584,45.0852],[2.2542,45.0832],[2.252,45.0849],[2.2495,45.08],[2.2535,45.079],[2.2569,45.0691],[2.2608,45.0707],[2.2625,45.0697],[2.2621,45.0654],[2.2582,45.0636],[2.2588,45.0618],[2.2647,45.064],[2.268,45.0578],[2.2601,45.0551],[2.2608,45.0517],[2.2582,45.0505],[2.2586,45.0459],[2.2536,45.044],[2.2534,45.0415],[2.248,45.0411],[2.2413,45.0449],[2.2371,45.0442],[2.2358,45.0476],[2.2254,45.0396],[2.22,45.0399],[2.2135,45.0421],[2.2058,45.0415],[2.1976,45.0563],[2.1988,45.0579],[2.1959,45.0645],[2.1931,45.0646],[2.1897,45.0689],[2.1863,45.0699],[2.1844,45.0776],[2.1745,45.0775],[2.173,45.0812],[2.1758,45.0801],[2.1892,45.0829],[2.201,45.0778],[2.2131,45.0863],[2.2156,45.0842],[2.2122,45.0787],[2.2152,45.0753],[2.2186,45.0754],[2.2338,45.0765],[2.2439,45.0811],[2.2423,45.0874],[2.2438,45.0892],[2.257,45.0893],[2.2584,45.0852],[2.2584,45.0852]]]}},{"type":"Feature","properties":{"code":"15015","nom":"Auzers","pop":159},"geometry":{"type":"Polygon","coordinates":[[[2.4472,45.2616],[2.4364,45.2658],[2.4359,45.2688],[2.428,45.2744],[2.4274,45.2774],[2.4239,45.2775],[2.4263,45.2818],[2.4212,45.2885],[2.4239,45.2904],[2.4236,45.2921],[2.434,45.291],[2.4385,45.2882],[2.4351,45.2889],[2.4344,45.2866],[2.4375,45.2864],[2.4462,45.2883],[2.4413,45.2893],[2.4458,45.2908],[2.4429,45.2936],[2.4452,45.2966],[2.4488,45.2942],[2.4549,45.2959],[2.4631,45.2942],[2.4659,45.296],[2.4719,45.2938],[2.4799,45.2925],[2.4866,45.2858],[2.4982,45.2832],[2.4974,45.2792],[2.501,45.281],[2.5041,45.2782],[2.5071,45.2784],[2.507,45.2768],[2.5129,45.2784],[2.5118,45.2733],[2.5142,45.2723],[2.5105,45.2702],[2.5151,45.2693],[2.5147,45.2681],[2.5115,45.2661],[2.5042,45.2703],[2.4924,45.2693],[2.4917,45.2672],[2.4872,45.2687],[2.4898,45.2662],[2.4875,45.2642],[2.4825,45.2641],[2.4858,45.2603],[2.4851,45.258],[2.4875,45.2585],[2.4829,45.258],[2.4772,45.2617],[2.4705,45.2582],[2.4723,45.2497],[2.4667,45.2539],[2.4616,45.2539],[2.4597,45.2567],[2.4523,45.2565],[2.451,45.2578],[2.4523,45.2593],[2.4472,45.2616],[2.4472,45.2616]]]}},{"type":"Feature","properties":{"code":"15018","nom":"Barriac-les-Bosquets","pop":140},"geometry":{"type":"Polygon","coordinates":[[[2.2304,45.1621],[2.2298,45.1639],[2.232,45.164],[2.2318,45.1669],[2.2336,45.1668],[2.2325,45.1686],[2.2447,45.1688],[2.2431,45.1712],[2.2486,45.1722],[2.2476,45.1705],[2.25,45.1688],[2.2614,45.1673],[2.2637,45.1652],[2.2634,45.163],[2.2674,45.164],[2.2661,45.1619],[2.2691,45.1605],[2.2773,45.1603],[2.2759,45.1576],[2.2792,45.1546],[2.2779,45.1513],[2.2757,45.1519],[2.2775,45.1502],[2.2751,45.1471],[2.2788,45.1464],[2.2778,45.1446],[2.2829,45.1445],[2.2819,45.1455],[2.2849,45.1476],[2.2879,45.1455],[2.29,45.1491],[2.2935,45.1466],[2.296,45.1467],[2.297,45.1497],[2.3018,45.1486],[2.3013,45.1471],[2.2986,45.1488],[2.2986,45.1456],[2.296,45.1436],[2.3005,45.1394],[2.2955,45.133],[2.2932,45.1327],[2.2928,45.1308],[2.292,45.1346],[2.288,45.1326],[2.2858,45.1345],[2.2806,45.1268],[2.2696,45.1268],[2.2697,45.1249],[2.2675,45.1253],[2.2674,45.1275],[2.2654,45.1243],[2.263,45.1258],[2.2649,45.1296],[2.2608,45.1274],[2.2599,45.1299],[2.2565,45.1305],[2.2477,45.1269],[2.2519,45.1354],[2.2512,45.1378],[2.2529,45.1373],[2.2554,45.1414],[2.2573,45.1407],[2.2552,45.1436],[2.2573,45.1445],[2.2563,45.1468],[2.2532,45.1514],[2.2452,45.1558],[2.2421,45.1547],[2.2386,45.158],[2.2356,45.1583],[2.2371,45.1597],[2.2358,45.1613],[2.2304,45.1621],[2.2304,45.1621]]]}},{"type":"Feature","properties":{"code":"15019","nom":"Bassignac","pop":223},"geometry":{"type":"Polygon","coordinates":[[[2.406,45.2962],[2.3988,45.2983],[2.3956,45.2955],[2.3885,45.2981],[2.3879,45.2956],[2.3919,45.2933],[2.3938,45.2866],[2.3911,45.282],[2.3864,45.2796],[2.387,45.2845],[2.3824,45.2863],[2.384,45.2917],[2.3811,45.2926],[2.3801,45.2958],[2.3818,45.2989],[2.3868,45.3011],[2.3911,45.3085],[2.3868,45.3102],[2.39,45.3109],[2.3892,45.3129],[2.387,45.3118],[2.384,45.3136],[2.3844,45.3159],[2.3867,45.3165],[2.3816,45.3193],[2.384,45.3209],[2.3858,45.3269],[2.383,45.328],[2.3865,45.3298],[2.3864,45.3319],[2.389,45.3317],[2.3894,45.3373],[2.396,45.3398],[2.3943,45.3424],[2.3955,45.3439],[2.3988,45.3396],[2.4047,45.3376],[2.4089,45.3402],[2.4089,45.3381],[2.4113,45.3389],[2.4128,45.3373],[2.4125,45.332],[2.4103,45.33],[2.4111,45.3238],[2.414,45.322],[2.4202,45.3252],[2.421,45.3224],[2.4233,45.3246],[2.4282,45.3246],[2.4238,45.3196],[2.4219,45.3199],[2.4261,45.3184],[2.4252,45.3134],[2.4214,45.3098],[2.4101,45.3065],[2.4088,45.3043],[2.4114,45.3005],[2.4052,45.2973],[2.406,45.2962],[2.406,45.2962]]]}},{"type":"Feature","properties":{"code":"15024","nom":"Brageac","pop":78},"geometry":{"type":"Polygon","coordinates":[[[2.3022,45.192],[2.2891,45.1849],[2.2821,45.1905],[2.2698,45.1927],[2.2674,45.1959],[2.2617,45.1949],[2.2438,45.2008],[2.2367,45.1991],[2.2349,45.2012],[2.2306,45.201],[2.2228,45.2066],[2.2231,45.2139],[2.2288,45.2108],[2.2358,45.2129],[2.2362,45.2149],[2.2398,45.2165],[2.2445,45.2144],[2.2447,45.2164],[2.2476,45.2153],[2.2481,45.2178],[2.251,45.2175],[2.2543,45.2203],[2.2589,45.2116],[2.2643,45.2166],[2.2724,45.2119],[2.2802,45.2123],[2.2806,45.2149],[2.2848,45.2131],[2.2911,45.2161],[2.2944,45.2115],[2.2924,45.2101],[2.2936,45.2077],[2.2958,45.2083],[2.2972,45.2064],[2.2936,45.2049],[2.293,45.2016],[2.2952,45.1985],[2.3025,45.1958],[2.3022,45.192],[2.3022,45.192]]]}},{"type":"Feature","properties":{"code":"15036","nom":"Chalvignac","pop":450},"geometry":{"type":"Polygon","coordinates":[[[2.3118,45.2758],[2.3153,45.2762],[2.319,45.2736],[2.3175,45.2698],[2.3226,45.2596],[2.3214,45.2516],[2.3194,45.251],[2.3208,45.2492],[2.3183,45.246],[2.3088,45.2464],[2.3098,45.2421],[2.3075,45.241],[2.2971,45.2447],[2.304,45.2475],[2.3052,45.2487],[2.304,45.2503],[2.2979,45.2514],[2.2988,45.2502],[2.2966,45.2499],[2.29,45.2528],[2.2903,45.2498],[2.2873,45.2497],[2.286,45.2523],[2.2848,45.2472],[2.2784,45.2411],[2.2838,45.2394],[2.275,45.2388],[2.2802,45.2293],[2.2778,45.2264],[2.2803,45.2245],[2.2773,45.2235],[2.2789,45.2224],[2.2781,45.2189],[2.268,45.2146],[2.2641,45.2165],[2.2591,45.2115],[2.2548,45.2201],[2.2478,45.2173],[2.2479,45.2155],[2.2449,45.2165],[2.2442,45.2143],[2.2401,45.2166],[2.2278,45.214],[2.2217,45.2172],[2.2192,45.2214],[2.2158,45.2189],[2.2147,45.2205],[2.2101,45.2205],[2.2086,45.2242],[2.2032,45.222],[2.2021,45.2268],[2.2215,45.2378],[2.2264,45.2452],[2.2408,45.248],[2.2376,45.2593],[2.2438,45.2668],[2.2584,45.2702],[2.2625,45.2848],[2.2671,45.2862],[2.2701,45.2905],[2.2761,45.2885],[2.2803,45.2836],[2.2833,45.2831],[2.281,45.279],[2.2815,45.2754],[2.2871,45.2753],[2.2911,45.2722],[2.2903,45.2704],[2.2959,45.2673],[2.3025,45.2709],[2.3056,45.2705],[2.3118,45.2758],[2.3118,45.2758]]]}},{"type":"Feature","properties":{"code":"15037","nom":"Champagnac","pop":1020},"geometry":{"type":"Polygon","coordinates":[[[2.4379,45.3879],[2.4411,45.381],[2.4413,45.374],[2.4439,45.3715],[2.4417,45.3663],[2.448,45.3678],[2.4499,45.3664],[2.4478,45.3646],[2.4498,45.3637],[2.4389,45.3636],[2.4377,45.362],[2.4398,45.3614],[2.4387,45.3602],[2.4402,45.3591],[2.4288,45.3513],[2.4312,45.35],[2.4325,45.3459],[2.429,45.3446],[2.4214,45.3476],[2.421,45.3444],[2.4171,45.3438],[2.4184,45.3418],[2.4108,45.3399],[2.4109,45.3377],[2.4077,45.3404],[2.4042,45.3376],[2.4015,45.3399],[2.3988,45.3396],[2.3964,45.3436],[2.3943,45.3434],[2.396,45.3398],[2.3918,45.3376],[2.3848,45.343],[2.3836,45.3413],[2.379,45.3416],[2.3658,45.3449],[2.3615,45.3432],[2.3586,45.3392],[2.3519,45.3438],[2.3503,45.347],[2.357,45.3542],[2.3628,45.3533],[2.3649,45.3553],[2.3642,45.3617],[2.3676,45.3665],[2.3645,45.3747],[2.398,45.3778],[2.4231,45.397],[2.4249,45.3941],[2.4326,45.393],[2.4379,45.3879],[2.4379,45.3879]]]}},{"type":"Feature","properties":{"code":"15046","nom":"Chaussenac","pop":218},"geometry":{"type":"Polygon","coordinates":[[[2.231,45.2008],[2.2349,45.2012],[2.2367,45.1991],[2.2438,45.2008],[2.2617,45.1949],[2.2674,45.1959],[2.2698,45.1927],[2.2821,45.1905],[2.2891,45.1849],[2.3022,45.192],[2.3031,45.1901],[2.3002,45.1891],[2.303,45.1888],[2.3008,45.1883],[2.3023,45.1877],[2.3002,45.1856],[2.3013,45.1828],[2.2993,45.1815],[2.3062,45.1799],[2.3016,45.179],[2.3043,45.1766],[2.3021,45.1763],[2.2998,45.1711],[2.2978,45.1714],[2.2985,45.169],[2.2962,45.1673],[2.2977,45.166],[2.296,45.1651],[2.2951,45.1673],[2.2893,45.1641],[2.2932,45.1647],[2.2908,45.1617],[2.2931,45.1615],[2.2961,45.1572],[2.2925,45.1559],[2.2915,45.1519],[2.294,45.1503],[2.2919,45.1509],[2.2911,45.1477],[2.2889,45.1488],[2.2879,45.1455],[2.2849,45.1476],[2.2819,45.1455],[2.2829,45.1445],[2.2778,45.1446],[2.2788,45.1464],[2.2751,45.1471],[2.2775,45.1502],[2.2757,45.1519],[2.2779,45.1513],[2.2792,45.1546],[2.2759,45.1576],[2.2773,45.1603],[2.2691,45.1605],[2.2661,45.1619],[2.2674,45.164],[2.2634,45.163],[2.2637,45.1652],[2.2614,45.1673],[2.2476,45.1705],[2.2486,45.1729],[2.2452,45.1793],[2.2486,45.1823],[2.2479,45.1855],[2.2457,45.1886],[2.2376,45.1913],[2.231,45.2008],[2.231,45.2008]]]}},{"type":"Feature","properties":{"code":"15057","nom":"Cros-de-Montvert","pop":197},"geometry":{"type":"Polygon","coordinates":[[[2.1725,45.0814],[2.1745,45.0775],[2.1844,45.0776],[2.1863,45.0699],[2.1897,45.0689],[2.1931,45.0646],[2.1959,45.0645],[2.1988,45.0579],[2.1976,45.0563],[2.2058,45.0415],[2.1989,45.0466],[2.1957,45.0466],[2.1998,45.0396],[2.1996,45.0302],[2.197,45.0274],[2.1844,45.0295],[2.1782,45.0286],[2.1665,45.0391],[2.1573,45.0416],[2.1541,45.0461],[2.1522,45.048],[2.1481,45.0465],[2.1469,45.0481],[2.1435,45.0476],[2.1428,45.0455],[2.1362,45.0451],[2.1348,45.0476],[2.129,45.0482],[2.1279,45.0502],[2.124,45.0489],[2.1198,45.0508],[2.1157,45.05],[2.1024,45.0618],[2.104,45.0663],[2.1144,45.0717],[2.1202,45.0691],[2.1204,45.0729],[2.1298,45.0776],[2.1312,45.0816],[2.1382,45.0814],[2.1414,45.0869],[2.1477,45.0853],[2.148,45.083],[2.1567,45.0866],[2.1596,45.0847],[2.1646,45.085],[2.1667,45.081],[2.1725,45.0814],[2.1725,45.0814]]]}},{"type":"Feature","properties":{"code":"15063","nom":"Drugeac","pop":321},"geometry":{"type":"Polygon","coordinates":[[[2.4153,45.1447],[2.4118,45.143],[2.4091,45.1457],[2.4096,45.1439],[2.4065,45.1406],[2.4034,45.1409],[2.4083,45.134],[2.3976,45.1354],[2.3973,45.1381],[2.3874,45.1418],[2.3856,45.1431],[2.3871,45.1442],[2.3844,45.1457],[2.3715,45.1424],[2.3744,45.1436],[2.3687,45.1458],[2.3642,45.1519],[2.3688,45.1624],[2.3676,45.1656],[2.3712,45.1666],[2.3554,45.1738],[2.3541,45.1766],[2.3471,45.176],[2.3508,45.1813],[2.3698,45.1862],[2.3805,45.1839],[2.3815,45.1803],[2.3867,45.1764],[2.3891,45.1785],[2.3924,45.1758],[2.3981,45.1755],[2.4007,45.1798],[2.4134,45.1767],[2.4188,45.1733],[2.4186,45.1709],[2.4229,45.1692],[2.4213,45.1647],[2.4182,45.1646],[2.4179,45.1606],[2.4132,45.1584],[2.4149,45.1546],[2.4192,45.1529],[2.4162,45.1509],[2.417,45.1484],[2.4151,45.1472],[2.4182,45.1466],[2.4153,45.1447],[2.4153,45.1447]]]}},{"type":"Feature","properties":{"code":"15064","nom":"Escorailles","pop":82},"geometry":{"type":"Polygon","coordinates":[[[2.3394,45.1802],[2.3429,45.1814],[2.3415,45.1772],[2.3441,45.1762],[2.3408,45.1745],[2.3423,45.1745],[2.342,45.1708],[2.339,45.1704],[2.3413,45.1686],[2.3395,45.1682],[2.3392,45.165],[2.3441,45.1643],[2.3382,45.1607],[2.3348,45.161],[2.3353,45.1592],[2.3341,45.1617],[2.3266,45.1599],[2.3243,45.16],[2.323,45.1637],[2.3201,45.163],[2.3214,45.1661],[2.3151,45.1654],[2.3174,45.1684],[2.3189,45.1679],[2.3232,45.1757],[2.3343,45.1745],[2.3396,45.1771],[2.3394,45.1802],[2.3394,45.1802]]]}},{"type":"Feature","properties":{"code":"15079","nom":"Jaleyrac","pop":356},"geometry":{"type":"Polygon","coordinates":[[[2.352,45.2954],[2.3543,45.3013],[2.3531,45.304],[2.3601,45.3009],[2.3602,45.2987],[2.3804,45.2975],[2.3811,45.2926],[2.384,45.2917],[2.3823,45.2895],[2.3836,45.2872],[2.3821,45.2868],[2.3862,45.2858],[2.3868,45.2768],[2.3925,45.2718],[2.3919,45.2687],[2.3943,45.2672],[2.3922,45.2638],[2.3938,45.2621],[2.3918,45.2608],[2.3944,45.2572],[2.391,45.2541],[2.3871,45.2539],[2.3862,45.25],[2.3876,45.2487],[2.3818,45.2499],[2.3832,45.248],[2.3818,45.2471],[2.3794,45.2492],[2.3749,45.2485],[2.376,45.2545],[2.3728,45.2518],[2.3742,45.2496],[2.3704,45.2515],[2.3655,45.2493],[2.364,45.2462],[2.3576,45.246],[2.3584,45.2427],[2.3609,45.2424],[2.3586,45.241],[2.3593,45.2392],[2.3577,45.2389],[2.3527,45.2456],[2.3485,45.2407],[2.3472,45.242],[2.3467,45.2441],[2.3485,45.2446],[2.3445,45.2483],[2.346,45.2502],[2.3445,45.2528],[2.3464,45.2543],[2.3446,45.2572],[2.3412,45.2559],[2.344,45.2578],[2.3399,45.2593],[2.3408,45.2622],[2.3381,45.2616],[2.3398,45.2628],[2.339,45.2649],[2.3418,45.2657],[2.337,45.2684],[2.3455,45.2718],[2.3483,45.271],[2.3504,45.273],[2.3575,45.2727],[2.3625,45.2777],[2.3631,45.2822],[2.3581,45.2852],[2.3585,45.2886],[2.3525,45.2928],[2.352,45.2954],[2.352,45.2954]]]}},{"type":"Feature","properties":{"code":"15111","nom":"Madic","pop":202},"geometry":{"type":"Polygon","coordinates":[[[2.4469,45.3637],[2.4498,45.3637],[2.4478,45.3646],[2.4499,45.3664],[2.448,45.3678],[2.4417,45.3663],[2.4439,45.3715],[2.4413,45.374],[2.4411,45.381],[2.4379,45.3879],[2.4452,45.3832],[2.4595,45.3855],[2.4751,45.3811],[2.4733,45.3776],[2.4711,45.3778],[2.4701,45.374],[2.4733,45.3754],[2.4762,45.3736],[2.4764,45.3705],[2.4806,45.3694],[2.4778,45.3654],[2.4742,45.3668],[2.4724,45.3656],[2.4726,45.3587],[2.4701,45.3598],[2.4681,45.358],[2.4566,45.3574],[2.4469,45.3637],[2.4469,45.3637]]]}},{"type":"Feature","properties":{"code":"15120","nom":"Mauriac","pop":3449},"geometry":{"type":"Polygon","coordinates":[[[2.3351,45.1889],[2.3327,45.1894],[2.328,45.1956],[2.322,45.1958],[2.32,45.1933],[2.3169,45.1976],[2.3125,45.1946],[2.3089,45.1962],[2.3077,45.1949],[2.307,45.1971],[2.2952,45.1985],[2.293,45.2033],[2.2972,45.2064],[2.2958,45.2083],[2.2936,45.2077],[2.2924,45.2101],[2.2944,45.2115],[2.2911,45.2161],[2.2842,45.213],[2.2803,45.2148],[2.2799,45.2122],[2.2717,45.212],[2.268,45.2146],[2.2781,45.2189],[2.2789,45.2224],[2.2773,45.2235],[2.2803,45.2245],[2.2778,45.2264],[2.2802,45.2293],[2.275,45.2388],[2.2824,45.2399],[2.2784,45.2411],[2.2848,45.2472],[2.286,45.2523],[2.2873,45.2497],[2.2903,45.2498],[2.29,45.2528],[2.2966,45.2499],[2.2988,45.2502],[2.2979,45.2514],[2.304,45.2503],[2.3052,45.2487],[2.304,45.2475],[2.2971,45.2447],[2.3075,45.241],[2.3098,45.2421],[2.3088,45.2464],[2.3201,45.2469],[2.3175,45.2431],[2.3248,45.2426],[2.3243,45.2339],[2.3297,45.2316],[2.3304,45.2284],[2.3354,45.229],[2.3375,45.2242],[2.3423,45.2216],[2.3443,45.2233],[2.354,45.2159],[2.3595,45.2147],[2.3684,45.2171],[2.3687,45.214],[2.3737,45.2121],[2.3668,45.2083],[2.3705,45.2066],[2.3662,45.2063],[2.361,45.1986],[2.3578,45.1971],[2.3548,45.1989],[2.3537,45.1963],[2.3478,45.196],[2.3463,45.1935],[2.3445,45.1942],[2.3405,45.1905],[2.3351,45.1889],[2.3351,45.1889]]]}},{"type":"Feature","properties":{"code":"15123","nom":"Méallet","pop":153},"geometry":{"type":"Polygon","coordinates":[[[2.4234,45.2917],[2.4212,45.2885],[2.4263,45.2818],[2.4238,45.2777],[2.4274,45.2774],[2.428,45.2744],[2.4359,45.2688],[2.4364,45.2658],[2.4472,45.2616],[2.446,45.2571],[2.4478,45.2537],[2.4459,45.2505],[2.4472,45.2486],[2.4424,45.2437],[2.4389,45.2447],[2.4399,45.2462],[2.4363,45.2447],[2.4376,45.2409],[2.4363,45.2399],[2.4233,45.2405],[2.4258,45.2382],[2.4339,45.2383],[2.4374,45.2367],[2.4373,45.235],[2.4302,45.2338],[2.4306,45.2316],[2.4285,45.2332],[2.4264,45.231],[2.4188,45.2324],[2.4166,45.2297],[2.4189,45.2273],[2.4168,45.2264],[2.4164,45.2294],[2.4107,45.2312],[2.4111,45.2332],[2.4084,45.2332],[2.4093,45.2358],[2.4037,45.2422],[2.3958,45.2431],[2.3922,45.2468],[2.3928,45.2489],[2.3914,45.2475],[2.3892,45.2497],[2.3964,45.2557],[2.3919,45.2605],[2.3938,45.2621],[2.3922,45.2638],[2.3943,45.2672],[2.3919,45.2687],[2.3925,45.2718],[2.3866,45.2773],[2.394,45.2885],[2.3919,45.2933],[2.3877,45.2966],[2.3885,45.2981],[2.396,45.2956],[2.3999,45.2983],[2.4089,45.2958],[2.4172,45.2905],[2.4193,45.2924],[2.4234,45.2917],[2.4234,45.2917]]]}},{"type":"Feature","properties":{"code":"15135","nom":"Montvert","pop":112},"geometry":{"type":"Polygon","coordinates":[[[2.1332,44.9856],[2.1333,44.9888],[2.1366,44.9903],[2.1389,44.9934],[2.1373,44.993],[2.1371,44.995],[2.139,44.9951],[2.1394,44.9985],[2.1419,45.0001],[2.1393,45.0031],[2.1408,45.0052],[2.1468,45.0014],[2.1547,44.9998],[2.1604,45.0072],[2.1706,45.0083],[2.1841,45.0169],[2.1888,45.0225],[2.1931,45.0191],[2.1912,45.0169],[2.1935,45.0119],[2.1907,45.0111],[2.193,45.0095],[2.1908,45.0049],[2.1923,45.0034],[2.1937,45.0019],[2.1917,45.0011],[2.1822,45.0026],[2.185,44.9979],[2.1772,44.9944],[2.1766,44.992],[2.1716,44.9925],[2.1672,44.9896],[2.1709,44.9836],[2.1693,44.9819],[2.1707,44.9737],[2.1692,44.9721],[2.1632,44.9765],[2.1571,44.9773],[2.1469,44.974],[2.145,44.9774],[2.1416,44.9783],[2.1419,44.983],[2.1332,44.9856],[2.1332,44.9856]]]}},{"type":"Feature","properties":{"code":"15137","nom":"Moussages","pop":247},"geometry":{"type":"Polygon","coordinates":[[[2.4723,45.2497],[2.4781,45.244],[2.494,45.2423],[2.4929,45.2398],[2.4956,45.2384],[2.5087,45.2375],[2.5147,45.2331],[2.5209,45.232],[2.5219,45.2308],[2.5201,45.2287],[2.5251,45.2277],[2.5222,45.2253],[2.5228,45.2232],[2.5205,45.2235],[2.5144,45.218],[2.4933,45.2179],[2.4851,45.2198],[2.4773,45.2167],[2.4714,45.2188],[2.4677,45.2159],[2.463,45.2192],[2.4514,45.22],[2.4458,45.2178],[2.4409,45.2212],[2.4452,45.2219],[2.4452,45.2257],[2.4413,45.2269],[2.4383,45.2318],[2.4344,45.2328],[2.4374,45.2367],[2.4258,45.2382],[2.4233,45.2405],[2.4363,45.2399],[2.4376,45.2409],[2.4363,45.2447],[2.4395,45.2462],[2.4389,45.2447],[2.4424,45.2437],[2.4472,45.2486],[2.4459,45.2505],[2.4478,45.2538],[2.446,45.2571],[2.4479,45.2619],[2.4523,45.2593],[2.451,45.2578],[2.4523,45.2565],[2.4597,45.2567],[2.4616,45.2539],[2.4667,45.2539],[2.4723,45.2497],[2.4723,45.2497]]]}},{"type":"Feature","properties":{"code":"15153","nom":"Pleaux","pop":1470},"geometry":{"type":"MultiPolygon","coordinates":[[[[2.1725,45.0814],[2.1756,45.0814],[2.1737,45.0876],[2.1803,45.0952],[2.1804,45.0991],[2.1765,45.1023],[2.1821,45.106],[2.1793,45.1075],[2.1817,45.1101],[2.1805,45.1126],[2.1871,45.1145],[2.1883,45.1122],[2.1903,45.1155],[2.1896,45.1175],[2.1843,45.1197],[2.1842,45.1247],[2.179,45.1267],[2.1814,45.1281],[2.1823,45.132],[2.1791,45.1363],[2.194,45.1347],[2.2088,45.1439],[2.2121,45.1528],[2.2114,45.1563],[2.2079,45.1587],[2.2087,45.1605],[2.217,45.1595],[2.2222,45.1598],[2.2242,45.1617],[2.2254,45.1603],[2.2348,45.1618],[2.237,45.1604],[2.236,45.1579],[2.2386,45.158],[2.2421,45.1547],[2.2452,45.1558],[2.2532,45.1514],[2.2573,45.1446],[2.2552,45.1436],[2.2573,45.1407],[2.2554,45.1414],[2.2529,45.1373],[2.2512,45.1378],[2.2519,45.1354],[2.2477,45.1269],[2.2568,45.1305],[2.2599,45.1299],[2.2608,45.1274],[2.2649,45.1296],[2.2633,45.1245],[2.2654,45.1243],[2.2674,45.1275],[2.2675,45.1253],[2.2697,45.1249],[2.2696,45.1268],[2.2806,45.1268],[2.2858,45.1345],[2.288,45.1326],[2.292,45.1346],[2.293,45.1308],[2.2932,45.1327],[2.3039,45.1385],[2.3117,45.1397],[2.3139,45.1422],[2.3152,45.1411],[2.3234,45.1437],[2.3291,45.1427],[2.3324,45.1456],[2.3367,45.1454],[2.3454,45.1492],[2.3482,45.1437],[2.3565,45.1384],[2.3547,45.1369],[2.3576,45.1293],[2.3661,45.128],[2.3614,45.1198],[2.3621,45.1137],[2.3542,45.1141],[2.3482,45.1101],[2.3467,45.1127],[2.3441,45.1112],[2.3277,45.1123],[2.3244,45.1084],[2.323,45.1115],[2.3188,45.1129],[2.3204,45.1098],[2.3186,45.1079],[2.3099,45.1064],[2.3064,45.1046],[2.3061,45.1026],[2.3042,45.105],[2.304,45.1008],[2.2987,45.1001],[2.2995,45.0979],[2.296,45.0998],[2.2945,45.098],[2.2893,45.099],[2.2884,45.0953],[2.2845,45.0969],[2.2834,45.0945],[2.2774,45.0965],[2.2769,45.0926],[2.2805,45.0919],[2.2797,45.09],[2.2741,45.0884],[2.2745,45.0918],[2.2731,45.0922],[2.2714,45.0915],[2.2717,45.0892],[2.2678,45.0892],[2.2709,45.0862],[2.271,45.0817],[2.2696,45.0808],[2.2642,45.0851],[2.2616,45.0838],[2.2584,45.0852],[2.2579,45.0886],[2.2551,45.0896],[2.2433,45.089],[2.244,45.0812],[2.2319,45.0762],[2.2152,45.0753],[2.2119,45.08],[2.2156,45.0842],[2.2131,45.0863],[2.201,45.0778],[2.1892,45.0829],[2.1758,45.0801],[2.1725,45.0814],[2.1725,45.0814]]],[[[2.2486,45.1722],[2.2431,45.1712],[2.2447,45.1688],[2.2384,45.1693],[2.2319,45.1675],[2.2319,45.172],[2.2313,45.1702],[2.2224,45.1702],[2.2184,45.1725],[2.2191,45.1743],[2.2157,45.1727],[2.2141,45.1762],[2.2076,45.1798],[2.2012,45.18],[2.2023,45.1834],[2.2,45.1855],[2.1983,45.1965],[2.2002,45.1984],[2.1914,45.2009],[2.1895,45.204],[2.1943,45.2144],[2.1971,45.2164],[2.195,45.2187],[2.1894,45.2225],[2.1948,45.2208],[2.2028,45.2232],[2.2051,45.222],[2.2086,45.2242],[2.2101,45.2205],[2.2147,45.2205],[2.2158,45.2189],[2.2192,45.2214],[2.2217,45.2172],[2.2275,45.2141],[2.236,45.2147],[2.2358,45.2129],[2.2288,45.2108],[2.2231,45.2139],[2.2228,45.2066],[2.231,45.2008],[2.2377,45.1911],[2.2459,45.1884],[2.2486,45.1823],[2.2452,45.1793],[2.2486,45.1722],[2.2486,45.1722]]]]}},{"type":"Feature","properties":{"code":"15165","nom":"Rouffiac","pop":181},"geometry":{"type":"Polygon","coordinates":[[[2.1412,45.0054],[2.1377,45.0089],[2.1333,45.0086],[2.1277,45.0121],[2.123,45.0197],[2.1163,45.0218],[2.1132,45.0302],[2.11,45.0335],[2.1096,45.0368],[2.1119,45.0375],[2.1099,45.0384],[2.1108,45.0405],[2.0994,45.0478],[2.0952,45.056],[2.1004,45.0558],[2.1007,45.0574],[2.0974,45.0594],[2.099,45.0619],[2.1022,45.0623],[2.1157,45.05],[2.1198,45.0508],[2.124,45.0489],[2.1279,45.0502],[2.1288,45.0488],[2.1398,45.0449],[2.143,45.0455],[2.144,45.0478],[2.1481,45.0465],[2.1522,45.048],[2.1573,45.0416],[2.1665,45.0391],[2.178,45.0287],[2.1844,45.0295],[2.197,45.0274],[2.1706,45.0083],[2.1604,45.0072],[2.1548,44.9998],[2.1468,45.0014],[2.1412,45.0054],[2.1412,45.0054]]]}},{"type":"Feature","properties":{"code":"15169","nom":"Saignes","pop":835},"geometry":{"type":"Polygon","coordinates":[[[2.4734,45.3184],[2.4688,45.3185],[2.4632,45.3219],[2.4638,45.3256],[2.4614,45.3272],[2.4619,45.3288],[2.4662,45.3311],[2.4711,45.3298],[2.4713,45.332],[2.4632,45.3348],[2.462,45.337],[2.4727,45.3416],[2.4711,45.3423],[2.4727,45.3433],[2.4681,45.3454],[2.4752,45.346],[2.4743,45.3476],[2.4789,45.3492],[2.4857,45.3415],[2.4916,45.3426],[2.5026,45.3246],[2.4974,45.3239],[2.4911,45.3176],[2.4858,45.3176],[2.4785,45.3206],[2.474,45.3201],[2.4734,45.3184],[2.4734,45.3184]]]}},{"type":"Feature","properties":{"code":"15186","nom":"Sainte-Eulalie","pop":230},"geometry":{"type":"Polygon","coordinates":[[[2.3683,45.102],[2.3649,45.1039],[2.3634,45.1079],[2.3637,45.1122],[2.3662,45.1147],[2.3623,45.1145],[2.3613,45.1193],[2.3661,45.128],[2.3576,45.1293],[2.3547,45.1369],[2.3565,45.1384],[2.3531,45.1392],[2.3548,45.1404],[2.3535,45.1413],[2.3547,45.1442],[2.3604,45.1441],[2.3645,45.1474],[2.3668,45.1446],[2.3717,45.1459],[2.3744,45.1436],[2.372,45.1421],[2.3813,45.1442],[2.3822,45.146],[2.3869,45.1444],[2.3856,45.1431],[2.3908,45.1404],[2.3973,45.1381],[2.3976,45.1354],[2.4084,45.134],[2.4107,45.1308],[2.4068,45.1236],[2.3962,45.1194],[2.3997,45.117],[2.3981,45.1136],[2.3997,45.1132],[2.3996,45.1066],[2.4014,45.1049],[2.3964,45.1057],[2.3961,45.1033],[2.3931,45.1027],[2.3885,45.1045],[2.3831,45.1015],[2.3683,45.102],[2.3683,45.102]]]}},{"type":"Feature","properties":{"code":"15200","nom":"Saint-Martin-Cantalès","pop":157},"geometry":{"type":"Polygon","coordinates":[[[2.3352,45.0817],[2.3317,45.0813],[2.3303,45.0788],[2.3269,45.0794],[2.3199,45.074],[2.3083,45.0753],[2.3116,45.0717],[2.3027,45.0754],[2.2971,45.0721],[2.2933,45.0757],[2.2936,45.0744],[2.2876,45.0721],[2.284,45.0747],[2.2839,45.0717],[2.2791,45.0703],[2.2739,45.0737],[2.2687,45.0721],[2.2638,45.073],[2.2577,45.0688],[2.2535,45.079],[2.2495,45.08],[2.2515,45.0845],[2.2542,45.0832],[2.2637,45.0852],[2.2696,45.0808],[2.271,45.0817],[2.2709,45.0862],[2.2679,45.0893],[2.2717,45.0892],[2.2714,45.0915],[2.2738,45.0922],[2.2739,45.0885],[2.2778,45.0889],[2.2806,45.0916],[2.2769,45.0926],[2.2774,45.0965],[2.2834,45.0945],[2.2845,45.0969],[2.2884,45.0953],[2.2893,45.099],[2.2945,45.098],[2.296,45.0998],[2.2995,45.0979],[2.2987,45.1001],[2.304,45.1008],[2.3042,45.105],[2.3061,45.1026],[2.3064,45.1046],[2.3099,45.1064],[2.3186,45.1079],[2.3204,45.1098],[2.3188,45.1129],[2.323,45.1115],[2.3244,45.1084],[2.3277,45.1123],[2.3441,45.1112],[2.3467,45.1127],[2.3491,45.1101],[2.3496,45.1053],[2.3446,45.105],[2.3399,45.0935],[2.3463,45.089],[2.3352,45.0817],[2.3352,45.0817]]]}},{"type":"Feature","properties":{"code":"15206","nom":"Saint-Pierre","pop":146},"geometry":{"type":"Polygon","coordinates":[[[2.3552,45.4151],[2.3695,45.4162],[2.3726,45.4141],[2.379,45.4142],[2.3951,45.4074],[2.3978,45.4004],[2.4033,45.3981],[2.4231,45.397],[2.398,45.3778],[2.3645,45.3747],[2.3632,45.3795],[2.3695,45.3871],[2.3648,45.3909],[2.3641,45.3973],[2.3563,45.3999],[2.3498,45.4096],[2.3494,45.4121],[2.3552,45.4151],[2.3552,45.4151]]]}},{"type":"Feature","properties":{"code":"15211","nom":"Saint-Santin-Cantalès","pop":279},"geometry":{"type":"Polygon","coordinates":[[[2.268,45.0578],[2.2658,45.053],[2.2767,45.047],[2.272,45.0383],[2.2734,45.037],[2.2804,45.0379],[2.2821,45.0329],[2.2817,45.0301],[2.2791,45.0302],[2.2794,45.0284],[2.2769,45.0291],[2.2755,45.0265],[2.2779,45.0237],[2.2764,45.0204],[2.2805,45.017],[2.2777,45.0146],[2.2756,45.0156],[2.2729,45.0125],[2.274,45.011],[2.272,45.0103],[2.2718,45.0071],[2.2683,45.0049],[2.2712,45.0037],[2.2679,45.0045],[2.2613,45.0019],[2.2558,45.004],[2.2489,45.0015],[2.2474,44.9967],[2.2487,44.9948],[2.2443,44.9906],[2.2405,44.9919],[2.2355,44.9904],[2.2311,44.9927],[2.2312,44.9943],[2.2219,44.997],[2.2142,44.9939],[2.2116,44.9891],[2.2083,44.9894],[2.2009,44.9941],[2.1979,44.9928],[2.1918,45.0007],[2.1937,45.0019],[2.1908,45.0049],[2.193,45.0095],[2.1907,45.0111],[2.1935,45.0119],[2.1912,45.0169],[2.1931,45.0191],[2.1888,45.0225],[2.1946,45.0246],[2.1996,45.0302],[2.1998,45.0398],[2.1957,45.0466],[2.1989,45.0466],[2.2056,45.0415],[2.2135,45.0421],[2.2254,45.0396],[2.2358,45.0476],[2.2371,45.0442],[2.2413,45.0449],[2.2462,45.0417],[2.2523,45.0411],[2.2536,45.044],[2.2587,45.046],[2.2577,45.0474],[2.2594,45.049],[2.2582,45.0505],[2.2608,45.0517],[2.2601,45.0551],[2.268,45.0578],[2.268,45.0578]]]}},{"type":"Feature","properties":{"code":"15220","nom":"Salins","pop":145},"geometry":{"type":"Polygon","coordinates":[[[2.4229,45.1692],[2.4124,45.1771],[2.4007,45.1798],[2.3981,45.1755],[2.3924,45.1758],[2.3891,45.1785],[2.3867,45.1764],[2.3815,45.1803],[2.3805,45.1839],[2.3698,45.1862],[2.37,45.1902],[2.3746,45.1885],[2.3743,45.191],[2.3785,45.1911],[2.3727,45.1958],[2.3766,45.1962],[2.379,45.1933],[2.3859,45.1945],[2.3848,45.1997],[2.3897,45.2023],[2.3851,45.2042],[2.3867,45.2056],[2.3846,45.2081],[2.3832,45.2089],[2.3843,45.21],[2.3878,45.2092],[2.4016,45.2131],[2.4017,45.2095],[2.4046,45.2078],[2.4032,45.2066],[2.4068,45.2059],[2.3961,45.2025],[2.3927,45.1949],[2.3901,45.1934],[2.4082,45.1934],[2.4087,45.1887],[2.4067,45.1878],[2.41,45.1874],[2.4099,45.1856],[2.4289,45.1814],[2.4274,45.1797],[2.4296,45.1796],[2.4294,45.1812],[2.4322,45.1801],[2.4358,45.1748],[2.4349,45.1696],[2.4327,45.1681],[2.4242,45.1716],[2.4229,45.1692],[2.4229,45.1692]]]}},{"type":"Feature","properties":{"code":"15223","nom":"Sauvat","pop":219},"geometry":{"type":"Polygon","coordinates":[[[2.4632,45.3228],[2.4653,45.32],[2.4734,45.3184],[2.4711,45.3161],[2.4736,45.3124],[2.4682,45.3005],[2.4645,45.2987],[2.4652,45.2949],[2.4516,45.2959],[2.4488,45.2942],[2.4452,45.2966],[2.4429,45.2936],[2.4458,45.2908],[2.4413,45.2893],[2.4462,45.2883],[2.4375,45.2864],[2.4344,45.2866],[2.4351,45.2889],[2.4385,45.2882],[2.4338,45.2911],[2.4271,45.2911],[2.4252,45.2931],[2.4228,45.2914],[2.4193,45.2924],[2.4172,45.2905],[2.4052,45.2973],[2.4114,45.3005],[2.4088,45.3043],[2.4101,45.3065],[2.4214,45.3098],[2.4252,45.3134],[2.4261,45.3184],[2.4219,45.3199],[2.4238,45.3196],[2.4265,45.3236],[2.4429,45.3273],[2.4505,45.3257],[2.4494,45.3219],[2.456,45.3224],[2.459,45.3247],[2.4632,45.3228],[2.4632,45.3228]]]}},{"type":"Feature","properties":{"code":"15230","nom":"Sourniac","pop":195},"geometry":{"type":"Polygon","coordinates":[[[2.3214,45.2516],[2.3226,45.2596],[2.3175,45.2698],[2.319,45.2736],[2.3153,45.2762],[2.3118,45.2758],[2.3081,45.2818],[2.3183,45.2851],[2.3172,45.2911],[2.3192,45.2909],[2.3186,45.2924],[2.3216,45.2946],[2.3256,45.294],[2.325,45.2953],[2.3271,45.2919],[2.3283,45.2939],[2.3318,45.2937],[2.3315,45.2905],[2.3332,45.2929],[2.3337,45.2885],[2.3409,45.2864],[2.3406,45.2891],[2.3428,45.2916],[2.3411,45.2923],[2.3437,45.294],[2.3432,45.2961],[2.3457,45.2938],[2.352,45.2954],[2.3521,45.2933],[2.3585,45.2886],[2.3581,45.2852],[2.3631,45.2822],[2.3629,45.2787],[2.3575,45.2727],[2.3504,45.273],[2.3483,45.271],[2.3455,45.2718],[2.3371,45.2693],[2.3418,45.2657],[2.339,45.2649],[2.3398,45.2628],[2.3382,45.2612],[2.3408,45.2622],[2.3399,45.2593],[2.344,45.2578],[2.3412,45.2559],[2.3446,45.2572],[2.3459,45.2536],[2.3388,45.2553],[2.3401,45.2525],[2.3428,45.2521],[2.3401,45.2507],[2.3355,45.254],[2.3338,45.2503],[2.3214,45.2516],[2.3214,45.2516]]]}},{"type":"Feature","properties":{"code":"15254","nom":"Veyrières","pop":121},"geometry":{"type":"Polygon","coordinates":[[[2.3399,45.3259],[2.3522,45.3285],[2.3593,45.3361],[2.3586,45.3392],[2.3627,45.3439],[2.3659,45.3449],[2.3668,45.3434],[2.3734,45.3437],[2.379,45.3416],[2.3874,45.3421],[2.3894,45.3381],[2.3918,45.3378],[2.3894,45.3373],[2.389,45.3317],[2.3864,45.3319],[2.3865,45.3298],[2.383,45.328],[2.3858,45.3269],[2.3841,45.3209],[2.3816,45.3193],[2.3861,45.3172],[2.384,45.3136],[2.387,45.3118],[2.3892,45.3129],[2.39,45.3109],[2.3868,45.3102],[2.391,45.308],[2.3863,45.3006],[2.3804,45.2975],[2.3599,45.2988],[2.3601,45.3009],[2.3511,45.3044],[2.3523,45.3111],[2.3449,45.3108],[2.348,45.3134],[2.3491,45.3174],[2.3418,45.3195],[2.3399,45.3259],[2.3399,45.3259]]]}},{"type":"Feature","properties":{"code":"15261","nom":"Le Vigean","pop":787},"geometry":{"type":"Polygon","coordinates":[[[2.3183,45.246],[2.3208,45.2492],[2.3194,45.251],[2.3338,45.2503],[2.3355,45.254],[2.3401,45.2507],[2.3428,45.2519],[2.3387,45.254],[2.3408,45.2553],[2.3458,45.2507],[2.3445,45.2483],[2.3485,45.2446],[2.3467,45.2441],[2.3478,45.2409],[2.3527,45.2456],[2.3577,45.2389],[2.3611,45.2415],[2.3584,45.2427],[2.3576,45.246],[2.364,45.2462],[2.3655,45.2493],[2.3704,45.2515],[2.3742,45.2496],[2.3728,45.2518],[2.376,45.2545],[2.3744,45.2521],[2.3763,45.2507],[2.3751,45.2484],[2.3794,45.2492],[2.3818,45.2471],[2.3832,45.248],[2.3818,45.2499],[2.3876,45.2487],[2.3862,45.25],[2.3871,45.2539],[2.391,45.2541],[2.3956,45.2578],[2.3962,45.2544],[2.3892,45.2497],[2.3914,45.2475],[2.3928,45.2489],[2.3922,45.2468],[2.3958,45.2431],[2.4037,45.2422],[2.4059,45.2402],[2.4093,45.2358],[2.4092,45.231],[2.4014,45.2278],[2.404,45.2267],[2.4017,45.2236],[2.4031,45.2228],[2.4033,45.2171],[2.4016,45.2131],[2.3833,45.2092],[2.3866,45.2057],[2.3851,45.2042],[2.3897,45.2023],[2.3848,45.1997],[2.3859,45.1945],[2.3824,45.1949],[2.379,45.1933],[2.3766,45.1962],[2.3727,45.1958],[2.3783,45.1918],[2.3777,45.1902],[2.3743,45.191],[2.3746,45.1885],[2.37,45.1902],[2.3698,45.1862],[2.35,45.1813],[2.3471,45.176],[2.3415,45.1772],[2.3429,45.1814],[2.3391,45.1803],[2.3382,45.1825],[2.3403,45.1842],[2.3351,45.1889],[2.3405,45.1905],[2.3445,45.1942],[2.3463,45.1935],[2.3478,45.196],[2.3537,45.1963],[2.3548,45.1989],[2.3578,45.1971],[2.361,45.1986],[2.3662,45.2063],[2.3705,45.2066],[2.3668,45.2083],[2.3737,45.2121],[2.3687,45.214],[2.3684,45.2171],[2.3595,45.2147],[2.354,45.2159],[2.3443,45.2233],[2.3423,45.2216],[2.3375,45.2242],[2.3354,45.229],[2.3304,45.2284],[2.3297,45.2316],[2.3243,45.2339],[2.3248,45.2426],[2.3175,45.2431],[2.3201,45.2469],[2.3183,45.246],[2.3183,45.246]]]}},{"type":"Feature","properties":{"code":"15265","nom":"Ydes","pop":1641},"geometry":{"type":"Polygon","coordinates":[[[2.4802,45.3697],[2.4872,45.3629],[2.4878,45.3591],[2.4932,45.3566],[2.4934,45.3524],[2.4892,45.3519],[2.49,45.3497],[2.4866,45.3457],[2.4814,45.3457],[2.4789,45.3492],[2.4743,45.3476],[2.4756,45.3462],[2.4726,45.3449],[2.4681,45.3454],[2.4727,45.3433],[2.4711,45.3423],[2.4727,45.3416],[2.4622,45.3375],[2.462,45.3359],[2.4709,45.3327],[2.4711,45.3298],[2.4662,45.3311],[2.4619,45.3288],[2.4614,45.3272],[2.4638,45.3256],[2.4632,45.3228],[2.459,45.3247],[2.456,45.3224],[2.4494,45.3219],[2.4505,45.3257],[2.4479,45.3264],[2.4429,45.3273],[2.4302,45.3236],[2.4242,45.3248],[2.4216,45.3224],[2.4207,45.3253],[2.414,45.322],[2.4108,45.3244],[2.4103,45.33],[2.4125,45.332],[2.4128,45.3373],[2.4108,45.3399],[2.4184,45.3418],[2.4171,45.3438],[2.421,45.3444],[2.4214,45.3476],[2.429,45.3446],[2.4325,45.3459],[2.4312,45.35],[2.4288,45.3513],[2.4402,45.3591],[2.4387,45.3602],[2.4398,45.3614],[2.4377,45.362],[2.4389,45.3636],[2.446,45.3641],[2.4566,45.3574],[2.4681,45.358],[2.4701,45.3598],[2.4726,45.3587],[2.4724,45.3656],[2.4742,45.3668],[2.4778,45.3654],[2.4802,45.3697],[2.4802,45.3697]]]}},{"type":"Feature","properties":{"code":"15269","nom":"Besse","pop":136},"geometry":{"type":"Polygon","coordinates":[[[2.3623,45.1145],[2.3661,45.1149],[2.3637,45.1122],[2.3634,45.1079],[2.3649,45.1039],[2.3683,45.102],[2.3647,45.0974],[2.3606,45.0961],[2.3594,45.0913],[2.3546,45.0905],[2.3508,45.0919],[2.3463,45.089],[2.3401,45.0931],[2.3409,45.099],[2.344,45.1012],[2.3446,45.105],[2.3496,45.1053],[2.349,45.1104],[2.3507,45.1126],[2.3623,45.1145],[2.3623,45.1145]]]}},{"type":"Feature","properties":{"code":"46043","nom":"Cahus","pop":185},"geometry":{"type":"Polygon","coordinates":[[[1.887,44.9563],[1.8854,44.959],[1.8884,44.9644],[1.8989,44.9678],[1.8987,44.9724],[1.9053,44.9747],[1.9081,44.9781],[1.9139,44.9789],[1.922,44.976],[1.9286,44.9785],[1.9337,44.9744],[1.9392,44.9733],[1.9393,44.9691],[1.9401,44.9645],[1.9355,44.965],[1.9373,44.9601],[1.9338,44.9566],[1.931,44.9579],[1.9255,44.9516],[1.9263,44.9461],[1.9247,44.945],[1.9192,44.9472],[1.9157,44.9465],[1.9155,44.9499],[1.9051,44.9488],[1.9023,44.9529],[1.8968,44.9537],[1.888,44.9512],[1.887,44.9563],[1.887,44.9563]]]}},{"type":"Feature","properties":{"code":"46065","nom":"Cavagnac","pop":432},"geometry":{"type":"Polygon","coordinates":[[[1.6535,44.9956],[1.6402,45.0034],[1.627,45.0064],[1.6261,45.011],[1.6177,45.0167],[1.6133,45.0254],[1.6087,45.0293],[1.6102,45.0328],[1.6216,45.0325],[1.6233,45.0305],[1.6254,45.0335],[1.6299,45.0335],[1.6356,45.0293],[1.6462,45.0286],[1.6484,45.0238],[1.6518,45.0252],[1.6509,45.0223],[1.6528,45.0179],[1.6593,45.0135],[1.665,45.0122],[1.6637,45.0087],[1.6713,45.0076],[1.6701,45.0065],[1.6714,45.0043],[1.6643,45.0019],[1.6607,44.9967],[1.6535,44.9956],[1.6535,44.9956]]]}},{"type":"Feature","properties":{"code":"46163","nom":"Laval-de-Cère","pop":296},"geometry":{"type":"Polygon","coordinates":[[[1.9402,44.9718],[1.9425,44.957],[1.9402,44.953],[1.9524,44.953],[1.956,44.946],[1.9665,44.938],[1.9583,44.9349],[1.9553,44.9377],[1.9508,44.9385],[1.9356,44.9312],[1.9266,44.9305],[1.9162,44.9338],[1.9183,44.9344],[1.9163,44.937],[1.9189,44.94],[1.9176,44.9444],[1.9141,44.9442],[1.9113,44.9435],[1.9081,44.947],[1.9019,44.9477],[1.898,44.9519],[1.8879,44.9488],[1.8871,44.9504],[1.8971,44.9537],[1.9026,44.9528],[1.9051,44.9488],[1.9155,44.9499],[1.9157,44.9465],[1.9192,44.9472],[1.9251,44.9451],[1.9255,44.9516],[1.931,44.9579],[1.9338,44.9566],[1.9373,44.9601],[1.9355,44.965],[1.9401,44.9645],[1.9389,44.9692],[1.9402,44.9718],[1.9402,44.9718]]]}}]}